conversation_id,customer_tweet_id,customer_message,customer_message_clean,match_category,stage1_proposed_intent,training_label,label_source,llm_reasoning,created_at
13460,13460,"""Alexa, häng die Wäsche auf"" ?! 🤔
#Amazon #Ariel #AmazonEcho https://t.co/Cav3Pli81W","""Alexa, häng die Wäsche auf"" ?! 🤔 #Amazon #Ariel #AmazonEcho",single_match,device_digital_content,device_digital_content,stage1_rule,High-confidence single rule match,Fri Dec 01 06:07:38 +0000 2017
64173,64171,"@AmazonHelp There is nothing i can see from ur side.
No contact from customer care.
Now it is really disgusting.",There is nothing i can see from ur side. No contact from customer care. Now it is really disgusting.,single_match,service_complaint,service_complaint,stage1_rule,High-confidence single rule match,Fri Dec 01 07:48:35 +0000 2017
69933,69892,@AmazonHelp It’s been 5 days &amp; there in no revert :(,It’s been 5 days &amp; there in no revert :(,zero_match,other,other,stage1_sampled_other,Sampled zero-match other,Fri Dec 01 08:19:34 +0000 2017
15447,15442,@AmazonHelp Hey so my package has not arrived yet. Can I get this sorted please,Hey so my package has not arrived yet. Can I get this sorted please,single_match,delivery_order_status,delivery_order_status,stage1_rule,High-confidence single rule match,Fri Dec 01 14:03:26 +0000 2017
30544,30540,@AmazonHelp And the ritual continues. Once again a call now asking for pick up while pick up slot is 1-4.Iam sure the pick up will be rescheduled again,And the ritual continues. Once again a call now asking for pick up while pick up slot is 1-4.Iam sure the pick up will be rescheduled again,single_match,delivery_order_status,delivery_order_status,stage1_rule,High-confidence single rule match,Fri Nov 03 02:33:06 +0000 2017
35147,35149,@AmazonHelp Yes many times since yesterday however am getting very little help and the return pick is getting rescheduled every time,Yes many times since yesterday however am getting very little help and the return pick is getting rescheduled every time,single_match,delivery_order_status,delivery_order_status,stage1_rule,High-confidence single rule match,Fri Nov 03 09:27:21 +0000 2017
32318,32317,@AmazonHelp ok i will change the address to somewhere your pick is available but by 12 nov. also it is not feasible for me to self-return as,ok i will change the address to somewhere your pick is available but by 12 nov. also it is not feasible for me to self-return as,single_match,refund_return,refund_return,stage1_rule,High-confidence single rule match,Fri Nov 03 11:16:32 +0000 2017
25321,25321,amazonプライムビデオ開いたら懐かしいの見つけちゃって、ついつい観てしまった。 https://t.co/qX2xS64sFn,amazonプライムビデオ開いたら懐かしいの見つけちゃって、ついつい観てしまった。,zero_match,other,other,stage1_sampled_other,Sampled zero-match other,Fri Nov 03 19:41:53 +0000 2017
25293,25293,@AmazonHelp where is my order? I paid for 1 day delivery yesterday and no notification to say to pick it up at the pick up point.,where is my order? I paid for 1 day delivery yesterday and no notification to say to pick it up at the pick up point.,single_match,delivery_order_status,delivery_order_status,stage1_rule,High-confidence single rule match,Fri Nov 03 20:23:07 +0000 2017
23961,23966,@AmazonHelp I have sent an email as the same thing happened to me today. The delivery attempt was never made.,I have sent an email as the same thing happened to me today. The delivery attempt was never made.,single_match,delivery_order_status,delivery_order_status,stage1_rule,High-confidence single rule match,Fri Nov 03 20:34:42 +0000 2017
25293,25291,@AmazonHelp  https://t.co/1dmMd2wSOv,,zero_match,other,other,stage1_sampled_other,Sampled zero-match other,Fri Nov 03 23:20:22 +0000 2017
25283,25283,@115821 why won't my card work? I have money in the bank,why won't my card work? I have money in the bank,zero_match,other,other,stage1_sampled_other,Sampled zero-match other,Fri Nov 03 23:53:07 +0000 2017
25309,25308,@115766 @115821 You gave me $5 and made me call USPS. 👎,You gave me $5 and made me call USPS. 👎,zero_match,other,other,stage1_sampled_other,Sampled zero-match other,Fri Nov 03 23:58:17 +0000 2017
36582,36601,"@AmazonHelp @115850

You guys have pathetic after sales service..

No doubt about it",You guys have pathetic after sales service.. No doubt about it,single_match,service_complaint,service_complaint,stage1_rule,High-confidence single rule match,Fri Nov 10 04:57:18 +0000 2017
47942,47944,@AmazonHelp Contacted my bank and they were unable to track the refund using the refund reference code given by Amazon.,Contacted my bank and they were unable to track the refund using the refund reference code given by Amazon.,single_match,refund_return,refund_return,stage1_rule,High-confidence single rule match,Fri Nov 17 10:06:00 +0000 2017
69750,69750,J’espère que les #cm après le #blackfriday ont le droit à un week-end tout frais payés au Bahamas. Bon courage à vous si vous me lisez💪.  @7665 @131800 @120533 et tous les autres 🙂 https://t.co/peSQKdaSRA,J’espère que les #cm après le #blackfriday ont le droit à un week-end tout frais payés au Bahamas. Bon courage à vous si vous me lisez💪. et tous les autres 🙂,zero_match,other,other,stage1_sampled_other,Sampled zero-match other,Fri Nov 24 00:42:41 +0000 2017
69750,69742,"@AmazonHelp C’est pas faux, on a pas l’habitude au soleil dans notre département , la pluie et notre seul alliés lol vous pensez à tout 😋 indice 50+ https://t.co/ZbtiQlyR8L","C’est pas faux, on a pas l’habitude au soleil dans notre département , la pluie et notre seul alliés lol vous pensez à tout 😋 indice 50+",zero_match,other,other,stage1_sampled_other,Sampled zero-match other,Fri Nov 24 09:15:12 +0000 2017
69750,69736,"@AmazonHelp Si il y a de la place, je les prends 😊 oui bien sûr ce sont mes petites et pas de soucis","Si il y a de la place, je les prends 😊 oui bien sûr ce sont mes petites et pas de soucis",zero_match,other,other,stage1_sampled_other,Sampled zero-match other,Fri Nov 24 11:10:32 +0000 2017
17263,17263,"@115850 last time i seek assistance n the same issue prevail today. whn you cnt gv service thn say no, why giving headache 2 customers?","last time i seek assistance n the same issue prevail today. whn you cnt gv service thn say no, why giving headache 2 customers?",zero_match,other,other,stage1_sampled_other,Sampled zero-match other,Fri Oct 20 11:06:53 +0000 2017
17263,17258,@AmazonHelp whts benefit? chatted wth 1 of ur executive. aprt fr4 Sorry n Apology he has nothing 2 offer. if u cn do something better thn reply or leave,whts benefit? chatted wth 1 of ur executive. aprt fr4 Sorry n Apology he has nothing 2 offer. if u cn do something better thn reply or leave,zero_match,other,other,stage1_sampled_other,Sampled zero-match other,Fri Oct 20 11:46:06 +0000 2017
19209,19209,"@115850  ordered #Redmi4 OrderId 407-0938237-9516324.. not yet delivrd
pathetic service from #Amazon",ordered #Redmi4 OrderId 407-0938237-9516324.. not yet delivrd pathetic service from #Amazon,single_match,service_complaint,service_complaint,stage1_rule,High-confidence single rule match,Fri Oct 27 05:15:35 +0000 2017
9807,9807,"@115821 , #fake I phone 7 received from amazon , order India - order ID: 171-8960684-6076325, amazon India has refused to replace @115850 https://t.co/iHDriblZw9",", #fake I phone 7 received from amazon , order India - order ID: 171-8960684-6076325, amazon India has refused to replace",single_match,delivery_order_status,delivery_order_status,stage1_rule,High-confidence single rule match,Fri Oct 27 05:26:32 +0000 2017
24986,24979,"@AmazonHelp receiving same mails 4m u no resolution yet. I CANNOT trust a company that gives me unboxed product, I will NOT opt for replacement...","receiving same mails 4m u no resolution yet. I CANNOT trust a company that gives me unboxed product, I will NOT opt for replacement...",single_match,refund_return,refund_return,stage1_rule,High-confidence single rule match,Fri Oct 27 06:15:24 +0000 2017
19209,19205,@AmazonHelp pl do...i am already fed up with the service...considering returning the order.,pl do...i am already fed up with the service...considering returning the order.,single_match,delivery_order_status,delivery_order_status,stage1_rule,High-confidence single rule match,Fri Oct 27 06:46:19 +0000 2017
65655,65649,@AmazonHelp @131027 I called amzoncall center there staff are misbehaving and cutting the call.please let me know i will get my money or not .@115851,I called amzoncall center there staff are misbehaving and cutting the call.please let me know i will get my money or not .,zero_match,other,other,stage1_sampled_other,Sampled zero-match other,Mon Jun 26 07:25:54 +0000 2017
65655,65625,@AmazonHelp @115851 je@amzon CEO i read out your mail .no timeline given when pick up will be done and when amount will returened,je CEO i read out your mail .no timeline given when pick up will be done and when amount will returened,single_match,delivery_order_status,delivery_order_status,stage1_rule,High-confidence single rule match,Mon Jun 26 10:59:26 +0000 2017
65655,65626,@AmazonHelp @131027 @115851 je @3644 please help these customers support is not helping and giving false response https://t.co/QP43u5oq8o,je please help these customers support is not helping and giving false response,zero_match,other,other,stage1_sampled_other,Sampled zero-match other,Mon Jun 26 12:07:45 +0000 2017
56830,56835,@AmazonHelp 4 days since form filled! no updates since then. Shows how much you guys are concerned! Y waste our time by filling dse forms then?,4 days since form filled! no updates since then. Shows how much you guys are concerned! Y waste our time by filling dse forms then?,zero_match,other,other,stage1_sampled_other,Sampled zero-match other,Mon Nov 06 06:43:59 +0000 2017
56830,56837,@AmazonHelp Only received a scripted copy&gt;pasted reply on this. 5 days ago. No actions or updates since then.,Only received a scripted copy&gt;pasted reply on this. 5 days ago. No actions or updates since then.,zero_match,other,other,stage1_sampled_other,Sampled zero-match other,Mon Nov 06 07:14:30 +0000 2017
46489,46488,@AmazonHelp No not @ all! I was hung up on x2 by CS &amp; was not told why/how they tried 2 deliver. Bad service &amp; Amazon basically washed there hands of me,No not @ all! I was hung up on x2 by CS &amp; was not told why/how they tried 2 deliver. Bad service &amp; Amazon basically washed there hands of me,single_match,delivery_order_status,delivery_order_status,stage1_rule,High-confidence single rule match,Mon Nov 06 22:36:00 +0000 2017
23038,23040,@AmazonHelp Nothing in spam inbox. Got no answer. It’s a waste of time. Very disappointing,Nothing in spam inbox. Got no answer. It’s a waste of time. Very disappointing,zero_match,other,other,stage1_sampled_other,Sampled zero-match other,Mon Nov 27 10:59:10 +0000 2017
16796,16792,"@AmazonHelp All m getting is apologies but no refund.. everything is online, unable to understand the delay!!","All m getting is apologies but no refund.. everything is online, unable to understand the delay!!",multi_match,refund_return,refund_return,llm_gemini,The customer is expressing frustration over a delayed or missing refund that has not been credited.,Mon Oct 16 03:58:14 +0000 2017
16796,16790,"@AmazonHelp Last mail rec'd on 09.10.2017 stating refund will be in my account by 14.10.2017
Bt same not rec'd.",Last mail rec'd on 09.10.2017 stating refund will be in my account by 14.10.2017 Bt same not rec'd.,single_match,refund_return,refund_return,stage1_rule,High-confidence single rule match,Mon Oct 16 04:34:47 +0000 2017
24986,24986,@AmazonHelp order 406-5346056-8286767 I want a refund for the product. https://t.co/CKTsoBPMgb,order 406-5346056-8286767 I want a refund for the product.,single_match,refund_return,refund_return,stage1_rule,High-confidence single rule match,Mon Oct 23 11:03:26 +0000 2017
11590,11590,@115851 my Amazonid is __email__ is blocked since 3months please unblock it.,my Amazonid is __email__ is blocked since 3months please unblock it.,zero_match,other,other,stage1_sampled_other,Sampled zero-match other,Mon Oct 30 03:30:32 +0000 2017
26979,26979,@115850 pathetic service amazon India. Made a mistake by selecting amazon.,pathetic service amazon India. Made a mistake by selecting amazon.,single_match,service_complaint,service_complaint,stage1_rule,High-confidence single rule match,Mon Oct 30 03:41:49 +0000 2017
15700,15700,Hey @115850 @AmazonHelp I need an update on my refund! Can you help?,Hey I need an update on my refund! Can you help?,single_match,refund_return,refund_return,stage1_rule,High-confidence single rule match,Mon Oct 30 05:51:24 +0000 2017
26979,26975,@AmazonHelp can someone from your team call me.,can someone from your team call me.,single_match,service_complaint,service_complaint,stage1_rule,High-confidence single rule match,Mon Oct 30 05:51:56 +0000 2017
26979,26971,@AmazonHelp tried but it's not happening. This is what is service level. When someone asking for call back you guys showing different way,tried but it's not happening. This is what is service level. When someone asking for call back you guys showing different way,zero_match,other,other,stage1_sampled_other,Sampled zero-match other,Mon Oct 30 05:58:25 +0000 2017
15700,15698,@AmazonHelp Hi. This is where I'm stuck. When will you initiate the pick up? https://t.co/bVTocnrC1k,Hi. This is where I'm stuck. When will you initiate the pick up?,single_match,delivery_order_status,delivery_order_status,stage1_rule,High-confidence single rule match,Mon Oct 30 05:58:37 +0000 2017
15692,15692,"Haven't received my refund, it's been more than a week @115850","Haven't received my refund, it's been more than a week",single_match,refund_return,refund_return,stage1_rule,High-confidence single rule match,Mon Oct 30 09:42:21 +0000 2017
19439,19439,@115821 Today my product delivery but delivery boy is not coming Arriving early: Dell KM117 Wireless Keyboard Mouse will be delivered by Amz,Today my product delivery but delivery boy is not coming Arriving early: Dell KM117 Wireless Keyboard Mouse will be delivered by Amz,single_match,delivery_order_status,delivery_order_status,stage1_rule,High-confidence single rule match,Mon Oct 30 10:58:57 +0000 2017
24999,24999,@115821 Deducting $10.99 from my credit card every month. Tried reaching you on your toll-free number but no help.,Deducting $10.99 from my credit card every month. Tried reaching you on your toll-free number but no help.,single_match,payment_billing,payment_billing,stage1_rule,High-confidence single rule match,Mon Oct 30 13:00:53 +0000 2017
34558,34552,@AmazonHelp Order is dispatched yet Prime not activated.,Order is dispatched yet Prime not activated.,single_match,delivery_order_status,delivery_order_status,stage1_rule,High-confidence single rule match,Mon Oct 30 15:45:58 +0000 2017
24999,24996,@AmazonHelp There was no way I could communicate that I never subscribed for a prime membership on your dot com website.,There was no way I could communicate that I never subscribed for a prime membership on your dot com website.,single_match,prime_membership,prime_membership,stage1_rule,High-confidence single rule match,Mon Oct 30 16:22:13 +0000 2017
36582,36582,"@115850

When will the packet will get collected and refund sent back to account.. https://t.co/HlgruNCSDB",When will the packet will get collected and refund sent back to account..,single_match,refund_return,refund_return,stage1_rule,High-confidence single rule match,Mon Oct 30 17:39:30 +0000 2017
69933,69895,@AmazonHelp @115850 @119625 No solution yet. Disappointed!😔😣 https://t.co/2EaOYwTQMj,No solution yet. Disappointed!😔😣,zero_match,other,other,stage1_sampled_other,Sampled zero-match other,Sat Dec 02 11:17:45 +0000 2017
69933,69900,@AmazonHelp I haven’t got any reply yet!,I haven’t got any reply yet!,zero_match,other,other,stage1_sampled_other,Sampled zero-match other,Sat Dec 02 11:32:03 +0000 2017
69933,69905,@AmazonHelp Sending in the screenshot via DM. Please check!,Sending in the screenshot via DM. Please check!,zero_match,other,other,stage1_sampled_other,Sampled zero-match other,Sat Dec 02 12:44:54 +0000 2017
41496,41496,@AmazonHelp --hi i want to lease out my place to amazon for PUDO pls suggest the concerned person,--hi i want to lease out my place to amazon for PUDO pls suggest the concerned person,zero_match,other,other,stage1_sampled_other,Sampled zero-match other,Sat Feb 04 07:23:20 +0000 2017
25309,25306,@AmazonHelp Wasn’t even brought up. I called and used the chat. Very disappointed.,Wasn’t even brought up. I called and used the chat. Very disappointed.,zero_match,other,other,stage1_sampled_other,Sampled zero-match other,Sat Nov 04 00:09:35 +0000 2017
25281,25281,@115821 you have NEVER let me down. The one time I need a package on time you fail me.,you have NEVER let me down. The one time I need a package on time you fail me.,single_match,delivery_order_status,delivery_order_status,stage1_rule,High-confidence single rule match,Sat Nov 04 00:14:07 +0000 2017
25296,25296,3 out of 4 of my @115821 orders have not actually had two day shipping. Feeling ripped off.,3 out of 4 of my orders have not actually had two day shipping. Feeling ripped off.,single_match,delivery_order_status,delivery_order_status,stage1_rule,High-confidence single rule match,Sat Nov 04 00:15:06 +0000 2017
25261,25261,@115850 I am a Prime customer. Is Amazon Video free for me or do I still need to pay some monthly subscription charges?,I am a Prime customer. Is Amazon Video free for me or do I still need to pay some monthly subscription charges?,single_match,payment_billing,payment_billing,stage1_rule,High-confidence single rule match,Sat Nov 04 00:21:31 +0000 2017
21408,21407,@AmazonHelp I received product with torn package with clear damage however small though. Proper care was not taken while delivering. And now if I replace product it will take 5-7 days atleast which I can not afford. I have no option but to keep it and suffer due to bad practise in delivery.,I received product with torn package with clear damage however small though. Proper care was not taken while delivering. And now if I replace product it will take 5-7 days atleast which I can not afford. I have no option but to keep it and suffer due to bad practise in delivery.,single_match,delivery_order_status,delivery_order_status,stage1_rule,High-confidence single rule match,Sat Nov 04 02:50:39 +0000 2017
18705,18700,@AmazonHelp Do not make us helpless and kindly refund my amount ..,Do not make us helpless and kindly refund my amount ..,single_match,refund_return,refund_return,stage1_rule,High-confidence single rule match,Sat Nov 04 02:57:36 +0000 2017
21408,21414,"@AmazonHelp If such is the case I regret my order with Amazon. I was thinking more of a better solution such as delivering product again and then collecting the first one. Since I need the book for study, I can not waste time returning it. I can only regret about my choice about Amazon.","If such is the case I regret my order with Amazon. I was thinking more of a better solution such as delivering product again and then collecting the first one. Since I need the book for study, I can not waste time returning it. I can only regret about my choice about Amazon.",single_match,delivery_order_status,delivery_order_status,stage1_rule,High-confidence single rule match,Sat Nov 04 07:52:37 +0000 2017
36582,36592,"@AmazonHelp @115850 

R u guys crazy..

I have already done that..",R u guys crazy.. I have already done that..,zero_match,other,other,stage1_sampled_other,Sampled zero-match other,Sat Nov 04 10:08:11 +0000 2017
14855,14853,@AmazonHelp no body inform me. once u return that parcel. please send the tracking id or parcel details. but after 10days i call amazon custamare care,no body inform me. once u return that parcel. please send the tracking id or parcel details. but after 10days i call amazon custamare care,single_match,delivery_order_status,delivery_order_status,stage1_rule,High-confidence single rule match,Sat Nov 04 18:41:35 +0000 2017
35197,35205,@AmazonHelp Le dossier a l'air compliqué pour un livre qui a le nom du sport en guise de titre. N'y a-t-il pas un autre moyen de contacter le service qui gère ça ? La couverture avait été ajoutée en quelques heures donc 10 jours pour changer une catégorie...,Le dossier a l'air compliqué pour un livre qui a le nom du sport en guise de titre. N'y a-t-il pas un autre moyen de contacter le service qui gère ça ? La couverture avait été ajoutée en quelques heures donc 10 jours pour changer une catégorie...,zero_match,other,other,stage1_sampled_other,Sampled zero-match other,Sat Nov 11 12:54:34 +0000 2017
47874,47881,@AmazonHelp My issue was handle and refund granted through your AZGuarantee but no mention of what I'm suppose to do with the coat. Will a tag be sent so that I can return it or do I just keep it? Thanks,My issue was handle and refund granted through your AZGuarantee but no mention of what I'm suppose to do with the coat. Will a tag be sent so that I can return it or do I just keep it? Thanks,single_match,refund_return,refund_return,stage1_rule,High-confidence single rule match,Sat Nov 11 20:52:23 +0000 2017
47874,47884,@AmazonHelp Ok thank you! I just didn't want to assume.,Ok thank you! I just didn't want to assume.,zero_match,other,other,stage1_sampled_other,Sampled zero-match other,Sat Nov 11 20:58:30 +0000 2017
23038,23037,@AmazonHelp I sent an email to customer service and I got no answer,I sent an email to customer service and I got no answer,single_match,service_complaint,service_complaint,stage1_rule,High-confidence single rule match,Sat Nov 25 11:48:26 +0000 2017
5315,5315,@AmazonHelp Someone keeps trying to buy playstation cards on my account.  Having a hard time getting customer service,Someone keeps trying to buy playstation cards on my account. Having a hard time getting customer service,single_match,service_complaint,service_complaint,stage1_rule,High-confidence single rule match,Sat Nov 25 14:48:43 +0000 2017
43708,43708,アマゾンプライムビデオ有能 https://t.co/QvEgdgeta0,アマゾンプライムビデオ有能,zero_match,other,other,stage1_sampled_other,Sampled zero-match other,Sat Nov 25 16:29:38 +0000 2017
5331,5331,@AmazonHelp live chat down in the UK and as a prime member I cannot t get any items delivered before Tuesday whats going on?,live chat down in the UK and as a prime member I cannot t get any items delivered before Tuesday whats going on?,single_match,delivery_order_status,delivery_order_status,stage1_rule,High-confidence single rule match,Sat Nov 25 19:49:27 +0000 2017
5131,5131,"@115821 the more I order from you guys, the more I'm going to stop being a customer....YOUR DRIVERS ARE USELESS. Once again they marked a package delivered when it clearly wasn't. I received one of two packages, yet they were both marked delivered. 3 times in 1 month! https://t.co/9UYVHPVWtE","the more I order from you guys, the more I'm going to stop being a customer....YOUR DRIVERS ARE USELESS. Once again they marked a package delivered when it clearly wasn't. I received one of two packages, yet they were both marked delivered. 3 times in 1 month!",single_match,delivery_order_status,delivery_order_status,stage1_rule,High-confidence single rule match,Sat Nov 25 22:53:46 +0000 2017
5315,5312,"@AmazonHelp Still not working.  They sent me a link to reset the password, try and sign in with new password and still locked out.","Still not working. They sent me a link to reset the password, try and sign in with new password and still locked out.",single_match,account_access,account_access,stage1_rule,High-confidence single rule match,Sat Nov 25 23:42:41 +0000 2017
5302,5302,"砂来のウィッグ コロネロの使える思ってのんびりしてたら、家が引越し荷物だらけで探せなかったんは焦ったわぁ
(Amazonで頼んで昨日届いたありがとうprime)",砂来のウィッグ コロネロの使える思ってのんびりしてたら、家が引越し荷物だらけで探せなかったんは焦ったわぁ (Amazonで頼んで昨日届いたありがとうprime),zero_match,other,other,stage1_sampled_other,Sampled zero-match other,Sat Nov 25 23:47:19 +0000 2017
5125,5124,Amazon delivery guy refused to give the police his ID and suddenly started sounding like an attorney. Good grief,Amazon delivery guy refused to give the police his ID and suddenly started sounding like an attorney. Good grief,single_match,delivery_order_status,delivery_order_status,stage1_rule,High-confidence single rule match,Sat Nov 25 23:50:03 +0000 2017
5304,5304,"I have 2 echos and set up multi room music playback. How do you switch back and forth between multi room audio and playing on only one? Sometimes I like whole house, sometimes I don't want to wake up my wife.
@115833 #echo #alexa","I have 2 echos and set up multi room music playback. How do you switch back and forth between multi room audio and playing on only one? Sometimes I like whole house, sometimes I don't want to wake up my wife. #echo #alexa",single_match,device_digital_content,device_digital_content,stage1_rule,High-confidence single rule match,Sat Nov 25 23:59:44 +0000 2017
16796,16796,"@115850 406-5758893-2189165 faulty pc. the pc. returned but no refund recd. till now, got mail refund will be made in 5 days, bt not done. https://t.co/1jCDRlwfIZ","406-5758893-2189165 faulty pc. the pc. returned but no refund recd. till now, got mail refund will be made in 5 days, bt not done.",multi_match,refund_return,refund_return,llm_gemini,The customer is complaining that they have returned a faulty product but have not received their promised refund.,Sat Oct 14 07:40:32 +0000 2017
16796,16794,"@AmazonHelp form has been filled awaiting for a solution n refund. I have already invested my energy in explaining before, kindly treat it urgent.","form has been filled awaiting for a solution n refund. I have already invested my energy in explaining before, kindly treat it urgent.",single_match,refund_return,refund_return,stage1_rule,High-confidence single rule match,Sat Oct 14 10:32:22 +0000 2017
62170,62170,@115825 Ab wann ist denn Folge 5 der sechsten Staffel von @42143 bei euch verfügbar? :),Ab wann ist denn Folge 5 der sechsten Staffel von bei euch verfügbar? :),zero_match,other,other,stage1_sampled_other,Sampled zero-match other,Sat Oct 28 13:33:07 +0000 2017
73414,73407,@AmazonHelp Pues no tengo claro dónde conseguir esa información.,Pues no tengo claro dónde conseguir esa información.,zero_match,other,other,stage1_sampled_other,Sampled zero-match other,Sun Dec 03 09:39:29 +0000 2017
65655,65655,@115851 @3974 IN hello jeffBezos  can you help me with the patethic service of amzon india .wrong products sent and return pick not done https://t.co/PzEz6qdkvd,IN hello jeffBezos can you help me with the patethic service of amzon india .wrong products sent and return pick not done,single_match,item_quality_issue,item_quality_issue,stage1_rule,High-confidence single rule match,Sun Jun 25 16:06:52 +0000 2017
18206,18190,"@AmazonHelp @115850  @120040
Even after your team's promise, I have not received my cashback of INR1500 before deadline given by them.","Even after your team's promise, I have not received my cashback of INR1500 before deadline given by them.",zero_match,other,other,stage1_sampled_other,Sampled zero-match other,Sun Nov 05 03:55:02 +0000 2017
18206,18195,"@AmazonHelp @115850 @120040 I have mailed 3-4 times after that but i am still getting the same standard email, exact same mail","I have mailed 3-4 times after that but i am still getting the same standard email, exact same mail",zero_match,other,other,stage1_sampled_other,Sampled zero-match other,Sun Nov 05 13:03:17 +0000 2017
18206,18198,@AmazonHelp On 1st Nov your team agreed in mail for cashback of INR1500 and now someone else from your team is saying max INR450. This Is cheating.,On 1st Nov your team agreed in mail for cashback of INR1500 and now someone else from your team is saying max INR450. This Is cheating.,zero_match,other,other,stage1_sampled_other,Sampled zero-match other,Sun Nov 05 13:32:25 +0000 2017
25013,25016,@AmazonHelp  can anybody is there for help me I had called amazon 20 times but I don't know where is my product.. Will I get this or not,can anybody is there for help me I had called amazon 20 times but I don't know where is my product.. Will I get this or not,single_match,delivery_order_status,delivery_order_status,stage1_rule,High-confidence single rule match,Sun Nov 05 13:37:05 +0000 2017
6966,6958,"@AmazonHelp Will do in morning. By the way, I’ve complained about this same issue 3 times and twice before directly to carrier.","Will do in morning. By the way, I’ve complained about this same issue 3 times and twice before directly to carrier.",zero_match,other,other,stage1_sampled_other,Sampled zero-match other,Sun Nov 19 04:03:20 +0000 2017
6966,6957,@AmazonHelp Please call me,Please call me,single_match,service_complaint,service_complaint,stage1_rule,High-confidence single rule match,Sun Nov 19 17:54:45 +0000 2017
6966,6960,@AmazonHelp Or you can provide me with a direct dial number and I’ll call it now,Or you can provide me with a direct dial number and I’ll call it now,zero_match,other,other,stage1_sampled_other,Sampled zero-match other,Sun Nov 19 18:10:42 +0000 2017
5296,5296,Jamas volvere a comprar en @116875 :'v,Jamas volvere a comprar en :'v,zero_match,other,other,stage1_sampled_other,Sampled zero-match other,Sun Nov 26 00:06:54 +0000 2017
5300,5300,Just had my first @115821 Prime Now delivery. 2 hours flat 👏👏,Just had my first Prime Now delivery. 2 hours flat 👏👏,single_match,delivery_order_status,delivery_order_status,stage1_rule,High-confidence single rule match,Sun Nov 26 00:07:57 +0000 2017
62303,62303,My @115821 packages have been “out for delivery” since 11am. Means I’m probably not going to get it today...,My packages have been “out for delivery” since 11am. Means I’m probably not going to get it today...,single_match,delivery_order_status,delivery_order_status,stage1_rule,High-confidence single rule match,Sun Nov 26 00:08:06 +0000 2017
5296,5293,@AmazonHelp Solicitud (foto del estado de cuenta),Solicitud (foto del estado de cuenta),zero_match,other,other,stage1_sampled_other,Sampled zero-match other,Sun Nov 26 00:12:58 +0000 2017
5291,5291,@115850 का एकाउंट परमानेंटली डिलीट कैसे करते है?,का एकाउंट परमानेंटली डिलीट कैसे करते है?,zero_match,other,other,stage1_sampled_other,Sampled zero-match other,Sun Nov 26 00:13:20 +0000 2017
5149,5149,@AmazonHelp Trying to get a friend's playlist on my Amazon music app but it keeps giving me the following message https://t.co/o6zINm6HBC,Trying to get a friend's playlist on my Amazon music app but it keeps giving me the following message,single_match,device_digital_content,device_digital_content,stage1_rule,High-confidence single rule match,Sun Nov 26 00:13:22 +0000 2017
5282,5282,Okay amazon lost my package gr8,Okay amazon lost my package gr8,single_match,delivery_order_status,delivery_order_status,stage1_rule,High-confidence single rule match,Sun Nov 26 00:15:17 +0000 2017
5134,5134,@115821 still don't know if my order has shipped or not.. BUT at least I'm a good person! https://t.co/hzYEL3qL7r,still don't know if my order has shipped or not.. BUT at least I'm a good person!,single_match,delivery_order_status,delivery_order_status,stage1_rule,High-confidence single rule match,Sun Nov 26 00:17:05 +0000 2017
5131,5128,"@AmazonHelp AMZL US Tracking ID TBA566517950000 it says delivered to mail room, I checked the mail and the front offce, the driver listed 1 package, in that one package was my XLR cables...I'm missing the controller.","AMZL US Tracking ID TBA566517950000 it says delivered to mail room, I checked the mail and the front offce, the driver listed 1 package, in that one package was my XLR cables...I'm missing the controller.",single_match,delivery_order_status,delivery_order_status,stage1_rule,High-confidence single rule match,Sun Nov 26 00:17:31 +0000 2017
4954,4954,"Got 2 packages delivered today from @115821 via their AMZL service. One package gets dumped at Leasing Office, which is not the address on package &amp; 1 package gets delivered to address on package, which is my apartment. 2 drivers, different results. I was home all day.","Got 2 packages delivered today from via their AMZL service. One package gets dumped at Leasing Office, which is not the address on package &amp; 1 package gets delivered to address on package, which is my apartment. 2 drivers, different results. I was home all day.",single_match,delivery_order_status,delivery_order_status,stage1_rule,High-confidence single rule match,Sun Nov 26 00:17:44 +0000 2017
5139,5139,Just ordered @115877. Let’s see what gets here first. My package from @115821 which has been “On It’s Way” since 1:22am or the food. #TheRaceIsOn,Just ordered . Let’s see what gets here first. My package from which has been “On It’s Way” since 1:22am or the food. #TheRaceIsOn,single_match,delivery_order_status,delivery_order_status,stage1_rule,High-confidence single rule match,Sun Nov 26 00:19:39 +0000 2017
5119,5117,"@AmazonHelp I would like it replaced not refunded. But the sale is over, and doesn’t look like you have it in stock at the site. What are my other options?","I would like it replaced not refunded. But the sale is over, and doesn’t look like you have it in stock at the site. What are my other options?",single_match,refund_return,refund_return,stage1_rule,High-confidence single rule match,Sun Nov 26 00:21:42 +0000 2017
43742,43737,@AmazonHelp I already did but no response,I already did but no response,single_match,service_complaint,service_complaint,stage1_rule,High-confidence single rule match,Sun Nov 26 00:22:32 +0000 2017
5134,5133,"@AmazonHelp No, I can't check. It shows nothing. And customer service rep was NO help.","No, I can't check. It shows nothing. And customer service rep was NO help.",single_match,service_complaint,service_complaint,stage1_rule,High-confidence single rule match,Sun Nov 26 00:26:52 +0000 2017
43725,43725,"Thanks to Amazon's new, experimental, delivery-gig system, we just had yet another package chucked into our yard, left out in the open next to a city sidewalk. A city sidewalk, you dolts!!! Driver sped away. @115821 Prime members since 1995.","Thanks to Amazon's new, experimental, delivery-gig system, we just had yet another package chucked into our yard, left out in the open next to a city sidewalk. A city sidewalk, you dolts!!! Driver sped away. Prime members since 1995.",single_match,delivery_order_status,delivery_order_status,stage1_rule,High-confidence single rule match,Sun Nov 26 00:29:45 +0000 2017
5285,5284,@AmazonHelp I’m looking to reroute all my packages (except 1) to a nearby Amazon locker. I’ll DM you now :),I’m looking to reroute all my packages (except 1) to a nearby Amazon locker. I’ll DM you now :),single_match,delivery_order_status,delivery_order_status,stage1_rule,High-confidence single rule match,Sun Nov 26 00:31:15 +0000 2017
62389,62389,Amazonで毎回思うけどダンボールでかすぎだとおもうよ。 https://t.co/rJ0iIGj1J4,Amazonで毎回思うけどダンボールでかすぎだとおもうよ。,zero_match,other,other,stage1_sampled_other,Sampled zero-match other,Sun Nov 26 00:35:12 +0000 2017
43706,43706,"@AmazonHelp Hi Amazon, do you have an e-mail address I could send an e-mail to regarding a return?","Hi Amazon, do you have an e-mail address I could send an e-mail to regarding a return?",zero_match,other,other,stage1_sampled_other,Sampled zero-match other,Sun Nov 26 00:39:15 +0000 2017
43687,43687,@AmazonHelp what’s the chances of getting my package (same day delivery) by 9 when it hasn’t even been shipped? 😞 🤷🏼‍♀️,what’s the chances of getting my package (same day delivery) by 9 when it hasn’t even been shipped? 😞 🤷🏼‍♀️,single_match,delivery_order_status,delivery_order_status,stage1_rule,High-confidence single rule match,Sun Nov 26 00:40:21 +0000 2017
62420,62420,"朝からショックです！

amazonで購入したZEROGRAVITY のスクリーン を
取り付けようと開封したら割れとクラックが‼️

楽しみにしていただけに残念です‼️ https://t.co/0XesuJ2dtm",朝からショックです！ amazonで購入したZEROGRAVITY のスクリーン を 取り付けようと開封したら割れとクラックが‼️ 楽しみにしていただけに残念です‼️,zero_match,other,other,stage1_sampled_other,Sampled zero-match other,Sun Nov 26 00:41:48 +0000 2017
43668,43663,"@AmazonHelp Foi pouco, mas valeu muito!","Foi pouco, mas valeu muito!",zero_match,other,other,stage1_sampled_other,Sampled zero-match other,Sun Nov 26 00:44:29 +0000 2017
43700,43700,"Just love it when @81 says they attempted an @115821 delivery to my place, yet I did not hear my door knock or receive a buzz on my intercom or get a phone call. Oh and no 'We Missed You' notice left. 

Thanks for trying....NOT.","Just love it when says they attempted an delivery to my place, yet I did not hear my door knock or receive a buzz on my intercom or get a phone call. Oh and no 'We Missed You' notice left. Thanks for trying....NOT.",single_match,delivery_order_status,delivery_order_status,stage1_rule,High-confidence single rule match,Sun Nov 26 00:45:29 +0000 2017
43646,43646,Heard a loud bang on the door of my 2nd-floor apartment. Went outside -- an @115821 delivery guy had thrown a package full of Christmas presents from the ground. He was taking a picture of our door (?). Said hello and ran off. I guess this is life after the retail apocalypse?,Heard a loud bang on the door of my 2nd-floor apartment. Went outside -- an delivery guy had thrown a package full of Christmas presents from the ground. He was taking a picture of our door (?). Said hello and ran off. I guess this is life after the retail apocalypse?,single_match,delivery_order_status,delivery_order_status,stage1_rule,High-confidence single rule match,Sun Nov 26 00:51:02 +0000 2017
43643,43643,"@AmazonHelp Does this mean my package won't be delivered today or will it, since I had paid for one day shipping? https://t.co/HIKm41JcyP","Does this mean my package won't be delivered today or will it, since I had paid for one day shipping?",single_match,delivery_order_status,delivery_order_status,stage1_rule,High-confidence single rule match,Sun Nov 26 00:51:30 +0000 2017
43637,43637,I’ve fucking moved and I still can’t get a package in time. This time the lazy @118706 said my mailbox is blocked. Total bullshit https://t.co/I8geIIy36F,I’ve fucking moved and I still can’t get a package in time. This time the lazy said my mailbox is blocked. Total bullshit,single_match,delivery_order_status,delivery_order_status,stage1_rule,High-confidence single rule match,Sun Nov 26 00:52:40 +0000 2017
62415,62410,"@AmazonHelp siiim, tava querendo ele já faz anos 💕💕💕","siiim, tava querendo ele já faz anos 💕💕💕",zero_match,other,other,stage1_sampled_other,Sampled zero-match other,Sun Nov 26 00:56:41 +0000 2017
62384,62379,"@AmazonHelp next day was shipped ground, and you refuse to reship","next day was shipped ground, and you refuse to reship",single_match,delivery_order_status,delivery_order_status,stage1_rule,High-confidence single rule match,Sun Nov 26 00:57:09 +0000 2017
43643,43642,"@AmazonHelp Tracking ID = 936128__credit_card__ by USPS, and no email updates. The only thing I've gotten is what I sent in a screenshot. Thanks!","Tracking ID = 936128__credit_card__ by USPS, and no email updates. The only thing I've gotten is what I sent in a screenshot. Thanks!",single_match,delivery_order_status,delivery_order_status,stage1_rule,High-confidence single rule match,Sun Nov 26 00:58:16 +0000 2017
62308,62308,"Not sure what time you have @115821 but it's 8:00 and no delivery, which was guaranteed.","Not sure what time you have but it's 8:00 and no delivery, which was guaranteed.",single_match,delivery_order_status,delivery_order_status,stage1_rule,High-confidence single rule match,Sun Nov 26 01:01:22 +0000 2017
62303,62299,@AmazonHelp It’s now 8:03. I’ve yet to see the packages that were promised by 8. The gps tracking says there is one delivery before mine. I️ LIVE LESS THAN 10 MILES FROM THE WAREHOUSE. Can I️ just pick them up there next time,It’s now 8:03. I’ve yet to see the packages that were promised by 8. The gps tracking says there is one delivery before mine. I️ LIVE LESS THAN 10 MILES FROM THE WAREHOUSE. Can I️ just pick them up there next time,single_match,delivery_order_status,delivery_order_status,stage1_rule,High-confidence single rule match,Sun Nov 26 01:05:12 +0000 2017
62303,62297,@AmazonHelp It has just arrived. This is not the first time something has been out for delivery all day only to be delivered the next day or very late.,It has just arrived. This is not the first time something has been out for delivery all day only to be delivered the next day or very late.,single_match,delivery_order_status,delivery_order_status,stage1_rule,High-confidence single rule match,Sun Nov 26 01:13:32 +0000 2017
62308,62307,@AmazonHelp Within the last few minutes it has now changed to within the next 3 days. Pretty disappointing. Obviously someo5knew it wouldn't be on time well before the deadline. Should have notified me then. Could have made other plans/arrangements.,Within the last few minutes it has now changed to within the next 3 days. Pretty disappointing. Obviously someo5knew it wouldn't be on time well before the deadline. Should have notified me then. Could have made other plans/arrangements.,zero_match,other,other,stage1_sampled_other,Sampled zero-match other,Sun Nov 26 01:21:07 +0000 2017
62384,62378,"@AmazonHelp you will in 30 minutes.

But that's irrelevant.

It's showing that it shipped ground. That should be enough to reship.

But no.",you will in 30 minutes. But that's irrelevant. It's showing that it shipped ground. That should be enough to reship. But no.,single_match,delivery_order_status,delivery_order_status,stage1_rule,High-confidence single rule match,Sun Nov 26 01:31:17 +0000 2017
43742,43736,@AmazonHelp https://t.co/gu1CLsiExC,,zero_match,other,other,stage1_sampled_other,Sampled zero-match other,Sun Nov 26 06:25:52 +0000 2017
13165,13164,"@AmazonHelp After getting a confirmation that it will be delivered post 7 pm, i have got an email at 1:30 in the afternoon that i was not available !","After getting a confirmation that it will be delivered post 7 pm, i have got an email at 1:30 in the afternoon that i was not available !",single_match,delivery_order_status,delivery_order_status,stage1_rule,High-confidence single rule match,Sun Oct 22 14:38:36 +0000 2017
13165,13162,@AmazonHelp This has been the most frustrating and useless customer service ever.,This has been the most frustrating and useless customer service ever.,single_match,service_complaint,service_complaint,stage1_rule,High-confidence single rule match,Sun Oct 22 14:45:16 +0000 2017
13165,13159,@AmazonHelp I am now cancelling this order because your delivery service just sucks despite prime membership. Switching to @118702 for future.,I am now cancelling this order because your delivery service just sucks despite prime membership. Switching to for future.,multi_match,prime_membership,delivery_order_status,llm_gemini,"The customer is expressing frustration with Amazon's delivery service performance, which is leading them to cancel their order. Prime membership is mentioned only as context.",Sun Oct 22 16:05:38 +0000 2017
13165,13157,@AmazonHelp I have asked the customer care exec on phone to cancel the order. Don't want to waste any more of my time on this.,I have asked the customer care exec on phone to cancel the order. Don't want to waste any more of my time on this.,multi_match,delivery_order_status,service_complaint,llm_gemini,"The customer is expressing frustration about wasting time with customer support and stating they already called to cancel the order, focusing on their dissatisfaction with the service experience.",Sun Oct 22 16:27:34 +0000 2017
2540,2539,@116313 fire TV stickを購入したのですが一瞬しかうつりません.°(ಗдಗ。)°.どうしたらいいのでしょうか...,fire TV stickを購入したのですが一瞬しかうつりません.°(ಗдಗ。)°.どうしたらいいのでしょうか...,single_match,device_digital_content,device_digital_content,stage1_rule,High-confidence single rule match,Sun Oct 29 08:50:17 +0000 2017
35153,35153,You want BBC Radio 1? Alexa serves up BBC Radio Guernsey. Radio 2 - still Guernsey. Radio 3? Ditto. Amazon has 5000 people working on Echo… https://t.co/uJf1w1tpYF,You want BBC Radio 1? Alexa serves up BBC Radio Guernsey. Radio 2 - still Guernsey. Radio 3? Ditto. Amazon has 5000 people working on Echo…,single_match,device_digital_content,device_digital_content,stage1_rule,High-confidence single rule match,Sun Oct 29 13:46:23 +0000 2017
60259,60256,"@AmazonHelp Ahhh y la mensajería no lo entregó en mano, nomás lo aventó por encima del portón....","Ahhh y la mensajería no lo entregó en mano, nomás lo aventó por encima del portón....",zero_match,other,other,stage1_sampled_other,Sampled zero-match other,Thu Nov 02 01:08:01 +0000 2017
58153,58159,"@AmazonHelp Everything went wrong in last 1 year.  Every genuine concern is ignored with a Blind Eye.  Seller Support, Escalation Support all failed.","Everything went wrong in last 1 year. Every genuine concern is ignored with a Blind Eye. Seller Support, Escalation Support all failed.",single_match,seller_marketplace,seller_marketplace,stage1_rule,High-confidence single rule match,Thu Nov 02 01:08:40 +0000 2017
58153,58152,@AmazonHelp Seller Support is helpless &amp; we can only get template copy+paste replies from them. Genuine concerned are being ignored like Garbages,Seller Support is helpless &amp; we can only get template copy+paste replies from them. Genuine concerned are being ignored like Garbages,single_match,seller_marketplace,seller_marketplace,stage1_rule,High-confidence single rule match,Thu Nov 02 01:17:07 +0000 2017
56923,56917,"@AmazonHelp 1/2 Safe to say won't be delivered this evening How long do I have to wait? If I have to reorder which seems highly likely, Friday delivery","1/2 Safe to say won't be delivered this evening How long do I have to wait? If I have to reorder which seems highly likely, Friday delivery",single_match,delivery_order_status,delivery_order_status,stage1_rule,High-confidence single rule match,Thu Nov 02 01:40:09 +0000 2017
41499,41498,@AmazonHelp My friend placed the order for me. He (Neil Dsouza) just filled the details in the redressal. Amazon's Jaya Pavani is looking into it.,My friend placed the order for me. He (Neil Dsouza) just filled the details in the redressal. Amazon's Jaya Pavani is looking into it.,single_match,delivery_order_status,delivery_order_status,stage1_rule,High-confidence single rule match,Thu Nov 02 02:44:33 +0000 2017
56872,56871,@AmazonHelp &amp; y is It so?,&amp; y is It so?,zero_match,other,other,stage1_sampled_other,Sampled zero-match other,Thu Nov 02 02:48:32 +0000 2017
41499,41501,@AmazonHelp Would be great if we could talk about it. I'd like to get the missing part. Or else I may have to buy the whole thing again.,Would be great if we could talk about it. I'd like to get the missing part. Or else I may have to buy the whole thing again.,zero_match,other,other,stage1_sampled_other,Sampled zero-match other,Thu Nov 02 02:50:41 +0000 2017
18705,18697,@AmazonHelp U kindly refund the amount back .. I have sent back the product and I demand a refund for the same .never had such dissaponments wit amazon,U kindly refund the amount back .. I have sent back the product and I demand a refund for the same .never had such dissaponments wit amazon,single_match,refund_return,refund_return,stage1_rule,High-confidence single rule match,Thu Nov 02 03:16:48 +0000 2017
56830,56829,@AmazonHelp why not help . us here? Your seller support is kind of dumb robots and not expecting any help or resolution from them! So better ans here.,why not help . us here? Your seller support is kind of dumb robots and not expecting any help or resolution from them! So better ans here.,single_match,seller_marketplace,seller_marketplace,stage1_rule,High-confidence single rule match,Thu Nov 02 04:13:54 +0000 2017
51593,51595,@AmazonHelp Still no book 😔 https://t.co/5MSDjN3MPa,Still no book 😔,zero_match,other,other,stage1_sampled_other,Sampled zero-match other,Thu Nov 02 04:35:22 +0000 2017
56872,56885,@AmazonHelp Thank you very much for addressing my concern this short notice.,Thank you very much for addressing my concern this short notice.,zero_match,other,other,stage1_sampled_other,Sampled zero-match other,Thu Nov 02 04:36:37 +0000 2017
56830,56832,@AmazonHelp seller name: ECellStreet Global (India Division) Tell us what more you need?,seller name: ECellStreet Global (India Division) Tell us what more you need?,single_match,seller_marketplace,seller_marketplace,stage1_rule,High-confidence single rule match,Thu Nov 02 05:06:42 +0000 2017
30544,30527,@AmazonHelp How can the pick up be rescheduled again even before the pick up slot ? It was from 1-4 today and already have a SMS that it’s rescheduled,How can the pick up be rescheduled again even before the pick up slot ? It was from 1-4 today and already have a SMS that it’s rescheduled,single_match,delivery_order_status,delivery_order_status,stage1_rule,High-confidence single rule match,Thu Nov 02 06:20:55 +0000 2017
35926,35907,@AmazonHelp How long would be this 12 hours wait #AmazonIndia? Is already 14 hours from your last tweet... Or clocks working differently at your end,How long would be this 12 hours wait #AmazonIndia? Is already 14 hours from your last tweet... Or clocks working differently at your end,zero_match,other,other,stage1_sampled_other,Sampled zero-match other,Thu Nov 02 06:26:53 +0000 2017
35926,35909,@AmazonHelp #AmazonIndia what would reaching out that to end of day would do..Better try to get this atleast delivered today. That would be more helpful,#AmazonIndia what would reaching out that to end of day would do..Better try to get this atleast delivered today. That would be more helpful,single_match,delivery_order_status,delivery_order_status,stage1_rule,High-confidence single rule match,Thu Nov 02 06:45:50 +0000 2017
35926,35912,"@AmazonHelp #AmazonIndia few more lies from #aramex . Incorrect address, time restricted, office,.. 

Is home not an office address. Stop lying https://t.co/dHO3eweRco","#AmazonIndia few more lies from #aramex . Incorrect address, time restricted, office,.. Is home not an office address. Stop lying",zero_match,other,other,stage1_sampled_other,Sampled zero-match other,Thu Nov 02 07:08:42 +0000 2017
35926,35914,"@AmazonHelp Yeah got your 'at the earliest' response.. 

Can't you give a 100% sure answer by talking to your courier partner. Is it that hard ¡¡ https://t.co/nH1ziAugRH",Yeah got your 'at the earliest' response.. Can't you give a 100% sure answer by talking to your courier partner. Is it that hard ¡¡,single_match,delivery_order_status,delivery_order_status,stage1_rule,High-confidence single rule match,Thu Nov 02 07:28:03 +0000 2017
25863,25855,@AmazonHelp What is this ? Two days in a row it has gone to wrong courier facility ? No follow ups from amazon !! https://t.co/ixGAtTiBR0,What is this ? Two days in a row it has gone to wrong courier facility ? No follow ups from amazon !!,single_match,delivery_order_status,delivery_order_status,stage1_rule,High-confidence single rule match,Thu Nov 02 07:37:47 +0000 2017
30544,30533,"@AmazonHelp so will the pickup, originally planned for today from 1-4 pm, actually happen or not?? I am more concerned abt that.","so will the pickup, originally planned for today from 1-4 pm, actually happen or not?? I am more concerned abt that.",single_match,delivery_order_status,delivery_order_status,stage1_rule,High-confidence single rule match,Thu Nov 02 07:40:21 +0000 2017
21079,21078,"@AmazonHelp And he left it on the doorstep anyway, after creating merry hell","And he left it on the doorstep anyway, after creating merry hell",zero_match,other,other,stage1_sampled_other,Sampled zero-match other,Thu Nov 02 08:11:11 +0000 2017
52254,52253,@AmazonHelp The form I filled out said that someone would call me within 12 hours. No one has rang...,The form I filled out said that someone would call me within 12 hours. No one has rang...,single_match,service_complaint,service_complaint,stage1_rule,High-confidence single rule match,Thu Nov 02 08:54:27 +0000 2017
33301,33303,@AmazonHelp My order is still not received. There is a huge problem in your delivery. This the 3rd day now. Being a prime member I am facing this. 😡😡😡,My order is still not received. There is a huge problem in your delivery. This the 3rd day now. Being a prime member I am facing this. 😡😡😡,single_match,delivery_order_status,delivery_order_status,stage1_rule,High-confidence single rule match,Thu Nov 02 09:26:51 +0000 2017
35845,35847,@AmazonHelp They said on he we site they tried to deliver at 853 last night.  Checked my video.  The delivery guy never showed.,They said on he we site they tried to deliver at 853 last night. Checked my video. The delivery guy never showed.,single_match,delivery_order_status,delivery_order_status,stage1_rule,High-confidence single rule match,Thu Nov 02 09:43:45 +0000 2017
15288,20471,@AmazonHelp You talked about the Gati courier about our order,You talked about the Gati courier about our order,single_match,delivery_order_status,delivery_order_status,stage1_rule,High-confidence single rule match,Thu Nov 02 10:02:48 +0000 2017
35926,35916,@AmazonHelp When will this soon of your arrive? Nearing end of day 3 without any real update or solution #Amazon #AmazonIndia #Flipkart,When will this soon of your arrive? Nearing end of day 3 without any real update or solution #Amazon #AmazonIndia #Flipkart,single_match,delivery_order_status,delivery_order_status,stage1_rule,High-confidence single rule match,Thu Nov 02 10:09:37 +0000 2017
35845,35849,@AmazonHelp I have twice.  This will not fix a stupid driver who cannot read the address or instructions correctly.,I have twice. This will not fix a stupid driver who cannot read the address or instructions correctly.,single_match,delivery_order_status,delivery_order_status,stage1_rule,High-confidence single rule match,Thu Nov 02 10:17:19 +0000 2017
35926,35918,"@AmazonHelp I'm hearing since 3 days.yet to receive update .. 
 How can't you track and give an ETA on your own deliverance #AmazonIndia #Amazon",I'm hearing since 3 days.yet to receive update .. How can't you track and give an ETA on your own deliverance #AmazonIndia #Amazon,single_match,delivery_order_status,delivery_order_status,stage1_rule,High-confidence single rule match,Thu Nov 02 10:33:30 +0000 2017
61035,61033,@AmazonHelp Can you find out if I’m getting my parcel today please?,Can you find out if I’m getting my parcel today please?,single_match,delivery_order_status,delivery_order_status,stage1_rule,High-confidence single rule match,Thu Nov 02 11:25:35 +0000 2017
35926,35922,@AmazonHelp No one intends on this.. However one reported than taking more than 3 days to resolve or even update.. Is bad customer service #AmazonIndia,No one intends on this.. However one reported than taking more than 3 days to resolve or even update.. Is bad customer service #AmazonIndia,single_match,service_complaint,service_complaint,stage1_rule,High-confidence single rule match,Thu Nov 02 11:31:26 +0000 2017
61035,61037,@AmazonHelp I don’t know who the courier is. It says it’s coming today but it said that yesterday and the day before,I don’t know who the courier is. It says it’s coming today but it said that yesterday and the day before,single_match,delivery_order_status,delivery_order_status,stage1_rule,High-confidence single rule match,Thu Nov 02 11:31:26 +0000 2017
25863,25858,@AmazonHelp Done. No contact yet.,Done. No contact yet.,zero_match,other,other,stage1_sampled_other,Sampled zero-match other,Thu Nov 02 12:08:41 +0000 2017
56898,56897,"@AmazonHelp The measure of a company, is how it responds when it gets it wrong. When @115830 cocks up, it rubs salt into any wounds it has opened.","The measure of a company, is how it responds when it gets it wrong. When cocks up, it rubs salt into any wounds it has opened.",zero_match,other,other,stage1_sampled_other,Sampled zero-match other,Thu Nov 02 12:10:19 +0000 2017
18716,18718,@AmazonHelp I contacted customer support by chat&amp;was told to wait for 72 hrs while investigating.:/ This has happened to others for over a week though,I contacted customer support by chat&amp;was told to wait for 72 hrs while investigating.:/ This has happened to others for over a week though,single_match,service_complaint,service_complaint,stage1_rule,High-confidence single rule match,Thu Nov 02 12:40:36 +0000 2017
30544,30536,@AmazonHelp Who decided to not pick it up today? I had to reinitiate the pick up. Now it’s changed. I won’t plan it again. U better get this sorted.,Who decided to not pick it up today? I had to reinitiate the pick up. Now it’s changed. I won’t plan it again. U better get this sorted.,single_match,delivery_order_status,delivery_order_status,stage1_rule,High-confidence single rule match,Thu Nov 02 13:09:02 +0000 2017
56862,56861,@AmazonHelp I’ve called to customer service @115821 and they were very helpful and solved the situation to perfection. Thank you!,I’ve called to customer service and they were very helpful and solved the situation to perfection. Thank you!,single_match,service_complaint,service_complaint,stage1_rule,High-confidence single rule match,Thu Nov 02 16:17:31 +0000 2017
60232,60234,@AmazonHelp I can't watch prime content on a AMAZON product but i can sideload kodi and watch anything for free 🤔🤔🤔 Are you people for real.,I can't watch prime content on a AMAZON product but i can sideload kodi and watch anything for free 🤔🤔🤔 Are you people for real.,zero_match,other,other,stage1_sampled_other,Sampled zero-match other,Thu Nov 02 17:43:24 +0000 2017
60232,60237,"@AmazonHelp Cast to the firestick.
So can you tell me how im suppose to watch content on the tv?",Cast to the firestick. So can you tell me how im suppose to watch content on the tv?,single_match,device_digital_content,device_digital_content,stage1_rule,High-confidence single rule match,Thu Nov 02 17:56:13 +0000 2017
60232,60242,@AmazonHelp No im just seeing this on the firestick. I can play content on the mobile app but can no longer cast it to the firestick.,No im just seeing this on the firestick. I can play content on the mobile app but can no longer cast it to the firestick.,single_match,device_digital_content,device_digital_content,stage1_rule,High-confidence single rule match,Thu Nov 02 19:55:56 +0000 2017
33170,33172,"@AmazonHelp Thanks again for your reply. Fire TV won't show up in mirroring on my Android. Chromecast mirroring will work though, so the phone is ok","Thanks again for your reply. Fire TV won't show up in mirroring on my Android. Chromecast mirroring will work though, so the phone is ok",single_match,device_digital_content,device_digital_content,stage1_rule,High-confidence single rule match,Thu Nov 02 19:56:44 +0000 2017
60232,60245,@AmazonHelp Well how am i able to watch on my tablet or phone? And why are you advertising here? And why was i sold a firestick here that is no good,Well how am i able to watch on my tablet or phone? And why are you advertising here? And why was i sold a firestick here that is no good,single_match,device_digital_content,device_digital_content,stage1_rule,High-confidence single rule match,Thu Nov 02 20:21:37 +0000 2017
35845,35851,@AmazonHelp they took additional details and verified my phone and still failed to deliver today.  I assume i need to stand out on the street waving.,they took additional details and verified my phone and still failed to deliver today. I assume i need to stand out on the street waving.,single_match,delivery_order_status,delivery_order_status,stage1_rule,High-confidence single rule match,Thu Nov 02 20:26:35 +0000 2017
59559,59563,@AmazonHelp it's being investigated. I've tried to cancel and heard nothing else. Don't get how a gift card has taken this long! 😔,it's being investigated. I've tried to cancel and heard nothing else. Don't get how a gift card has taken this long! 😔,single_match,payment_billing,payment_billing,stage1_rule,High-confidence single rule match,Thu Nov 02 20:49:28 +0000 2017
16467,16466,@AmazonHelp The link didnt go to app instead asked me to buy movies :-) I am looking for those on Amazon prime. Search function said did not exist,The link didnt go to app instead asked me to buy movies :-) I am looking for those on Amazon prime. Search function said did not exist,zero_match,other,other,stage1_sampled_other,Sampled zero-match other,Thu Nov 02 21:37:06 +0000 2017
35147,35146,@AmazonHelp I am still waiting for the product to be picked up and refund,I am still waiting for the product to be picked up and refund,single_match,refund_return,refund_return,stage1_rule,High-confidence single rule match,Thu Nov 02 22:58:54 +0000 2017
36582,36599,"@AmazonHelp #pathetic post sale service

@115850",#pathetic post sale service,single_match,service_complaint,service_complaint,stage1_rule,High-confidence single rule match,Thu Nov 09 17:09:23 +0000 2017
35197,35203,"@AmazonHelp Bonjour, voici mon point quotidien pour signaler que nous sommes toujours dans le top 300 (et en promo radio quotidienne) et pas dans la bonne catégorie. D'autant plus frustrant que vu de l'extérieur, ça ressemble à un truc solvable en 30 secondes.","Bonjour, voici mon point quotidien pour signaler que nous sommes toujours dans le top 300 (et en promo radio quotidienne) et pas dans la bonne catégorie. D'autant plus frustrant que vu de l'extérieur, ça ressemble à un truc solvable en 30 secondes.",zero_match,other,other,stage1_sampled_other,Sampled zero-match other,Thu Nov 09 18:51:34 +0000 2017
58203,58201,"@AmazonHelp Yes, products never delivered with promise time.","Yes, products never delivered with promise time.",single_match,delivery_order_status,delivery_order_status,stage1_rule,High-confidence single rule match,Thu Nov 23 01:24:26 +0000 2017
58203,58199,"@AmazonHelp I checked and but there is no proper response, thing is if you are not delivering products with provided data and time in amazon.in why you are attracting customers by putting false time https://t.co/zw42buT5jH are cheating Customers.","I checked and but there is no proper response, thing is if you are not delivering products with provided data and time in amazon.in why you are attracting customers by putting false time are cheating Customers.",single_match,delivery_order_status,delivery_order_status,stage1_rule,High-confidence single rule match,Thu Nov 23 01:42:23 +0000 2017
59143,59143,"アマゾンジャパン相談係から何か来ました。どうしようどうしよう(/_;)
#アマゾンジャパン相談係 #amazon
#詐欺メール https://t.co/P7qhZeYWlk",アマゾンジャパン相談係から何か来ました。どうしようどうしよう(/_;) #アマゾンジャパン相談係 #amazon #詐欺メール,zero_match,other,other,stage1_sampled_other,Sampled zero-match other,Thu Nov 23 02:08:25 +0000 2017
61007,61007,"仕事中にSMSでAmazonの登録料金未払いとかいうのが来たが、架空請求なんだね
初めて詐欺メール届いたわ",仕事中にSMSでAmazonの登録料金未払いとかいうのが来たが、架空請求なんだね 初めて詐欺メール届いたわ,zero_match,other,other,stage1_sampled_other,Sampled zero-match other,Thu Nov 23 03:17:38 +0000 2017
69267,69266,"@AmazonHelp yeah its on that episode of cheers but I tried another episode and it didn't appear to be there, maybe it's just that episode?","yeah its on that episode of cheers but I tried another episode and it didn't appear to be there, maybe it's just that episode?",zero_match,other,other,stage1_sampled_other,Sampled zero-match other,Thu Nov 23 06:37:21 +0000 2017
69267,69269,"@AmazonHelp no, it's the main US version, and I'm accessing prime video on my Roku","no, it's the main US version, and I'm accessing prime video on my Roku",single_match,device_digital_content,device_digital_content,stage1_rule,High-confidence single rule match,Thu Nov 23 06:58:25 +0000 2017
71038,71038,デッキ2号のリモコンが壊れたので昨日アマゾンで頼んだらもう来たわー早いわー,デッキ2号のリモコンが壊れたので昨日アマゾンで頼んだらもう来たわー早いわー,zero_match,other,other,stage1_sampled_other,Sampled zero-match other,Thu Nov 23 07:07:28 +0000 2017
29472,29474,"@AmazonHelp watching the driver drive away from the delivery point for the third time, this is unbelievable! other Amazon drivers have been there hundreds of times.,","watching the driver drive away from the delivery point for the third time, this is unbelievable! other Amazon drivers have been there hundreds of times.,",single_match,delivery_order_status,delivery_order_status,stage1_rule,High-confidence single rule match,Thu Nov 23 18:13:06 +0000 2017
71970,71970,"@115821 can't deliver prime packages in 2 days,  will take 5 days to get my prime order due to UPS","can't deliver prime packages in 2 days, will take 5 days to get my prime order due to UPS",single_match,delivery_order_status,delivery_order_status,stage1_rule,High-confidence single rule match,Thu Nov 30 02:53:29 +0000 2017
74617,74617,@115821 where is my coffee pot? It was to be delivered Monday. Your cust svc said to be patient it would be delivered today.  3 days without coffee makes me irritable. #whypayforPrime #iwantcoffee,where is my coffee pot? It was to be delivered Monday. Your cust svc said to be patient it would be delivered today. 3 days without coffee makes me irritable. #whypayforPrime #iwantcoffee,single_match,delivery_order_status,delivery_order_status,stage1_rule,High-confidence single rule match,Thu Nov 30 03:20:45 +0000 2017
64228,64222,"@AmazonHelp Your assistance cannot cannect me,
Can't cannect on costumer care. Facing so many problem,
Than I using social media platform, tell your assistant to contact me, on call or email","Your assistance cannot cannect me, Can't cannect on costumer care. Facing so many problem, Than I using social media platform, tell your assistant to contact me, on call or email",single_match,service_complaint,service_complaint,stage1_rule,High-confidence single rule match,Thu Nov 30 05:32:21 +0000 2017
65861,65861,I would love to know why a simple delivery of my @115821  package could not be made. It was supposed to arrive on the 26th. C'mon...,I would love to know why a simple delivery of my package could not be made. It was supposed to arrive on the 26th. C'mon...,single_match,delivery_order_status,delivery_order_status,stage1_rule,High-confidence single rule match,Thu Nov 30 06:53:43 +0000 2017
64228,64220,@AmazonHelp resolved my problrm as soon as problem @AmazonHelp,resolved my problrm as soon as problem,zero_match,other,other,stage1_sampled_other,Sampled zero-match other,Thu Nov 30 07:01:39 +0000 2017
67575,67567,@AmazonHelp Shows as ‘on its way’ and only having left carrier depot at 9.40pm this evening. Delivery is by Amazon Logistics. App still shows the delivery date as today but when I go through the support section of the app it tells me scheduled delivery is tomorrow (30th),Shows as ‘on its way’ and only having left carrier depot at 9.40pm this evening. Delivery is by Amazon Logistics. App still shows the delivery date as today but when I go through the support section of the app it tells me scheduled delivery is tomorrow (30th),single_match,delivery_order_status,delivery_order_status,stage1_rule,High-confidence single rule match,Thu Nov 30 07:01:56 +0000 2017
64149,64149,"So many days yet no update. @AmazonHelp 
There are cases of fraud pick ups.
Guys be aware @130725 @130726 @17497 @130727 @115530 @130728 @115531 @115532 @130729 @115533 @130730 https://t.co/dLyuiAUNro",So many days yet no update. There are cases of fraud pick ups. Guys be aware,single_match,delivery_order_status,delivery_order_status,stage1_rule,High-confidence single rule match,Thu Nov 30 07:09:20 +0000 2017
63899,63899,@122232 @AmazonHelp @115830 my parcel hasn't arrived even though DPD say it will be delivered yesterday... driver has clearly made a mistake and doesn't read requests to leave it either. Monday it was due. Nothing since.,my parcel hasn't arrived even though DPD say it will be delivered yesterday... driver has clearly made a mistake and doesn't read requests to leave it either. Monday it was due. Nothing since.,single_match,delivery_order_status,delivery_order_status,stage1_rule,High-confidence single rule match,Thu Nov 30 07:12:45 +0000 2017
64182,64182,"@AmazonHelp Three days, and case still unresolved. It doesn't even seem your people ""get"" what the problem is. Escalate the case to tech or whatever to investigate where the missing credits went. Replied to A1OMV7KNFMOJF0 and barely managed to sound patient.","Three days, and case still unresolved. It doesn't even seem your people ""get"" what the problem is. Escalate the case to tech or whatever to investigate where the missing credits went. Replied to A1OMV7KNFMOJF0 and barely managed to sound patient.",single_match,service_complaint,service_complaint,stage1_rule,High-confidence single rule match,Thu Nov 30 07:21:49 +0000 2017
64214,64204,"@AmazonHelp Still waiting on a call back, my item is saying delivered AGAIN when it hasn’t arrived, this is the 2nd time. It’s beyond ridiculous now! Last time it was delivered at 11:45pm now at 10:42pm, both outside of amazon delivery hours with no signature. Any chance of somebody calling? https://t.co/Ndp4Ane34x","Still waiting on a call back, my item is saying delivered AGAIN when it hasn’t arrived, this is the 2nd time. It’s beyond ridiculous now! Last time it was delivered at 11:45pm now at 10:42pm, both outside of amazon delivery hours with no signature. Any chance of somebody calling?",single_match,delivery_order_status,delivery_order_status,stage1_rule,High-confidence single rule match,Thu Nov 30 07:27:02 +0000 2017
64182,64180,"@AmazonHelp No. I was assured by CS via chat credit would appear in 5 or so hrs. I just waited longer in case. Yet I'm still being given the ""these gift order #s have been redeemed"" when nope, still not in my account either as ebooks or credit.","No. I was assured by CS via chat credit would appear in 5 or so hrs. I just waited longer in case. Yet I'm still being given the ""these gift order #s have been redeemed"" when nope, still not in my account either as ebooks or credit.",zero_match,other,other,stage1_sampled_other,Sampled zero-match other,Thu Nov 30 07:29:16 +0000 2017
64184,64184,"Got the signed copy today .... Very excited .... @3709 thnx @115850 ""the boy with a broken heart"" https://t.co/a7vX1k2Wjr","Got the signed copy today .... Very excited .... thnx ""the boy with a broken heart""",single_match,item_quality_issue,item_quality_issue,stage1_rule,High-confidence single rule match,Thu Nov 30 07:32:33 +0000 2017
69821,69819,@AmazonHelp You're customer experience team is not solving The problem. They Said they have no solution. I am preparing video for YouTube/ Facebook/ instagram . If I don't get replacement I will create awareness on weekends to entire India,You're customer experience team is not solving The problem. They Said they have no solution. I am preparing video for YouTube/ Facebook/ instagram . If I don't get replacement I will create awareness on weekends to entire India,single_match,refund_return,refund_return,stage1_rule,High-confidence single rule match,Thu Nov 30 07:33:24 +0000 2017
63968,63968,First time @14249 has failed me with the 2-day delivery in over 4 years. Sad 😞,First time has failed me with the 2-day delivery in over 4 years. Sad 😞,single_match,delivery_order_status,delivery_order_status,stage1_rule,High-confidence single rule match,Thu Nov 30 07:33:42 +0000 2017
64214,64202,"@AmazonHelp The form/link I was sent was my details for somebody to call me back, I’ve never given my email. Is there a number for a call centre in England I can ring? Or can you arrange for somebody to call me.","The form/link I was sent was my details for somebody to call me back, I’ve never given my email. Is there a number for a call centre in England I can ring? Or can you arrange for somebody to call me.",single_match,service_complaint,service_complaint,stage1_rule,High-confidence single rule match,Thu Nov 30 07:36:20 +0000 2017
64096,64096,"@AmazonHelp Hi Amazon, I signed up this week and placed an order. Now when I try sign in, it says my email isn't registered? Please help!","Hi Amazon, I signed up this week and placed an order. Now when I try sign in, it says my email isn't registered? Please help!",single_match,account_access,account_access,stage1_rule,High-confidence single rule match,Thu Nov 30 07:39:35 +0000 2017
64228,64217,"@AmazonHelp contact me on phone number, as soon as possible","contact me on phone number, as soon as possible",single_match,service_complaint,service_complaint,stage1_rule,High-confidence single rule match,Thu Nov 30 07:40:16 +0000 2017
64037,64034,@130703 @115830 And this is how amazon deal with a request to close down an account. To bombard you with calls at half six in the morning https://t.co/l9HtnvkW67,And this is how amazon deal with a request to close down an account. To bombard you with calls at half six in the morning,zero_match,other,other,stage1_sampled_other,Sampled zero-match other,Thu Nov 30 07:41:28 +0000 2017
64214,64193,@AmazonHelp Also the link you have gave me is for America not the UK so my order isn’t showing.,Also the link you have gave me is for America not the UK so my order isn’t showing.,single_match,delivery_order_status,delivery_order_status,stage1_rule,High-confidence single rule match,Thu Nov 30 07:44:23 +0000 2017
64149,64144,@AmazonHelp I have given the reply for the 6th time now,I have given the reply for the 6th time now,zero_match,other,other,stage1_sampled_other,Sampled zero-match other,Thu Nov 30 07:46:18 +0000 2017
63899,63897,"@AmazonHelp Tracking is wrong.
Got hourly window, didn't arrive.
Put request on website to leave in safe place that day but apparently 'attempts delivery' and no one was in AND left invisible calling card.
Doesn't arrive Tuesday
Says on @122232 dpdarriving Wednesday 29th
Still not here","Tracking is wrong. Got hourly window, didn't arrive. Put request on website to leave in safe place that day but apparently 'attempts delivery' and no one was in AND left invisible calling card. Doesn't arrive Tuesday Says on dpdarriving Wednesday 29th Still not here",single_match,delivery_order_status,delivery_order_status,stage1_rule,High-confidence single rule match,Thu Nov 30 07:46:31 +0000 2017
63856,63855,@130671 That's how @115830 delivered a parcel to us yesterday. Not impressed.,That's how delivered a parcel to us yesterday. Not impressed.,single_match,delivery_order_status,delivery_order_status,stage1_rule,High-confidence single rule match,Thu Nov 30 07:46:48 +0000 2017
64064,64062,@AmazonHelp They told me to wait 5 business days to investigate and another 5 days for the refund..what a joke..wasted so much of my time and energy...atleast i should get some compensation,They told me to wait 5 business days to investigate and another 5 days for the refund..what a joke..wasted so much of my time and energy...atleast i should get some compensation,single_match,refund_return,refund_return,stage1_rule,High-confidence single rule match,Thu Nov 30 07:49:01 +0000 2017
64072,64072,"@AmazonHelp @115821 your customer service agents try but can’t solve real problems. I have regular issues with Amazon and no one ever does anything different. As a long time prime member, I don’t feel valued at all nor do I get “prime” service. Want someone higher up to hear me.","your customer service agents try but can’t solve real problems. I have regular issues with Amazon and no one ever does anything different. As a long time prime member, I don’t feel valued at all nor do I get “prime” service. Want someone higher up to hear me.",single_match,service_complaint,service_complaint,stage1_rule,High-confidence single rule match,Thu Nov 30 07:49:32 +0000 2017
64173,64167,"@AmazonHelp There is no contact establish by ur customer care.
I don't expect this form @AmazonHelp .",There is no contact establish by ur customer care. I don't expect this form .,single_match,service_complaint,service_complaint,stage1_rule,High-confidence single rule match,Thu Nov 30 07:51:18 +0000 2017
63871,63871,Disappointing from @115830 had parcel out for delivery for 2 days. No idea if it will actually arrive this week.,Disappointing from had parcel out for delivery for 2 days. No idea if it will actually arrive this week.,single_match,delivery_order_status,delivery_order_status,stage1_rule,High-confidence single rule match,Thu Nov 30 07:51:48 +0000 2017
64135,64135,アマゾンから支払い番号のメール来んやんけ,アマゾンから支払い番号のメール来んやんけ,zero_match,other,other,stage1_sampled_other,Sampled zero-match other,Thu Nov 30 07:52:11 +0000 2017
64072,64070,@AmazonHelp It’s a looooong story. It just feels like Amazon could be doing simpler things to help Prime members but instead offers things that just add to the frustration. My specific issue tonight won’t fit in 280 characters. If you want to DM or call me I’d love to discuss.,It’s a looooong story. It just feels like Amazon could be doing simpler things to help Prime members but instead offers things that just add to the frustration. My specific issue tonight won’t fit in 280 characters. If you want to DM or call me I’d love to discuss.,single_match,service_complaint,service_complaint,stage1_rule,High-confidence single rule match,Thu Nov 30 07:56:59 +0000 2017
63856,63853,"@AmazonHelp Just get your delivery team to try attracting customers attention by door bell or knocking. I was in. Package found behind a bin. Only found as it was bin day here!
Had it been raining the items would have been soaked.",Just get your delivery team to try attracting customers attention by door bell or knocking. I was in. Package found behind a bin. Only found as it was bin day here! Had it been raining the items would have been soaked.,single_match,delivery_order_status,delivery_order_status,stage1_rule,High-confidence single rule match,Thu Nov 30 07:57:49 +0000 2017
64114,64105,"@AmazonHelp Morning, still no sign of my package","Morning, still no sign of my package",single_match,delivery_order_status,delivery_order_status,stage1_rule,High-confidence single rule match,Thu Nov 30 07:59:35 +0000 2017
64088,64086,"@130712 @130713 @1445 Damn, love these. But amazon screwed up my order and now I got the orange. ☹️ https://t.co/i9DNqQOtKs","Damn, love these. But amazon screwed up my order and now I got the orange. ☹️",single_match,delivery_order_status,delivery_order_status,stage1_rule,High-confidence single rule match,Thu Nov 30 08:00:30 +0000 2017
63968,63966,"@AmazonHelp 3 packages, one arrived a day early, other arrived on time, last one appeared to be “on track” but then I was updated saying that it was brought back to UPS warehouse which makes no sense since they had it out for delivery.","3 packages, one arrived a day early, other arrived on time, last one appeared to be “on track” but then I was updated saying that it was brought back to UPS warehouse which makes no sense since they had it out for delivery.",single_match,delivery_order_status,delivery_order_status,stage1_rule,High-confidence single rule match,Thu Nov 30 08:01:04 +0000 2017
64037,64032,@AmazonHelp Up until now I had been a great advocate for your company. Now I don’t want to have anything to do with you. And I was always told that your support was top notch.,Up until now I had been a great advocate for your company. Now I don’t want to have anything to do with you. And I was always told that your support was top notch.,zero_match,other,other,stage1_sampled_other,Sampled zero-match other,Thu Nov 30 08:01:07 +0000 2017
64119,64119,@AmazonHelp since when did you start charging return postage??,since when did you start charging return postage??,single_match,payment_billing,payment_billing,stage1_rule,High-confidence single rule match,Thu Nov 30 08:02:11 +0000 2017
64138,64138,"@3710 y'all are incredibly late with delivering my large order. 3 days late, I called today and they said it's still not even out for delivery. Their excuse? It was black Friday, we're busy. You actually suck for using that excuse. @115821 this is on you too.","y'all are incredibly late with delivering my large order. 3 days late, I called today and they said it's still not even out for delivery. Their excuse? It was black Friday, we're busy. You actually suck for using that excuse. this is on you too.",single_match,delivery_order_status,delivery_order_status,stage1_rule,High-confidence single rule match,Thu Nov 30 08:02:31 +0000 2017
63929,63929,"Someone's trying to get into my amazon account, but when @115830 send the confirmation code, there's no way to tell them it wasn't asked for.","Someone's trying to get into my amazon account, but when send the confirmation code, there's no way to tell them it wasn't asked for.",zero_match,other,other,stage1_sampled_other,Sampled zero-match other,Thu Nov 30 08:04:11 +0000 2017
64078,64078,@116928 como se hace para no recibir mas paquetes de amazon de un servicio de mensajería concreto? porque lo de @130709 es una vergüenza.,como se hace para no recibir mas paquetes de amazon de un servicio de mensajería concreto? porque lo de es una vergüenza.,zero_match,other,other,stage1_sampled_other,Sampled zero-match other,Thu Nov 30 08:05:15 +0000 2017
63826,63938,"@AmazonHelp filled the form and got this message 
Your message has been sent. We will contact you within 12 business hours, 7 days a week 10:00 to 19:00 IST.
12 days you need to solve this issue
what the hell it is team","filled the form and got this message Your message has been sent. We will contact you within 12 business hours, 7 days a week 10:00 to 19:00 IST. 12 days you need to solve this issue what the hell it is team",zero_match,other,other,stage1_sampled_other,Sampled zero-match other,Thu Nov 30 08:05:34 +0000 2017
63906,63906,Why is @116618 showing AV_MOBILE_IOS_DETAILS_AIRDATE_WITH_COLON everywhere? Did you guys get hacked? @115850 @115851 https://t.co/Tw9THtkiTP,Why is showing AV_MOBILE_IOS_DETAILS_AIRDATE_WITH_COLON everywhere? Did you guys get hacked?,single_match,account_access,account_access,stage1_rule,High-confidence single rule match,Thu Nov 30 08:05:37 +0000 2017
64096,64092,"@AmazonHelp Not that I can find, but the payment is taken from my account? Can I DM you my email address?","Not that I can find, but the payment is taken from my account? Can I DM you my email address?",zero_match,other,other,stage1_sampled_other,Sampled zero-match other,Thu Nov 30 08:06:06 +0000 2017
63871,63869,@AmazonHelp Tuesday. Has been out twice for delivery. 1 is unlucky 2 is careless,Tuesday. Has been out twice for delivery. 1 is unlucky 2 is careless,single_match,delivery_order_status,delivery_order_status,stage1_rule,High-confidence single rule match,Thu Nov 30 08:06:47 +0000 2017
63920,63920,@116316 why do I even pay for prime when all my delivery dates get postponed ON the day of delivery anyways? 🙃 #fail,why do I even pay for prime when all my delivery dates get postponed ON the day of delivery anyways? 🙃 #fail,single_match,delivery_order_status,delivery_order_status,stage1_rule,High-confidence single rule match,Thu Nov 30 08:07:15 +0000 2017
64026,64024,"@130701 Ah ma su @120540 
Se non dovessi regalar la domenica l’avrei rispedita indietro",Ah ma su Se non dovessi regalar la domenica l’avrei rispedita indietro,zero_match,other,other,stage1_sampled_other,Sampled zero-match other,Thu Nov 30 08:07:18 +0000 2017
63826,63935,"@AmazonHelp i am ok with the information 
have filled the form
please call asap now and solve this matter",i am ok with the information have filled the form please call asap now and solve this matter,zero_match,other,other,stage1_sampled_other,Sampled zero-match other,Thu Nov 30 08:07:24 +0000 2017
63968,63964,@AmazonHelp I forgot to mention that all 3 packages were from the same purchase order so I fail to see how any of these would apply since I’ve received 2/3 already.,I forgot to mention that all 3 packages were from the same purchase order so I fail to see how any of these would apply since I’ve received 2/3 already.,single_match,delivery_order_status,delivery_order_status,stage1_rule,High-confidence single rule match,Thu Nov 30 08:11:22 +0000 2017
63971,63971,Thanks @115830 for delivering my son's main Christmas present with no box or other form of cover. He now knows what he's getting - and that it won't come from Father Christmas,Thanks for delivering my son's main Christmas present with no box or other form of cover. He now knows what he's getting - and that it won't come from Father Christmas,single_match,delivery_order_status,delivery_order_status,stage1_rule,High-confidence single rule match,Thu Nov 30 08:11:26 +0000 2017
64072,64067,@AmazonHelp Right. I’ve been through this over and over again via chat and phone customer service agents. Nothing changes and I never have my actual issue solved; which is how Amazon handles problems. That support system isn’t designed to help beyond apologizing and issuing credits.,Right. I’ve been through this over and over again via chat and phone customer service agents. Nothing changes and I never have my actual issue solved; which is how Amazon handles problems. That support system isn’t designed to help beyond apologizing and issuing credits.,single_match,service_complaint,service_complaint,stage1_rule,High-confidence single rule match,Thu Nov 30 08:12:44 +0000 2017
63944,63944,"@116316 @115821 @115830 #amazontheft Thanks for nothing. Now I get to try and find my kids gifts somewhere else. Never again with amazon. 2 orders lost, surprisingly items 'sold' by amazon. others showed. Tell your couriers to stop stealing from kids.","#amazontheft Thanks for nothing. Now I get to try and find my kids gifts somewhere else. Never again with amazon. 2 orders lost, surprisingly items 'sold' by amazon. others showed. Tell your couriers to stop stealing from kids.",single_match,delivery_order_status,delivery_order_status,stage1_rule,High-confidence single rule match,Thu Nov 30 08:17:08 +0000 2017
63911,63911,"@AmazonHelp bonjour, je souhaiterai savoir si mes commandes seront envoyées, aucune information, ne bouge, d'habitude je reçois en 3j et là le suivi me dit la même chose depuis 3j, ''en préparation''","bonjour, je souhaiterai savoir si mes commandes seront envoyées, aucune information, ne bouge, d'habitude je reçois en 3j et là le suivi me dit la même chose depuis 3j, ''en préparation''",zero_match,other,other,stage1_sampled_other,Sampled zero-match other,Thu Nov 30 08:18:21 +0000 2017
63899,63895,@AmazonHelp Says rescheduled when it wasn't. I just updated a safe place as my hour window was not met on Monday. Now it's nowhere to be seen. Even @122232 said delivery for yesterday and nothing. https://t.co/yahZHLp8jq,Says rescheduled when it wasn't. I just updated a safe place as my hour window was not met on Monday. Now it's nowhere to be seen. Even said delivery for yesterday and nothing.,single_match,delivery_order_status,delivery_order_status,stage1_rule,High-confidence single rule match,Thu Nov 30 08:19:31 +0000 2017
63871,63866,"@AmazonHelp It might be delivered today, same the previous two days. In over 10 years of buying from you this has never happened. Doesn't look good coming up to Christmas","It might be delivered today, same the previous two days. In over 10 years of buying from you this has never happened. Doesn't look good coming up to Christmas",single_match,delivery_order_status,delivery_order_status,stage1_rule,High-confidence single rule match,Thu Nov 30 08:21:08 +0000 2017
63903,63901,@AmazonHelp It was delivered by amazon itself. How do I report it on the app? I seem to get lost in an endless loop when I go via that link,It was delivered by amazon itself. How do I report it on the app? I seem to get lost in an endless loop when I go via that link,single_match,delivery_order_status,delivery_order_status,stage1_rule,High-confidence single rule match,Thu Nov 30 08:21:54 +0000 2017
64056,64039,"@AmazonHelp Yes, but I also received a new (incorrect) delivery date on Monday. I spent a few hours on the phone with UPS today, maybe tomorrow will be different.

I'm not concerned with the delay itself, I am with the inaccuracy. Don't call it an guarantee if it's gonna take 2x as long.","Yes, but I also received a new (incorrect) delivery date on Monday. I spent a few hours on the phone with UPS today, maybe tomorrow will be different. I'm not concerned with the delay itself, I am with the inaccuracy. Don't call it an guarantee if it's gonna take 2x as long.",single_match,delivery_order_status,delivery_order_status,stage1_rule,High-confidence single rule match,Thu Nov 30 08:23:52 +0000 2017
65795,65788,"@AmazonHelp still no update, how much time will take?","still no update, how much time will take?",zero_match,other,other,stage1_sampled_other,Sampled zero-match other,Thu Nov 30 08:24:41 +0000 2017
65765,65765,@115850 I got an order cancellation notification for a cancellation I did not do. I even got a refund. Can u pls tell me what's going on?,I got an order cancellation notification for a cancellation I did not do. I even got a refund. Can u pls tell me what's going on?,single_match,refund_return,refund_return,stage1_rule,High-confidence single rule match,Thu Nov 30 08:24:55 +0000 2017
65801,65799,@AmazonHelp Le suivi Colissimo dit que le colis a été livré dans la boîte aux lettres. Ma réclamation et leur recherche le confirme...je suis donc perdant de 30€ et ma surprise a été ratée,Le suivi Colissimo dit que le colis a été livré dans la boîte aux lettres. Ma réclamation et leur recherche le confirme...je suis donc perdant de 30€ et ma surprise a été ratée,zero_match,other,other,stage1_sampled_other,Sampled zero-match other,Thu Nov 30 08:25:17 +0000 2017
65891,65891,"@AmazonHelp @115830 
getting very realistic looking spam emails about renewing prime. asking for bank details... I don't have prime and my credit card doesn't expire for 11 months... https://t.co/akKFy716xP",getting very realistic looking spam emails about renewing prime. asking for bank details... I don't have prime and my credit card doesn't expire for 11 months...,single_match,payment_billing,payment_billing,stage1_rule,High-confidence single rule match,Thu Nov 30 08:29:28 +0000 2017
67575,67559,@AmazonHelp I am only available to accept the parcel during specific times and do not want it left unattended given its value. My perspective is that it’s down to you to now ensure you deliver it during the times I am available given that you have failed to meet the selected NDD.,I am only available to accept the parcel during specific times and do not want it left unattended given its value. My perspective is that it’s down to you to now ensure you deliver it during the times I am available given that you have failed to meet the selected NDD.,single_match,delivery_order_status,delivery_order_status,stage1_rule,High-confidence single rule match,Thu Nov 30 08:32:52 +0000 2017
65861,65859,"@AmazonHelp Amazon.de it says ""delivered"" in the website but the carrier it's still ""on its way to the distribution center"", but for 2 days it showed ""out for delivery"" in the carrier. I spent those 2 days at home so I could receive it but it never arrived.","Amazon.de it says ""delivered"" in the website but the carrier it's still ""on its way to the distribution center"", but for 2 days it showed ""out for delivery"" in the carrier. I spent those 2 days at home so I could receive it but it never arrived.",single_match,delivery_order_status,delivery_order_status,stage1_rule,High-confidence single rule match,Thu Nov 30 08:36:09 +0000 2017
65779,65779,Franchement @120533 vous me décevez énormément la ...,Franchement vous me décevez énormément la ...,zero_match,other,other,stage1_sampled_other,Sampled zero-match other,Thu Nov 30 08:37:37 +0000 2017
65785,65782,"@AmazonHelp Colis Amazon, j’ai contacté vos services qui ne donnent aucune solution. Carte bleue bloquée , impossible de m’en servir et malgré ça vous continuez à essayer de débiter mon compte","Colis Amazon, j’ai contacté vos services qui ne donnent aucune solution. Carte bleue bloquée , impossible de m’en servir et malgré ça vous continuez à essayer de débiter mon compte",zero_match,other,other,stage1_sampled_other,Sampled zero-match other,Thu Nov 30 08:37:38 +0000 2017
65801,65797,@AmazonHelp Je ne vois pas où je peux le signaler sur mon espace client ? J’ai envoyé un message au vendeur qui est resté sans réponse,Je ne vois pas où je peux le signaler sur mon espace client ? J’ai envoyé un message au vendeur qui est resté sans réponse,zero_match,other,other,stage1_sampled_other,Sampled zero-match other,Thu Nov 30 08:38:43 +0000 2017
65763,65762,@AmazonHelp  https://t.co/1P0u4Qd6HE,,zero_match,other,other,stage1_sampled_other,Sampled zero-match other,Thu Nov 30 08:40:10 +0000 2017
65804,65803,@AmazonHelp Yes it says it’s going to be Re delivered today but yesterday was already a Re delivery of same parcel?,Yes it says it’s going to be Re delivered today but yesterday was already a Re delivery of same parcel?,single_match,delivery_order_status,delivery_order_status,stage1_rule,High-confidence single rule match,Thu Nov 30 08:41:11 +0000 2017
64173,64166,"@AmazonHelp Yes i do!!
And they said that they will contact me in 12hours after my query but they don't!!",Yes i do!! And they said that they will contact me in 12hours after my query but they don't!!,single_match,service_complaint,service_complaint,stage1_rule,High-confidence single rule match,Thu Nov 30 08:41:48 +0000 2017
65763,65760,"@AmazonHelp Won’t ship black kindle to Northern Ireland, but will ship white?!🤷🏻‍♀️","Won’t ship black kindle to Northern Ireland, but will ship white?!🤷🏻‍♀️",single_match,device_digital_content,device_digital_content,stage1_rule,High-confidence single rule match,Thu Nov 30 08:41:51 +0000 2017
71977,71975,@132150 @120540 Aspetto da lunedì una consegna: che dicono tentata tre volte ma qui da me non si è visto nessuno. Servizio scandaloso. Adesso però magari capisco un pò di più. #BRT,Aspetto da lunedì una consegna: che dicono tentata tre volte ma qui da me non si è visto nessuno. Servizio scandaloso. Adesso però magari capisco un pò di più. #BRT,zero_match,other,other,stage1_sampled_other,Sampled zero-match other,Thu Nov 30 08:43:15 +0000 2017
64228,64216,@AmazonHelp Ok I'm waiting,Ok I'm waiting,zero_match,other,other,stage1_sampled_other,Sampled zero-match other,Thu Nov 30 08:43:47 +0000 2017
63871,63865,"@AmazonHelp ""From Amazon Shipping at Wednesday, 29 November.
Delay in delivery due to external factors"" External factor being courier I guess.","""From Amazon Shipping at Wednesday, 29 November. Delay in delivery due to external factors"" External factor being courier I guess.",single_match,delivery_order_status,delivery_order_status,stage1_rule,High-confidence single rule match,Thu Nov 30 08:43:56 +0000 2017
65680,65680,@115830 prime unlimited one day delivery. now thats a joke.nothing of mine have been delivered next day for ages.then 8 items i ordered were suppose to come yesterday then changed to https://t.co/PE9KMSiBUT its between today and another 5 days,prime unlimited one day delivery. now thats a joke.nothing of mine have been delivered next day for ages.then 8 items i ordered were suppose to come yesterday then changed to its between today and another 5 days,single_match,delivery_order_status,delivery_order_status,stage1_rule,High-confidence single rule match,Thu Nov 30 08:46:27 +0000 2017
67467,67467,@115850 is this aachi masala costs ₹1776?? Wat is this to be used for?? Sperm whale curry?? https://t.co/feDA162o8J,is this aachi masala costs ₹1776?? Wat is this to be used for?? Sperm whale curry??,zero_match,other,other,stage1_sampled_other,Sampled zero-match other,Thu Nov 30 08:48:04 +0000 2017
65698,65688,.@AmazonHelp I’m kinda done - I spent 1.5 hours in talks with four (!) different hotliners which ended up not being able to help until I bought more (!) to have my cart be above $25 so I could return three other broken CDs. Will return &amp; scout local stores instead. @115851,. I’m kinda done - I spent 1.5 hours in talks with four (!) different hotliners which ended up not being able to help until I bought more (!) to have my cart be above $25 so I could return three other broken CDs. Will return &amp; scout local stores instead.,single_match,item_quality_issue,item_quality_issue,stage1_rule,High-confidence single rule match,Thu Nov 30 08:48:14 +0000 2017
65714,65702,"@AmazonHelp 24 hours come and gone, but no update yet again. Do I have to call to get one?","24 hours come and gone, but no update yet again. Do I have to call to get one?",zero_match,other,other,stage1_sampled_other,Sampled zero-match other,Thu Nov 30 08:51:59 +0000 2017
65680,65678,@AmazonHelp yes i phoned and was told its because of black friday but this has been going on for ages. i have not had a item i have bought delivered next day for ages.then the guy said would you like me to cancel all your orders.i am fuming why would i not want them,yes i phoned and was told its because of black friday but this has been going on for ages. i have not had a item i have bought delivered next day for ages.then the guy said would you like me to cancel all your orders.i am fuming why would i not want them,single_match,delivery_order_status,delivery_order_status,stage1_rule,High-confidence single rule match,Thu Nov 30 08:53:07 +0000 2017
65683,65683,"yup @115821 we paid for shipping to get the package Tuesday and seen this last night at 10pm  We're sorry your package is late
We don't have a new delivery date from UPS, but we recommend waiting as it'll usually arrive within a few days. NO!!!!!","yup we paid for shipping to get the package Tuesday and seen this last night at 10pm We're sorry your package is late We don't have a new delivery date from UPS, but we recommend waiting as it'll usually arrive within a few days. NO!!!!!",single_match,delivery_order_status,delivery_order_status,stage1_rule,High-confidence single rule match,Thu Nov 30 08:53:32 +0000 2017
67588,67588,@AmazonHelp my friend ordered for a memory card but he got an empty parcel. what should he do next?,my friend ordered for a memory card but he got an empty parcel. what should he do next?,single_match,delivery_order_status,delivery_order_status,stage1_rule,High-confidence single rule match,Thu Nov 30 08:55:47 +0000 2017
69944,69944,"Hi @AmazonHelp my order has been delayed twice ❗️And when I tried to call your client service, they wanted to transfer my call to Amazon India (whereas I am in Luxembourg !). Any help ?","Hi my order has been delayed twice ❗️And when I tried to call your client service, they wanted to transfer my call to Amazon India (whereas I am in Luxembourg !). Any help ?",single_match,delivery_order_status,delivery_order_status,stage1_rule,High-confidence single rule match,Thu Nov 30 08:57:07 +0000 2017
67577,67577,Studying @3973 articles on @115821 #Kindle using article-mode is amazing🤓🤓 https://t.co/eXWWXCrYwM,Studying articles on #Kindle using article-mode is amazing🤓🤓,single_match,device_digital_content,device_digital_content,stage1_rule,High-confidence single rule match,Thu Nov 30 08:58:00 +0000 2017
65717,65716,@AmazonHelp I was advised exactly what I said - to return the item and I’d get refunded. That was it. Apparently not a full refund as there’s no option for ‘this was amazon’s mistake’.,I was advised exactly what I said - to return the item and I’d get refunded. That was it. Apparently not a full refund as there’s no option for ‘this was amazon’s mistake’.,single_match,refund_return,refund_return,stage1_rule,High-confidence single rule match,Thu Nov 30 08:59:47 +0000 2017
63948,63947,@AmazonHelp Yes 2 days then emailed after said wanted another 2 days and still nothing,Yes 2 days then emailed after said wanted another 2 days and still nothing,single_match,service_complaint,service_complaint,stage1_rule,High-confidence single rule match,Thu Nov 30 09:03:29 +0000 2017
67469,67469,"せっかく届いてたのに……

めっちゃ折れてる……

返品したい……( ´•̥̥̥ω•̥̥̥`)

Amazon……ひどいや…… https://t.co/trzbESlQnN",せっかく届いてたのに…… めっちゃ折れてる…… 返品したい……( ´•̥̥̥ω•̥̥̥`) Amazon……ひどいや……,zero_match,other,other,stage1_sampled_other,Sampled zero-match other,Thu Nov 30 09:05:33 +0000 2017
63948,63950,@AmazonHelp Honestly your going with that 😂😂😂😂,Honestly your going with that 😂😂😂😂,zero_match,other,other,stage1_sampled_other,Sampled zero-match other,Thu Nov 30 09:06:03 +0000 2017
69949,69949,"@115850 It's been 24 hours since I ordered on Amazon but the product is not yet dispatched. Estimated delivery is  5 Dec, can I surely get it by the time.","It's been 24 hours since I ordered on Amazon but the product is not yet dispatched. Estimated delivery is 5 Dec, can I surely get it by the time.",single_match,delivery_order_status,delivery_order_status,stage1_rule,High-confidence single rule match,Thu Nov 30 09:06:55 +0000 2017
67509,67509,"Surprised at how patronising, rude and unhelpful @115830's customer service is. Spent 30 minutes having my own words said back to me with no solution. Literally ""you have ordered this item"" - YES I KNOW. IT'S WHY I'M HERE.","Surprised at how patronising, rude and unhelpful 's customer service is. Spent 30 minutes having my own words said back to me with no solution. Literally ""you have ordered this item"" - YES I KNOW. IT'S WHY I'M HERE.",single_match,service_complaint,service_complaint,stage1_rule,High-confidence single rule match,Thu Nov 30 09:09:34 +0000 2017
63948,63952,@AmazonHelp I have done TWICE palmed off once no reply other,I have done TWICE palmed off once no reply other,single_match,service_complaint,service_complaint,stage1_rule,High-confidence single rule match,Thu Nov 30 09:10:43 +0000 2017
67484,67484,"Wish @115830 would stop charging me more than they should and actually reply to my emails, money grabbers 🤬","Wish would stop charging me more than they should and actually reply to my emails, money grabbers 🤬",single_match,payment_billing,payment_billing,stage1_rule,High-confidence single rule match,Thu Nov 30 09:11:45 +0000 2017
64056,64048,"@AmazonHelp Sold by: https://t.co/8lsCC88NSG LLC

https://t.co/JGNPnX1uku",Sold by: LLC,zero_match,other,other,stage1_sampled_other,Sampled zero-match other,Thu Nov 30 09:13:42 +0000 2017
65714,65701,"@AmazonHelp Sorry, I fail to see how pointing me at your self help page is meant to help. May as well just call again. Please take ownership of the case and give me regular updates. While I've got your attention. It would be nice to have a case management section in account details.","Sorry, I fail to see how pointing me at your self help page is meant to help. May as well just call again. Please take ownership of the case and give me regular updates. While I've got your attention. It would be nice to have a case management section in account details.",zero_match,other,other,stage1_sampled_other,Sampled zero-match other,Thu Nov 30 09:15:30 +0000 2017
67440,67440,"Hey @115830, when is Vikings being released? I thought it was supposed to be today?","Hey , when is Vikings being released? I thought it was supposed to be today?",zero_match,other,other,stage1_sampled_other,Sampled zero-match other,Thu Nov 30 09:16:19 +0000 2017
67420,67420,"Good Work @115830  for managing to not help me find my package. Amazon: ""Well it has been signed for!""
Me: By who???
Amazon: ""Don't know!""

Brilliant! 
Have a good Christmas Delivery man...my treat!
#Smallfry #charity #buyerbeware","Good Work for managing to not help me find my package. Amazon: ""Well it has been signed for!"" Me: By who??? Amazon: ""Don't know!"" Brilliant! Have a good Christmas Delivery man...my treat! #Smallfry #charity #buyerbeware",single_match,delivery_order_status,delivery_order_status,stage1_rule,High-confidence single rule match,Thu Nov 30 09:18:27 +0000 2017
69680,69680,１ヶ月以上前にAmazonで予約したCDのコンビニ決済のメールがまだ届かないんだが、何でだ？発売日（１２月１３日）に近づいたらちゃんとメール来るんだろうな？,１ヶ月以上前にAmazonで予約したCDのコンビニ決済のメールがまだ届かないんだが、何でだ？発売日（１２月１３日）に近づいたらちゃんとメール来るんだろうな？,zero_match,other,other,stage1_sampled_other,Sampled zero-match other,Thu Nov 30 09:20:18 +0000 2017
65698,65691,"@AmazonHelp I also have provided feedback throughout all this and for most of my packages over the last years. Zero effect, so it seems that I might as well save the time and don’t do it anymore. :/","I also have provided feedback throughout all this and for most of my packages over the last years. Zero effect, so it seems that I might as well save the time and don’t do it anymore. :/",single_match,delivery_order_status,delivery_order_status,stage1_rule,High-confidence single rule match,Thu Nov 30 09:24:10 +0000 2017
69783,69783,"Hi @115850, how do you manage your deliveries in countries like USA or Canada where things like #Aadhaar don't exist? Pls stop fooling people.","Hi , how do you manage your deliveries in countries like USA or Canada where things like #Aadhaar don't exist? Pls stop fooling people.",single_match,delivery_order_status,delivery_order_status,stage1_rule,High-confidence single rule match,Thu Nov 30 09:26:03 +0000 2017
69780,69780,"Hi @115850...im confused i have 2 items in my cart...but each of them has different sellers with lesser price in the ""sellers tab""...why is it so and is it save to buy from them???","Hi ...im confused i have 2 items in my cart...but each of them has different sellers with lesser price in the ""sellers tab""...why is it so and is it save to buy from them???",single_match,seller_marketplace,seller_marketplace,stage1_rule,High-confidence single rule match,Thu Nov 30 09:29:16 +0000 2017
69935,69935,"@115830 I get things delivered to work but your guys often deliver after hours (registered business address). Had a call from the neighbour this morning, my things had been left in his front garden. They'd not seen a courier and I had no card! Could've been rained on or nicked!","I get things delivered to work but your guys often deliver after hours (registered business address). Had a call from the neighbour this morning, my things had been left in his front garden. They'd not seen a courier and I had no card! Could've been rained on or nicked!",single_match,delivery_order_status,delivery_order_status,stage1_rule,High-confidence single rule match,Thu Nov 30 09:31:48 +0000 2017
69847,69847,@AmazonHelp hi an item i orderd says it cannot be delivered and i am to contact amazon for assistance?,hi an item i orderd says it cannot be delivered and i am to contact amazon for assistance?,single_match,delivery_order_status,delivery_order_status,stage1_rule,High-confidence single rule match,Thu Nov 30 09:33:22 +0000 2017
67437,67436,"@AmazonHelp I haven't. I've been told that I need to revise the payment method for two things I've ordered. When I go in to select my card, I just get ""We're sorry, but we encountered an error when processing your request. Please try again."" Now I'm stuck.","I haven't. I've been told that I need to revise the payment method for two things I've ordered. When I go in to select my card, I just get ""We're sorry, but we encountered an error when processing your request. Please try again."" Now I'm stuck.",single_match,payment_billing,payment_billing,stage1_rule,High-confidence single rule match,Thu Nov 30 09:35:55 +0000 2017
69774,69774,"@AmazonHelp have emailed &amp; phoned regarding my recent order being cancelled and still no help, pls can someone look into it?","have emailed &amp; phoned regarding my recent order being cancelled and still no help, pls can someone look into it?",single_match,service_complaint,service_complaint,stage1_rule,High-confidence single rule match,Thu Nov 30 09:36:04 +0000 2017
71972,71972,@115850 I am not able to see the video option on my echo dot. Hence not able to link fire TV as well. https://t.co/mkT1mJdk59,I am not able to see the video option on my echo dot. Hence not able to link fire TV as well.,single_match,device_digital_content,device_digital_content,stage1_rule,High-confidence single rule match,Thu Nov 30 09:36:46 +0000 2017
64155,64161,"@AmazonHelp Please confirm the estimated date, as you said in last tweet. I am hoping you will do the delivery at the earliest.","Please confirm the estimated date, as you said in last tweet. I am hoping you will do the delivery at the earliest.",single_match,delivery_order_status,delivery_order_status,stage1_rule,High-confidence single rule match,Thu Nov 30 09:38:44 +0000 2017
64173,64169,"@AmazonHelp Please do fast all u can do.
I want my refund as fast as possible.",Please do fast all u can do. I want my refund as fast as possible.,single_match,refund_return,refund_return,stage1_rule,High-confidence single rule match,Thu Nov 30 09:39:35 +0000 2017
69770,69768,"@AmazonHelp Thanks, the order is from Amazon. I've checked my order online repeatedly, and ""Delay in delivery due to external factors"" is the reason given. It was meant to be here last Friday :-(","Thanks, the order is from Amazon. I've checked my order online repeatedly, and ""Delay in delivery due to external factors"" is the reason given. It was meant to be here last Friday :-(",single_match,delivery_order_status,delivery_order_status,stage1_rule,High-confidence single rule match,Thu Nov 30 09:42:17 +0000 2017
67420,67421,@131398 @115830 Their delivery driver chucked one over our back gate yesterday and said it’d been signed for!!,Their delivery driver chucked one over our back gate yesterday and said it’d been signed for!!,single_match,delivery_order_status,delivery_order_status,stage1_rule,High-confidence single rule match,Thu Nov 30 09:44:18 +0000 2017
67484,67486,@AmazonHelp The only email I have received said that the money that was ‘pending’ would be taken out or would be cancelled when I received my order but it hasn’t so I still have almost £200 pending and don’t know if the payments are coming or going over a week after I got the first delivery,The only email I have received said that the money that was ‘pending’ would be taken out or would be cancelled when I received my order but it hasn’t so I still have almost £200 pending and don’t know if the payments are coming or going over a week after I got the first delivery,single_match,delivery_order_status,delivery_order_status,stage1_rule,High-confidence single rule match,Thu Nov 30 09:47:08 +0000 2017
69641,69641,E la grandezza si vede nella gestione dell'errore. Ottimo follow-up di @4017 e @AmazonHelp ad un problema che ha causato l'annullamento di un mio ordine #primenow#kudos :),E la grandezza si vede nella gestione dell'errore. Ottimo follow-up di e ad un problema che ha causato l'annullamento di un mio ordine #primenow#kudos :),zero_match,other,other,stage1_sampled_other,Sampled zero-match other,Thu Nov 30 09:47:24 +0000 2017
69651,69646,@AmazonHelp We are at work today and out today at a private appointment. We can't take another day off for Amazon deliveries.,We are at work today and out today at a private appointment. We can't take another day off for Amazon deliveries.,single_match,delivery_order_status,delivery_order_status,stage1_rule,High-confidence single rule match,Thu Nov 30 09:47:29 +0000 2017
69651,69650,@AmazonHelp We now been told the tree will arrive by Dec 8th. That's more than a week than what we were promised when we made the purchase. We could have gone with another provider instead if Amazon had been upfront about this! Now we won't have a tree for the first Advent December weekend!,We now been told the tree will arrive by Dec 8th. That's more than a week than what we were promised when we made the purchase. We could have gone with another provider instead if Amazon had been upfront about this! Now we won't have a tree for the first Advent December weekend!,single_match,delivery_order_status,delivery_order_status,stage1_rule,High-confidence single rule match,Thu Nov 30 09:49:22 +0000 2017
69655,69655,@115830 Hello I ordered 2 Kiki Archer books to be sent to my kindle paid for them but they've not appeared on my list yet.Can u please tell me what the hold up is and when I will receive them and thank u Jose.M.Taylor,Hello I ordered 2 Kiki Archer books to be sent to my kindle paid for them but they've not appeared on my list yet.Can u please tell me what the hold up is and when I will receive them and thank u Jose.M.Taylor,single_match,device_digital_content,device_digital_content,stage1_rule,High-confidence single rule match,Thu Nov 30 09:51:15 +0000 2017
69607,69607,Even paid $20 to get my @115821 order before an important event and STILL didn’t arrive on time. #Notcool #whenamigoingtolearn #procrastination,Even paid $20 to get my order before an important event and STILL didn’t arrive on time. #Notcool #whenamigoingtolearn #procrastination,single_match,delivery_order_status,delivery_order_status,stage1_rule,High-confidence single rule match,Thu Nov 30 09:51:23 +0000 2017
71830,71830,@115850 performance seller support is not working well. Please do not trouble your sellers if they wanted to understand the proceeding activities.,performance seller support is not working well. Please do not trouble your sellers if they wanted to understand the proceeding activities.,single_match,seller_marketplace,seller_marketplace,stage1_rule,High-confidence single rule match,Thu Nov 30 09:57:10 +0000 2017
73628,73628,"After playing with Echo Plus since afternoon my daughter asked me ""Does is know only English or it can understand Malayalam"" 😁","After playing with Echo Plus since afternoon my daughter asked me ""Does is know only English or it can understand Malayalam"" 😁",single_match,device_digital_content,device_digital_content,stage1_rule,High-confidence single rule match,Thu Nov 30 09:57:25 +0000 2017
72009,72009,"@AmazonHelp I ordered 4 items last week, and Amazon says they all delivered yesterday, but only 3 items came - the PS4 game didn't. Please advise","I ordered 4 items last week, and Amazon says they all delivered yesterday, but only 3 items came - the PS4 game didn't. Please advise",single_match,delivery_order_status,delivery_order_status,stage1_rule,High-confidence single rule match,Thu Nov 30 09:57:30 +0000 2017
72016,72016,@116875 cuando van a liberar la tercera temporada de el hombre en el castillo?,cuando van a liberar la tercera temporada de el hombre en el castillo?,zero_match,other,other,stage1_sampled_other,Sampled zero-match other,Thu Nov 30 09:57:44 +0000 2017
69858,69857,@AmazonHelp Gestionado por amazon,Gestionado por amazon,zero_match,other,other,stage1_sampled_other,Sampled zero-match other,Thu Nov 30 09:58:47 +0000 2017
71885,71885,Very disappointed with @115821 customer service. Terrible experience. The call just got worse and worse.  #AmazonPrime @AmazonHelp,Very disappointed with customer service. Terrible experience. The call just got worse and worse. #AmazonPrime,single_match,service_complaint,service_complaint,stage1_rule,High-confidence single rule match,Thu Nov 30 10:00:57 +0000 2017
71970,71967,"@AmazonHelp No all update, had to track the package after it never showed up. AMAZON HAD IT being delivered by 8pm","No all update, had to track the package after it never showed up. AMAZON HAD IT being delivered by 8pm",single_match,delivery_order_status,delivery_order_status,stage1_rule,High-confidence single rule match,Thu Nov 30 10:01:00 +0000 2017
69774,69772,@AmazonHelp you cancelled my order bc you thought someone else was on my account but i cant repurchase it bc it was a lightning deal,you cancelled my order bc you thought someone else was on my account but i cant repurchase it bc it was a lightning deal,single_match,delivery_order_status,delivery_order_status,stage1_rule,High-confidence single rule match,Thu Nov 30 10:03:08 +0000 2017
71940,71939,@115850 Still it's pending @AmazonHelp,Still it's pending,zero_match,other,other,stage1_sampled_other,Sampled zero-match other,Thu Nov 30 10:06:01 +0000 2017
71903,71903,"@115821 very bad Couriar service.
you make fake promise guarantee for delivery.
your call centre executive not give right information.
your company make fake promise.
All are talk rudely. 
My order No. # 171-0728961-5293153",very bad Couriar service. you make fake promise guarantee for delivery. your call centre executive not give right information. your company make fake promise. All are talk rudely. My order No. # 171-0728961-5293153,single_match,delivery_order_status,delivery_order_status,stage1_rule,High-confidence single rule match,Thu Nov 30 10:06:32 +0000 2017
71845,71845,"@115830 been trying to login to my account to place an order, but it won’t let me! What’s going on?! #Irritating","been trying to login to my account to place an order, but it won’t let me! What’s going on?! #Irritating",single_match,account_access,account_access,stage1_rule,High-confidence single rule match,Thu Nov 30 10:06:44 +0000 2017
73568,73568,@115850 @AmazonHelp where are the result of one plus 5t quiz?,where are the result of one plus 5t quiz?,zero_match,other,other,stage1_sampled_other,Sampled zero-match other,Thu Nov 30 10:07:00 +0000 2017
71921,71921,昨日の夜ポチったのが帰ったら届いてた！ありがとうAmazon！ #prfm https://t.co/dp7M3bjl2C,昨日の夜ポチったのが帰ったら届いてた！ありがとうAmazon！ #prfm,zero_match,other,other,stage1_sampled_other,Sampled zero-match other,Thu Nov 30 10:08:45 +0000 2017
71923,71923,Fam these amazon drivers don't even wait for me to bus the door. They leave my shit on the floor n cut asap wth?,Fam these amazon drivers don't even wait for me to bus the door. They leave my shit on the floor n cut asap wth?,single_match,delivery_order_status,delivery_order_status,stage1_rule,High-confidence single rule match,Thu Nov 30 10:10:53 +0000 2017
71834,71834,"@115817 the Amazon package I'm waiting for is at the local delivery hub, ,supposed to be delivered today. Notified of a carrier delay, and delivery will be rescheduled. Whhaatis a carrier delay?","the Amazon package I'm waiting for is at the local delivery hub, ,supposed to be delivered today. Notified of a carrier delay, and delivery will be rescheduled. Whhaatis a carrier delay?",single_match,delivery_order_status,delivery_order_status,stage1_rule,High-confidence single rule match,Thu Nov 30 10:13:01 +0000 2017
71845,71843,@AmazonHelp I’ve already done this and changed my password and it still won’t log me in 🤷🏼‍♀️,I’ve already done this and changed my password and it still won’t log me in 🤷🏼‍♀️,single_match,account_access,account_access,stage1_rule,High-confidence single rule match,Thu Nov 30 10:13:25 +0000 2017
73556,73552,"@115821 @132448 t'achètes un jeu pendant le black friday on t'envoie une boite même pas emballée et à l'intérieur il manque le jeu, bravo le veau 👏🏻","t'achètes un jeu pendant le black friday on t'envoie une boite même pas emballée et à l'intérieur il manque le jeu, bravo le veau 👏🏻",zero_match,other,other,stage1_sampled_other,Sampled zero-match other,Thu Nov 30 10:15:10 +0000 2017
73536,73536,"@AmazonHelp Trying to register my phone number on my new dots. Get ""The mobile phone number you provided is already in use. Please use a different mobile phone number."" Please help","Trying to register my phone number on my new dots. Get ""The mobile phone number you provided is already in use. Please use a different mobile phone number."" Please help",single_match,service_complaint,service_complaint,stage1_rule,High-confidence single rule match,Thu Nov 30 10:15:31 +0000 2017
69940,69939,"@AmazonHelp All sorted now, a replacement has been sorted. Thanks","All sorted now, a replacement has been sorted. Thanks",single_match,refund_return,refund_return,stage1_rule,High-confidence single rule match,Thu Nov 30 10:17:16 +0000 2017
69774,69776,"@AmazonHelp I can't replace the order as it was the nintendo switch bundle cyber monday deal so it was a different price than usual, I have access to my account though","I can't replace the order as it was the nintendo switch bundle cyber monday deal so it was a different price than usual, I have access to my account though",single_match,delivery_order_status,delivery_order_status,stage1_rule,High-confidence single rule match,Thu Nov 30 10:17:36 +0000 2017
71878,71878,@116316 ich muss in Dezember in Spanien bleiben. Wird  mein Prime Video DE auch mit eine spanischer Internet verbindung  funktionieren? Und die Fire TV stick? Danke!,ich muss in Dezember in Spanien bleiben. Wird mein Prime Video DE auch mit eine spanischer Internet verbindung funktionieren? Und die Fire TV stick? Danke!,single_match,device_digital_content,device_digital_content,stage1_rule,High-confidence single rule match,Thu Nov 30 10:18:11 +0000 2017
71851,71851,@115830 let’s see if your delivery driver actually deliver today. Yesterday he turned up at my office walked into reception and walked straight back out again for me to get an ‘attempted delivery’. For that effort... just deliver the package! #pointless,let’s see if your delivery driver actually deliver today. Yesterday he turned up at my office walked into reception and walked straight back out again for me to get an ‘attempted delivery’. For that effort... just deliver the package! #pointless,single_match,delivery_order_status,delivery_order_status,stage1_rule,High-confidence single rule match,Thu Nov 30 10:18:33 +0000 2017
71885,71882,"@AmazonHelp Too long to write but when I called it was more of a friendly inquiry and when I hung up I was downright confused, angered and don't know if or when my order will arrive at this point. Horrible call.","Too long to write but when I called it was more of a friendly inquiry and when I hung up I was downright confused, angered and don't know if or when my order will arrive at this point. Horrible call.",single_match,delivery_order_status,delivery_order_status,stage1_rule,High-confidence single rule match,Thu Nov 30 10:19:19 +0000 2017
71834,71832,@AmazonHelp UPS website says delayed due to unexpected circumstances. Not very helpful.,UPS website says delayed due to unexpected circumstances. Not very helpful.,single_match,delivery_order_status,delivery_order_status,stage1_rule,High-confidence single rule match,Thu Nov 30 10:20:11 +0000 2017
71845,71841,@AmazonHelp Ok thank you all done and sent.,Ok thank you all done and sent.,zero_match,other,other,stage1_sampled_other,Sampled zero-match other,Thu Nov 30 10:21:41 +0000 2017
73587,73587,"Trop énorme la surprise offerte par @AmazonHelp ! Hâte de rentrer pour montrer le tunnel et les jouets à Kuro, il l'aura bien mérité après toutes ces commandes ! ;) 
Merci à @4087 d'avoir été le chercher à la poste ❤ https://t.co/rzboFwwJM7","Trop énorme la surprise offerte par ! Hâte de rentrer pour montrer le tunnel et les jouets à Kuro, il l'aura bien mérité après toutes ces commandes ! ;) Merci à d'avoir été le chercher à la poste ❤",zero_match,other,other,stage1_sampled_other,Sampled zero-match other,Thu Nov 30 10:22:30 +0000 2017
69607,69609,@AmazonHelp In the last 30 mins? No.,In the last 30 mins? No.,zero_match,other,other,stage1_sampled_other,Sampled zero-match other,Thu Nov 30 10:23:09 +0000 2017
73610,73610,"@115850 need to update its app services to update address after order . I ordered some books and paid by @115823 but want to update my address because i’m not available there even you should help me out to deliver all my orders at same day.
#helpmeout",need to update its app services to update address after order . I ordered some books and paid by but want to update my address because i’m not available there even you should help me out to deliver all my orders at same day. #helpmeout,single_match,delivery_order_status,delivery_order_status,stage1_rule,High-confidence single rule match,Thu Nov 30 10:24:53 +0000 2017
69821,69796,@AmazonHelp I want replacement ! Don't fool people! I not  Stopping until I get original product!,I want replacement ! Don't fool people! I not Stopping until I get original product!,single_match,refund_return,refund_return,stage1_rule,High-confidence single rule match,Thu Nov 30 10:26:42 +0000 2017
67484,67488,"@AmazonHelp I have done and it is the 3rd email I have sent in the last 2 days, is there a way you can ensure I get a reply please as I still haven’t had one since I first queried the payment issues last week?","I have done and it is the 3rd email I have sent in the last 2 days, is there a way you can ensure I get a reply please as I still haven’t had one since I first queried the payment issues last week?",zero_match,other,other,stage1_sampled_other,Sampled zero-match other,Thu Nov 30 10:27:24 +0000 2017
71980,71979,@AmazonHelp I put something on my wishlist last night for £59.99 (&amp; it's still showing that price atm on my list) click on the actual product &amp; price jumps up to £84.99?,I put something on my wishlist last night for £59.99 (&amp; it's still showing that price atm on my list) click on the actual product &amp; price jumps up to £84.99?,zero_match,other,other,stage1_sampled_other,Sampled zero-match other,Thu Nov 30 10:29:11 +0000 2017
73545,73545,@115830 #AmazonUK @AmazonHelp why is it that when I signed up for Amazon prime you stated free next day delivery but my parcel that was supposed to be delivered today is delayed why,#AmazonUK why is it that when I signed up for Amazon prime you stated free next day delivery but my parcel that was supposed to be delivered today is delayed why,single_match,delivery_order_status,delivery_order_status,stage1_rule,High-confidence single rule match,Thu Nov 30 10:29:38 +0000 2017
63826,63820,"@AmazonHelp i am still waiting for a solution for this pathetic fraud
didnt got any call",i am still waiting for a solution for this pathetic fraud didnt got any call,single_match,service_complaint,service_complaint,stage1_rule,High-confidence single rule match,Thu Nov 30 10:31:20 +0000 2017
71826,71823,@AmazonHelp Make sure it gets delivered today. It has been in my city since yesterday early morning. I’m sure it can be done unless you would rather chose to make a fool out of your customers,Make sure it gets delivered today. It has been in my city since yesterday early morning. I’m sure it can be done unless you would rather chose to make a fool out of your customers,single_match,delivery_order_status,delivery_order_status,stage1_rule,High-confidence single rule match,Thu Nov 30 10:31:45 +0000 2017
73469,73469,"Salut @120533, y'aurait il une chance de voir Echo arrivé pour Noel ou début Janvier en FRANCE ???","Salut , y'aurait il une chance de voir Echo arrivé pour Noel ou début Janvier en FRANCE ???",zero_match,other,other,stage1_sampled_other,Sampled zero-match other,Thu Nov 30 10:33:17 +0000 2017
73518,73518,@115830 do you consider a communal area of a block of flats a safe place to leave a delivery? Especially when I am in the flat all day? Lucky my neighbours are not thieves.,do you consider a communal area of a block of flats a safe place to leave a delivery? Especially when I am in the flat all day? Lucky my neighbours are not thieves.,single_match,delivery_order_status,delivery_order_status,stage1_rule,High-confidence single rule match,Thu Nov 30 10:34:31 +0000 2017
73515,73515,Despite paying for @115830 Prime they still sometimes struggle to deliver within a week!,Despite paying for Prime they still sometimes struggle to deliver within a week!,single_match,delivery_order_status,delivery_order_status,stage1_rule,High-confidence single rule match,Thu Nov 30 10:35:06 +0000 2017
73508,73505,"@AmazonHelp Hi, after leaving me on D phone on hold 4 over 20 minutes, she dropped the my call &amp; never bothered to return to let me know but insisted my delivery will come by 9pm last night even though I repeated “nobody delivers round here at that time”!! Really upset about her attitude","Hi, after leaving me on D phone on hold 4 over 20 minutes, she dropped the my call &amp; never bothered to return to let me know but insisted my delivery will come by 9pm last night even though I repeated “nobody delivers round here at that time”!! Really upset about her attitude",single_match,delivery_order_status,delivery_order_status,stage1_rule,High-confidence single rule match,Thu Nov 30 10:35:51 +0000 2017
73466,73466,@AmazonHelp good morning. Apparently my package was delivered yesterday.. but I haven't received it. Can you help please?? Thanks,good morning. Apparently my package was delivered yesterday.. but I haven't received it. Can you help please?? Thanks,single_match,delivery_order_status,delivery_order_status,stage1_rule,High-confidence single rule match,Thu Nov 30 10:36:33 +0000 2017
73502,73502,"@115830 I ordered from the UK site, now see it is in transit from the States! I purposely ordered from the UK to not get customs charges/additional VAT. What to do when I get charged?","I ordered from the UK site, now see it is in transit from the States! I purposely ordered from the UK to not get customs charges/additional VAT. What to do when I get charged?",single_match,payment_billing,payment_billing,stage1_rule,High-confidence single rule match,Thu Nov 30 10:37:04 +0000 2017
73511,73511,@115821 Why there is no translation of the application in Arabic,Why there is no translation of the application in Arabic,zero_match,other,other,stage1_sampled_other,Sampled zero-match other,Thu Nov 30 10:37:53 +0000 2017
73574,73574,"@115830 If an e mail account has been hacked and can't be accessed, how else can you retrieve the link to reset Amazon password?","If an e mail account has been hacked and can't be accessed, how else can you retrieve the link to reset Amazon password?",single_match,account_access,account_access,stage1_rule,High-confidence single rule match,Thu Nov 30 10:39:04 +0000 2017
73437,73437,"@AmazonHelp Bjr, je dois recevoir un colis demain via Amazon logistics. Cependant je ne serai pas chez moi et personne ne pourra le recevoir à ma place. Possible de le recevoir à une autre adresse ? Merci","Bjr, je dois recevoir un colis demain via Amazon logistics. Cependant je ne serai pas chez moi et personne ne pourra le recevoir à ma place. Possible de le recevoir à une autre adresse ? Merci",zero_match,other,other,stage1_sampled_other,Sampled zero-match other,Thu Nov 30 10:40:39 +0000 2017
73502,73499,@AmazonHelp A seller. It wasn’t obvious that they’re in the States when ordering.,A seller. It wasn’t obvious that they’re in the States when ordering.,single_match,seller_marketplace,seller_marketplace,stage1_rule,High-confidence single rule match,Thu Nov 30 10:41:52 +0000 2017
73533,73533,"@115830 I just received a delivery and half the order was missing, how do I get in contact please?","I just received a delivery and half the order was missing, how do I get in contact please?",single_match,delivery_order_status,delivery_order_status,stage1_rule,High-confidence single rule match,Thu Nov 30 10:42:18 +0000 2017
71980,71982,"@AmazonHelp Sorry! I don't to hand. It's the 'Lego Star Wars The Last Jedi BB-8'. £59.99 on my wishlist, £84.99 when I click on the link.","Sorry! I don't to hand. It's the 'Lego Star Wars The Last Jedi BB-8'. £59.99 on my wishlist, £84.99 when I click on the link.",zero_match,other,other,stage1_sampled_other,Sampled zero-match other,Thu Nov 30 10:43:11 +0000 2017
73466,73464,@AmazonHelp Hi. I've done that. I've had no delivery card or notification. My neighbours haven't signed for it either. Can you help.,Hi. I've done that. I've had no delivery card or notification. My neighbours haven't signed for it either. Can you help.,single_match,delivery_order_status,delivery_order_status,stage1_rule,High-confidence single rule match,Thu Nov 30 10:43:24 +0000 2017
73417,73417,E comunque da quando @120540 usa il suo corriere non si riesce più ad avere un pacco in 24 ore ...sempre problemi e mail di scuse per il ritardo,E comunque da quando usa il suo corriere non si riesce più ad avere un pacco in 24 ore ...sempre problemi e mail di scuse per il ritardo,zero_match,other,other,stage1_sampled_other,Sampled zero-match other,Thu Nov 30 10:43:51 +0000 2017
74685,74685,"@115850 no delivery after 7 days of fake promises.. this is not what is expected from a brand that is ""Trusted By Crores ofIndians"" https://t.co/1uAiBMCTVs","no delivery after 7 days of fake promises.. this is not what is expected from a brand that is ""Trusted By Crores ofIndians""",single_match,delivery_order_status,delivery_order_status,stage1_rule,High-confidence single rule match,Thu Nov 30 10:44:15 +0000 2017
73454,73452,@AmazonHelp sí! uno de los gratuitos que están disponibles! Hay un apartado concreto para los libros gratuitos en la tienda Kindle? @117634 Gracias!,sí! uno de los gratuitos que están disponibles! Hay un apartado concreto para los libros gratuitos en la tienda Kindle? Gracias!,single_match,device_digital_content,device_digital_content,stage1_rule,High-confidence single rule match,Thu Nov 30 10:44:53 +0000 2017
73556,73551,@AmazonHelp Je ne sais pas si je l'ai signalé au SAV mais j'ai fait une demande de remboursement et imprimé les étiquettes de retour. Faut-il faire autre chose ? Ce serait bête que ça arrive à d'autre. Peut-on utiliser le colis amazon pour le retour ? Merci,Je ne sais pas si je l'ai signalé au SAV mais j'ai fait une demande de remboursement et imprimé les étiquettes de retour. Faut-il faire autre chose ? Ce serait bête que ça arrive à d'autre. Peut-on utiliser le colis amazon pour le retour ? Merci,single_match,delivery_order_status,delivery_order_status,stage1_rule,High-confidence single rule match,Thu Nov 30 10:47:10 +0000 2017
73466,73462,@AmazonHelp No idea. My app tells me it was delivered.,No idea. My app tells me it was delivered.,single_match,delivery_order_status,delivery_order_status,stage1_rule,High-confidence single rule match,Thu Nov 30 10:49:37 +0000 2017
73610,73609,@AmazonHelp I’d already contact to #amazoncustomerservice but there is not such type of service yet now what?,I’d already contact to #amazoncustomerservice but there is not such type of service yet now what?,zero_match,other,other,stage1_sampled_other,Sampled zero-match other,Thu Nov 30 10:53:55 +0000 2017
73469,73468,@AmazonHelp Merci beaucoup !,Merci beaucoup !,zero_match,other,other,stage1_sampled_other,Sampled zero-match other,Thu Nov 30 10:53:57 +0000 2017
73423,73423,@115830 the state of my parcel from amazon this morning!!!! Disgraceful https://t.co/XVkqCnHYPx,the state of my parcel from amazon this morning!!!! Disgraceful,single_match,delivery_order_status,delivery_order_status,stage1_rule,High-confidence single rule match,Thu Nov 30 10:55:17 +0000 2017
74680,74680,"@116316 Hey Amazon, eure neue auf 2 getrennte Bildschirme aufgeteilte Login/Passwort-Anmeldung saugt verfaulte Eier. Was soll der Scheiss?","Hey Amazon, eure neue auf 2 getrennte Bildschirme aufgeteilte Login/Passwort-Anmeldung saugt verfaulte Eier. Was soll der Scheiss?",single_match,account_access,account_access,stage1_rule,High-confidence single rule match,Thu Nov 30 10:56:27 +0000 2017
73511,73510,@AmazonHelp We want to add Arabic to all your sites and applications. Can it happen?,We want to add Arabic to all your sites and applications. Can it happen?,zero_match,other,other,stage1_sampled_other,Sampled zero-match other,Thu Nov 30 10:57:09 +0000 2017
73460,73456,"@AmazonHelp I just want to return this, pls raise my concern. Not able to do this from my end. Dont expect anything from my end. If this not done then i will make sure will not buy anymore from @115850","I just want to return this, pls raise my concern. Not able to do this from my end. Dont expect anything from my end. If this not done then i will make sure will not buy anymore from",single_match,refund_return,refund_return,stage1_rule,High-confidence single rule match,Thu Nov 30 10:57:48 +0000 2017
69821,69800,@AmazonHelp I am expecting a call from Amazon with date on which product will get replaced! If not I will create a video on how Amazon fools customer in India with fake product,I am expecting a call from Amazon with date on which product will get replaced! If not I will create a video on how Amazon fools customer in India with fake product,single_match,item_quality_issue,item_quality_issue,stage1_rule,High-confidence single rule match,Thu Nov 30 11:00:14 +0000 2017
74682,74682,RT @132724: Explique-moi @120533 comment ce #livre est proposé d'occasion alors qu'il n'a eu aucune vente (il est imprimé à la demande) 😐 #algorithms #wrong #Marketplace https://t.co/nLB57fAkbO,RT : Explique-moi comment ce #livre est proposé d'occasion alors qu'il n'a eu aucune vente (il est imprimé à la demande) 😐 #algorithms #wrong #Marketplace,single_match,seller_marketplace,seller_marketplace,stage1_rule,High-confidence single rule match,Thu Nov 30 11:01:16 +0000 2017
74690,74690,@115830 you get some slack about packaging.. but we love the packaging you send your parcels in! Almost as good as the item we actually ordered 😂 #keepupthegoodwork #recycle https://t.co/QgMl9ZwDzv,you get some slack about packaging.. but we love the packaging you send your parcels in! Almost as good as the item we actually ordered 😂 #keepupthegoodwork #recycle,single_match,delivery_order_status,delivery_order_status,stage1_rule,High-confidence single rule match,Thu Nov 30 11:02:08 +0000 2017
74678,74678,@115830 I am trying to email you through your site but the option is not coming up? I have a problem with an order I have placed and have also had email from seller.  Pls advise?,I am trying to email you through your site but the option is not coming up? I have a problem with an order I have placed and have also had email from seller. Pls advise?,single_match,seller_marketplace,seller_marketplace,stage1_rule,High-confidence single rule match,Thu Nov 30 11:13:49 +0000 2017
74617,74615,@AmazonHelp Thank you for contacting me. Updated delivery date was yesterday 11/29 and did not arrive. Issue has been resolved after some digging. thank you again!,Thank you for contacting me. Updated delivery date was yesterday 11/29 and did not arrive. Issue has been resolved after some digging. thank you again!,single_match,delivery_order_status,delivery_order_status,stage1_rule,High-confidence single rule match,Thu Nov 30 11:16:48 +0000 2017
74685,74684,@AmazonHelp The item is being returned undelivered by the courier,The item is being returned undelivered by the courier,single_match,delivery_order_status,delivery_order_status,stage1_rule,High-confidence single rule match,Thu Nov 30 11:18:19 +0000 2017
74613,74613,"@115821 has been disappointing lately. The only reason I have prime is for the 2 day shipping, my last 3 orders have all been hella late. Don’t make promises, what you can’t keep. 😢","has been disappointing lately. The only reason I have prime is for the 2 day shipping, my last 3 orders have all been hella late. Don’t make promises, what you can’t keep. 😢",single_match,delivery_order_status,delivery_order_status,stage1_rule,High-confidence single rule match,Thu Nov 30 11:19:00 +0000 2017
74619,74619,Muchas gracias por la rapidez y resolución de la atención al cliente y del repartidor de @116928 Todo perfecto y solucionando los imprevistos del reparto del pedido en tiempo record! Geniales! Da gusto este servicio! Enhorabuena por el trabajo! ;),Muchas gracias por la rapidez y resolución de la atención al cliente y del repartidor de Todo perfecto y solucionando los imprevistos del reparto del pedido en tiempo record! Geniales! Da gusto este servicio! Enhorabuena por el trabajo! ;),zero_match,other,other,stage1_sampled_other,Sampled zero-match other,Thu Nov 30 11:20:42 +0000 2017
73502,73498,"@AmazonHelp Already dispatched, so not possible. It’s how I saw it’s coming from the US.","Already dispatched, so not possible. It’s how I saw it’s coming from the US.",single_match,delivery_order_status,delivery_order_status,stage1_rule,High-confidence single rule match,Thu Nov 30 11:35:35 +0000 2017
73587,73586,@AmazonHelp (Faudrait que je ramasse le bouquet de lavandes... 😂) https://t.co/SFDUJQtRGx,(Faudrait que je ramasse le bouquet de lavandes... 😂),zero_match,other,other,stage1_sampled_other,Sampled zero-match other,Thu Nov 30 11:48:37 +0000 2017
72009,72008,"@AmazonHelp Thank you for getting back. It's definitely not with a neighbour and it's definitely not been left outside anywhere, there's no note to say they tried to deliver or anything like that.","Thank you for getting back. It's definitely not with a neighbour and it's definitely not been left outside anywhere, there's no note to say they tried to deliver or anything like that.",single_match,delivery_order_status,delivery_order_status,stage1_rule,High-confidence single rule match,Thu Nov 30 12:13:13 +0000 2017
73533,73532,@AmazonHelp No i ordered one item and it says it has been delivered. Part of the item is missing. This was a gift for someone tomorrow so I needed to receive it by today,No i ordered one item and it says it has been delivered. Part of the item is missing. This was a gift for someone tomorrow so I needed to receive it by today,single_match,delivery_order_status,delivery_order_status,stage1_rule,High-confidence single rule match,Thu Nov 30 12:23:05 +0000 2017
64138,64137,@AmazonHelp Yup and we're about 3 days late,Yup and we're about 3 days late,zero_match,other,other,stage1_sampled_other,Sampled zero-match other,Thu Nov 30 12:31:17 +0000 2017
64214,64195,"@AmazonHelp I need some from a UK call centre to call me, I am getting nowhere with customer service. Can somebody arrange this for me please?","I need some from a UK call centre to call me, I am getting nowhere with customer service. Can somebody arrange this for me please?",single_match,service_complaint,service_complaint,stage1_rule,High-confidence single rule match,Thu Nov 30 12:53:11 +0000 2017
74685,74687,@AmazonHelp Everyone said the same thing. Useless customer service,Everyone said the same thing. Useless customer service,single_match,service_complaint,service_complaint,stage1_rule,High-confidence single rule match,Thu Nov 30 12:55:28 +0000 2017
64214,64197,@AmazonHelp Are you unable to look through this thread of tweets? Why is the customer service so bad. Is a joke?,Are you unable to look through this thread of tweets? Why is the customer service so bad. Is a joke?,single_match,service_complaint,service_complaint,stage1_rule,High-confidence single rule match,Thu Nov 30 12:59:59 +0000 2017
69821,69806,@AmazonHelp Taking customer for ride ! I need a original product not refund!,Taking customer for ride ! I need a original product not refund!,single_match,refund_return,refund_return,stage1_rule,High-confidence single rule match,Thu Nov 30 13:13:29 +0000 2017
69821,69809,"@AmazonHelp You're customer service I spoke just now , they can't solve my problem. They don't have power","You're customer service I spoke just now , they can't solve my problem. They don't have power",single_match,service_complaint,service_complaint,stage1_rule,High-confidence single rule match,Thu Nov 30 13:32:05 +0000 2017
69821,69811,@AmazonHelp I have not received any mail s from your end. My mail I'd is __email__,I have not received any mail s from your end. My mail I'd is __email__,zero_match,other,other,stage1_sampled_other,Sampled zero-match other,Thu Nov 30 14:04:45 +0000 2017
67575,67558,"@AmazonHelp Called - they have been absolutely no help whatsoever. They have already tried to deliver today, outside of the times I specified, and will now try and deliver again but cant gaurantee it will be in specified time. What’s the point? You missed the original NDD, you need to fix it","Called - they have been absolutely no help whatsoever. They have already tried to deliver today, outside of the times I specified, and will now try and deliver again but cant gaurantee it will be in specified time. What’s the point? You missed the original NDD, you need to fix it",single_match,delivery_order_status,delivery_order_status,stage1_rule,High-confidence single rule match,Thu Nov 30 14:22:27 +0000 2017
69821,69813,@AmazonHelp I wrote mail back ! I understand you want cheat Indian customer and you don't want solve the problem. Till I get my product I won't stop tweeting. Worst experience in the world- Amazon,I wrote mail back ! I understand you want cheat Indian customer and you don't want solve the problem. Till I get my product I won't stop tweeting. Worst experience in the world- Amazon,single_match,service_complaint,service_complaint,stage1_rule,High-confidence single rule match,Thu Nov 30 14:38:25 +0000 2017
73417,73419,"@AmazonHelp Si codice tracking BA0104708903         
Oltretutto non aggiornate mai la sezione traccia il mio pacco con questo corriere...per quest'ordine cosi come per altri precedenti",Si codice tracking BA0104708903 Oltretutto non aggiornate mai la sezione traccia il mio pacco con questo corriere...per quest'ordine cosi come per altri precedenti,single_match,delivery_order_status,delivery_order_status,stage1_rule,High-confidence single rule match,Thu Nov 30 14:50:18 +0000 2017
63918,63914,"@AmazonHelp Entendi, obrigada","Entendi, obrigada",zero_match,other,other,stage1_sampled_other,Sampled zero-match other,Thu Nov 30 15:54:54 +0000 2017
67575,67562,@AmazonHelp I take it that no response means that no one is capable of correcting your failures and resolving this issue?,I take it that no response means that no one is capable of correcting your failures and resolving this issue?,single_match,service_complaint,service_complaint,stage1_rule,High-confidence single rule match,Thu Nov 30 18:35:13 +0000 2017
29662,29662,@115833 my echo keeps telling me that I need to link my premium spotify account to play music from there but I have already done that. Can you help?,my echo keeps telling me that I need to link my premium spotify account to play music from there but I have already done that. Can you help?,zero_match,other,other,stage1_sampled_other,Sampled zero-match other,Thu Nov 30 19:41:15 +0000 2017
29662,29661,@AmazonHelp Ya I've done that already and it's still telling me I need to link my account...,Ya I've done that already and it's still telling me I need to link my account...,zero_match,other,other,stage1_sampled_other,Sampled zero-match other,Thu Nov 30 19:49:16 +0000 2017
65909,65909,@AmazonHelp I have a delivery that was supposed to come today but still hasn’t arrived can you help please? Tracking ID Q31155496393,I have a delivery that was supposed to come today but still hasn’t arrived can you help please? Tracking ID Q31155496393,single_match,delivery_order_status,delivery_order_status,stage1_rule,High-confidence single rule match,Thu Nov 30 20:01:38 +0000 2017
65909,65907,@AmazonHelp It says it has been out for delivery since 8:14am today,It says it has been out for delivery since 8:14am today,single_match,delivery_order_status,delivery_order_status,stage1_rule,High-confidence single rule match,Thu Nov 30 20:11:11 +0000 2017
29662,29664,"@AmazonHelp thanks DJ, that did allow me to play music now using spotify as if it was a bluetooth speaker but I was really hoping to link it for voice control, etc. Could it be that my wife is the echo account owner? I feel like that shouldn't have an effect tho...","thanks DJ, that did allow me to play music now using spotify as if it was a bluetooth speaker but I was really hoping to link it for voice control, etc. Could it be that my wife is the echo account owner? I feel like that shouldn't have an effect tho...",zero_match,other,other,stage1_sampled_other,Sampled zero-match other,Thu Nov 30 20:15:58 +0000 2017
65909,65905,@AmazonHelp It said it would be delivered by 8pm today on the app,It said it would be delivered by 8pm today on the app,single_match,delivery_order_status,delivery_order_status,stage1_rule,High-confidence single rule match,Thu Nov 30 20:17:24 +0000 2017
15447,15447,@115830 thank you for delaying my package again and again. Not like I wanted it or anything,thank you for delaying my package again and again. Not like I wanted it or anything,single_match,delivery_order_status,delivery_order_status,stage1_rule,High-confidence single rule match,Thu Nov 30 20:25:25 +0000 2017
54364,54364,Right just cancel the order @AmazonHelp December the 5th was not the agreed date it was today! @118373 @128305 3rd time this month it's joke!,Right just cancel the order December the 5th was not the agreed date it was today! 3rd time this month it's joke!,single_match,delivery_order_status,delivery_order_status,stage1_rule,High-confidence single rule match,Thu Nov 30 20:34:59 +0000 2017
15140,15140,Another night.  Another non-delivery.  Another useless ‘chat’ conversation with false promises and excuses.  @115830 - you have let me down yet again.  Your promises are full of shit. #whereismybloodystuff,Another night. Another non-delivery. Another useless ‘chat’ conversation with false promises and excuses. - you have let me down yet again. Your promises are full of shit. #whereismybloodystuff,single_match,delivery_order_status,delivery_order_status,stage1_rule,High-confidence single rule match,Thu Nov 30 20:40:11 +0000 2017
69607,69611,@AmazonHelp I’d rather the order just be cancelled so I don’t have the extra hassle of returning items because they didn’t arrive on time. That’s a waste of my time.,I’d rather the order just be cancelled so I don’t have the extra hassle of returning items because they didn’t arrive on time. That’s a waste of my time.,single_match,delivery_order_status,delivery_order_status,stage1_rule,High-confidence single rule match,Thu Nov 30 20:55:05 +0000 2017
29568,29568,"Hey @115850 , since you have launched echo and tap in india. Time to get #alexa working too, please. @115821 @116935","Hey , since you have launched echo and tap in india. Time to get #alexa working too, please.",single_match,device_digital_content,device_digital_content,stage1_rule,High-confidence single rule match,Thu Oct 26 07:37:05 +0000 2017
65655,65637,@AmazonHelp @131027 please resonpd on your ticket 323630 and take action against amzon .so that i can go ahead with cusomer court,please resonpd on your ticket 323630 and take action against amzon .so that i can go ahead with cusomer court,zero_match,other,other,stage1_sampled_other,Sampled zero-match other,Tue Jun 27 11:49:45 +0000 2017
36582,36594,"@AmazonHelp @115850

Sick of your post sales services., Decide to uninstall Amazon. And no more shopping from Amazon India.
Pathetic service level..","Sick of your post sales services., Decide to uninstall Amazon. And no more shopping from Amazon India. Pathetic service level..",single_match,service_complaint,service_complaint,stage1_rule,High-confidence single rule match,Tue Nov 07 10:59:57 +0000 2017
36582,36597,"@AmazonHelp @115850
Pathetic software . Never receive call. Check snapshot..

Pathetic post sales service https://t.co/peqBNSVrZ2",Pathetic software . Never receive call. Check snapshot.. Pathetic post sales service,single_match,service_complaint,service_complaint,stage1_rule,High-confidence single rule match,Tue Nov 07 15:59:12 +0000 2017
65870,65869,@AmazonHelp @115850 @115821 I contacted your customer service center and even selected return option. But service boy refused to take back product this is fruad .I want to share such fruad info with people to aware of your such fruad work,I contacted your customer service center and even selected return option. But service boy refused to take back product this is fruad .I want to share such fruad info with people to aware of your such fruad work,single_match,service_complaint,service_complaint,stage1_rule,High-confidence single rule match,Tue Nov 28 05:40:55 +0000 2017
69933,69933,"@119625 Hi, can you please check your DM? :)","Hi, can you please check your DM? :)",zero_match,other,other,stage1_sampled_other,Sampled zero-match other,Tue Nov 28 10:25:39 +0000 2017
64114,64114,@115830 another triumph of customer service. Useless.,another triumph of customer service. Useless.,single_match,service_complaint,service_complaint,stage1_rule,High-confidence single rule match,Tue Nov 28 11:05:33 +0000 2017
64114,64111,@AmazonHelp I had a message saying it was through my letterbox,I had a message saying it was through my letterbox,zero_match,other,other,stage1_sampled_other,Sampled zero-match other,Tue Nov 28 11:11:26 +0000 2017
64114,64109,"@AmazonHelp I just rang customer services and was told to wait 48 hours, you see my frustration??","I just rang customer services and was told to wait 48 hours, you see my frustration??",single_match,service_complaint,service_complaint,stage1_rule,High-confidence single rule match,Tue Nov 28 11:15:24 +0000 2017
65714,65714,Second TV attempted to be delivered and Second TV to do a vanishing act. Come on @115830 - we would like our TV now please. Something very fishy about all this...,Second TV attempted to be delivered and Second TV to do a vanishing act. Come on - we would like our TV now please. Something very fishy about all this...,single_match,delivery_order_status,delivery_order_status,stage1_rule,High-confidence single rule match,Tue Nov 28 20:14:49 +0000 2017
65714,65711,@AmazonHelp It’s just not fair. It’s not our fault and yet we’re the ones out of pocket and the goods undelivered. Best to use another courier or go to another address??,It’s just not fair. It’s not our fault and yet we’re the ones out of pocket and the goods undelivered. Best to use another courier or go to another address??,single_match,delivery_order_status,delivery_order_status,stage1_rule,High-confidence single rule match,Tue Nov 28 21:11:59 +0000 2017
16796,16784,"@AmazonHelp That's what m doing n u making me believe more that refund policy by Amazon in India is really poor..!
Ur seller is even not taking calls nw",That's what m doing n u making me believe more that refund policy by Amazon in India is really poor..! Ur seller is even not taking calls nw,multi_match,seller_marketplace,seller_marketplace,llm_gemini,The customer is complaining about a third-party seller who is not responding or taking calls.,Tue Oct 17 10:43:11 +0000 2017
34558,34558,Day two without #AmazonIN #Prime.,Day two without #AmazonIN #Prime.,zero_match,other,other,stage1_sampled_other,Sampled zero-match other,Tue Oct 24 00:05:47 +0000 2017
34558,34554,@AmazonHelp Already requested. No resolution.,Already requested. No resolution.,zero_match,other,other,stage1_sampled_other,Sampled zero-match other,Tue Oct 24 06:01:40 +0000 2017
16796,16782,"@AmazonHelp How much more time is needed?
I think everything is online..
Is ur seller not responding? Or approval is needed from any ministry?",How much more time is needed? I think everything is online.. Is ur seller not responding? Or approval is needed from any ministry?,single_match,seller_marketplace,seller_marketplace,stage1_rule,High-confidence single rule match,Tue Oct 24 11:03:26 +0000 2017
16796,16780,@AmazonHelp No..!!,No..!!,zero_match,other,other,stage1_sampled_other,Sampled zero-match other,Tue Oct 24 11:48:25 +0000 2017
18159,18159,"Really unhappy, @AmazonHelp. I'm sitting here at home all day and I got this text a few minutes ago. https://t.co/w35PxLWI0K","Really unhappy, . I'm sitting here at home all day and I got this text a few minutes ago.",zero_match,other,other,stage1_sampled_other,Sampled zero-match other,Tue Oct 31 00:09:04 +0000 2017
18159,18157,"@AmazonHelp USPS is the carrier. They are usually here 10 am-12 pm, so I don't know what's going on.","USPS is the carrier. They are usually here 10 am-12 pm, so I don't know what's going on.",zero_match,other,other,stage1_sampled_other,Sampled zero-match other,Tue Oct 31 00:17:05 +0000 2017
18159,18155,"@AmazonHelp No, is USPS even contactable, esp after hours?  I'll wait and see what happens tomorrow. Two delivery mishaps this month - one UPS, one USPS","No, is USPS even contactable, esp after hours? I'll wait and see what happens tomorrow. Two delivery mishaps this month - one UPS, one USPS",single_match,delivery_order_status,delivery_order_status,stage1_rule,High-confidence single rule match,Tue Oct 31 00:30:12 +0000 2017
9147,9146,"@115850 Under the same order ID another product of 617 was delivered, paid 700 asked to add the balance to the wallet, same thing, not added","Under the same order ID another product of 617 was delivered, paid 700 asked to add the balance to the wallet, same thing, not added",single_match,delivery_order_status,delivery_order_status,stage1_rule,High-confidence single rule match,Tue Oct 31 04:42:13 +0000 2017
18206,18206,"#amazonindia Since when Amazon has started cheating its customers ?🤔
Feeling cheated as i ordered Amazon echo plus on 6th october.",#amazonindia Since when Amazon has started cheating its customers ?🤔 Feeling cheated as i ordered Amazon echo plus on 6th october.,single_match,device_digital_content,device_digital_content,stage1_rule,High-confidence single rule match,Tue Oct 31 06:17:16 +0000 2017
21956,21956,@1404 @AmazonHelp  product is not deliverable to any single pincode in India. making customers fool by listing product at low price https://t.co/3hxhLgCaWd,product is not deliverable to any single pincode in India. making customers fool by listing product at low price,single_match,delivery_order_status,delivery_order_status,stage1_rule,High-confidence single rule match,Tue Oct 31 07:22:14 +0000 2017
22213,22208,"@AmazonHelp Hier c'était écrit ""envoi aujourd'hui"" dans le suivi, et ça n'a pas été expédié hier... #troll","Hier c'était écrit ""envoi aujourd'hui"" dans le suivi, et ça n'a pas été expédié hier... #troll",zero_match,other,other,stage1_sampled_other,Sampled zero-match other,Tue Oct 31 08:15:28 +0000 2017
22213,22206,@AmazonHelp Où dois puis-je trouver votre SAV? c'est introuvable sur votre site...,Où dois puis-je trouver votre SAV? c'est introuvable sur votre site...,zero_match,other,other,stage1_sampled_other,Sampled zero-match other,Tue Oct 31 08:49:57 +0000 2017
21966,21965,@1402 @AmazonHelp can you guys stop the harassment and send me the product I ordered?,can you guys stop the harassment and send me the product I ordered?,zero_match,other,other,stage1_sampled_other,Sampled zero-match other,Tue Oct 31 09:15:21 +0000 2017
27901,27901,@115821 I understand shipping to Puerto Rico is now behind but orders not shipping after 2/3 weeks? Expedition taking weeks...,I understand shipping to Puerto Rico is now behind but orders not shipping after 2/3 weeks? Expedition taking weeks...,single_match,delivery_order_status,delivery_order_status,stage1_rule,High-confidence single rule match,Tue Oct 31 10:09:53 +0000 2017
21966,21962,@AmazonHelp kindly expedite your process it's already been 2 days since I filed this forgery and it's still not resolved.,kindly expedite your process it's already been 2 days since I filed this forgery and it's still not resolved.,single_match,service_complaint,service_complaint,stage1_rule,High-confidence single rule match,Tue Oct 31 10:14:51 +0000 2017
24505,24505,My @115830 Prime 'expedited' delivery has been 'out for delivery' for 70 hours. I could have WALKED to Amazon warehouse &amp; back in 58 hrs. https://t.co/3VpfI4JFQS,My Prime 'expedited' delivery has been 'out for delivery' for 70 hours. I could have WALKED to Amazon warehouse &amp; back in 58 hrs.,single_match,delivery_order_status,delivery_order_status,stage1_rule,High-confidence single rule match,Tue Oct 31 11:24:02 +0000 2017
37623,37623,@115821 Amazon Logistics is again not delivering packages. It seems like a trend  and not being addressed.#AMZLFail https://t.co/n1Xq7w5wZR,Amazon Logistics is again not delivering packages. It seems like a trend and not being addressed.#AMZLFail,single_match,delivery_order_status,delivery_order_status,stage1_rule,High-confidence single rule match,Tue Oct 31 12:14:34 +0000 2017
25974,25974,@AmazonHelp why am I getting ‘delivered’ updates when they haven’t been?!,why am I getting ‘delivered’ updates when they haven’t been?!,single_match,delivery_order_status,delivery_order_status,stage1_rule,High-confidence single rule match,Tue Oct 31 12:58:23 +0000 2017
25974,25972,@AmazonHelp Delivered,Delivered,single_match,delivery_order_status,delivery_order_status,stage1_rule,High-confidence single rule match,Tue Oct 31 13:04:26 +0000 2017
18178,18177,@115850 @AmazonHelp Does you app have a feedback option “product not delivered” ?,Does you app have a feedback option “product not delivered” ?,single_match,delivery_order_status,delivery_order_status,stage1_rule,High-confidence single rule match,Tue Oct 31 15:48:59 +0000 2017
20764,20764,@115830 can you let me know the status of parcel #Q40724393184. Thank you x,can you let me know the status of parcel #Q40724393184. Thank you x,single_match,delivery_order_status,delivery_order_status,stage1_rule,High-confidence single rule match,Tue Oct 31 15:51:37 +0000 2017
2540,2533,"@AmazonHelp 先日教えていただいたように、fireTVstickとルーターの両方を再起動してみたら、前回のようには途切れなくなりました！ありがとうございます😊今の所大丈夫ですが、あとは72時間TV当日に接続が切れてしまわないように祈るのみです...。
お礼と報告まで。 https://t.co/hS5VmxuIfX",先日教えていただいたように、fireTVstickとルーターの両方を再起動してみたら、前回のようには途切れなくなりました！ありがとうございます😊今の所大丈夫ですが、あとは72時間TV当日に接続が切れてしまわないように祈るのみです...。 お礼と報告まで。,single_match,device_digital_content,device_digital_content,stage1_rule,High-confidence single rule match,Tue Oct 31 15:52:42 +0000 2017
18691,18691,"@115850 This in unacceptable. You sell a book that has a MRP of Rs. 299 for Rs. 336 to me. Then, you drop the price to 302. https://t.co/Tut8jxM4vd","This in unacceptable. You sell a book that has a MRP of Rs. 299 for Rs. 336 to me. Then, you drop the price to 302.",single_match,service_complaint,service_complaint,stage1_rule,High-confidence single rule match,Tue Oct 31 17:31:10 +0000 2017
13165,13154,@AmazonHelp May i just add that realising NO ACTION HAS BEEN TAKEN on my complaint is not much fun. Worst customer care EVER ! https://t.co/bHOHPNnZFA,May i just add that realising NO ACTION HAS BEEN TAKEN on my complaint is not much fun. Worst customer care EVER !,single_match,service_complaint,service_complaint,stage1_rule,High-confidence single rule match,Tue Oct 31 18:44:35 +0000 2017
1708,1708,"@115821 being charged for amazon prime &amp; when I go to cancel it, it’s saying I’m not a member😠😠😠","being charged for amazon prime &amp; when I go to cancel it, it’s saying I’m not a member😠😠😠",single_match,payment_billing,payment_billing,stage1_rule,High-confidence single rule match,Tue Oct 31 19:08:41 +0000 2017
2602,2594,@AmazonHelp Want to speak to someone at corp to address these issues.,Want to speak to someone at corp to address these issues.,zero_match,other,other,stage1_sampled_other,Sampled zero-match other,Tue Oct 31 20:18:44 +0000 2017
11619,11619,@AmazonHelp how do I inform your delivery drivers to just leave my package at my front door?,how do I inform your delivery drivers to just leave my package at my front door?,single_match,delivery_order_status,delivery_order_status,stage1_rule,High-confidence single rule match,Tue Oct 31 20:38:37 +0000 2017
1715,1715,Seriously @115821? I order 6 identical washing up bowls and they are all being dispatched as separate orders? My phone is buzzing non-stop!,Seriously ? I order 6 identical washing up bowls and they are all being dispatched as separate orders? My phone is buzzing non-stop!,single_match,delivery_order_status,delivery_order_status,stage1_rule,High-confidence single rule match,Tue Oct 31 21:14:40 +0000 2017
695,695,Just pulled another #Amazon delivery out of the bushes since the #amzl people can’t walk the extra 2 ft to my door. So tired of this.,Just pulled another #Amazon delivery out of the bushes since the #amzl people can’t walk the extra 2 ft to my door. So tired of this.,single_match,delivery_order_status,delivery_order_status,stage1_rule,High-confidence single rule match,Tue Oct 31 21:17:03 +0000 2017
2577,2577,@115830 amazonuk took money without any https://t.co/w25zXi7DYp they are not giving it back nor giving clear statement of my refund proces,amazonuk took money without any they are not giving it back nor giving clear statement of my refund proces,single_match,refund_return,refund_return,stage1_rule,High-confidence single rule match,Tue Oct 31 21:17:08 +0000 2017
632,632,"@115830 my package was ‘accidentally’ opened.. 4 items missing worth £97.
You need better delivery drivers!! https://t.co/f6SaVBSMqM",my package was ‘accidentally’ opened.. 4 items missing worth £97. You need better delivery drivers!!,single_match,delivery_order_status,delivery_order_status,stage1_rule,High-confidence single rule match,Tue Oct 31 21:34:58 +0000 2017
678,676,@115847 @115821 Yeah idk the shipping company and it says “mike Ziemer” signed for it in the mail room at our building lol,Yeah idk the shipping company and it says “mike Ziemer” signed for it in the mail room at our building lol,single_match,delivery_order_status,delivery_order_status,stage1_rule,High-confidence single rule match,Tue Oct 31 21:39:25 +0000 2017
634,634,@115821 @AmazonHelp why is my order at my local courier for the last 6 days and still hasn’t been delivered to me?? Over 1 week late 😡,why is my order at my local courier for the last 6 days and still hasn’t been delivered to me?? Over 1 week late 😡,single_match,delivery_order_status,delivery_order_status,stage1_rule,High-confidence single rule match,Tue Oct 31 21:39:58 +0000 2017
646,646,.@AmazonHelp Item has not been delivered but tracking says it was handed to me over an hour ago... 2nd time this has happened. Sort it out https://t.co/42W82GcARk,. Item has not been delivered but tracking says it was handed to me over an hour ago... 2nd time this has happened. Sort it out,single_match,delivery_order_status,delivery_order_status,stage1_rule,High-confidence single rule match,Tue Oct 31 21:40:30 +0000 2017
3759,3759,@115830 you pay for prime expecting next day delivery. Then receive 2 emails half hr apart 'failed delivery' but your sitting at home 😡,you pay for prime expecting next day delivery. Then receive 2 emails half hr apart 'failed delivery' but your sitting at home 😡,single_match,delivery_order_status,delivery_order_status,stage1_rule,High-confidence single rule match,Tue Oct 31 21:40:54 +0000 2017
2577,2574,@AmazonHelp and redund issued on 13th https://t.co/1uydlorGCp no sing of my money and amazonuk just saying its in the billing department.no signof devlp,and redund issued on 13th no sing of my money and amazonuk just saying its in the billing department.no signof devlp,single_match,payment_billing,payment_billing,stage1_rule,High-confidence single rule match,Tue Oct 31 21:43:12 +0000 2017
690,690,@115850 @115821 @AmazonHelp @115851 Order# 3632693-6196346. You couldn't deliver EVEN AFTER A MONTH. You should be ashamed of yourself.,Order# 3632693-6196346. You couldn't deliver EVEN AFTER A MONTH. You should be ashamed of yourself.,single_match,delivery_order_status,delivery_order_status,stage1_rule,High-confidence single rule match,Tue Oct 31 21:45:15 +0000 2017
26920,26918,"@AmazonHelp Pre ordered a book and treated myself to another book, neither have even dispatched! The order is still at will dispatch on 22nd Oct.","Pre ordered a book and treated myself to another book, neither have even dispatched! The order is still at will dispatch on 22nd Oct.",single_match,delivery_order_status,delivery_order_status,stage1_rule,High-confidence single rule match,Tue Oct 31 21:54:20 +0000 2017
636,636,"Thanks for the style advice, @115833 look ...I think? #Halloween2017 #flamingo https://t.co/XvI54La043","Thanks for the style advice, look ...I think? #Halloween2017 #flamingo",zero_match,other,other,stage1_sampled_other,Sampled zero-match other,Tue Oct 31 22:05:36 +0000 2017
690,686,@AmazonHelp Already contacted 3-4 times in the last month. But all I got was assurance that matter is escalated &amp; new status will be provided in 1 day!,Already contacted 3-4 times in the last month. But all I got was assurance that matter is escalated &amp; new status will be provided in 1 day!,single_match,service_complaint,service_complaint,stage1_rule,High-confidence single rule match,Tue Oct 31 22:06:53 +0000 2017
26920,26916,@AmazonHelp Between 24th and 26th I believe,Between 24th and 26th I believe,zero_match,other,other,stage1_sampled_other,Sampled zero-match other,Tue Oct 31 22:07:16 +0000 2017
1748,1748,@AmazonHelp that is not my apartment!!!!!!! This is the sending time!!!! Where is my package!!!!!!!!!! https://t.co/EIY6DZUCDC,that is not my apartment!!!!!!! This is the sending time!!!! Where is my package!!!!!!!!!!,single_match,delivery_order_status,delivery_order_status,stage1_rule,High-confidence single rule match,Tue Oct 31 22:07:19 +0000 2017
667,667,"Anna Inspired in idea lab at school to be @115821 package being shipped to Narnia! ""Amazon can go anywhere"" according to Anna. https://t.co/TyvKhuu7su","Anna Inspired in idea lab at school to be package being shipped to Narnia! ""Amazon can go anywhere"" according to Anna.",single_match,delivery_order_status,delivery_order_status,stage1_rule,High-confidence single rule match,Tue Oct 31 22:11:10 +0000 2017
682,681,@115821  https://t.co/Gb0beuA3IN,,zero_match,other,other,stage1_sampled_other,Sampled zero-match other,Tue Oct 31 22:11:34 +0000 2017
2577,2570,"@AmazonHelp yes i did,but amazonuk is not doing the refund process.if they do it .i will get the money","yes i did,but amazonuk is not doing the refund process.if they do it .i will get the money",single_match,refund_return,refund_return,stage1_rule,High-confidence single rule match,Tue Oct 31 22:16:47 +0000 2017
649,649,"In response to your @115830 packing video, this packaging was for a 2ft washing line pole @115837 https://t.co/X21SQHgC0K","In response to your packing video, this packaging was for a 2ft washing line pole",zero_match,other,other,stage1_sampled_other,Sampled zero-match other,Tue Oct 31 22:17:47 +0000 2017
1741,1741,@115821 please spend time &amp; money to fix your app. Constant issues with it.,please spend time &amp; money to fix your app. Constant issues with it.,zero_match,other,other,stage1_sampled_other,Sampled zero-match other,Tue Oct 31 22:20:43 +0000 2017
1736,1736,Two fake items in one day. Time to cancel my Amazon Prime membership. @AmazonHelp,Two fake items in one day. Time to cancel my Amazon Prime membership.,single_match,prime_membership,prime_membership,stage1_rule,High-confidence single rule match,Tue Oct 31 22:21:42 +0000 2017
2602,2591,@AmazonHelp No on the card. It works only half the time. Yes on USPS. They say my delivery person won’t deliver anything over 30 lbs. just sends it back,No on the card. It works only half the time. Yes on USPS. They say my delivery person won’t deliver anything over 30 lbs. just sends it back,single_match,delivery_order_status,delivery_order_status,stage1_rule,High-confidence single rule match,Tue Oct 31 22:24:18 +0000 2017
652,651,"@AmazonHelp I don't want a form to fill out that logs a response no one reads. I want to prevent AMZL from touching my stuff. Possible, or no?","I don't want a form to fill out that logs a response no one reads. I want to prevent AMZL from touching my stuff. Possible, or no?",zero_match,other,other,stage1_sampled_other,Sampled zero-match other,Tue Oct 31 22:25:58 +0000 2017
624,623,"@AmazonHelp Okay, danke für die Info","Okay, danke für die Info",zero_match,other,other,stage1_sampled_other,Sampled zero-match other,Tue Oct 31 22:32:07 +0000 2017
1708,1706,"@AmazonHelp I have tried. It’s not allowing me to access my account to cancel my membership, I haven’t even used prime in almost 3 months.","I have tried. It’s not allowing me to access my account to cancel my membership, I haven’t even used prime in almost 3 months.",zero_match,other,other,stage1_sampled_other,Sampled zero-match other,Tue Oct 31 22:33:08 +0000 2017
1710,1710,@AmazonHelp where can I chat with a support member for a false charge,where can I chat with a support member for a false charge,single_match,service_complaint,service_complaint,stage1_rule,High-confidence single rule match,Tue Oct 31 22:33:35 +0000 2017
3729,3729,@AmazonHelp i reset my password 3 times and it still says incorrect you gotta be shitting me,i reset my password 3 times and it still says incorrect you gotta be shitting me,single_match,account_access,account_access,stage1_rule,High-confidence single rule match,Tue Oct 31 22:34:33 +0000 2017
1699,1699,@AmazonHelp I called customer service and was told my membership wouldn't be renewed. I was just charged today. How do I get a refund? https://t.co/SeoQUsA0VA,I called customer service and was told my membership wouldn't be renewed. I was just charged today. How do I get a refund?,multi_match,refund_return,prime_membership,llm_gemini,The customer was charged for a membership renewal that was supposed to be canceled and is asking for a refund. Questions regarding Prime membership charges and Prime refunds belong under prime_membership.,Tue Oct 31 22:34:38 +0000 2017
1695,1695,@115821 my order hasn’t arrived (it was due 14th October). Can you help?,my order hasn’t arrived (it was due 14th October). Can you help?,single_match,delivery_order_status,delivery_order_status,stage1_rule,High-confidence single rule match,Tue Oct 31 22:40:01 +0000 2017
2568,2568,"Hey @115821, why is your Prime 2-day delivery not arriving until Monday? Is there a holiday I don't know about?","Hey , why is your Prime 2-day delivery not arriving until Monday? Is there a holiday I don't know about?",single_match,delivery_order_status,delivery_order_status,stage1_rule,High-confidence single rule match,Tue Oct 31 22:40:57 +0000 2017
1736,1735,"@AmazonHelp Fulfilled by Amazon. It’s quite disturbing you’re selling counterfeit items, and can’t be trusted.","Fulfilled by Amazon. It’s quite disturbing you’re selling counterfeit items, and can’t be trusted.",single_match,item_quality_issue,item_quality_issue,stage1_rule,High-confidence single rule match,Tue Oct 31 22:41:11 +0000 2017
2580,2580,the @amazonhelp queue is clueless on Amazon Household,the queue is clueless on Amazon Household,zero_match,other,other,stage1_sampled_other,Sampled zero-match other,Tue Oct 31 22:46:16 +0000 2017
1699,1698,@AmazonHelp Thats the thing I told customer service. I created a new email address for the Prime trial and forgot it. What can I do so I'm not charged?,Thats the thing I told customer service. I created a new email address for the Prime trial and forgot it. What can I do so I'm not charged?,multi_match,prime_membership,prime_membership,llm_gemini,"The customer is asking how to avoid being charged for a Prime trial after forgetting the email address used to sign up. Issues regarding Prime trial auto-renewals, charges, and cancellations fall under prime_membership.",Tue Oct 31 22:47:50 +0000 2017
10650,10650,勝手にAmazonプライム会員になってて毎月会員費とられてた😇😇😇,勝手にAmazonプライム会員になってて毎月会員費とられてた😇😇😇,zero_match,other,other,stage1_sampled_other,Sampled zero-match other,Tue Oct 31 22:49:19 +0000 2017
2580,2581,"@AmazonHelp I've been in the prime queue, kindle queue, the echo queue, and now on hold again.","I've been in the prime queue, kindle queue, the echo queue, and now on hold again.",single_match,device_digital_content,device_digital_content,stage1_rule,High-confidence single rule match,Tue Oct 31 22:50:46 +0000 2017
3726,3726,@115830 Why do you say that an article is eligible for free delivery then offer nothing but standard option at £4.75?,Why do you say that an article is eligible for free delivery then offer nothing but standard option at £4.75?,single_match,delivery_order_status,delivery_order_status,stage1_rule,High-confidence single rule match,Tue Oct 31 22:53:28 +0000 2017
652,654,@AmazonHelp Already started the return. UPS gets it from my doorstep tomorrow. Order 111-5014070-4118645,Already started the return. UPS gets it from my doorstep tomorrow. Order 111-5014070-4118645,zero_match,other,other,stage1_sampled_other,Sampled zero-match other,Tue Oct 31 22:53:50 +0000 2017
1695,1693,@AmazonHelp but I can’t find the options to cancel or re-order?,but I can’t find the options to cancel or re-order?,zero_match,other,other,stage1_sampled_other,Sampled zero-match other,Tue Oct 31 22:54:54 +0000 2017
3733,3733,"@AmazonHelp um, my account was locked as soon as I tried to login on desktop. I still haven’t received an email on how to get it unlocked...","um, my account was locked as soon as I tried to login on desktop. I still haven’t received an email on how to get it unlocked...",single_match,account_access,account_access,stage1_rule,High-confidence single rule match,Tue Oct 31 22:57:48 +0000 2017
1699,1701,@AmazonHelp You have to log in. I don't remember the email address I used. Can you look up the account by my bank information?,You have to log in. I don't remember the email address I used. Can you look up the account by my bank information?,single_match,account_access,account_access,stage1_rule,High-confidence single rule match,Tue Oct 31 22:58:06 +0000 2017
4829,4829,@115830  website impossible to navigate - all I want to do is email about a faulty item - 20 min going round in circles. Infuriating 😡😡😡,website impossible to navigate - all I want to do is email about a faulty item - 20 min going round in circles. Infuriating 😡😡😡,single_match,item_quality_issue,item_quality_issue,stage1_rule,High-confidence single rule match,Tue Oct 31 22:59:05 +0000 2017
17912,17912,@AmazonHelp @119973 Es nervt das ich mich seit neusten  beinahe täglich auf. Fire tv stick neu einloggen muss 😈,Es nervt das ich mich seit neusten beinahe täglich auf. Fire tv stick neu einloggen muss 😈,single_match,device_digital_content,device_digital_content,stage1_rule,High-confidence single rule match,Tue Oct 31 23:09:32 +0000 2017
4861,4861,"To the person or persons that stole that big, heavy Amazon box of my porch today: enjoy 200 13 gallon garbage bags!","To the person or persons that stole that big, heavy Amazon box of my porch today: enjoy 200 13 gallon garbage bags!",zero_match,other,other,stage1_sampled_other,Sampled zero-match other,Tue Oct 31 23:11:36 +0000 2017
62198,62198,Wtf @115821 no deliveries being done in Atlanta since Saturday? #unprofessional,Wtf no deliveries being done in Atlanta since Saturday? #unprofessional,single_match,delivery_order_status,delivery_order_status,stage1_rule,High-confidence single rule match,Tue Oct 31 23:15:53 +0000 2017
5806,5805,@117095 @115821 My audiobook hasn’t shipped (but the site still says I’ll get it by 8PM 🙄),My audiobook hasn’t shipped (but the site still says I’ll get it by 8PM 🙄),single_match,delivery_order_status,delivery_order_status,stage1_rule,High-confidence single rule match,Tue Oct 31 23:22:05 +0000 2017
8513,8513,"@115830 when you can't get my Prime order to me on time, what happens? I needed it on time! It's a gift! Your courier not up to the job?","when you can't get my Prime order to me on time, what happens? I needed it on time! It's a gift! Your courier not up to the job?",single_match,delivery_order_status,delivery_order_status,stage1_rule,High-confidence single rule match,Tue Oct 31 23:26:02 +0000 2017
3733,3732,@AmazonHelp I can’t log in because it’s locked.,I can’t log in because it’s locked.,single_match,account_access,account_access,stage1_rule,High-confidence single rule match,Tue Oct 31 23:29:03 +0000 2017
11036,11036,"Uhh... my 10 y/o just asked Alexa to play Halloween music. First song opening lyric: ""yippee kiyay motherfucker."" Wtf @116935??","Uhh... my 10 y/o just asked Alexa to play Halloween music. First song opening lyric: ""yippee kiyay motherfucker."" Wtf ??",single_match,device_digital_content,device_digital_content,stage1_rule,High-confidence single rule match,Tue Oct 31 23:31:22 +0000 2017
5782,5782,@117086 tem previsao para liberar a terceira temporada de #mrrobot no #amazonprimebrasil ?,tem previsao para liberar a terceira temporada de #mrrobot no #amazonprimebrasil ?,zero_match,other,other,stage1_sampled_other,Sampled zero-match other,Tue Oct 31 23:35:25 +0000 2017
9788,9788,@115833 please teach Alexa slang. I've been trying to play Momentz by gorillaz for the last 30 minutes.,please teach Alexa slang. I've been trying to play Momentz by gorillaz for the last 30 minutes.,single_match,device_digital_content,device_digital_content,stage1_rule,High-confidence single rule match,Tue Oct 31 23:39:31 +0000 2017
11974,11974,@AmazonHelp My Halloween costume is a day late. Can you help?,My Halloween costume is a day late. Can you help?,zero_match,other,other,stage1_sampled_other,Sampled zero-match other,Tue Oct 31 23:39:57 +0000 2017
8540,8540,@115850 pls investigate ur satara (Maharashtra) amzn staff or ur reputation is doomed in the region in long term.,pls investigate ur satara (Maharashtra) amzn staff or ur reputation is doomed in the region in long term.,zero_match,other,other,stage1_sampled_other,Sampled zero-match other,Tue Oct 31 23:41:31 +0000 2017
8537,8537,@115821 why do I pay for 2 day shipping and it's going on 4 days.,why do I pay for 2 day shipping and it's going on 4 days.,single_match,delivery_order_status,delivery_order_status,stage1_rule,High-confidence single rule match,Tue Oct 31 23:42:01 +0000 2017
9823,9823,@115821 thanks for the new movies on Prime video. Something new to distract from pain during CRPS flare ups #TheWitches 🌙🎃,thanks for the new movies on Prime video. Something new to distract from pain during CRPS flare ups #TheWitches 🌙🎃,single_match,device_digital_content,device_digital_content,stage1_rule,High-confidence single rule match,Tue Oct 31 23:57:48 +0000 2017
9817,9817,Please explain this @AmazonHelp https://t.co/VJ4d1ii4PH,Please explain this,zero_match,other,other,stage1_sampled_other,Sampled zero-match other,Tue Oct 31 23:58:58 +0000 2017
9129,9129,@AmazonHelp It looks as though someone has changed the email address linked to my acct &amp; I can no longer log in. Help!,It looks as though someone has changed the email address linked to my acct &amp; I can no longer log in. Help!,single_match,account_access,account_access,stage1_rule,High-confidence single rule match,Tue Oct 31 23:59:46 +0000 2017
9137,9137,@AmazonHelp Had a package scheduled for delivery today and it didn’t come I’m not happy,Had a package scheduled for delivery today and it didn’t come I’m not happy,single_match,delivery_order_status,delivery_order_status,stage1_rule,High-confidence single rule match,Wed Nov 01 00:00:01 +0000 2017
9791,9791,Ordered cases for our new iPhone X and @115821 sent me iPhone 8 cases for BOTH ones. NOT THE SAME PHONE! #pissed,Ordered cases for our new iPhone X and sent me iPhone 8 cases for BOTH ones. NOT THE SAME PHONE! #pissed,zero_match,other,other,stage1_sampled_other,Sampled zero-match other,Wed Nov 01 00:05:55 +0000 2017
9825,9825,"Hey @117804, é possível sincronizar minha conta do @695 para ler no Kindle?","Hey , é possível sincronizar minha conta do para ler no Kindle?",single_match,device_digital_content,device_digital_content,stage1_rule,High-confidence single rule match,Wed Nov 01 00:09:24 +0000 2017
9132,9132,Haha @117634 has been sneakily charging me $9.99 SINCE FEBRUARY for a service I never use💩🙈👎 $90 gone!!! Thanks @AmazonHelp,Haha has been sneakily charging me $9.99 SINCE FEBRUARY for a service I never use💩🙈👎 $90 gone!!! Thanks,single_match,payment_billing,payment_billing,stage1_rule,High-confidence single rule match,Wed Nov 01 00:09:41 +0000 2017
10653,10653,hey @115821 why did i pay extra for shipping only for my order to say 'arriving today' and it still hasnt shipped yet just wondering.,hey why did i pay extra for shipping only for my order to say 'arriving today' and it still hasnt shipped yet just wondering.,single_match,delivery_order_status,delivery_order_status,stage1_rule,High-confidence single rule match,Wed Nov 01 00:10:50 +0000 2017
9129,9125,@AmazonHelp I'm UK based. Are the contact details the same?,I'm UK based. Are the contact details the same?,zero_match,other,other,stage1_sampled_other,Sampled zero-match other,Wed Nov 01 00:11:46 +0000 2017
9812,9810,@AmazonHelp Was sent this item in 6x9 size. Trying to return &amp; UPS did not show up today. I'd keep item if I could get refund for price difference. https://t.co/G1a6por32Z,Was sent this item in 6x9 size. Trying to return &amp; UPS did not show up today. I'd keep item if I could get refund for price difference.,single_match,refund_return,refund_return,stage1_rule,High-confidence single rule match,Wed Nov 01 00:12:14 +0000 2017
10634,10634,How does amazon have late shipping? Multi billion dollar company @115821,How does amazon have late shipping? Multi billion dollar company,single_match,delivery_order_status,delivery_order_status,stage1_rule,High-confidence single rule match,Wed Nov 01 00:12:37 +0000 2017
9821,9819,@AmazonHelp if thats the case because if I pay for overnight shipping/delivery i expect to get what I paid for.,if thats the case because if I pay for overnight shipping/delivery i expect to get what I paid for.,single_match,delivery_order_status,delivery_order_status,stage1_rule,High-confidence single rule match,Wed Nov 01 00:13:08 +0000 2017
9799,9798,@115850 I mean I don't have problem with most of the orders but the black dot moving with the green bar is quite irritating,I mean I don't have problem with most of the orders but the black dot moving with the green bar is quite irritating,single_match,delivery_order_status,delivery_order_status,stage1_rule,High-confidence single rule match,Wed Nov 01 00:16:48 +0000 2017
11053,11053,@AmazonHelp it's been 7 days &amp; my @115821 order still hasn't shipped. #fail https://t.co/apV29xdWuM,it's been 7 days &amp; my order still hasn't shipped. #fail,single_match,delivery_order_status,delivery_order_status,stage1_rule,High-confidence single rule match,Wed Nov 01 00:17:36 +0000 2017
11073,11073,@AmazonHelp isn't prime two day shipping supposed to be guaranteed? what happens when its late?,isn't prime two day shipping supposed to be guaranteed? what happens when its late?,single_match,delivery_order_status,delivery_order_status,stage1_rule,High-confidence single rule match,Wed Nov 01 00:19:00 +0000 2017
10665,10664,@AmazonHelp @115766 Can I get a confirmation that it will ship tomorrow?,Can I get a confirmation that it will ship tomorrow?,zero_match,other,other,stage1_sampled_other,Sampled zero-match other,Wed Nov 01 00:19:10 +0000 2017
9784,9784,"@115821 , #fake I phone 7 received from amazon , India - order ID: amazon India has refused to replace @115850 pictures attach herewith. https://t.co/iYmtFWzE6o",", #fake I phone 7 received from amazon , India - order ID: amazon India has refused to replace pictures attach herewith.",single_match,delivery_order_status,delivery_order_status,stage1_rule,High-confidence single rule match,Wed Nov 01 00:20:46 +0000 2017
11079,11079,"I'm thinking that @115821 tracking is total fiction - package has been ""Out for Delivery"" for 2 days &amp; hasn't arrived. 3 days late.","I'm thinking that tracking is total fiction - package has been ""Out for Delivery"" for 2 days &amp; hasn't arrived. 3 days late.",single_match,delivery_order_status,delivery_order_status,stage1_rule,High-confidence single rule match,Wed Nov 01 00:25:01 +0000 2017
10660,10660,My package from @115821 was supposed to arrive today. Now it not coming till Friday. Why the hell do I pay for prime. Doesn't do shit.,My package from was supposed to arrive today. Now it not coming till Friday. Why the hell do I pay for prime. Doesn't do shit.,single_match,delivery_order_status,delivery_order_status,stage1_rule,High-confidence single rule match,Wed Nov 01 00:25:02 +0000 2017
10656,10656,E já estou desesperada achando que não vai dar tempo da @117086 entregar o terceiro livro antes de eu teminar esse.,E já estou desesperada achando que não vai dar tempo da entregar o terceiro livro antes de eu teminar esse.,zero_match,other,other,stage1_sampled_other,Sampled zero-match other,Wed Nov 01 00:29:05 +0000 2017
9781,9780,@AmazonHelp I've returned several things lately and don't want Amazon to think I'm abusing the return policy.,I've returned several things lately and don't want Amazon to think I'm abusing the return policy.,zero_match,other,other,stage1_sampled_other,Sampled zero-match other,Wed Nov 01 00:31:20 +0000 2017
9807,9804,@AmazonHelp I have filled the details,I have filled the details,zero_match,other,other,stage1_sampled_other,Sampled zero-match other,Wed Nov 01 00:37:25 +0000 2017
11039,11039,I'm so anxious to see that my Xbox one X will be shipping. I'm seeing other people get their confirmations. Where's mine @115821,I'm so anxious to see that my Xbox one X will be shipping. I'm seeing other people get their confirmations. Where's mine,single_match,delivery_order_status,delivery_order_status,stage1_rule,High-confidence single rule match,Wed Nov 01 00:43:23 +0000 2017
11070,11066,Regretting having bought @115821 Kindle Fire Kids Edition. Every day it has some random problem I have to fix. Now saying theres no SD card.,Regretting having bought Kindle Fire Kids Edition. Every day it has some random problem I have to fix. Now saying theres no SD card.,single_match,device_digital_content,device_digital_content,stage1_rule,High-confidence single rule match,Wed Nov 01 00:43:24 +0000 2017
10634,10633,@AmazonHelp I have an order that was supposed to be here on the 25th which has not arrived yet.,I have an order that was supposed to be here on the 25th which has not arrived yet.,single_match,delivery_order_status,delivery_order_status,stage1_rule,High-confidence single rule match,Wed Nov 01 00:48:39 +0000 2017
11053,11049,@AmazonHelp Original promised delivery date was yesterday to this Friday.,Original promised delivery date was yesterday to this Friday.,single_match,delivery_order_status,delivery_order_status,stage1_rule,High-confidence single rule match,Wed Nov 01 00:49:34 +0000 2017
11017,11015,"@AmazonHelp Didn’t know I needed to. Is that really a thing?! But still Prime shipping should be 2 days, correct?","Didn’t know I needed to. Is that really a thing?! But still Prime shipping should be 2 days, correct?",single_match,delivery_order_status,delivery_order_status,stage1_rule,High-confidence single rule match,Wed Nov 01 00:49:57 +0000 2017
11603,11603,"@amazonhelp My order 113-8951188-2020217 says ""Left in mailroom"" but my house doesn't have a mailroom and I've been home all day.","My order 113-8951188-2020217 says ""Left in mailroom"" but my house doesn't have a mailroom and I've been home all day.",single_match,delivery_order_status,delivery_order_status,stage1_rule,High-confidence single rule match,Wed Nov 01 00:55:04 +0000 2017
12502,12502,"Amazon Kindle の「スライダー」が「マイライブラリー」になったの、本当に不便。「スライダー」は「スライダーから削除」を使うことで、「今、読んでいる(or次に読みたい)本」の枠として便利だった。「マイライブラリー」はどんな思想の枠ですか？
@118500",Amazon Kindle の「スライダー」が「マイライブラリー」になったの、本当に不便。「スライダー」は「スライダーから削除」を使うことで、「今、読んでいる(or次に読みたい)本」の枠として便利だった。「マイライブラリー」はどんな思想の枠ですか？,single_match,device_digital_content,device_digital_content,stage1_rule,High-confidence single rule match,Wed Nov 01 00:55:46 +0000 2017
11619,11617,@AmazonHelp Lol that's not my real name. But basically yeah they won't just leave it at my front door. Tomorrow's the final attempt.,Lol that's not my real name. But basically yeah they won't just leave it at my front door. Tomorrow's the final attempt.,zero_match,other,other,stage1_sampled_other,Sampled zero-match other,Wed Nov 01 00:56:29 +0000 2017
11079,11078,@AmazonHelp Talked w/ cust. serv. yesterday. Just sent an email from link. Would like a straight answer abt my order.,Talked w/ cust. serv. yesterday. Just sent an email from link. Would like a straight answer abt my order.,multi_match,delivery_order_status,delivery_order_status,llm_gemini,The customer is asking for clarification/information regarding their order status after contacting customer service.,Wed Nov 01 00:56:37 +0000 2017
11979,11979,@116090 don't promise a 1 day shipping with a GUARANTEED 8pm delivery when you can't keep it,don't promise a 1 day shipping with a GUARANTEED 8pm delivery when you can't keep it,single_match,delivery_order_status,delivery_order_status,stage1_rule,High-confidence single rule match,Wed Nov 01 00:59:46 +0000 2017
11982,11982,"@AmazonHelp what the hell is going on?! Today's last day to deliver and still not shipped!!
Should I pledge that I won't ever order from u?!",what the hell is going on?! Today's last day to deliver and still not shipped!! Should I pledge that I won't ever order from u?!,single_match,delivery_order_status,delivery_order_status,stage1_rule,High-confidence single rule match,Wed Nov 01 01:00:15 +0000 2017
11597,11597,@AmazonHelp  don't promise a 1 day shipping with a GUARANTEED 8pm delivery when you can't keep it,don't promise a 1 day shipping with a GUARANTEED 8pm delivery when you can't keep it,single_match,delivery_order_status,delivery_order_status,stage1_rule,High-confidence single rule match,Wed Nov 01 01:00:30 +0000 2017
10634,10637,"@AmazonHelp The tracking indicated as here, and then, it seemed to go back in time, saying it was not here anymore. I believe it's USPS","The tracking indicated as here, and then, it seemed to go back in time, saying it was not here anymore. I believe it's USPS",single_match,delivery_order_status,delivery_order_status,stage1_rule,High-confidence single rule match,Wed Nov 01 01:03:39 +0000 2017
10634,10636,"@AmazonHelp My apologies, it says now that the delivery date is October 31st. Still hasn't come though.","My apologies, it says now that the delivery date is October 31st. Still hasn't come though.",single_match,delivery_order_status,delivery_order_status,stage1_rule,High-confidence single rule match,Wed Nov 01 01:05:58 +0000 2017
11976,11976,Seriously @115821 what is up with ordering things and it being open?  You guys shipping returned items.  2nd day in a row this happens :SMH: https://t.co/gMyT1z9Zu1,Seriously what is up with ordering things and it being open? You guys shipping returned items. 2nd day in a row this happens :SMH:,single_match,delivery_order_status,delivery_order_status,stage1_rule,High-confidence single rule match,Wed Nov 01 01:06:19 +0000 2017
11603,11602,"@AmazonHelp Not in the mailbox, not on the porch, not in my house, not at the neighbors. This was a Prime order, late/lost again.","Not in the mailbox, not on the porch, not in my house, not at the neighbors. This was a Prime order, late/lost again.",single_match,delivery_order_status,delivery_order_status,stage1_rule,High-confidence single rule match,Wed Nov 01 01:10:15 +0000 2017
11070,11063,@AmazonHelp when its removed the system says it's inserted but unrecognized. When it's inserted the tablet behaves as though there's no card,when its removed the system says it's inserted but unrecognized. When it's inserted the tablet behaves as though there's no card,zero_match,other,other,stage1_sampled_other,Sampled zero-match other,Wed Nov 01 01:12:38 +0000 2017
11575,11574,"@AmazonHelp enviei meu ebook para o premio Kindle às 22h de hoje. Porém, a ferramenta kdp fala q demora 72h pra publicar. Vou concorrer mesmo assim, certo?","enviei meu ebook para o premio Kindle às 22h de hoje. Porém, a ferramenta kdp fala q demora 72h pra publicar. Vou concorrer mesmo assim, certo?",single_match,device_digital_content,device_digital_content,stage1_rule,High-confidence single rule match,Wed Nov 01 01:12:45 +0000 2017
11053,11048,"@AmazonHelp Thanks, I called. The agent says the order has been received, but not shipped. Still anticipate a Friday delivery","Thanks, I called. The agent says the order has been received, but not shipped. Still anticipate a Friday delivery",single_match,delivery_order_status,delivery_order_status,stage1_rule,High-confidence single rule match,Wed Nov 01 01:13:03 +0000 2017
2540,2541,@116313 FireTVstick購入し接続完了、画面の切り替えも問題ないのですが、音声が切り替わらないです。どうしたらいいのでしょうか？(＞＜),FireTVstick購入し接続完了、画面の切り替えも問題ないのですが、音声が切り替わらないです。どうしたらいいのでしょうか？(＞＜),single_match,device_digital_content,device_digital_content,stage1_rule,High-confidence single rule match,Wed Nov 01 01:13:37 +0000 2017
13170,13170,@115821 why is your AMZL US shipping service not show more updates online? I had another package with this not delivered.,why is your AMZL US shipping service not show more updates online? I had another package with this not delivered.,single_match,delivery_order_status,delivery_order_status,stage1_rule,High-confidence single rule match,Wed Nov 01 01:16:07 +0000 2017
11070,11065,"@AmazonHelp it was doing this a few days ago and a factory reset fixed it, for two days. A hard reboot with card in or out does not resolve.","it was doing this a few days ago and a factory reset fixed it, for two days. A hard reboot with card in or out does not resolve.",zero_match,other,other,stage1_sampled_other,Sampled zero-match other,Wed Nov 01 01:21:59 +0000 2017
12511,12511,@115850 why to you promise false discounts with wrong mrp ...the device I bought showed a mrp of 7999 when its actual mrp is 7499 https://t.co/1kqHQVHBcl,why to you promise false discounts with wrong mrp ...the device I bought showed a mrp of 7999 when its actual mrp is 7499,zero_match,other,other,stage1_sampled_other,Sampled zero-match other,Wed Nov 01 01:29:26 +0000 2017
13567,13565,@AmazonHelp https://t.co/saX0kAZVCW!,,zero_match,other,other,stage1_sampled_other,Sampled zero-match other,Wed Nov 01 01:33:35 +0000 2017
13558,13558,@115821 any idea when this order will arrive? I have a sassy Brit since grocery stopped carrying his @118826 #teatime #isthisatrick https://t.co/wb8uMOsjcW,any idea when this order will arrive? I have a sassy Brit since grocery stopped carrying his #teatime #isthisatrick,single_match,delivery_order_status,delivery_order_status,stage1_rule,High-confidence single rule match,Wed Nov 01 01:35:24 +0000 2017
12496,12496,@115821 WTF MAN. YALL LET SOME RANDO CHANGE MY EMAIL TO MY ACCOUNT AND NOW I CANT LOG IN. FIX IT!!!!!,WTF MAN. YALL LET SOME RANDO CHANGE MY EMAIL TO MY ACCOUNT AND NOW I CANT LOG IN. FIX IT!!!!!,single_match,account_access,account_access,stage1_rule,High-confidence single rule match,Wed Nov 01 01:35:30 +0000 2017
13165,13152,@AmazonHelp Thanks. I wish the same degree of concern were shown about my complaint though.,Thanks. I wish the same degree of concern were shown about my complaint though.,single_match,service_complaint,service_complaint,stage1_rule,High-confidence single rule match,Wed Nov 01 01:36:51 +0000 2017
11603,11605,"@AmazonHelp Carrier: AMZL US, Tracking #: TBA516106123000","Carrier: AMZL US, Tracking #: TBA516106123000",single_match,delivery_order_status,delivery_order_status,stage1_rule,High-confidence single rule match,Wed Nov 01 01:38:00 +0000 2017
14291,14291,What the hell @115821?! This boxed is beyond damaged. I wanted a new one! https://t.co/J36cokDm6l,What the hell ?! This boxed is beyond damaged. I wanted a new one!,single_match,item_quality_issue,item_quality_issue,stage1_rule,High-confidence single rule match,Wed Nov 01 01:42:36 +0000 2017
13189,13189,"Hi @AmazonHelp, I’ve purchased something via your app and it’s broken! How can I get it replaced?","Hi , I’ve purchased something via your app and it’s broken! How can I get it replaced?",single_match,item_quality_issue,item_quality_issue,stage1_rule,High-confidence single rule match,Wed Nov 01 01:44:51 +0000 2017
12496,12494,@AmazonHelp I already emailed y’all.,I already emailed y’all.,single_match,service_complaint,service_complaint,stage1_rule,High-confidence single rule match,Wed Nov 01 01:45:07 +0000 2017
13571,13571,"おいいいいい！発売する三ヶ月前から予約注文で受け付けた品物くらい発売日にきっちり届けろよAmazonさんw

だからkonozamaとか言われるんだよw",おいいいいい！発売する三ヶ月前から予約注文で受け付けた品物くらい発売日にきっちり届けろよAmazonさんw だからkonozamaとか言われるんだよw,zero_match,other,other,stage1_sampled_other,Sampled zero-match other,Wed Nov 01 01:45:31 +0000 2017
15306,15306,"Hi @AmazonHelp, when I placed my order I requested a VAT receipt either via email or post but I still haven’t had one?","Hi , when I placed my order I requested a VAT receipt either via email or post but I still haven’t had one?",single_match,delivery_order_status,delivery_order_status,stage1_rule,High-confidence single rule match,Wed Nov 01 01:45:36 +0000 2017
13165,13132,@AmazonHelp I have. And I have spoken to customer care again on chat.,I have. And I have spoken to customer care again on chat.,single_match,service_complaint,service_complaint,stage1_rule,High-confidence single rule match,Wed Nov 01 01:47:25 +0000 2017
13563,13563,@AmazonHelp when do you guys charge for the Xbox one X I preordered? It ships the 6th.,when do you guys charge for the Xbox one X I preordered? It ships the 6th.,zero_match,other,other,stage1_sampled_other,Sampled zero-match other,Wed Nov 01 01:53:28 +0000 2017
15672,15672,"Fool me twice!  Another kindle release day, another missed ""guaranteed release day delivery""  #AMAZONFAIL","Fool me twice! Another kindle release day, another missed ""guaranteed release day delivery"" #AMAZONFAIL",multi_match,device_digital_content,delivery_order_status,llm_gemini,The customer is complaining about a late delivery and a missed guaranteed release day delivery date.,Wed Nov 01 01:55:19 +0000 2017
13900,13900,@AmazonHelp is there a way to know if the Amazon gift cards I send are being used?,is there a way to know if the Amazon gift cards I send are being used?,single_match,payment_billing,payment_billing,stage1_rule,High-confidence single rule match,Wed Nov 01 01:56:33 +0000 2017
14289,14289,@115821 u need2 srsly consider cutting ties w/ @115817 nothing but probs they deliv sum1 elses package now I'm gettin the run around 2get mine,u need2 srsly consider cutting ties w/ nothing but probs they deliv sum1 elses package now I'm gettin the run around 2get mine,single_match,delivery_order_status,delivery_order_status,stage1_rule,High-confidence single rule match,Wed Nov 01 02:03:36 +0000 2017
12496,12498,@AmazonHelp Is that a 24 hr line,Is that a 24 hr line,zero_match,other,other,stage1_sampled_other,Sampled zero-match other,Wed Nov 01 02:06:55 +0000 2017
16451,16451,@115821 nice dead flower delivery for 14 dollars. https://t.co/MjaNedn12J,nice dead flower delivery for 14 dollars.,single_match,delivery_order_status,delivery_order_status,stage1_rule,High-confidence single rule match,Wed Nov 01 02:16:48 +0000 2017
13903,13903,I lose faith in humanity on days like this. My friend sends me a 🎁 from @115821 after a crappy week and I come home and it’s been stolen.,I lose faith in humanity on days like this. My friend sends me a 🎁 from after a crappy week and I come home and it’s been stolen.,zero_match,other,other,stage1_sampled_other,Sampled zero-match other,Wed Nov 01 02:18:01 +0000 2017
14287,14286,"@119038 @115821 If it isn't clear yet, I WANT MY MONEY BACK. I NEVER AUTHORIZED THE LAST 4 TRANSACTIONS THAT WERE MADE. WTF.","If it isn't clear yet, I WANT MY MONEY BACK. I NEVER AUTHORIZED THE LAST 4 TRANSACTIONS THAT WERE MADE. WTF.",multi_match,refund_return,refund_return,llm_gemini,"The customer explicitly demands their money back ('I WANT MY MONEY BACK') due to unauthorized transactions, which prioritizes the refund request intent.",Wed Nov 01 02:18:55 +0000 2017
13165,13130,@AmazonHelp I had replied almost as soon as you posted about the email and sent it. I want to know what action has been taken on my complaint.,I had replied almost as soon as you posted about the email and sent it. I want to know what action has been taken on my complaint.,single_match,service_complaint,service_complaint,stage1_rule,High-confidence single rule match,Wed Nov 01 02:23:06 +0000 2017
11982,11981,@AmazonHelp Many times..Always got them saying well deliver it by deadline...I hate your service now,Many times..Always got them saying well deliver it by deadline...I hate your service now,single_match,delivery_order_status,delivery_order_status,stage1_rule,High-confidence single rule match,Wed Nov 01 02:24:08 +0000 2017
15286,15286,@115821 I ordered a ghilie suit with one day shipping for Halloween 3 days ago and guess what can’t do anything now because I don’t have it,I ordered a ghilie suit with one day shipping for Halloween 3 days ago and guess what can’t do anything now because I don’t have it,single_match,delivery_order_status,delivery_order_status,stage1_rule,High-confidence single rule match,Wed Nov 01 02:28:01 +0000 2017
14855,14855,@115821 407-8406190-7752345. i want refund amount -1399/- amazon seller was lying. amazon custamare care side also.,407-8406190-7752345. i want refund amount -1399/- amazon seller was lying. amazon custamare care side also.,multi_match,seller_marketplace,refund_return,llm_gemini,"The customer's primary request is to receive a refund for the specified order amount, despite mentioning issues with the seller and customer support.",Wed Nov 01 02:33:42 +0000 2017
15288,15288,@118919 @119356 अगर आप नोकिया 6 mobile को समय पर  नही पहुंचा पाते हैं customer को  तो क्यों आप नोकिया का फ़ोन बेचते है,अगर आप नोकिया 6 mobile को समय पर नही पहुंचा पाते हैं customer को तो क्यों आप नोकिया का फ़ोन बेचते है,zero_match,other,other,stage1_sampled_other,Sampled zero-match other,Wed Nov 01 02:41:18 +0000 2017
16467,16467,"@117795 Now that I’m streaming to your Prime Do U have audio assisted movies, TV, etc. as I am visually impaired. ?","Now that I’m streaming to your Prime Do U have audio assisted movies, TV, etc. as I am visually impaired. ?",single_match,device_digital_content,device_digital_content,stage1_rule,High-confidence single rule match,Wed Nov 01 02:44:09 +0000 2017
16474,16474,"@115821  hi, can you guys give me the country code of amazon usa. amazon  gave me headaches..","hi, can you guys give me the country code of amazon usa. amazon gave me headaches..",zero_match,other,other,stage1_sampled_other,Sampled zero-match other,Wed Nov 01 02:44:35 +0000 2017
15681,15681,@115821 everytime I try to purachase something my account will get blocked.. worst service ever. sorry to tell that.,everytime I try to purachase something my account will get blocked.. worst service ever. sorry to tell that.,single_match,service_complaint,service_complaint,stage1_rule,High-confidence single rule match,Wed Nov 01 02:45:57 +0000 2017
15279,15279,@AmazonHelp 408-9273159-6369903.replacement ordered from 24th Oct.no1 contact me.Really worst courier service from Amazon,408-9273159-6369903.replacement ordered from 24th Oct.no1 contact me.Really worst courier service from Amazon,multi_match,refund_return,delivery_order_status,llm_gemini,The customer is complaining about a delay and lack of communication from the courier regarding a replacement order that was placed on October 24th.,Wed Nov 01 02:53:34 +0000 2017
15294,15294,アマゾンの荷物届かないんですけどー！！聞いたこと無い業者から配達されるから怪しいと思ってたらこれだよ。,アマゾンの荷物届かないんですけどー！！聞いたこと無い業者から配達されるから怪しいと思ってたらこれだよ。,zero_match,other,other,stage1_sampled_other,Sampled zero-match other,Wed Nov 01 02:53:50 +0000 2017
15268,15268,.@115850 @AmazonHelp thanks for no replies whatsoever on my complaint.an you please tell me what more should I do? @119351 @1015,. thanks for no replies whatsoever on my complaint.an you please tell me what more should I do?,single_match,service_complaint,service_complaint,stage1_rule,High-confidence single rule match,Wed Nov 01 02:53:53 +0000 2017
15704,15704,.@115821 don't say you'll deliver the next business day then come back the same day. I won't let someone in my building I'm not expecting.,. don't say you'll deliver the next business day then come back the same day. I won't let someone in my building I'm not expecting.,single_match,delivery_order_status,delivery_order_status,stage1_rule,High-confidence single rule match,Wed Nov 01 02:54:33 +0000 2017
15707,15707,@AmazonHelp have a query regarding cash back during 14-17 October sale. Email/DM ?,have a query regarding cash back during 14-17 October sale. Email/DM ?,zero_match,other,other,stage1_sampled_other,Sampled zero-match other,Wed Nov 01 02:55:13 +0000 2017
15692,15686,"@AmazonHelp Order no - 403-7559101-5645129 
Return reference - 710398288491
Article name - puma shoes",Order no - 403-7559101-5645129 Return reference - 710398288491 Article name - puma shoes,single_match,delivery_order_status,delivery_order_status,stage1_rule,High-confidence single rule match,Wed Nov 01 02:56:50 +0000 2017
15700,15694,@AmazonHelp How many times will the pick-up be rescheduled? https://t.co/oQuGBF84QS,How many times will the pick-up be rescheduled?,single_match,delivery_order_status,delivery_order_status,stage1_rule,High-confidence single rule match,Wed Nov 01 02:58:27 +0000 2017
11982,11984,@AmazonHelp It's point less to actually fill this form.Since you always give me those replies with I'll personally follow up and stuff..,It's point less to actually fill this form.Since you always give me those replies with I'll personally follow up and stuff..,zero_match,other,other,stage1_sampled_other,Sampled zero-match other,Wed Nov 01 03:01:38 +0000 2017
15668,15668,"#SuperValueDayQuiz

Where is the result of super value day quiz conducted on Oct 1 and 2 ? @AmazonHelp",#SuperValueDayQuiz Where is the result of super value day quiz conducted on Oct 1 and 2 ?,zero_match,other,other,stage1_sampled_other,Sampled zero-match other,Wed Nov 01 03:18:19 +0000 2017
15692,15685,@AmazonHelp Yes i have received reference number,Yes i have received reference number,zero_match,other,other,stage1_sampled_other,Sampled zero-match other,Wed Nov 01 03:21:08 +0000 2017
16117,16117,@115850 No speedy respnse frm the seller side..I asked 2 return my money but they are not ready 2 clr my issue i need my query to b solved,No speedy respnse frm the seller side..I asked 2 return my money but they are not ready 2 clr my issue i need my query to b solved,multi_match,seller_marketplace,seller_marketplace,llm_gemini,The customer is specifically complaining about a lack of response and resolution from a third-party seller regarding a refund request.,Wed Nov 01 03:25:59 +0000 2017
16105,16105,"@115850 Yerwada, Pune delivery folks r habituated/instructed to mark package delivered, wen customer not reachable n product nt delivered","Yerwada, Pune delivery folks r habituated/instructed to mark package delivered, wen customer not reachable n product nt delivered",single_match,delivery_order_status,delivery_order_status,stage1_rule,High-confidence single rule match,Wed Nov 01 03:26:09 +0000 2017
16098,16097,@AmazonHelp Where do I send it to?,Where do I send it to?,zero_match,other,other,stage1_sampled_other,Sampled zero-match other,Wed Nov 01 03:26:37 +0000 2017
16428,16428,@AmazonHelp Not impressed with Amazon Logistics. Computer parts delayed a week and a refund is the only option? Really disappointed.,Not impressed with Amazon Logistics. Computer parts delayed a week and a refund is the only option? Really disappointed.,multi_match,refund_return,delivery_order_status,llm_gemini,The customer's primary issue is a week-long delivery delay caused by Amazon Logistics.,Wed Nov 01 03:27:06 +0000 2017
16426,16426,@AmazonHelp somehow Siri can turn off my lights but Alexa is incapable. #pleasefixit #buggedupdate https://t.co/wLNncaWcX1,somehow Siri can turn off my lights but Alexa is incapable. #pleasefixit #buggedupdate,single_match,device_digital_content,device_digital_content,stage1_rule,High-confidence single rule match,Wed Nov 01 03:27:42 +0000 2017
16470,16470,@115850 do u think human cloning is real? I am sitting @ home and you tell me I rcvd a package and signed 4 it too. I didn't. Only explntn,do u think human cloning is real? I am sitting @ home and you tell me I rcvd a package and signed 4 it too. I didn't. Only explntn,single_match,delivery_order_status,delivery_order_status,stage1_rule,High-confidence single rule match,Wed Nov 01 03:28:20 +0000 2017
16105,16107,"@115850 Order#406-0952229-5801128 not yet delivered, ws supposed to be delivered on Friday, prime 1 day delivery promise. Marked delivered on Monday","Order#406-0952229-5801128 not yet delivered, ws supposed to be delivered on Friday, prime 1 day delivery promise. Marked delivered on Monday",single_match,delivery_order_status,delivery_order_status,stage1_rule,High-confidence single rule match,Wed Nov 01 03:28:33 +0000 2017
16105,16103,"@115850 Earlier this month it happened for Order# 406-8378174-9300362. Complained, escalated. No lessons learnt, no actions taken.","Earlier this month it happened for Order# 406-8378174-9300362. Complained, escalated. No lessons learnt, no actions taken.",single_match,service_complaint,service_complaint,stage1_rule,High-confidence single rule match,Wed Nov 01 03:30:38 +0000 2017
16117,16115,@AmazonHelp Ur customer care didnt provide me a correct answer,Ur customer care didnt provide me a correct answer,single_match,service_complaint,service_complaint,stage1_rule,High-confidence single rule match,Wed Nov 01 03:33:45 +0000 2017
16433,16433,"@119356 @AmazonHelp     horrible service, lousy customer care, non existent courier phone numbers. So much for becoming a Prime customer!","horrible service, lousy customer care, non existent courier phone numbers. So much for becoming a Prime customer!",multi_match,delivery_order_status,service_complaint,llm_gemini,"The customer is expressing general frustration with Amazon's support experience and customer care ('horrible service, lousy customer care') without providing details about a specific order or package.",Wed Nov 01 03:36:06 +0000 2017
16110,16110,My package still doesn’t have a tracking number @115821  I ordered  last week...and no updated email just says not shipped ...,My package still doesn’t have a tracking number I ordered last week...and no updated email just says not shipped ...,single_match,delivery_order_status,delivery_order_status,stage1_rule,High-confidence single rule match,Wed Nov 01 03:38:00 +0000 2017
16764,16764,"Honestly, @117795 it's like a pyramid scheme. Pay extra to be mistreated. Issue not resolved even after 45 min calls. #disconected https://t.co/xffbrvQ2fl","Honestly, it's like a pyramid scheme. Pay extra to be mistreated. Issue not resolved even after 45 min calls. #disconected",single_match,service_complaint,service_complaint,stage1_rule,High-confidence single rule match,Wed Nov 01 03:38:11 +0000 2017
16424,16420,"@116090 It's now 9:38pm the next day and still nothing. No calls, no emails, not a single thing 🙃🙃🙃","It's now 9:38pm the next day and still nothing. No calls, no emails, not a single thing 🙃🙃🙃",zero_match,other,other,stage1_sampled_other,Sampled zero-match other,Wed Nov 01 03:39:04 +0000 2017
16110,16109,@AmazonHelp My order is due to arrive on Friday,My order is due to arrive on Friday,single_match,delivery_order_status,delivery_order_status,stage1_rule,High-confidence single rule match,Wed Nov 01 03:39:27 +0000 2017
10634,10640,@AmazonHelp No package.,No package.,single_match,delivery_order_status,delivery_order_status,stage1_rule,High-confidence single rule match,Wed Nov 01 03:48:03 +0000 2017
16442,16442,@115821 is 0/3 on orders being delivered this week. All three Prime orders that were due to be delivered haven’t arrived.,is 0/3 on orders being delivered this week. All three Prime orders that were due to be delivered haven’t arrived.,single_match,delivery_order_status,delivery_order_status,stage1_rule,High-confidence single rule match,Wed Nov 01 03:48:38 +0000 2017
17908,17908,"Two DOA orders. First hard drive came bouncing in a giant box, second one crushed in a padded envelope... sigh. Refund on way. @AmazonHelp https://t.co/4bRVrNlrBy","Two DOA orders. First hard drive came bouncing in a giant box, second one crushed in a padded envelope... sigh. Refund on way.",single_match,refund_return,refund_return,stage1_rule,High-confidence single rule match,Wed Nov 01 03:50:21 +0000 2017
17254,17254,.@115850 will Echo help in playing Antakshari or if we could play same with her? :P #pp,. will Echo help in playing Antakshari or if we could play same with her? :P #pp,zero_match,other,other,stage1_sampled_other,Sampled zero-match other,Wed Nov 01 03:52:10 +0000 2017
16796,16776,@AmazonHelp Would like to thankyou for ur efforts..amount credited back to my account today.!!,Would like to thankyou for ur efforts..amount credited back to my account today.!!,zero_match,other,other,stage1_sampled_other,Sampled zero-match other,Wed Nov 01 03:52:31 +0000 2017
16827,16827,@115821 sure is frustrating to pay $100 a year for Prime and not have my Prime items delivered after 5 days.,sure is frustrating to pay $100 a year for Prime and not have my Prime items delivered after 5 days.,single_match,delivery_order_status,delivery_order_status,stage1_rule,High-confidence single rule match,Wed Nov 01 03:55:48 +0000 2017
17672,17672,Hey @115821 wth does this mean? How can the iOS app on the phone be offline? #AmazonEcho https://t.co/bsAmAY4b38,Hey wth does this mean? How can the iOS app on the phone be offline? #AmazonEcho,zero_match,other,other,stage1_sampled_other,Sampled zero-match other,Wed Nov 01 03:59:28 +0000 2017
16424,16418,@AmazonHelp And there was no indication that they had re-attempted delivery,And there was no indication that they had re-attempted delivery,single_match,delivery_order_status,delivery_order_status,stage1_rule,High-confidence single rule match,Wed Nov 01 04:00:08 +0000 2017
16758,16758,@AmazonHelp fuck you guys. Canceling Prime. Not gonna do business with you guys ever again.,fuck you guys. Canceling Prime. Not gonna do business with you guys ever again.,zero_match,other,other,stage1_sampled_other,Sampled zero-match other,Wed Nov 01 04:07:06 +0000 2017
16110,16112,@AmazonHelp Ahhh okay makes sense :) thank you! I hope my package comes Friday 🙌,Ahhh okay makes sense :) thank you! I hope my package comes Friday 🙌,single_match,delivery_order_status,delivery_order_status,stage1_rule,High-confidence single rule match,Wed Nov 01 04:07:41 +0000 2017
17183,17183,"'Hey @AmazonHelp i haven't received my ""delivered"" order.' 
'Did you check around your house' lmao https://t.co/w6FRcwmoFX","'Hey i haven't received my ""delivered"" order.' 'Did you check around your house' lmao",single_match,delivery_order_status,delivery_order_status,stage1_rule,High-confidence single rule match,Wed Nov 01 04:10:07 +0000 2017
17641,17641,@AmazonHelp #pathetic customer service. New low in e-commerce. Trying to raise a return request 5 times. #Fail,#pathetic customer service. New low in e-commerce. Trying to raise a return request 5 times. #Fail,multi_match,refund_return,refund_return,llm_gemini,"The customer is explicitly trying to initiate a return request, which falls under refund_return despite expressing frustration about customer service.",Wed Nov 01 04:10:09 +0000 2017
17237,17237,"Hey @115821 please tell your vendors that addressing packages to customer ""or current resident"" is not acceptable shipping procedures.","Hey please tell your vendors that addressing packages to customer ""or current resident"" is not acceptable shipping procedures.",single_match,delivery_order_status,delivery_order_status,stage1_rule,High-confidence single rule match,Wed Nov 01 04:12:39 +0000 2017
17686,17686,@AmazonHelp hey I started a Amazon prime trial..i was charged $1..wats that about ?,hey I started a Amazon prime trial..i was charged $1..wats that about ?,multi_match,prime_membership,prime_membership,llm_gemini,"The customer is asking about a $1 verification charge associated with starting an Amazon Prime trial, which falls directly under Prime membership and trial inquiries.",Wed Nov 01 04:15:40 +0000 2017
17910,17910,@115830 I’ve just earned a £6 promo for a purchase of gift cards. Where within my account is it? I can’t find it? I’ve got a confirmation,I’ve just earned a £6 promo for a purchase of gift cards. Where within my account is it? I can’t find it? I’ve got a confirmation,single_match,payment_billing,payment_billing,stage1_rule,High-confidence single rule match,Wed Nov 01 04:18:25 +0000 2017
16758,16757,@AmazonHelp No one knows what to do to get my refund back to me! https://t.co/q71Ycboikm,No one knows what to do to get my refund back to me!,single_match,refund_return,refund_return,stage1_rule,High-confidence single rule match,Wed Nov 01 04:19:56 +0000 2017
18159,18150,@AmazonHelp I gave it another day and still not delivered. 😡,I gave it another day and still not delivered. 😡,single_match,delivery_order_status,delivery_order_status,stage1_rule,High-confidence single rule match,Wed Nov 01 04:21:26 +0000 2017
18206,18202,"@AmazonHelp #AmazonIndia ordered echo plus on 6th October, till now have not recieved any cashback. Now customer care is saying i am eligible for (1/2)","#AmazonIndia ordered echo plus on 6th October, till now have not recieved any cashback. Now customer care is saying i am eligible for (1/2)",multi_match,device_digital_content,payment_billing,llm_gemini,"The customer is complaining about a missing promotional cashback for a purchase, which falls under payment and billing issues.",Wed Nov 01 04:21:27 +0000 2017
17669,17669,"@115850 : can we connect echo dot to videocon smart tv? If yes, how?",": can we connect echo dot to videocon smart tv? If yes, how?",single_match,device_digital_content,device_digital_content,stage1_rule,High-confidence single rule match,Wed Nov 01 04:27:34 +0000 2017
16442,16443,@AmazonHelp What’s the point in me paying for prime shipping when things are just going to show up days after their estimates? No confidence.,What’s the point in me paying for prime shipping when things are just going to show up days after their estimates? No confidence.,single_match,delivery_order_status,delivery_order_status,stage1_rule,High-confidence single rule match,Wed Nov 01 04:30:43 +0000 2017
16433,16436,@AmazonHelp Pls call me on 9820255387,Pls call me on 9820255387,single_match,service_complaint,service_complaint,stage1_rule,High-confidence single rule match,Wed Nov 01 04:38:56 +0000 2017
17916,17916,@115850 why am i charged $10.99 for prime membership every month when i have purchased it for INR 499?,why am i charged $10.99 for prime membership every month when i have purchased it for INR 499?,multi_match,prime_membership,prime_membership,llm_gemini,The customer is asking about recurring unexpected subscription charges for their Prime membership.,Wed Nov 01 04:39:00 +0000 2017
17641,17639,@AmazonHelp It is a doorstep pick up but I need to bear the charges for the courier while I am struggling to get a refund for the already paid order,It is a doorstep pick up but I need to bear the charges for the courier while I am struggling to get a refund for the already paid order,multi_match,refund_return,refund_return,llm_gemini,"The customer is disputing return courier charges and struggling to get a refund for an order, which directly falls under return cost disputes and refund issues.",Wed Nov 01 04:41:59 +0000 2017
17656,17656,@AmazonHelp @115850 I have bought a product and now it's size is not matching I want to return it and also requested return process.,I have bought a product and now it's size is not matching I want to return it and also requested return process.,single_match,refund_return,refund_return,stage1_rule,High-confidence single rule match,Wed Nov 01 04:45:08 +0000 2017
17634,17634,"@115850 I am a amazon prime user, I don’t see great offers nor I see any difference between prime and non prime, what’s the point then ?","I am a amazon prime user, I don’t see great offers nor I see any difference between prime and non prime, what’s the point then ?",zero_match,other,other,stage1_sampled_other,Sampled zero-match other,Wed Nov 01 04:50:28 +0000 2017
17678,17674,"@AmazonHelp #unprofessional order id # 
403-7503264-7181114,403-8300003-6354735,403-5491238-8117144","#unprofessional order id # 403-7503264-7181114,403-8300003-6354735,403-5491238-8117144",single_match,delivery_order_status,delivery_order_status,stage1_rule,High-confidence single rule match,Wed Nov 01 04:50:59 +0000 2017
17641,17637,@AmazonHelp The pick up has been arranged 5 times now and cancelled at the last moment without citing any reason!,The pick up has been arranged 5 times now and cancelled at the last moment without citing any reason!,single_match,delivery_order_status,delivery_order_status,stage1_rule,High-confidence single rule match,Wed Nov 01 04:51:47 +0000 2017
17678,17676,"@AmazonHelp Being #harrassed by the delivery guys for days, reached out to customer service multiple times but hardly any resolution !","Being #harrassed by the delivery guys for days, reached out to customer service multiple times but hardly any resolution !",multi_match,delivery_order_status,delivery_order_status,llm_gemini,"The customer is reporting a specific problem regarding delivery drivers/couriers harassing them. Since a concrete issue with the delivery personnel is stated, it maps to delivery_order_status rather than service_complaint.",Wed Nov 01 04:53:03 +0000 2017
17656,17925,@AmazonHelp @115850 at my address. Will pay then return charges. But also want to tell u this is not right that we pay self return courier cost then what's,at my address. Will pay then return charges. But also want to tell u this is not right that we pay self return courier cost then what's,multi_match,refund_return,refund_return,llm_gemini,"The customer is expressing a dispute regarding self-return courier costs, which falls directly under return and refund issues.",Wed Nov 01 04:55:01 +0000 2017
17900,17900,Hey @115851 unpredictable delivery processes r killing Amazon experience in India. Loyal customers like me are dissatisfied. DO SOMETHING,Hey unpredictable delivery processes r killing Amazon experience in India. Loyal customers like me are dissatisfied. DO SOMETHING,single_match,delivery_order_status,delivery_order_status,stage1_rule,High-confidence single rule match,Wed Nov 01 04:57:16 +0000 2017
17656,17655,@AmazonHelp I need a solution why u r not helping consumers on self return things. M not bought product to self return. Why Amazon allows such seller,I need a solution why u r not helping consumers on self return things. M not bought product to self return. Why Amazon allows such seller,multi_match,seller_marketplace,refund_return,llm_gemini,"The customer is expressing frustration over being forced to do a self-return instead of a scheduled return pickup, which falls under return process and pickup disputes within refund_return.",Wed Nov 01 05:01:57 +0000 2017
18424,18424,また #詐欺 からショートメール来たよ。今度はアマゾンサポートセンター 0363847899 https://t.co/8OicafY1Pz,また #詐欺 からショートメール来たよ。今度はアマゾンサポートセンター 0363847899,zero_match,other,other,stage1_sampled_other,Sampled zero-match other,Wed Nov 01 05:03:17 +0000 2017
17916,17918,@AmazonHelp Please elaborate. If the charges are of prime subscription on https://t.co/PDFhxlk2Fc then why was i charged 499 in the first place??,Please elaborate. If the charges are of prime subscription on then why was i charged 499 in the first place??,multi_match,prime_membership,prime_membership,llm_gemini,The customer is asking for clarification regarding a charge specifically related to a Prime membership subscription.,Wed Nov 01 05:06:23 +0000 2017
18206,18188,"@AmazonHelp I have submitted all the required details, please do the necessary else i'll have to go to consumer forum this time :(","I have submitted all the required details, please do the necessary else i'll have to go to consumer forum this time :(",zero_match,other,other,stage1_sampled_other,Sampled zero-match other,Wed Nov 01 05:09:25 +0000 2017
18209,18209,@115850. Thanks Joyeeta(customer service) for AMAZON service. Didn't opted for faster delivery still got it when i emailed you its urgent.,. Thanks Joyeeta(customer service) for AMAZON service. Didn't opted for faster delivery still got it when i emailed you its urgent.,multi_match,delivery_order_status,other,llm_gemini,"The customer is expressing gratitude for quick delivery and customer service assistance. There is no active issue, query, or request being raised, so it falls under general feedback/chit-chat (other).",Wed Nov 01 05:10:10 +0000 2017
18178,18174,@AmazonHelp Your customer service has reverted saying that apparently the package has been delivered and signed by receipt my yesterday. Not true.,Your customer service has reverted saying that apparently the package has been delivered and signed by receipt my yesterday. Not true.,multi_match,delivery_order_status,delivery_order_status,llm_gemini,"The customer is disputing a delivery status update, stating that the package was marked as delivered and signed for, but they have not actually received it.",Wed Nov 01 05:11:17 +0000 2017
18169,18169,"@AmazonHelp Accidentally bought Amazon Prime when I misread it for the free month trial, and I wanted to know if theres any way for a refund","Accidentally bought Amazon Prime when I misread it for the free month trial, and I wanted to know if theres any way for a refund",single_match,refund_return,refund_return,stage1_rule,High-confidence single rule match,Wed Nov 01 05:12:17 +0000 2017
18178,18173,@AmazonHelp Package yet to be received. The delivery boy must’ve signed himself or delivered to someone else. Also if possible send me photo of the sign,Package yet to be received. The delivery boy must’ve signed himself or delivered to someone else. Also if possible send me photo of the sign,single_match,delivery_order_status,delivery_order_status,stage1_rule,High-confidence single rule match,Wed Nov 01 05:13:02 +0000 2017
17678,17682,"@AmazonHelp Oh you are so considerate, then why can't you treat the orders you take with same consideration, #Awful customer service","Oh you are so considerate, then why can't you treat the orders you take with same consideration, #Awful customer service",multi_match,delivery_order_status,service_complaint,llm_gemini,"The message expresses frustration with Amazon's customer service and general handling of orders, without specifying a concrete product, delivery, or account issue.",Wed Nov 01 05:15:25 +0000 2017
17900,17899,@AmazonHelp I have called already and spoken to the rep. This keeps repeating. Fire your courier managers in my locality,I have called already and spoken to the rep. This keeps repeating. Fire your courier managers in my locality,multi_match,delivery_order_status,delivery_order_status,llm_gemini,The customer is complaining about repeated delivery issues caused by courier operations/management in their local area.,Wed Nov 01 05:15:56 +0000 2017
18709,18709,@AmazonHelp why is Videos option missing in the skills for Alexa in India? Not able to connect my fire TV.,why is Videos option missing in the skills for Alexa in India? Not able to connect my fire TV.,single_match,device_digital_content,device_digital_content,stage1_rule,High-confidence single rule match,Wed Nov 01 05:19:36 +0000 2017
13165,13146,@AmazonHelp Can someone please call me. I have responded to multiple emails and surveys now without my question being addressed. This is very annoying.,Can someone please call me. I have responded to multiple emails and surveys now without my question being addressed. This is very annoying.,single_match,service_complaint,service_complaint,stage1_rule,High-confidence single rule match,Wed Nov 01 05:29:12 +0000 2017
18716,18716,@8078 @115821 I don't know who is at fault. I ordered an elgato hd60s but received an empty box. There are 5 others in same sitch https://t.co/XgYujaMC94,I don't know who is at fault. I ordered an elgato hd60s but received an empty box. There are 5 others in same sitch,single_match,item_quality_issue,item_quality_issue,stage1_rule,High-confidence single rule match,Wed Nov 01 05:35:30 +0000 2017
18684,18684,"@115850 I ordered an Alexa and it's stuck in customs. @120169 sends me an email to upload the KYC. However, the link doesn't work. #Help","I ordered an Alexa and it's stuck in customs. sends me an email to upload the KYC. However, the link doesn't work. #Help",single_match,device_digital_content,device_digital_content,stage1_rule,High-confidence single rule match,Wed Nov 01 05:41:02 +0000 2017
18694,18694,"@115850 am not seeing any update on my order since Sunday , kindly advice if it's still on time ? https://t.co/RTqSMhgGeR","am not seeing any update on my order since Sunday , kindly advice if it's still on time ?",single_match,delivery_order_status,delivery_order_status,stage1_rule,High-confidence single rule match,Wed Nov 01 05:44:18 +0000 2017
17656,17659,@AmazonHelp Also concern how I get my shipping charges back once self return product?,Also concern how I get my shipping charges back once self return product?,multi_match,refund_return,refund_return,llm_gemini,"The customer is asking about getting a refund for return shipping costs after self-returning a product, which falls directly under refund and return disputes/inquiries.",Wed Nov 01 05:45:53 +0000 2017
18682,18682,@115821 My brother had a delivery driver give his XBOX 1 S he ordered to one of my neighbors yesterday. Not it is gone.,My brother had a delivery driver give his XBOX 1 S he ordered to one of my neighbors yesterday. Not it is gone.,single_match,delivery_order_status,delivery_order_status,stage1_rule,High-confidence single rule match,Wed Nov 01 05:46:53 +0000 2017
18716,18715,@AmazonHelp I am assuming it's by Amazon since I chose Amazon global priority shipping. https://t.co/C9vq5RkuuV this is the link to the product page.,I am assuming it's by Amazon since I chose Amazon global priority shipping. this is the link to the product page.,single_match,delivery_order_status,delivery_order_status,stage1_rule,High-confidence single rule match,Wed Nov 01 05:52:19 +0000 2017
18894,18894,"@115850 Funny!Yesterday prime account activation was rs499 , today 999 with 500 cash back into amazon pay . Creepy offer for intense user https://t.co/b0DdLAmFoe","Funny!Yesterday prime account activation was rs499 , today 999 with 500 cash back into amazon pay . Creepy offer for intense user",zero_match,other,other,stage1_sampled_other,Sampled zero-match other,Wed Nov 01 05:53:21 +0000 2017
18904,18904,"Dear @115850  my order #407-7208892-2195534 is suppose to deliver by 31 Oct 2017...
Still not received...",Dear my order #407-7208892-2195534 is suppose to deliver by 31 Oct 2017... Still not received...,single_match,delivery_order_status,delivery_order_status,stage1_rule,High-confidence single rule match,Wed Nov 01 05:54:03 +0000 2017
18709,18708,@AmazonHelp Also when will Amazon prime music be available for Indian users of Alexa?,Also when will Amazon prime music be available for Indian users of Alexa?,single_match,device_digital_content,device_digital_content,stage1_rule,High-confidence single rule match,Wed Nov 01 05:54:36 +0000 2017
18969,18969,"Can't change my new Email address with @115821 ! I'm repeatedly told: ""There was a problem with your Password"".... https://t.co/s4mcgxbdtP","Can't change my new Email address with ! I'm repeatedly told: ""There was a problem with your Password""....",single_match,account_access,account_access,stage1_rule,High-confidence single rule match,Wed Nov 01 05:56:51 +0000 2017
19191,19191,@AmazonHelp is my parcel lost in transit I’ve never experienced a delay with delivery from you!! https://t.co/DJ4tGuR94P,is my parcel lost in transit I’ve never experienced a delay with delivery from you!!,single_match,delivery_order_status,delivery_order_status,stage1_rule,High-confidence single rule match,Wed Nov 01 06:01:43 +0000 2017
19214,19214,"Can't change my new Email address with @115821 ! I'm repeatedly told: ""There was a problem with your Password""","Can't change my new Email address with ! I'm repeatedly told: ""There was a problem with your Password""",single_match,account_access,account_access,stage1_rule,High-confidence single rule match,Wed Nov 01 06:03:16 +0000 2017
19216,19216,@115850 you don't care about the time of non prime customers !! Really sad to see the bad delivery of Amazon! Still waiting for delivery.,you don't care about the time of non prime customers !! Really sad to see the bad delivery of Amazon! Still waiting for delivery.,single_match,delivery_order_status,delivery_order_status,stage1_rule,High-confidence single rule match,Wed Nov 01 06:05:05 +0000 2017
19212,19212,@118919,,zero_match,other,other,stage1_sampled_other,Sampled zero-match other,Wed Nov 01 06:05:06 +0000 2017
19209,19199,@AmazonHelp problem not resolved yet...high time now,problem not resolved yet...high time now,single_match,service_complaint,service_complaint,stage1_rule,High-confidence single rule match,Wed Nov 01 06:06:33 +0000 2017
18965,18965,@115850 can you update me the status as its already 5 days over till date material not dispatched. https://t.co/wpcmD6WMhO,can you update me the status as its already 5 days over till date material not dispatched.,single_match,delivery_order_status,delivery_order_status,stage1_rule,High-confidence single rule match,Wed Nov 01 06:06:53 +0000 2017
18972,18971,@AmazonHelp @115833 What is 2nd Generation? I have Amazon Echo from US ? Not the Echo Dot.,What is 2nd Generation? I have Amazon Echo from US ? Not the Echo Dot.,single_match,device_digital_content,device_digital_content,stage1_rule,High-confidence single rule match,Wed Nov 01 06:09:44 +0000 2017
19485,19485,"@115821 @115850 I have received the product in damaged condition, it's tempered from outside though material was not spilling.","I have received the product in damaged condition, it's tempered from outside though material was not spilling.",single_match,item_quality_issue,item_quality_issue,stage1_rule,High-confidence single rule match,Wed Nov 01 06:13:14 +0000 2017
13165,13149,@AmazonHelp asm mentioned before. You all are just idiots.,asm mentioned before. You all are just idiots.,zero_match,other,other,stage1_sampled_other,Sampled zero-match other,Wed Nov 01 06:14:52 +0000 2017
19475,19475,@AmazonHelp HorrbleService👿Booked #Redmi4 on 16.10.17.  Neither phn recd nor refnd. complnt alrdy made.  No response at all. Fed up wd amzon,HorrbleService👿Booked #Redmi4 on 16.10.17. Neither phn recd nor refnd. complnt alrdy made. No response at all. Fed up wd amzon,single_match,service_complaint,service_complaint,stage1_rule,High-confidence single rule match,Wed Nov 01 06:24:08 +0000 2017
20046,20046,@115850 missed to buy the cheaper #amazonprime . Please help :),missed to buy the cheaper #amazonprime . Please help :),zero_match,other,other,stage1_sampled_other,Sampled zero-match other,Wed Nov 01 06:31:01 +0000 2017
19439,19435,"@AmazonHelp Arriving Today: Your package with Dell KM117 Wireless Keyboard Mouse is out for delivery.Amt: Rs.1,399. https://t.co/JuXkvDFU1Q","Arriving Today: Your package with Dell KM117 Wireless Keyboard Mouse is out for delivery.Amt: Rs.1,399.",single_match,delivery_order_status,delivery_order_status,stage1_rule,High-confidence single rule match,Wed Nov 01 06:31:11 +0000 2017
20486,20486,@AmazonHelp Why Amazon.in prime members are not allowed to access kindle prime reading section? @117634 @115850 @115821,Why Amazon.in prime members are not allowed to access kindle prime reading section?,single_match,device_digital_content,device_digital_content,stage1_rule,High-confidence single rule match,Wed Nov 01 06:32:20 +0000 2017
20034,20034,@AmazonHelp how do i delete my old credit cards from the list,how do i delete my old credit cards from the list,single_match,payment_billing,payment_billing,stage1_rule,High-confidence single rule match,Wed Nov 01 06:36:29 +0000 2017
20431,20431,@AmazonHelp When will Madam Secretary S4 will be available on Amazon Prime Video India?,When will Madam Secretary S4 will be available on Amazon Prime Video India?,single_match,device_digital_content,device_digital_content,stage1_rule,High-confidence single rule match,Wed Nov 01 06:36:42 +0000 2017
20052,20052,@AmazonHelp cannot change default wishlist in any app or browser regardless of mobile device. log out/in does not fix. Error message. Advise,cannot change default wishlist in any app or browser regardless of mobile device. log out/in does not fix. Error message. Advise,zero_match,other,other,stage1_sampled_other,Sampled zero-match other,Wed Nov 01 06:36:44 +0000 2017
19428,19428,"@115821 @115850 How can you keep the item status as delivered without reaching us, and telling us to wait for it?","How can you keep the item status as delivered without reaching us, and telling us to wait for it?",single_match,delivery_order_status,delivery_order_status,stage1_rule,High-confidence single rule match,Wed Nov 01 06:37:28 +0000 2017
20754,20754,"So Echo Dot in India only has skills if you necessarily use the English (India) language option, any update to fix that @115821?","So Echo Dot in India only has skills if you necessarily use the English (India) language option, any update to fix that ?",single_match,device_digital_content,device_digital_content,stage1_rule,High-confidence single rule match,Wed Nov 01 06:38:12 +0000 2017
19439,19434,@AmazonHelp Daily same msg coming but do not delivered,Daily same msg coming but do not delivered,single_match,delivery_order_status,delivery_order_status,stage1_rule,High-confidence single rule match,Wed Nov 01 06:44:04 +0000 2017
20037,20037,"I must say, I see why @115821 is the #1 Company in the world. They are so courteous. So compliant. So helpful.... https://t.co/d645vzyNjy","I must say, I see why is the #1 Company in the world. They are so courteous. So compliant. So helpful....",zero_match,other,other,stage1_sampled_other,Sampled zero-match other,Wed Nov 01 06:44:51 +0000 2017
20043,20043,@115850  order no #408-984423-033528 need sS,order no #408-984423-033528 need sS,single_match,delivery_order_status,delivery_order_status,stage1_rule,High-confidence single rule match,Wed Nov 01 06:46:07 +0000 2017
20028,20028,Nothing like paying @115821 for prime to get free quick shipping to be told the one thing I order per 6 months won't be on time lol,Nothing like paying for prime to get free quick shipping to be told the one thing I order per 6 months won't be on time lol,single_match,delivery_order_status,delivery_order_status,stage1_rule,High-confidence single rule match,Wed Nov 01 06:46:09 +0000 2017
19428,19427,@AmazonHelp No use from your link or Amazon app support call or chat. Please see the order details.just telling us to wait.Not updating the status also. https://t.co/Uwp0eOu6Ia,No use from your link or Amazon app support call or chat. Please see the order details.just telling us to wait.Not updating the status also.,single_match,delivery_order_status,delivery_order_status,stage1_rule,High-confidence single rule match,Wed Nov 01 06:46:44 +0000 2017
20475,20475,Man @115828 has become the most inept release day delivery service out there. What happened? You used to be the industry leader.,Man has become the most inept release day delivery service out there. What happened? You used to be the industry leader.,single_match,delivery_order_status,delivery_order_status,stage1_rule,High-confidence single rule match,Wed Nov 01 06:48:20 +0000 2017
19109,19108,"@AmazonHelp Not Amazon customer service, that’s what’s down. Way down.","Not Amazon customer service, that’s what’s down. Way down.",single_match,service_complaint,service_complaint,stage1_rule,High-confidence single rule match,Wed Nov 01 06:49:39 +0000 2017
20024,20024,@115850  order no. 408-9844239-0335528 bed side table is not delivered till now.,order no. 408-9844239-0335528 bed side table is not delivered till now.,single_match,delivery_order_status,delivery_order_status,stage1_rule,High-confidence single rule match,Wed Nov 01 06:50:46 +0000 2017
15288,15290,@118919 @119356  https://t.co/nei7OW1h0M,,zero_match,other,other,stage1_sampled_other,Sampled zero-match other,Wed Nov 01 06:50:56 +0000 2017
20034,20032,@AmazonHelp Thank u.......done,Thank u.......done,zero_match,other,other,stage1_sampled_other,Sampled zero-match other,Wed Nov 01 06:53:01 +0000 2017
20421,20421,@115850 amazon stick from https://t.co/cvJQ06p7ve is authorized seller?,amazon stick from is authorized seller?,single_match,seller_marketplace,seller_marketplace,stage1_rule,High-confidence single rule match,Wed Nov 01 06:56:22 +0000 2017
20418,20418,"I’m trying to order a Fire HD Kids tablet from @115821 but I can’t seem to find any region that ships to Denmark. Not UK, DE or US 😞","I’m trying to order a Fire HD Kids tablet from but I can’t seem to find any region that ships to Denmark. Not UK, DE or US 😞",zero_match,other,other,stage1_sampled_other,Sampled zero-match other,Wed Nov 01 06:56:44 +0000 2017
20052,20051,@AmazonHelp Amazon has encountered an error. Please try again shortly. This message appears every time I attempt to change my default list for days now.,Amazon has encountered an error. Please try again shortly. This message appears every time I attempt to change my default list for days now.,zero_match,other,other,stage1_sampled_other,Sampled zero-match other,Wed Nov 01 06:58:33 +0000 2017
20434,20434,"@115850 Want to try Amazon Echo Dot, have requested an invite. Invite bhej do yaar!!","Want to try Amazon Echo Dot, have requested an invite. Invite bhej do yaar!!",single_match,device_digital_content,device_digital_content,stage1_rule,High-confidence single rule match,Wed Nov 01 06:58:57 +0000 2017
21035,21035,Today a amazon delivery boy shouted on me to not hve change of 1390 ..very shameful how the behave with customer @115821.com,Today a amazon delivery boy shouted on me to not hve change of 1390 ..very shameful how the behave with customer .com,single_match,delivery_order_status,delivery_order_status,stage1_rule,High-confidence single rule match,Wed Nov 01 07:07:16 +0000 2017
20764,20760,@AmazonHelp Did not arrive. Please could you confirm which day it is. https://t.co/3NEPf3QAyG,Did not arrive. Please could you confirm which day it is.,single_match,delivery_order_status,delivery_order_status,stage1_rule,High-confidence single rule match,Wed Nov 01 07:11:27 +0000 2017
17900,17903,"@AmazonHelp Got it just now about 4 hours after it was supposedly delivered. As I said, unpredictable and non-trustworthy delivery process","Got it just now about 4 hours after it was supposedly delivered. As I said, unpredictable and non-trustworthy delivery process",single_match,delivery_order_status,delivery_order_status,stage1_rule,High-confidence single rule match,Wed Nov 01 07:13:03 +0000 2017
21503,21502,@118919 @115850 @120697 Pathetic service from Amazon...,Pathetic service from Amazon...,single_match,service_complaint,service_complaint,stage1_rule,High-confidence single rule match,Wed Nov 01 07:22:25 +0000 2017
21082,21082,@115850 I hv ord BB Q5 in Sept mth but recd BBQ10 which picked on 7th Oct but still not recd refund after follow up #Amazon  #Cheater https://t.co/f0mfVylfuG,I hv ord BB Q5 in Sept mth but recd BBQ10 which picked on 7th Oct but still not recd refund after follow up #Amazon #Cheater,single_match,refund_return,refund_return,stage1_rule,High-confidence single rule match,Wed Nov 01 07:22:51 +0000 2017
21088,21088,"@116313 送料を顧客が払えるオプションつけてくれません？",送料を顧客が払えるオプションつけてくれません？,zero_match,other,other,stage1_sampled_other,Sampled zero-match other,Wed Nov 01 07:26:08 +0000 2017
21086,21086,"Thanks @115821 for your ""Same Day Delivery""!! It's not like I was hoping to get my order on my day off or anything. #AMZLFail https://t.co/ewUKuXuRzh","Thanks for your ""Same Day Delivery""!! It's not like I was hoping to get my order on my day off or anything. #AMZLFail",single_match,delivery_order_status,delivery_order_status,stage1_rule,High-confidence single rule match,Wed Nov 01 07:27:10 +0000 2017
9129,9123,@AmazonHelp Hello? So how do I contact someone if I can't log in?! I'm really concerned about what is happening with my acct and who has access to it!,Hello? So how do I contact someone if I can't log in?! I'm really concerned about what is happening with my acct and who has access to it!,single_match,account_access,account_access,stage1_rule,High-confidence single rule match,Wed Nov 01 07:28:02 +0000 2017
19462,19464,"@AmazonHelp Scam, just scam, sellers don't send out my products~ 6 orders. so bad~","Scam, just scam, sellers don't send out my products~ 6 orders. so bad~",single_match,seller_marketplace,seller_marketplace,stage1_rule,High-confidence single rule match,Wed Nov 01 07:36:24 +0000 2017
21956,21949,@AmazonHelp 2 days and zero outcome,2 days and zero outcome,zero_match,other,other,stage1_sampled_other,Sampled zero-match other,Wed Nov 01 07:36:42 +0000 2017
21510,21510,"No, @115821, 2 day shipping doesn't mean it should arrive next Monday, much less next Tuesday. I guess I'm going to a store for that gift.","No, , 2 day shipping doesn't mean it should arrive next Monday, much less next Tuesday. I guess I'm going to a store for that gift.",single_match,delivery_order_status,delivery_order_status,stage1_rule,High-confidence single rule match,Wed Nov 01 07:39:49 +0000 2017
21408,21408,@115821 My package has this damage at reception. https://t.co/wV1FoIw6UO,My package has this damage at reception.,single_match,delivery_order_status,delivery_order_status,stage1_rule,High-confidence single rule match,Wed Nov 01 07:42:02 +0000 2017
21456,21449,"@120688 @AmazonHelp @1386 As discussed over call, I have sent email @AmazonHelp - As explained the vouchers of 1000 has not been issued by them. Request you to help.","As discussed over call, I have sent email - As explained the vouchers of 1000 has not been issued by them. Request you to help.",zero_match,other,other,stage1_sampled_other,Sampled zero-match other,Wed Nov 01 07:45:07 +0000 2017
21100,21099,@AmazonHelp I have the parcel now but my point is that I’m paying a monthly fee for a service that I’m not getting the benefit of,I have the parcel now but my point is that I’m paying a monthly fee for a service that I’m not getting the benefit of,single_match,delivery_order_status,delivery_order_status,stage1_rule,High-confidence single rule match,Wed Nov 01 07:45:14 +0000 2017
21905,21905,Anyone here who has used Amazon Echo or Echo plus? How is the experience? Have a couple of questions that their @AmazonHelp rep doesn't know,Anyone here who has used Amazon Echo or Echo plus? How is the experience? Have a couple of questions that their rep doesn't know,single_match,device_digital_content,device_digital_content,stage1_rule,High-confidence single rule match,Wed Nov 01 07:46:03 +0000 2017
22219,22219,@115850 @AmazonHelp @115851 #my Prime membership expired &amp; I got a notification AFTER that. Now I've had to renew at higher cost. (1),#my Prime membership expired &amp; I got a notification AFTER that. Now I've had to renew at higher cost. (1),single_match,prime_membership,prime_membership,stage1_rule,High-confidence single rule match,Wed Nov 01 07:46:32 +0000 2017
21423,21421,"@AmazonHelp I ordered from .fr, but I do not have my order number, only my name and address, scenes as it was ordered for me","I ordered from .fr, but I do not have my order number, only my name and address, scenes as it was ordered for me",single_match,delivery_order_status,delivery_order_status,stage1_rule,High-confidence single rule match,Wed Nov 01 07:47:04 +0000 2017
22186,22185,@115850 @118919 Strange stil no action @1450 @1451 @__NAINA__ @120844,Strange stil no action,zero_match,other,other,stage1_sampled_other,Sampled zero-match other,Wed Nov 01 07:51:07 +0000 2017
21423,21418,"@AmazonHelp Somebody else’s, I don’t have any of their emails or anything, it’s really urgent because it’s a present and I need to know if I’ll have it","Somebody else’s, I don’t have any of their emails or anything, it’s really urgent because it’s a present and I need to know if I’ll have it",zero_match,other,other,stage1_sampled_other,Sampled zero-match other,Wed Nov 01 07:51:29 +0000 2017
21405,21405,Hey @115821 if you are going to drop wiper blades from S&amp;S maybe make sure the ones you suggest as a replacement fit my vehicle? https://t.co/dp8pfho8Iv,Hey if you are going to drop wiper blades from S&amp;S maybe make sure the ones you suggest as a replacement fit my vehicle?,single_match,refund_return,refund_return,stage1_rule,High-confidence single rule match,Wed Nov 01 07:52:36 +0000 2017
22175,22175,"@115850 @115821 Ths is so unprofessional of u guys.10k ws deducted frm my ac4no reasn&amp;tld tht it wil b compensated,but there's no ans.","Ths is so unprofessional of u guys.10k ws deducted frm my ac4no reasn&amp;tld tht it wil b compensated,but there's no ans.",single_match,payment_billing,payment_billing,stage1_rule,High-confidence single rule match,Wed Nov 01 07:53:54 +0000 2017
21871,21871,Yo @115830 stop putting my account on hold! I just got it off hold yesterday and it's already back on hold and orders cancelled wtf!?,Yo stop putting my account on hold! I just got it off hold yesterday and it's already back on hold and orders cancelled wtf!?,single_match,account_access,account_access,stage1_rule,High-confidence single rule match,Wed Nov 01 07:56:57 +0000 2017
21093,21092,@AmazonHelp Order placed 30/10 with stated prime delivery of 31/10. At 7.30pm informed delayed allow further 2 days! Not 1st time prime has failed!!,Order placed 30/10 with stated prime delivery of 31/10. At 7.30pm informed delayed allow further 2 days! Not 1st time prime has failed!!,single_match,delivery_order_status,delivery_order_status,stage1_rule,High-confidence single rule match,Wed Nov 01 08:01:08 +0000 2017
21861,21860,"@AmazonHelp Error message telling me ""wrong password"", but I am 100% sure my password was right. This happens to everyone around me ...","Error message telling me ""wrong password"", but I am 100% sure my password was right. This happens to everyone around me ...",single_match,account_access,account_access,stage1_rule,High-confidence single rule match,Wed Nov 01 08:02:35 +0000 2017
646,645,@AmazonHelp That page is useless - doesn’t allow me to state it hasn’t been delivered; only tells me it has! How can you sort this out?,That page is useless - doesn’t allow me to state it hasn’t been delivered; only tells me it has! How can you sort this out?,single_match,delivery_order_status,delivery_order_status,stage1_rule,High-confidence single rule match,Wed Nov 01 08:04:52 +0000 2017
22554,22554,"@115850 horrible experience.
Pathetic cs care . Worst experience.
Even a prime member",horrible experience. Pathetic cs care . Worst experience. Even a prime member,single_match,service_complaint,service_complaint,stage1_rule,High-confidence single rule match,Wed Nov 01 08:05:53 +0000 2017
21861,21858,"@AmazonHelp OKAY, now I get ""connection timed out"", does GFW play a part here? (I'm in China). Even though, why ""wrong password""?","OKAY, now I get ""connection timed out"", does GFW play a part here? (I'm in China). Even though, why ""wrong password""?",single_match,account_access,account_access,stage1_rule,High-confidence single rule match,Wed Nov 01 08:06:03 +0000 2017
22147,22147,"@115851 @AmazonHelp @115850 @115821  Jeff,India help team is useless. Just provides link https://t.co/ZiE6eGp1Im but fails to act.","Jeff,India help team is useless. Just provides link but fails to act.",zero_match,other,other,stage1_sampled_other,Sampled zero-match other,Wed Nov 01 08:08:45 +0000 2017
22499,22499,"@115821 three times I have asked @120169 UAE to deliver my parcel and it is still at their warehouse, absolutely rubbish!!!!!!","three times I have asked UAE to deliver my parcel and it is still at their warehouse, absolutely rubbish!!!!!!",single_match,delivery_order_status,delivery_order_status,stage1_rule,High-confidence single rule match,Wed Nov 01 08:13:35 +0000 2017
23170,23170,@115850 is it #ethical to sell Audible in India if the support lies on shore? Why push this service down a customers throat?,is it #ethical to sell Audible in India if the support lies on shore? Why push this service down a customers throat?,single_match,device_digital_content,device_digital_content,stage1_rule,High-confidence single rule match,Wed Nov 01 08:13:35 +0000 2017
21880,21879,@AmazonHelp the above link only signs me into my account. Have already spoken with over 15 of ur cust care staff. No use. Give me ph no of senior staff.,the above link only signs me into my account. Have already spoken with over 15 of ur cust care staff. No use. Give me ph no of senior staff.,zero_match,other,other,stage1_sampled_other,Sampled zero-match other,Wed Nov 01 08:17:32 +0000 2017
22593,22593,@115850 need a help..ordered a gift for sister...would you please deliver it before coming Sunday ? https://t.co/2Qx7IwPXto,need a help..ordered a gift for sister...would you please deliver it before coming Sunday ?,single_match,delivery_order_status,delivery_order_status,stage1_rule,High-confidence single rule match,Wed Nov 01 08:20:40 +0000 2017
22548,22548,"@115850 
@AmazonHelp what's update of this? https://t.co/rZxXAjgtps",what's update of this?,zero_match,other,other,stage1_sampled_other,Sampled zero-match other,Wed Nov 01 08:22:03 +0000 2017
22569,22562,@115821 would have made sense if there was record of it being delivered but it still said “shipped”....,would have made sense if there was record of it being delivered but it still said “shipped”....,single_match,delivery_order_status,delivery_order_status,stage1_rule,High-confidence single rule match,Wed Nov 01 08:22:55 +0000 2017
22538,22538,Dear @AmazonHelp I've been paying for prime for awhile and having 2 packages due today &amp; one being undeliverable is VERY annoying. Explain,Dear I've been paying for prime for awhile and having 2 packages due today &amp; one being undeliverable is VERY annoying. Explain,single_match,delivery_order_status,delivery_order_status,stage1_rule,High-confidence single rule match,Wed Nov 01 08:26:35 +0000 2017
23995,23995,Absolutely love @115850 They processed a return on a product that a local vendor would not have even pursued the warranty.,Absolutely love They processed a return on a product that a local vendor would not have even pursued the warranty.,single_match,item_quality_issue,item_quality_issue,stage1_rule,High-confidence single rule match,Wed Nov 01 08:27:52 +0000 2017
23213,23212,@121055 When do you add Japan to the list of countries with access through the Xbox one app? @116313 @115821,When do you add Japan to the list of countries with access through the Xbox one app?,zero_match,other,other,stage1_sampled_other,Sampled zero-match other,Wed Nov 01 08:28:50 +0000 2017
22505,22505,"@AmazonHelp Is there a problem with books in the last couple of days?  Been trying to buy one that is a bestseller but you say only third parties offer it which is odd.  Similarly, the link for a book I ghosted - also a bestseller at the moment - says 3rd party only.","Is there a problem with books in the last couple of days? Been trying to buy one that is a bestseller but you say only third parties offer it which is odd. Similarly, the link for a book I ghosted - also a bestseller at the moment - says 3rd party only.",single_match,seller_marketplace,seller_marketplace,stage1_rule,High-confidence single rule match,Wed Nov 01 08:32:17 +0000 2017
22478,22478,@115821 @115850 @AmazonHelp delivery boy was too arrogant when I asked him to deliver my order next day he cancelled my order#annoyed,delivery boy was too arrogant when I asked him to deliver my order next day he cancelled my order#annoyed,single_match,delivery_order_status,delivery_order_status,stage1_rule,High-confidence single rule match,Wed Nov 01 08:34:10 +0000 2017
21403,21397,"@AmazonHelp 😂😂😂 Wie gesagt euch ein schönen restlichen Feiertag, auch wenn ich Supportet (nennt man das so?) 😂","😂😂😂 Wie gesagt euch ein schönen restlichen Feiertag, auch wenn ich Supportet (nennt man das so?) 😂",zero_match,other,other,stage1_sampled_other,Sampled zero-match other,Wed Nov 01 08:38:10 +0000 2017
22487,22487,"@AmazonHelp heißt das, das  ich umsonst zu Hause geblieben bin und ich hätte zur Arbeit gehen können da es wohl heute nicht mehr kommt? https://t.co/gSCaua0Qrd","heißt das, das ich umsonst zu Hause geblieben bin und ich hätte zur Arbeit gehen können da es wohl heute nicht mehr kommt?",zero_match,other,other,stage1_sampled_other,Sampled zero-match other,Wed Nov 01 08:38:35 +0000 2017
23208,23208,@AmazonHelp can you explain why a package I was due to receive yesterday was marked as refused at my address - when no one refused it? Poor.,can you explain why a package I was due to receive yesterday was marked as refused at my address - when no one refused it? Poor.,single_match,delivery_order_status,delivery_order_status,stage1_rule,High-confidence single rule match,Wed Nov 01 08:39:58 +0000 2017
22548,22550,@115850 @AmazonHelp Order has not been picked up niether any update from Amazon or courier partner...,Order has not been picked up niether any update from Amazon or courier partner...,single_match,delivery_order_status,delivery_order_status,stage1_rule,High-confidence single rule match,Wed Nov 01 08:40:44 +0000 2017
22505,22502,@AmazonHelp https://t.co/QCt7kMtESE,,zero_match,other,other,stage1_sampled_other,Sampled zero-match other,Wed Nov 01 08:42:56 +0000 2017
24056,24056,Hello @115821 order not delivered OD__credit_card__ not delivered but SMS &amp; email received regarding its delivery.ph 08797297187,Hello order not delivered OD__credit_card__ not delivered but SMS &amp; email received regarding its delivery.ph 08797297187,single_match,delivery_order_status,delivery_order_status,stage1_rule,High-confidence single rule match,Wed Nov 01 08:47:12 +0000 2017
24562,24562,@115850 @121294 Yesterday my LGQ6 was delivered and I complain for its heating issue but didn't get any appropriate response.,Yesterday my LGQ6 was delivered and I complain for its heating issue but didn't get any appropriate response.,single_match,delivery_order_status,delivery_order_status,stage1_rule,High-confidence single rule match,Wed Nov 01 08:49:19 +0000 2017
23997,23997,"@115821 @115850 @AmazonHelp I placed ds ordr n status is still ‘on d way’, is not dis ur failure to track ur deliveries on time? Disgustng https://t.co/u7Yco0g6DP","I placed ds ordr n status is still ‘on d way’, is not dis ur failure to track ur deliveries on time? Disgustng",single_match,delivery_order_status,delivery_order_status,stage1_rule,High-confidence single rule match,Wed Nov 01 08:50:11 +0000 2017
23208,23209,"@AmazonHelp It notes its being sent back to the sender - which, if true, is totally unacceptable - not exactly #prime level service","It notes its being sent back to the sender - which, if true, is totally unacceptable - not exactly #prime level service",single_match,service_complaint,service_complaint,stage1_rule,High-confidence single rule match,Wed Nov 01 08:51:13 +0000 2017
23983,23983,"@115830 pre-ordered CoD WW2 on the 5th july, says today it won’t be delivered until 4th Nov, the day after release? Why is this?","pre-ordered CoD WW2 on the 5th july, says today it won’t be delivered until 4th Nov, the day after release? Why is this?",single_match,delivery_order_status,delivery_order_status,stage1_rule,High-confidence single rule match,Wed Nov 01 08:51:24 +0000 2017
22538,22537,@AmazonHelp Undeliverable. Which makes no sense because my first package was easily delivered at 2pm but this one wasn't at 6pm?,Undeliverable. Which makes no sense because my first package was easily delivered at 2pm but this one wasn't at 6pm?,single_match,delivery_order_status,delivery_order_status,stage1_rule,High-confidence single rule match,Wed Nov 01 08:54:11 +0000 2017
23961,23961,@115830 paid my yearly prime fee and my next order I get a delivery attempt sms even though I was waiting at the address. Not impressed!,paid my yearly prime fee and my next order I get a delivery attempt sms even though I was waiting at the address. Not impressed!,single_match,delivery_order_status,delivery_order_status,stage1_rule,High-confidence single rule match,Wed Nov 01 08:54:45 +0000 2017
23969,23969,@115850 You customer service number doesn't let me reach any rep. How do I talk to someone ?,You customer service number doesn't let me reach any rep. How do I talk to someone ?,single_match,service_complaint,service_complaint,stage1_rule,High-confidence single rule match,Wed Nov 01 08:55:44 +0000 2017
24472,24472,@1584 be careful while ordering any item from @115850 and asking for an extended warranty. Activating the warranty is a nightmare,be careful while ordering any item from and asking for an extended warranty. Activating the warranty is a nightmare,single_match,item_quality_issue,item_quality_issue,stage1_rule,High-confidence single rule match,Wed Nov 01 08:56:28 +0000 2017
24572,24570,"@AmazonHelp I did - when you asked already
https://t.co/QCt7kMtESE",I did - when you asked already,zero_match,other,other,stage1_sampled_other,Sampled zero-match other,Wed Nov 01 09:06:17 +0000 2017
25013,25013,"@115850 I gt 2 updated from Amazon
First my product got shiped..
2nd I refused to take product...no cl for delivery",I gt 2 updated from Amazon First my product got shiped.. 2nd I refused to take product...no cl for delivery,single_match,delivery_order_status,delivery_order_status,stage1_rule,High-confidence single rule match,Wed Nov 01 09:06:45 +0000 2017
22505,22507,@AmazonHelp How would they know why you are directing people to The Works?,How would they know why you are directing people to The Works?,zero_match,other,other,stage1_sampled_other,Sampled zero-match other,Wed Nov 01 09:07:29 +0000 2017
24559,24559,How about a ‘where IS my package?’ button @AmazonHelp? £40 lost. 😡 https://t.co/SS9iH4oZFI,How about a ‘where IS my package?’ button ? £40 lost. 😡,single_match,delivery_order_status,delivery_order_status,stage1_rule,High-confidence single rule match,Wed Nov 01 09:09:22 +0000 2017
24986,24976,@AmazonHelp I am receiving the same mails... Amazon is not at all cooperating..,I am receiving the same mails... Amazon is not at all cooperating..,zero_match,other,other,stage1_sampled_other,Sampled zero-match other,Wed Nov 01 09:12:02 +0000 2017
23961,23960,"@AmazonHelp Simply delivery attempt. Could not deliver today. I imagine it was because it was a business add and after 5, but no attempt was ever made.","Simply delivery attempt. Could not deliver today. I imagine it was because it was a business add and after 5, but no attempt was ever made.",single_match,delivery_order_status,delivery_order_status,stage1_rule,High-confidence single rule match,Wed Nov 01 09:15:17 +0000 2017
24999,24990,"@AmazonHelp Yes, I just did. Not helping. Provide an email ID I can write to.","Yes, I just did. Not helping. Provide an email ID I can write to.",zero_match,other,other,stage1_sampled_other,Sampled zero-match other,Wed Nov 01 09:17:09 +0000 2017
25008,25008,@115850 your Amazon pay offer is more complected than GST and thats all a bundle of crooks.,your Amazon pay offer is more complected than GST and thats all a bundle of crooks.,zero_match,other,other,stage1_sampled_other,Sampled zero-match other,Wed Nov 01 09:17:15 +0000 2017
24505,24491,"@AmazonHelp Thanks but I have tried that every day since Sunday. ""Still investigating"" - you should send a replacement and investigate afterwards","Thanks but I have tried that every day since Sunday. ""Still investigating"" - you should send a replacement and investigate afterwards",single_match,refund_return,refund_return,stage1_rule,High-confidence single rule match,Wed Nov 01 09:17:55 +0000 2017
24556,24556,@AmazonHelp your courier sucks really!,your courier sucks really!,single_match,delivery_order_status,delivery_order_status,stage1_rule,High-confidence single rule match,Wed Nov 01 09:18:36 +0000 2017
24479,24479,@AmazonHelp once again can you tell me why my one day delivery items haven’t even been dispatched yet and are supposed to be here today?,once again can you tell me why my one day delivery items haven’t even been dispatched yet and are supposed to be here today?,single_match,delivery_order_status,delivery_order_status,stage1_rule,High-confidence single rule match,Wed Nov 01 09:19:55 +0000 2017
22505,22510,"@AmazonHelp Except that isn't the case.
1 Why not?
2 Why are you sending people to The Works?
3 Why is that book in Home &amp; KItchen?
4 What do you suggest I say to Bonnier when I call their switchboard as you suggest, to find out what Amazon is up to?
5 What is the point of having Prime?","Except that isn't the case. 1 Why not? 2 Why are you sending people to The Works? 3 Why is that book in Home &amp; KItchen? 4 What do you suggest I say to Bonnier when I call their switchboard as you suggest, to find out what Amazon is up to? 5 What is the point of having Prime?",zero_match,other,other,stage1_sampled_other,Sampled zero-match other,Wed Nov 01 09:20:53 +0000 2017
25004,25004,@AmazonHelp had an email saying payment has been reversed but has been taken AGAIN this morning.,had an email saying payment has been reversed but has been taken AGAIN this morning.,zero_match,other,other,stage1_sampled_other,Sampled zero-match other,Wed Nov 01 09:24:18 +0000 2017
19428,19431,@AmazonHelp Anyway you are redirecting the above link to your customer support..What is the use of it?? Same reply from them...,Anyway you are redirecting the above link to your customer support..What is the use of it?? Same reply from them...,single_match,service_complaint,service_complaint,stage1_rule,High-confidence single rule match,Wed Nov 01 09:25:14 +0000 2017
24562,24565,@115850 @121294  https://t.co/iifNtZ3xNJ,,zero_match,other,other,stage1_sampled_other,Sampled zero-match other,Wed Nov 01 09:29:30 +0000 2017
23961,23963,@AmazonHelp No. I’ve signed in and it still says due 31st,No. I’ve signed in and it still says due 31st,zero_match,other,other,stage1_sampled_other,Sampled zero-match other,Wed Nov 01 09:29:55 +0000 2017
24972,24971,@117093 Thanks for the mold amazonfresh https://t.co/0GR6LuOxAp,Thanks for the mold amazonfresh,zero_match,other,other,stage1_sampled_other,Sampled zero-match other,Wed Nov 01 09:32:51 +0000 2017
25004,25003,@AmazonHelp No i’ve already done that and you have taken more money out of my bank! Someone needs to contact me not an auto form,No i’ve already done that and you have taken more money out of my bank! Someone needs to contact me not an auto form,single_match,service_complaint,service_complaint,stage1_rule,High-confidence single rule match,Wed Nov 01 09:34:46 +0000 2017
25947,25947,@115850 i love u but the amount of plastic and the size of the box in comparison to the size of the product is gargantuan! @115821 https://t.co/Ha9vi9hA8z,i love u but the amount of plastic and the size of the box in comparison to the size of the product is gargantuan!,zero_match,other,other,stage1_sampled_other,Sampled zero-match other,Wed Nov 01 09:38:18 +0000 2017
25935,25935,"Echt jetzt, @116316 ? https://t.co/oh9izlNE8G","Echt jetzt, ?",zero_match,other,other,stage1_sampled_other,Sampled zero-match other,Wed Nov 01 09:39:08 +0000 2017
25974,25970,@AmazonHelp It just been delivered now!,It just been delivered now!,single_match,delivery_order_status,delivery_order_status,stage1_rule,High-confidence single rule match,Wed Nov 01 09:39:08 +0000 2017
26979,26967,@AmazonHelp still no response. Great going guys,still no response. Great going guys,single_match,service_complaint,service_complaint,stage1_rule,High-confidence single rule match,Wed Nov 01 09:41:03 +0000 2017
25848,25848,"@115850 Its more than two week now, never had such pathetic experience with Amazon.","Its more than two week now, never had such pathetic experience with Amazon.",single_match,service_complaint,service_complaint,stage1_rule,High-confidence single rule match,Wed Nov 01 09:44:56 +0000 2017
24505,24493,@AmazonHelp Please send a link to the phone number. Almost impossible to find on your website. I need to get sorted ASAP as this is a birthday present,Please send a link to the phone number. Almost impossible to find on your website. I need to get sorted ASAP as this is a birthday present,single_match,service_complaint,service_complaint,stage1_rule,High-confidence single rule match,Wed Nov 01 09:45:21 +0000 2017
25935,25931,@AmazonHelp Screenshot wurde vor 10 Minuten gemacht :) Danke für die schnelle Rückmeldung.,Screenshot wurde vor 10 Minuten gemacht :) Danke für die schnelle Rückmeldung.,zero_match,other,other,stage1_sampled_other,Sampled zero-match other,Wed Nov 01 09:46:57 +0000 2017
25839,25834,"@AmazonHelp yeah, other screen shot is confirmation email. Also logged in with same account.","yeah, other screen shot is confirmation email. Also logged in with same account.",single_match,account_access,account_access,stage1_rule,High-confidence single rule match,Wed Nov 01 09:48:23 +0000 2017
26959,26959,"@115833 Good morning.  Is the Alexa App down?  It’s timing out here in London, UK.","Good morning. Is the Alexa App down? It’s timing out here in London, UK.",single_match,device_digital_content,device_digital_content,stage1_rule,High-confidence single rule match,Wed Nov 01 09:48:57 +0000 2017
26962,26962,Oh heck. Looks like dodgy seller on @115830 has swizzled me with my Fingerlings order &amp; now they are OOS everywhere :( not a happy mama,Oh heck. Looks like dodgy seller on has swizzled me with my Fingerlings order &amp; now they are OOS everywhere :( not a happy mama,single_match,seller_marketplace,seller_marketplace,stage1_rule,High-confidence single rule match,Wed Nov 01 09:51:27 +0000 2017
26920,26914,@AmazonHelp Just now! I gave you the benefit of the doubt but I have now cancelled the order.,Just now! I gave you the benefit of the doubt but I have now cancelled the order.,single_match,delivery_order_status,delivery_order_status,stage1_rule,High-confidence single rule match,Wed Nov 01 09:54:00 +0000 2017
26901,26895,@120474 Thank you! It now works,Thank you! It now works,zero_match,other,other,stage1_sampled_other,Sampled zero-match other,Wed Nov 01 09:54:52 +0000 2017
26893,26887,"@120474 Ok, thanks. It wasn't showing on the page I was looking at x","Ok, thanks. It wasn't showing on the page I was looking at x",zero_match,other,other,stage1_sampled_other,Sampled zero-match other,Wed Nov 01 09:56:42 +0000 2017
25848,25847,@AmazonHelp Amazon Cust Cre is not able to resolve my problem related to refund. Checkout details of my a/c.(Reg Mob No: 9867111188),Amazon Cust Cre is not able to resolve my problem related to refund. Checkout details of my a/c.(Reg Mob No: 9867111188),single_match,refund_return,refund_return,stage1_rule,High-confidence single rule match,Wed Nov 01 10:00:44 +0000 2017
26904,26904,"@115850 inspite of all the problems faced, your customer service officers have an audacity to hang up! #PerksofBeingAPrimeMember","inspite of all the problems faced, your customer service officers have an audacity to hang up! #PerksofBeingAPrimeMember",single_match,service_complaint,service_complaint,stage1_rule,High-confidence single rule match,Wed Nov 01 10:00:53 +0000 2017
26850,26848,@120474 When? It’s not up yet?,When? It’s not up yet?,zero_match,other,other,stage1_sampled_other,Sampled zero-match other,Wed Nov 01 10:01:00 +0000 2017
19485,19484,@AmazonHelp I have reported the same..Hoping for a genuine product in perfect condition to be delivered now.,I have reported the same..Hoping for a genuine product in perfect condition to be delivered now.,single_match,delivery_order_status,delivery_order_status,stage1_rule,High-confidence single rule match,Wed Nov 01 10:01:08 +0000 2017
25839,25841,"@AmazonHelp yeah I am, I only have the one login!","yeah I am, I only have the one login!",single_match,account_access,account_access,stage1_rule,High-confidence single rule match,Wed Nov 01 10:01:12 +0000 2017
27410,27410,@120474 help. I’m asking for 2 tickets https://t.co/RYFYylCSZ8,help. I’m asking for 2 tickets,zero_match,other,other,stage1_sampled_other,Sampled zero-match other,Wed Nov 01 10:03:10 +0000 2017
27427,27427,@120474 trying to buy 2 tickets for RAH 'You have exceeded the maximum allowed number of tickets for this event' ???,trying to buy 2 tickets for RAH 'You have exceeded the maximum allowed number of tickets for this event' ???,zero_match,other,other,stage1_sampled_other,Sampled zero-match other,Wed Nov 01 10:04:47 +0000 2017
27421,27421,"@120474 the site is telling me I exceeded ""of tickets when I am purchasing only 1 ticket &amp; haven't purchased any before.Can u help?","the site is telling me I exceeded ""of tickets when I am purchasing only 1 ticket &amp; haven't purchased any before.Can u help?",zero_match,other,other,stage1_sampled_other,Sampled zero-match other,Wed Nov 01 10:04:58 +0000 2017
27406,27406,@AmazonHelp trying to book morrissey tickets. Saying I've exceeded amount. No I haven't. Help me.,trying to book morrissey tickets. Saying I've exceeded amount. No I haven't. Help me.,zero_match,other,other,stage1_sampled_other,Sampled zero-match other,Wed Nov 01 10:05:11 +0000 2017
26893,26892,@120474 @121888 I’m getting the same wtf,I’m getting the same wtf,zero_match,other,other,stage1_sampled_other,Sampled zero-match other,Wed Nov 01 10:05:24 +0000 2017
27382,27382,"@120474 it says I’ve exceeded the amount of tickets for Morrissey tour, and I havernt even brought any?","it says I’ve exceeded the amount of tickets for Morrissey tour, and I havernt even brought any?",zero_match,other,other,stage1_sampled_other,Sampled zero-match other,Wed Nov 01 10:06:00 +0000 2017
27395,27395,When you think you’ve got morrissey tickets then you get this email... What does this mean?? @115830 https://t.co/Pp6fAEH8Up,When you think you’ve got morrissey tickets then you get this email... What does this mean??,zero_match,other,other,stage1_sampled_other,Sampled zero-match other,Wed Nov 01 10:06:39 +0000 2017
27380,27377,@120474 @121997 Doing this to me too,Doing this to me too,zero_match,other,other,stage1_sampled_other,Sampled zero-match other,Wed Nov 01 10:07:09 +0000 2017
27387,27387,@120474 why wont it let me buy morrisey tix?? I havent bought any. https://t.co/Y66IRf4xZX,why wont it let me buy morrisey tix?? I havent bought any.,zero_match,other,other,stage1_sampled_other,Sampled zero-match other,Wed Nov 01 10:07:22 +0000 2017
26901,27370,"@120474 @121890 Now saying I can't buy 2 tickets as is over allowance, I haven't bought any yet! Why can't I get these tickets?","Now saying I can't buy 2 tickets as is over allowance, I haven't bought any yet! Why can't I get these tickets?",zero_match,other,other,stage1_sampled_other,Sampled zero-match other,Wed Nov 01 10:07:36 +0000 2017
27385,27385,"@120474 the site keeps saying this for the Brighton tickets, any reason? I'm only trying to buy 2? https://t.co/uRU6WEfmPu","the site keeps saying this for the Brighton tickets, any reason? I'm only trying to buy 2?",zero_match,other,other,stage1_sampled_other,Sampled zero-match other,Wed Nov 01 10:07:41 +0000 2017
27373,27373,@115830 Why is amazon not disbursing funds to sellers and giving no information? Has amazon gone bust?,Why is amazon not disbursing funds to sellers and giving no information? Has amazon gone bust?,single_match,seller_marketplace,seller_marketplace,stage1_rule,High-confidence single rule match,Wed Nov 01 10:08:09 +0000 2017
26893,26886,@AmazonHelp It’s not working!!,It’s not working!!,zero_match,other,other,stage1_sampled_other,Sampled zero-match other,Wed Nov 01 10:08:35 +0000 2017
27353,27353,I have ordered 2 things from @115821 in the past month and haven't received either items and now Amazon is NOT tryna give me a refund 🗣🗣,I have ordered 2 things from in the past month and haven't received either items and now Amazon is NOT tryna give me a refund 🗣🗣,single_match,refund_return,refund_return,stage1_rule,High-confidence single rule match,Wed Nov 01 10:10:07 +0000 2017
27919,27919,"@115850 
I show a add on app 13oct load amazon pay balance 15% back offer,i cant receive.,i call customer care says offer does nt exit wow","I show a add on app 13oct load amazon pay balance 15% back offer,i cant receive.,i call customer care says offer does nt exit wow",single_match,service_complaint,service_complaint,stage1_rule,High-confidence single rule match,Wed Nov 01 10:11:42 +0000 2017
26858,26854,@AmazonHelp The date was changed at the end of the day it was supposed to be delivered. Now it suggests it's going to take 1-2 days more.,The date was changed at the end of the day it was supposed to be delivered. Now it suggests it's going to take 1-2 days more.,single_match,delivery_order_status,delivery_order_status,stage1_rule,High-confidence single rule match,Wed Nov 01 10:13:09 +0000 2017
27343,27343,@120474 what's happening with Moz RAH ticket pre-sale?? Keeps telling me I've exceeded maximum - haven't bought any yet! Shambles,what's happening with Moz RAH ticket pre-sale?? Keeps telling me I've exceeded maximum - haven't bought any yet! Shambles,zero_match,other,other,stage1_sampled_other,Sampled zero-match other,Wed Nov 01 10:13:16 +0000 2017
27340,27340,@120474 why is your site telling me I’ve reached the max number of tickets when I tried to buy 1 for Morrissey at 10:00?! 😩,why is your site telling me I’ve reached the max number of tickets when I tried to buy 1 for Morrissey at 10:00?! 😩,zero_match,other,other,stage1_sampled_other,Sampled zero-match other,Wed Nov 01 10:14:19 +0000 2017
26893,27917,@121888 @121992 @120474 nothing - amazon need to respond!,nothing - amazon need to respond!,zero_match,other,other,stage1_sampled_other,Sampled zero-match other,Wed Nov 01 10:15:09 +0000 2017
27823,27823,Just received the @115850 Echo DOT &amp; @122090 is not working out of the box! No manual is provided!,Just received the Echo DOT &amp; is not working out of the box! No manual is provided!,single_match,device_digital_content,device_digital_content,stage1_rule,High-confidence single rule match,Wed Nov 01 10:16:22 +0000 2017
27890,27890,"@AmazonHelp Yo... I've had this, is this you or is it something dodge? https://t.co/HhSD6KpG7i","Yo... I've had this, is this you or is it something dodge?",zero_match,other,other,stage1_sampled_other,Sampled zero-match other,Wed Nov 01 10:17:11 +0000 2017
27901,27895,@AmazonHelp To be honest after three weeks where things haven't shipped I'm now canceling orders,To be honest after three weeks where things haven't shipped I'm now canceling orders,single_match,delivery_order_status,delivery_order_status,stage1_rule,High-confidence single rule match,Wed Nov 01 10:17:18 +0000 2017
33279,33278,@115821 Also 10/10 for packaging @115821 https://t.co/hEonzRj6cl,Also 10/10 for packaging,zero_match,other,other,stage1_sampled_other,Sampled zero-match other,Wed Nov 01 10:17:22 +0000 2017
26901,27871,@122002 @120474 Tried again and it stated he had exceeded his limit. Not having to stand at the Ally. #notimpressed,Tried again and it stated he had exceeded his limit. Not having to stand at the Ally. #notimpressed,zero_match,other,other,stage1_sampled_other,Sampled zero-match other,Wed Nov 01 10:19:03 +0000 2017
26901,27870,@122002 @120474 Now.... (not not) 😩,Now.... (not not) 😩,zero_match,other,other,stage1_sampled_other,Sampled zero-match other,Wed Nov 01 10:20:34 +0000 2017
25863,25944,@AmazonHelp But why I was not shown the option of next day delivery whereas it is currently shown right now.,But why I was not shown the option of next day delivery whereas it is currently shown right now.,single_match,delivery_order_status,delivery_order_status,stage1_rule,High-confidence single rule match,Wed Nov 01 10:20:40 +0000 2017
27866,27866,"The @120474 email says “PRE-SALE AVAILABLE NOW FOR UK &amp; IRELAND TOUR” no option to purchase tickets for Ireland, help? #Morrissey","The email says “PRE-SALE AVAILABLE NOW FOR UK &amp; IRELAND TOUR” no option to purchase tickets for Ireland, help? #Morrissey",zero_match,other,other,stage1_sampled_other,Sampled zero-match other,Wed Nov 01 10:21:40 +0000 2017
27863,27862,@120834 @AmazonHelp As a trial I had Glasgow WORKING - but Brighton is a non-starter as others have reported - and indeed yourself.  #terribleservice,As a trial I had Glasgow WORKING - but Brighton is a non-starter as others have reported - and indeed yourself. #terribleservice,single_match,service_complaint,service_complaint,stage1_rule,High-confidence single rule match,Wed Nov 01 10:22:05 +0000 2017
27838,27837,@122094 @120474 Same,Same,zero_match,other,other,stage1_sampled_other,Sampled zero-match other,Wed Nov 01 10:25:51 +0000 2017
28465,28465,@115850 @121284 the extended prime subscription that came with the echo does not reflect on my account. Pls help!,the extended prime subscription that came with the echo does not reflect on my account. Pls help!,single_match,prime_membership,prime_membership,stage1_rule,High-confidence single rule match,Wed Nov 01 10:29:24 +0000 2017
27835,27834,"@116316 Die Antwort an der Hotline, dass das System das eigenständig, ohne GEOProfiling gemacht hat, ist sehr unglaubwürdig","Die Antwort an der Hotline, dass das System das eigenständig, ohne GEOProfiling gemacht hat, ist sehr unglaubwürdig",zero_match,other,other,stage1_sampled_other,Sampled zero-match other,Wed Nov 01 10:29:38 +0000 2017
28460,28460,@115830 customer service keep putting me on hold!!!!,customer service keep putting me on hold!!!!,single_match,service_complaint,service_complaint,stage1_rule,High-confidence single rule match,Wed Nov 01 10:35:44 +0000 2017
28455,28455,@121284 my echo plus is on the way...... I am an existing prime user.. what will happen to the membership that is coming along with,my echo plus is on the way...... I am an existing prime user.. what will happen to the membership that is coming along with,single_match,device_digital_content,device_digital_content,stage1_rule,High-confidence single rule match,Wed Nov 01 10:36:12 +0000 2017
28966,28966,"@115850 @115851 @1840 pathetic service for Amazon business, bihmsen service representative can't even put me touch with manager.","pathetic service for Amazon business, bihmsen service representative can't even put me touch with manager.",single_match,service_complaint,service_complaint,stage1_rule,High-confidence single rule match,Wed Nov 01 10:36:45 +0000 2017
27841,27841,@AmazonHelp @115830 My package was just 'delivered' - Your driver left it (my new phone) in an open/unsecured cupboard in my carport...,My package was just 'delivered' - Your driver left it (my new phone) in an open/unsecured cupboard in my carport...,single_match,delivery_order_status,delivery_order_status,stage1_rule,High-confidence single rule match,Wed Nov 01 10:37:07 +0000 2017
28453,28453,When you order something for delivery on release date and @115830  just nonchalantly push it back a day without explanation or apology...,When you order something for delivery on release date and just nonchalantly push it back a day without explanation or apology...,single_match,delivery_order_status,delivery_order_status,stage1_rule,High-confidence single rule match,Wed Nov 01 10:37:13 +0000 2017
28458,28458,@120474 @1711 Usual ticket sale shambles. Very disappointing. Will have to try the general sale. Feel a bit misled.,Usual ticket sale shambles. Very disappointing. Will have to try the general sale. Feel a bit misled.,zero_match,other,other,stage1_sampled_other,Sampled zero-match other,Wed Nov 01 10:37:47 +0000 2017
26893,27364,@121888 @121992 @120474 same issue - and no reply from @120474,same issue - and no reply from,single_match,service_complaint,service_complaint,stage1_rule,High-confidence single rule match,Wed Nov 01 10:39:13 +0000 2017
28879,28879,@115850 - why did you guys stop giving the goodies pack when we join prime? It was smethng to look forward to.,- why did you guys stop giving the goodies pack when we join prime? It was smethng to look forward to.,zero_match,other,other,stage1_sampled_other,Sampled zero-match other,Wed Nov 01 10:40:14 +0000 2017
29573,29573,@115850  Having issue with EMI  in my order..where to contact.kindly help..,Having issue with EMI in my order..where to contact.kindly help..,single_match,delivery_order_status,delivery_order_status,stage1_rule,High-confidence single rule match,Wed Nov 01 10:44:44 +0000 2017
15672,15671,"@AmazonHelp ""Refused shipment - on the way back.""","""Refused shipment - on the way back.""",single_match,delivery_order_status,delivery_order_status,stage1_rule,High-confidence single rule match,Wed Nov 01 10:49:47 +0000 2017
28899,28886,@AmazonHelp Is there any action taken on my issue. Now it’s 3rd month and still struggling with amazon ! 🙄🙄🙄,Is there any action taken on my issue. Now it’s 3rd month and still struggling with amazon ! 🙄🙄🙄,zero_match,other,other,stage1_sampled_other,Sampled zero-match other,Wed Nov 01 10:56:58 +0000 2017
28882,28882,@AmazonHelp I have booked a package to my office address. Actually every week Saturday is holiday but this week it's on Monday.(1/2),I have booked a package to my office address. Actually every week Saturday is holiday but this week it's on Monday.(1/2),single_match,delivery_order_status,delivery_order_status,stage1_rule,High-confidence single rule match,Wed Nov 01 10:57:43 +0000 2017
29577,29577,@115850 Can you please deliver my order a little quick! Please!,Can you please deliver my order a little quick! Please!,single_match,delivery_order_status,delivery_order_status,stage1_rule,High-confidence single rule match,Wed Nov 01 10:58:10 +0000 2017
29568,29564,@AmazonHelp Hey guys! Just downloaded the #Alexa app but unable to finish the set up after this stage. I connected my phone to the Amazon wifi. 1/2 https://t.co/pvVYFKAVSx,Hey guys! Just downloaded the #Alexa app but unable to finish the set up after this stage. I connected my phone to the Amazon wifi. 1/2,single_match,device_digital_content,device_digital_content,stage1_rule,High-confidence single rule match,Wed Nov 01 11:00:34 +0000 2017
25008,25007,@AmazonHelp Amazon Id __email__ I have added ₹460 and make a Jio recharge 399. As per your offer 101 cashback+ 20% on first top-up.I didn't,Amazon Id __email__ I have added ₹460 and make a Jio recharge 399. As per your offer 101 cashback+ 20% on first top-up.I didn't,zero_match,other,other,stage1_sampled_other,Sampled zero-match other,Wed Nov 01 11:02:48 +0000 2017
29570,29570,@115850 wht do I understand by one-day delivery in office address when the time slot mentioned is 10 a.m - 5 p.m? Also get some trained CC,wht do I understand by one-day delivery in office address when the time slot mentioned is 10 a.m - 5 p.m? Also get some trained CC,single_match,delivery_order_status,delivery_order_status,stage1_rule,High-confidence single rule match,Wed Nov 01 11:05:07 +0000 2017
27901,27894,@AmazonHelp Most orders I place now say that shipping date will be notified rather than an exact date. Expedited shipping taking 14 days? https://t.co/B8jCCoJ9Xo,Most orders I place now say that shipping date will be notified rather than an exact date. Expedited shipping taking 14 days?,single_match,delivery_order_status,delivery_order_status,stage1_rule,High-confidence single rule match,Wed Nov 01 11:09:36 +0000 2017
29510,29510,Still waiting for @115830 to call me regarding my complaint about their poor Prime service. Was supposed to happen on 28/10/17... 😡,Still waiting for to call me regarding my complaint about their poor Prime service. Was supposed to happen on 28/10/17... 😡,single_match,service_complaint,service_complaint,stage1_rule,High-confidence single rule match,Wed Nov 01 11:10:00 +0000 2017
29545,29545,@115850 bought #amazonprime subscription on 16.10.17 under 100% #cashback offer.nothing has been credited to my amazon a/c. pls. help,bought #amazonprime subscription on 16.10.17 under 100% #cashback offer.nothing has been credited to my amazon a/c. pls. help,single_match,prime_membership,prime_membership,stage1_rule,High-confidence single rule match,Wed Nov 01 11:12:40 +0000 2017
25935,25930,"@AmazonHelp Also geprüft und für negativ befunden, ich hoffe das Paket kommt heute an und vor allem gut Verpackt, die 3te Box war leider zerknickt ...","Also geprüft und für negativ befunden, ich hoffe das Paket kommt heute an und vor allem gut Verpackt, die 3te Box war leider zerknickt ...",zero_match,other,other,stage1_sampled_other,Sampled zero-match other,Wed Nov 01 11:13:02 +0000 2017
29516,29516,"@115850 WTF! IT'S NOT POSSIBLE TO CONNECT TO YOUR CS TEAM, EITHER ON 180030009009 OR THROUGH THE APP","WTF! IT'S NOT POSSIBLE TO CONNECT TO YOUR CS TEAM, EITHER ON 180030009009 OR THROUGH THE APP",zero_match,other,other,stage1_sampled_other,Sampled zero-match other,Wed Nov 01 11:16:43 +0000 2017
29512,29512,"This is very sad to say that being a happy cust. this time had worst experience on returns. Yet not able to return.
@115850 @AmazonHelp",This is very sad to say that being a happy cust. this time had worst experience on returns. Yet not able to return.,single_match,service_complaint,service_complaint,stage1_rule,High-confidence single rule match,Wed Nov 01 11:17:21 +0000 2017
29483,29483,"OrderId 407-5786974-7485166
Ordered a washing machine and it was defected! No one came for taking it back. https://t.co/ZebNluoneI",OrderId 407-5786974-7485166 Ordered a washing machine and it was defected! No one came for taking it back.,zero_match,other,other,stage1_sampled_other,Sampled zero-match other,Wed Nov 01 11:19:23 +0000 2017
29493,29493,C’est quoi ce favoritisme à 2 balles là ? Dc si je veux le film je dois prendre un abonnement à Amazon Prime pr 49€ environ ?? @120533 https://t.co/Dq9OGOHglh,C’est quoi ce favoritisme à 2 balles là ? Dc si je veux le film je dois prendre un abonnement à Amazon Prime pr 49€ environ ??,zero_match,other,other,stage1_sampled_other,Sampled zero-match other,Wed Nov 01 11:19:47 +0000 2017
29961,29961,@AmazonHelp disponible au point relais oui mais lequel ? https://t.co/xCvcH3WQTE,disponible au point relais oui mais lequel ?,zero_match,other,other,stage1_sampled_other,Sampled zero-match other,Wed Nov 01 11:21:51 +0000 2017
30544,30514,"@115850 No agent shows up on Mon, Wed get a call in the morning while the slot is for 1-4pm.  Now I get an SMS that pick up is cancelled. Why?","No agent shows up on Mon, Wed get a call in the morning while the slot is for 1-4pm. Now I get an SMS that pick up is cancelled. Why?",single_match,delivery_order_status,delivery_order_status,stage1_rule,High-confidence single rule match,Wed Nov 01 11:25:24 +0000 2017
29510,29498,@AmazonHelp I was told I would get a call back from Angelica who was dealing with my complaint on 28th October,I was told I would get a call back from Angelica who was dealing with my complaint on 28th October,single_match,service_complaint,service_complaint,stage1_rule,High-confidence single rule match,Wed Nov 01 11:26:09 +0000 2017
30026,30026,"@AmazonHelp bom dia! Agora que o serviço do prime vídeo pode ser pago em Reais, fica a dúvida: os outros canais extras do prime também?","bom dia! Agora que o serviço do prime vídeo pode ser pago em Reais, fica a dúvida: os outros canais extras do prime também?",zero_match,other,other,stage1_sampled_other,Sampled zero-match other,Wed Nov 01 11:28:27 +0000 2017
29986,29986,Warum kann ich meinen #kindle oasis und Zubehör noch nicht bewerten? @116316 Angst vor schlechten Bewertungen? Zu recht!,Warum kann ich meinen #kindle oasis und Zubehör noch nicht bewerten? Angst vor schlechten Bewertungen? Zu recht!,single_match,device_digital_content,device_digital_content,stage1_rule,High-confidence single rule match,Wed Nov 01 11:30:01 +0000 2017
30003,30003,"Despite the fact that I don't actually have my delivery, @115830 insist on telling me that it's delivered and won't help me get it. Highly suspicious business practices going on, even by their standards!","Despite the fact that I don't actually have my delivery, insist on telling me that it's delivered and won't help me get it. Highly suspicious business practices going on, even by their standards!",single_match,delivery_order_status,delivery_order_status,stage1_rule,High-confidence single rule match,Wed Nov 01 11:30:46 +0000 2017
29999,29997,@AmazonHelp Is it necessary to send fax ?? Can't we send email with supporting documents ??,Is it necessary to send fax ?? Can't we send email with supporting documents ??,zero_match,other,other,stage1_sampled_other,Sampled zero-match other,Wed Nov 01 11:31:33 +0000 2017
22147,22146,@AmazonHelp I did not see any email. I only had to call again. Now I see it is rescheduled for pickup tomorrow 2nd Nov.,I did not see any email. I only had to call again. Now I see it is rescheduled for pickup tomorrow 2nd Nov.,single_match,delivery_order_status,delivery_order_status,stage1_rule,High-confidence single rule match,Wed Nov 01 11:33:02 +0000 2017
30498,30498,"@115850 Pur 50""Led TV vth extd warranty frm Amazon wch is gvng prblm. Unable 2talk 2some1 in Amazon. Micromax is infmng us 2talk 2 Amazon.","Pur 50""Led TV vth extd warranty frm Amazon wch is gvng prblm. Unable 2talk 2some1 in Amazon. Micromax is infmng us 2talk 2 Amazon.",single_match,item_quality_issue,item_quality_issue,stage1_rule,High-confidence single rule match,Wed Nov 01 11:37:21 +0000 2017
29944,29944,"2 months later, 5 phone calls, speaking to an upper level manager and I still haven't received access to my @115821 account. COOL GUYS.","2 months later, 5 phone calls, speaking to an upper level manager and I still haven't received access to my account. COOL GUYS.",single_match,service_complaint,service_complaint,stage1_rule,High-confidence single rule match,Wed Nov 01 11:37:28 +0000 2017
30506,30506,@AmazonHelp don't believe this. After having to cancel last order &amp; reorder for Amazon locker you've done exact same and sent from (cont),don't believe this. After having to cancel last order &amp; reorder for Amazon locker you've done exact same and sent from (cont),single_match,delivery_order_status,delivery_order_status,stage1_rule,High-confidence single rule match,Wed Nov 01 11:43:40 +0000 2017
29944,29943,@AmazonHelp I was told I'd receive an email to reset my password since my account was hacked and 5 phone calls later nothing.,I was told I'd receive an email to reset my password since my account was hacked and 5 phone calls later nothing.,single_match,account_access,account_access,stage1_rule,High-confidence single rule match,Wed Nov 01 11:44:18 +0000 2017
29493,29495,@AmazonHelp C’est pas ce que j’ai demandé.. mais merci quand même de votre part 😂😉👍,C’est pas ce que j’ai demandé.. mais merci quand même de votre part 😂😉👍,zero_match,other,other,stage1_sampled_other,Sampled zero-match other,Wed Nov 01 11:44:38 +0000 2017
29975,29974,@AmazonHelp Not using 'app' using desk top &amp; your webpage - leaves lot 2 be desired,Not using 'app' using desk top &amp; your webpage - leaves lot 2 be desired,zero_match,other,other,stage1_sampled_other,Sampled zero-match other,Wed Nov 01 11:45:32 +0000 2017
15672,15674,"@AmazonHelp It was Amazon Logistics.  But the device never made it to them and ""guaranteed Oct 31"" slipped to ""expected Nov 1-2"".","It was Amazon Logistics. But the device never made it to them and ""guaranteed Oct 31"" slipped to ""expected Nov 1-2"".",zero_match,other,other,stage1_sampled_other,Sampled zero-match other,Wed Nov 01 11:46:02 +0000 2017
31395,31394,"@AmazonHelp Hey still didn't get the charging cable with it. Don't know how to charge it. please help!!!,this time I bought 2 of it","Hey still didn't get the charging cable with it. Don't know how to charge it. please help!!!,this time I bought 2 of it",single_match,payment_billing,payment_billing,stage1_rule,High-confidence single rule match,Wed Nov 01 11:46:04 +0000 2017
30504,30504,"@AmazonHelp Your help pages don't reflect changes to the site, e.g. 'Change Account Settings' no longer exists:

https://t.co/WZngOaWQbr","Your help pages don't reflect changes to the site, e.g. 'Change Account Settings' no longer exists:",zero_match,other,other,stage1_sampled_other,Sampled zero-match other,Wed Nov 01 11:47:38 +0000 2017
31346,31346,Kindleがダウンロードできないぞーーーー,Kindleがダウンロードできないぞーーーー,single_match,device_digital_content,device_digital_content,stage1_rule,High-confidence single rule match,Wed Nov 01 11:47:38 +0000 2017
29944,29946,@AmazonHelp  https://t.co/b5RacHAicP,,zero_match,other,other,stage1_sampled_other,Sampled zero-match other,Wed Nov 01 11:48:12 +0000 2017
29510,29504,@AmazonHelp Yes. I also emailed it and wrote it on the two feedback forms I received,Yes. I also emailed it and wrote it on the two feedback forms I received,single_match,service_complaint,service_complaint,stage1_rule,High-confidence single rule match,Wed Nov 01 11:53:32 +0000 2017
29975,29977,"@AmazonHelp How? Have tried via rubbish website, emailed given up on order &amp; now playing Twitter","How? Have tried via rubbish website, emailed given up on order &amp; now playing Twitter",single_match,service_complaint,service_complaint,stage1_rule,High-confidence single rule match,Wed Nov 01 11:54:08 +0000 2017
16827,16829,@AmazonHelp My guaranteed delivery date was Monday.,My guaranteed delivery date was Monday.,single_match,delivery_order_status,delivery_order_status,stage1_rule,High-confidence single rule match,Wed Nov 01 11:59:11 +0000 2017
28899,28888,"@AmazonHelp I have replied all ur emails. But, after last week no response on the status and didn’t get message from you today as u mentioned.","I have replied all ur emails. But, after last week no response on the status and didn’t get message from you today as u mentioned.",single_match,service_complaint,service_complaint,stage1_rule,High-confidence single rule match,Wed Nov 01 12:00:29 +0000 2017
33310,33310,"@117086 19/10 fiz 2compras no site de vcs e tive problema com as 2. No site não conseguiram solucionar, 1 quebrado e 1 ainda não entregue.","19/10 fiz 2compras no site de vcs e tive problema com as 2. No site não conseguiram solucionar, 1 quebrado e 1 ainda não entregue.",zero_match,other,other,stage1_sampled_other,Sampled zero-match other,Wed Nov 01 12:03:12 +0000 2017
31399,31399,@115850 y not ship Amazon pantry to all cities n towns.. v don't mind getting it in 3-4 days.,y not ship Amazon pantry to all cities n towns.. v don't mind getting it in 3-4 days.,zero_match,other,other,stage1_sampled_other,Sampled zero-match other,Wed Nov 01 12:07:31 +0000 2017
31375,31375,Hey @AmazonHelp does the Fire HD with Alexa do calling like the Echo devices?,Hey does the Fire HD with Alexa do calling like the Echo devices?,single_match,device_digital_content,device_digital_content,stage1_rule,High-confidence single rule match,Wed Nov 01 12:10:28 +0000 2017
31395,31391,"@AmazonHelp Hey, checked the package I think they don't Provide it","Hey, checked the package I think they don't Provide it",single_match,delivery_order_status,delivery_order_status,stage1_rule,High-confidence single rule match,Wed Nov 01 12:10:54 +0000 2017
31333,31333,@115821 still hasn’t taken my money for my order! WHY,still hasn’t taken my money for my order! WHY,single_match,delivery_order_status,delivery_order_status,stage1_rule,High-confidence single rule match,Wed Nov 01 12:11:58 +0000 2017
31371,31368,@AmazonHelp I have shared details already but no one contact me..,I have shared details already but no one contact me..,single_match,service_complaint,service_complaint,stage1_rule,High-confidence single rule match,Wed Nov 01 12:12:18 +0000 2017
27817,27816,@AmazonHelp I placed a pantry order with Amazon India,I placed a pantry order with Amazon India,zero_match,other,other,stage1_sampled_other,Sampled zero-match other,Wed Nov 01 12:15:33 +0000 2017
31387,31387,I don’t understand why @115821 Prime isn’t shipping promptly anymore. I spend tens of thousands a year with them. No two day service. 😬,I don’t understand why Prime isn’t shipping promptly anymore. I spend tens of thousands a year with them. No two day service. 😬,single_match,delivery_order_status,delivery_order_status,stage1_rule,High-confidence single rule match,Wed Nov 01 12:15:35 +0000 2017
31854,31854,@117086 você compra fone JBL e eles te mandam GENÉRICO isso mesmo PIRATA! Já começou bem!,você compra fone JBL e eles te mandam GENÉRICO isso mesmo PIRATA! Já começou bem!,zero_match,other,other,stage1_sampled_other,Sampled zero-match other,Wed Nov 01 12:16:32 +0000 2017
31346,31343,@AmazonHelp ちなみにダウンロードできなかったのはKindle for PCでした。,ちなみにダウンロードできなかったのはKindle for PCでした。,single_match,device_digital_content,device_digital_content,stage1_rule,High-confidence single rule match,Wed Nov 01 12:22:47 +0000 2017
31825,31825,@AmazonHelp it's been suggested I get a crime number from police for a missing parcel or no assistance. Are you crazy?!,it's been suggested I get a crime number from police for a missing parcel or no assistance. Are you crazy?!,single_match,delivery_order_status,delivery_order_status,stage1_rule,High-confidence single rule match,Wed Nov 01 12:23:40 +0000 2017
31340,31337,"@AmazonHelp 
amazonから発送のぶんです。
3日に届くようにはなっているので！3日すぎても商品が届かなかったら問い合わせしてみます。Twitterで呟いてすみません😅",amazonから発送のぶんです。 3日に届くようにはなっているので！3日すぎても商品が届かなかったら問い合わせしてみます。Twitterで呟いてすみません😅,zero_match,other,other,stage1_sampled_other,Sampled zero-match other,Wed Nov 01 12:24:36 +0000 2017
31845,31845,@115821 my mobile not giving refund problem please help me,my mobile not giving refund problem please help me,single_match,refund_return,refund_return,stage1_rule,High-confidence single rule match,Wed Nov 01 12:25:18 +0000 2017
29991,29994,"@AmazonHelp of no use dear Amazon, please change ur delivery partner as delhivery everyone in my city is pissed of with this service https://t.co/HgJfaOBvzB","of no use dear Amazon, please change ur delivery partner as delhivery everyone in my city is pissed of with this service",single_match,delivery_order_status,delivery_order_status,stage1_rule,High-confidence single rule match,Wed Nov 01 12:27:06 +0000 2017
31857,31857,I thought I missed my Amazon 📦 yesterday but the driver came back 💃🏾,I thought I missed my Amazon 📦 yesterday but the driver came back 💃🏾,single_match,delivery_order_status,delivery_order_status,stage1_rule,High-confidence single rule match,Wed Nov 01 12:28:11 +0000 2017
31365,31364,"@AmazonHelp Vendredi 3, la veille de mon anniv :) Vous m’offrez un jeu switch ? 😝😝🙈","Vendredi 3, la veille de mon anniv :) Vous m’offrez un jeu switch ? 😝😝🙈",zero_match,other,other,stage1_sampled_other,Sampled zero-match other,Wed Nov 01 12:30:15 +0000 2017
32314,32314,@115850 Promotional cash back not credited even after refund date been crossed https://t.co/YxIGHWvVmb order# 404-4707947-1460330☹️😡,Promotional cash back not credited even after refund date been crossed order# 404-4707947-1460330☹️😡,single_match,refund_return,refund_return,stage1_rule,High-confidence single rule match,Wed Nov 01 12:30:23 +0000 2017
31828,31828,"If this Francisco Reyes guy even exists, it’d be great to get my @115821 account back. At this point, @115821 has the worst customer service","If this Francisco Reyes guy even exists, it’d be great to get my account back. At this point, has the worst customer service",single_match,service_complaint,service_complaint,stage1_rule,High-confidence single rule match,Wed Nov 01 12:32:10 +0000 2017
31311,31313,@AmazonHelp Form filled,Form filled,zero_match,other,other,stage1_sampled_other,Sampled zero-match other,Wed Nov 01 12:32:52 +0000 2017
32318,32318,"@115850 don't you even bother the problem of customers,you send incomplete package then Leave customer on their own
Too bad ..","don't you even bother the problem of customers,you send incomplete package then Leave customer on their own Too bad ..",single_match,delivery_order_status,delivery_order_status,stage1_rule,High-confidence single rule match,Wed Nov 01 12:34:15 +0000 2017
32341,32341,"Mal was Nettes sagen: Dickes Lob an @116316 &amp; @AmazonHelp. Gestern ging ein Paket verloren, Nachts gemailt, heute das Geld auf dem Konto.","Mal was Nettes sagen: Dickes Lob an &amp; . Gestern ging ein Paket verloren, Nachts gemailt, heute das Geld auf dem Konto.",zero_match,other,other,stage1_sampled_other,Sampled zero-match other,Wed Nov 01 12:39:49 +0000 2017
31839,31834,"@AmazonHelp one order was suppose to be delivered by 30th october , still no tracking available for the same as on 1/11/17","one order was suppose to be delivered by 30th october , still no tracking available for the same as on 1/11/17",single_match,delivery_order_status,delivery_order_status,stage1_rule,High-confidence single rule match,Wed Nov 01 12:40:18 +0000 2017
32345,32345,@115821 How can I contact customer services without logging into Amazon?,How can I contact customer services without logging into Amazon?,single_match,service_complaint,service_complaint,stage1_rule,High-confidence single rule match,Wed Nov 01 12:41:57 +0000 2017
24505,24495,"@AmazonHelp After four days of trying,, one of your phone staff finally checked and discovered the item was LOST on Saturday. Now I have to order again.","After four days of trying,, one of your phone staff finally checked and discovered the item was LOST on Saturday. Now I have to order again.",zero_match,other,other,stage1_sampled_other,Sampled zero-match other,Wed Nov 01 12:44:40 +0000 2017
32334,32334,"Dear @119625 Please add Shubh Mangal Savdhan Movie in your play list ,
Thanks in advance 
@2082 @2083","Dear Please add Shubh Mangal Savdhan Movie in your play list , Thanks in advance",zero_match,other,other,stage1_sampled_other,Sampled zero-match other,Wed Nov 01 12:45:33 +0000 2017
31304,31303,@AmazonHelp Hi KJ! My order # is 114-4756629-6504233. Returning something and when it’s funded I will be re-ordering something similar. Help?,Hi KJ! My order # is 114-4756629-6504233. Returning something and when it’s funded I will be re-ordering something similar. Help?,single_match,delivery_order_status,delivery_order_status,stage1_rule,High-confidence single rule match,Wed Nov 01 12:46:12 +0000 2017
33216,33216,".@115830 I calculate that the big box could have accommodated up to 100 batteries, not just the one I ordered. https://t.co/zZcpoFcxkD",". I calculate that the big box could have accommodated up to 100 batteries, not just the one I ordered.",zero_match,other,other,stage1_sampled_other,Sampled zero-match other,Wed Nov 01 12:46:53 +0000 2017
33205,33205,"It's very shameful on your part @115850, promising a day delivery and not even giving the agent's number, just to fool the customers. https://t.co/11Xyzg0epQ","It's very shameful on your part , promising a day delivery and not even giving the agent's number, just to fool the customers.",single_match,delivery_order_status,delivery_order_status,stage1_rule,High-confidence single rule match,Wed Nov 01 12:47:10 +0000 2017
33281,33281,"@AmazonHelp order no. 408-9613915-0161138
Just one question, what is my fault in all this and you are telling me policies @1840","order no. 408-9613915-0161138 Just one question, what is my fault in all this and you are telling me policies",single_match,delivery_order_status,delivery_order_status,stage1_rule,High-confidence single rule match,Wed Nov 01 12:47:32 +0000 2017
33262,33262,@AmazonHelp @115850 Thanks a lot for not delivering my product even after promising. Fake promises! Two orders and both not dlvd. #prime https://t.co/Y9nT10k5Lj,Thanks a lot for not delivering my product even after promising. Fake promises! Two orders and both not dlvd. #prime,single_match,delivery_order_status,delivery_order_status,stage1_rule,High-confidence single rule match,Wed Nov 01 12:48:06 +0000 2017
33211,33211,"@115850 A ordered was cancelled on 30th october, by what time I can expect Amazon pay balance?","A ordered was cancelled on 30th october, by what time I can expect Amazon pay balance?",zero_match,other,other,stage1_sampled_other,Sampled zero-match other,Wed Nov 01 12:49:34 +0000 2017
31304,31306,"@AmazonHelp Hi DC. Looks like the return is to an Amazon Fulfillment Services in Saint Anne, IL. You are welcome to DM me if that is easier.","Hi DC. Looks like the return is to an Amazon Fulfillment Services in Saint Anne, IL. You are welcome to DM me if that is easier.",single_match,service_complaint,service_complaint,stage1_rule,High-confidence single rule match,Wed Nov 01 12:50:21 +0000 2017
29944,29948,@AmazonHelp I can't log in to my account to even do that. That's the issue. I have Zero access cause it's been hacked.,I can't log in to my account to even do that. That's the issue. I have Zero access cause it's been hacked.,single_match,account_access,account_access,stage1_rule,High-confidence single rule match,Wed Nov 01 12:51:09 +0000 2017
31311,31316,@AmazonHelp Your team has contacted saying the same 24-48 hr delivery policy for order delivery. So I need to wait another 2 days. For prime your deliver fast but not for me even for your mistake.,Your team has contacted saying the same 24-48 hr delivery policy for order delivery. So I need to wait another 2 days. For prime your deliver fast but not for me even for your mistake.,single_match,delivery_order_status,delivery_order_status,stage1_rule,High-confidence single rule match,Wed Nov 01 12:53:57 +0000 2017
24505,24498,"@AmazonHelp It is being arranged ,but a week after arranging Prime delivery, I have to order it again. It is not good enough.","It is being arranged ,but a week after arranging Prime delivery, I have to order it again. It is not good enough.",single_match,delivery_order_status,delivery_order_status,stage1_rule,High-confidence single rule match,Wed Nov 01 12:54:18 +0000 2017
31839,31842,@AmazonHelp i called customer care this morning and the rep doesnt even know and blurts out information without even knowing what customer asking for,i called customer care this morning and the rep doesnt even know and blurts out information without even knowing what customer asking for,single_match,service_complaint,service_complaint,stage1_rule,High-confidence single rule match,Wed Nov 01 12:54:47 +0000 2017
33200,33200,"@115850 
HELP me with order no 171-2257132-6941919 which is not shipped yet.",HELP me with order no 171-2257132-6941919 which is not shipped yet.,single_match,delivery_order_status,delivery_order_status,stage1_rule,High-confidence single rule match,Wed Nov 01 12:56:07 +0000 2017
33220,33220,アマゾンが届け予定日３日過ぎても届かないなんてはじめてだ🙄,アマゾンが届け予定日３日過ぎても届かないなんてはじめてだ🙄,zero_match,other,other,stage1_sampled_other,Sampled zero-match other,Wed Nov 01 12:56:37 +0000 2017
33273,33273,Got a notification from @115821 that my package was delivered 2 my neighbour even tho I'm sat @ home waiting...neighbour didn't receive it?!,Got a notification from that my package was delivered 2 my neighbour even tho I'm sat @ home waiting...neighbour didn't receive it?!,single_match,delivery_order_status,delivery_order_status,stage1_rule,High-confidence single rule match,Wed Nov 01 12:57:34 +0000 2017
33301,33301,My order number: 171-2623585-5777153 is not yet delivered. This is the third time I am facing the problem @115850,My order number: 171-2623585-5777153 is not yet delivered. This is the third time I am facing the problem,single_match,delivery_order_status,delivery_order_status,stage1_rule,High-confidence single rule match,Wed Nov 01 12:59:03 +0000 2017
33285,33285,Hallo @AmazonHelp Kann es sein das eure Seite derzeit nicht abrufbar ist?,Hallo Kann es sein das eure Seite derzeit nicht abrufbar ist?,zero_match,other,other,stage1_sampled_other,Sampled zero-match other,Wed Nov 01 12:59:16 +0000 2017
33293,33293,Hello @AmazonHelp Don't send a special edition game like this in just a cardboard sleeve. It clearly got crushed b/c bad packaging. https://t.co/zoEmj23Hh5,Hello Don't send a special edition game like this in just a cardboard sleeve. It clearly got crushed b/c bad packaging.,zero_match,other,other,stage1_sampled_other,Sampled zero-match other,Wed Nov 01 12:59:56 +0000 2017
33273,33271,@AmazonHelp It just got delivered and the delivery man had no idea what I was talking about so I guess it was resolved but wtf weird,It just got delivered and the delivery man had no idea what I was talking about so I guess it was resolved but wtf weird,single_match,delivery_order_status,delivery_order_status,stage1_rule,High-confidence single rule match,Wed Nov 01 13:01:40 +0000 2017
32345,32347,@AmazonHelp It doesn't say message sent it doesn't seem to do anything... I imagine if it was sent I would get an automated reply via email,It doesn't say message sent it doesn't seem to do anything... I imagine if it was sent I would get an automated reply via email,zero_match,other,other,stage1_sampled_other,Sampled zero-match other,Wed Nov 01 13:03:50 +0000 2017
34526,34526,"@116928 que pasa últimamente?? un paquete que me llegaba el día 25, cambiaron la fecha al 31 y hoy marca el 11","que pasa últimamente?? un paquete que me llegaba el día 25, cambiaron la fecha al 31 y hoy marca el 11",zero_match,other,other,stage1_sampled_other,Sampled zero-match other,Wed Nov 01 13:08:36 +0000 2017
34544,34544,"Tem coisa melhor do q receber encomenda no teu nome e ainda antes da data prevista??

@117086 te amo, namoral https://t.co/ydD9ZNF0U4","Tem coisa melhor do q receber encomenda no teu nome e ainda antes da data prevista?? te amo, namoral",zero_match,other,other,stage1_sampled_other,Sampled zero-match other,Wed Nov 01 13:09:01 +0000 2017
33170,33170,Anyone know how you mirror on the new Amazon Fire TV? @116439 want to screen mirror #amazonfiretv #fireTV,Anyone know how you mirror on the new Amazon Fire TV? want to screen mirror #amazonfiretv #fireTV,single_match,device_digital_content,device_digital_content,stage1_rule,High-confidence single rule match,Wed Nov 01 13:09:16 +0000 2017
33301,33300,@AmazonHelp I have already contacted them since two days but issue not yet solved.,I have already contacted them since two days but issue not yet solved.,single_match,service_complaint,service_complaint,stage1_rule,High-confidence single rule match,Wed Nov 01 13:09:17 +0000 2017
33177,33177,@117795  I do not want to be an amazon prime member and how did u charge me 11.00 for my membership that I don't remember signing up,I do not want to be an amazon prime member and how did u charge me 11.00 for my membership that I don't remember signing up,single_match,account_access,account_access,stage1_rule,High-confidence single rule match,Wed Nov 01 13:10:29 +0000 2017
34575,34575,"Sagt mal @116316, wann gibt es endlich Amazon Prime in der Schweiz?","Sagt mal , wann gibt es endlich Amazon Prime in der Schweiz?",zero_match,other,other,stage1_sampled_other,Sampled zero-match other,Wed Nov 01 13:10:56 +0000 2017
34518,34518,@1811 questa recensione e esattamente come deve essere o qualcuno non capisce inglese! https://t.co/22aoDFzNPf,questa recensione e esattamente come deve essere o qualcuno non capisce inglese!,zero_match,other,other,stage1_sampled_other,Sampled zero-match other,Wed Nov 01 13:11:36 +0000 2017
33262,33261,@AmazonHelp I already dialed your CS team twice and as I am talking I just got the text below: what the hell is wrong with you people! I am waiting https://t.co/TzW6N8vKGH,I already dialed your CS team twice and as I am talking I just got the text below: what the hell is wrong with you people! I am waiting,zero_match,other,other,stage1_sampled_other,Sampled zero-match other,Wed Nov 01 13:12:16 +0000 2017
34521,34521,@115830 will UK pre orders for cod ww2 get pre load codes soon ?,will UK pre orders for cod ww2 get pre load codes soon ?,zero_match,other,other,stage1_sampled_other,Sampled zero-match other,Wed Nov 01 13:14:10 +0000 2017
33285,33284,"@AmazonHelp Über meinen PC, Router sowie Pc mehrmals neugestartet.","Über meinen PC, Router sowie Pc mehrmals neugestartet.",zero_match,other,other,stage1_sampled_other,Sampled zero-match other,Wed Nov 01 13:14:42 +0000 2017
34500,34500,"@AmazonHelp I am getting ""We're sorry but we encountered an error when processing your request. Please try again"" When payi with 2 dif cards","I am getting ""We're sorry but we encountered an error when processing your request. Please try again"" When payi with 2 dif cards",zero_match,other,other,stage1_sampled_other,Sampled zero-match other,Wed Nov 01 13:15:00 +0000 2017
33293,33292,"@AmazonHelp Doing that right now. So I'll have to send it back if I want a replacement, right?","Doing that right now. So I'll have to send it back if I want a replacement, right?",single_match,refund_return,refund_return,stage1_rule,High-confidence single rule match,Wed Nov 01 13:15:10 +0000 2017
24479,24478,"@AmazonHelp Still not despatched, can you check what the delay is? This is the second problem I’ve had using prime next day delivery","Still not despatched, can you check what the delay is? This is the second problem I’ve had using prime next day delivery",single_match,delivery_order_status,delivery_order_status,stage1_rule,High-confidence single rule match,Wed Nov 01 13:16:09 +0000 2017
35161,35161,What happened to my order #402-7818801-0665933 it's not moving since 28/10/17 @115850,What happened to my order #402-7818801-0665933 it's not moving since 28/10/17,single_match,delivery_order_status,delivery_order_status,stage1_rule,High-confidence single rule match,Wed Nov 01 13:17:46 +0000 2017
34471,34471,@115830 i've noticed recently all my game pre-orders are scheduled to be delivered a day late. Why is this? 🤔,i've noticed recently all my game pre-orders are scheduled to be delivered a day late. Why is this? 🤔,single_match,delivery_order_status,delivery_order_status,stage1_rule,High-confidence single rule match,Wed Nov 01 13:22:15 +0000 2017
29573,29572,@AmazonHelp Horrible response form your team still unable to solve the Issue....can someone call me on +91 9096377143...,Horrible response form your team still unable to solve the Issue....can someone call me on +91 9096377143...,single_match,service_complaint,service_complaint,stage1_rule,High-confidence single rule match,Wed Nov 01 13:22:35 +0000 2017
34467,34467,@116928 Hace medio año os compre un CPU AMD. Ya no funciona. ¿Qué hago?,Hace medio año os compre un CPU AMD. Ya no funciona. ¿Qué hago?,zero_match,other,other,stage1_sampled_other,Sampled zero-match other,Wed Nov 01 13:22:43 +0000 2017
35957,35957,"It is so much fun coming home after a day at work, entering the room &amp; simply saying ""Alexa, play some trance music"". @115821 @116935 https://t.co/ikIHSIvd7g","It is so much fun coming home after a day at work, entering the room &amp; simply saying ""Alexa, play some trance music"".",single_match,device_digital_content,device_digital_content,stage1_rule,High-confidence single rule match,Wed Nov 01 13:23:58 +0000 2017
34521,34520,@AmazonHelp Thanks ! PS4,Thanks ! PS4,zero_match,other,other,stage1_sampled_other,Sampled zero-match other,Wed Nov 01 13:25:20 +0000 2017
33285,33287,"@AmazonHelp Habe das Problem jetzt gefunden,es lag daran das mir einer aus der Familie einen Streich gespielt hatte.Derjenige hatte die Seite gesperrt 😅","Habe das Problem jetzt gefunden,es lag daran das mir einer aus der Familie einen Streich gespielt hatte.Derjenige hatte die Seite gesperrt 😅",zero_match,other,other,stage1_sampled_other,Sampled zero-match other,Wed Nov 01 13:25:49 +0000 2017
33205,33203,"@AmazonHelp And you people fool your customers, very shameful.","And you people fool your customers, very shameful.",zero_match,other,other,stage1_sampled_other,Sampled zero-match other,Wed Nov 01 13:26:52 +0000 2017
35169,35169,"@115821, are you getting too big for great service? Amazon logistics is failing your company. Fed up with the lousy delivery service lately!",", are you getting too big for great service? Amazon logistics is failing your company. Fed up with the lousy delivery service lately!",single_match,delivery_order_status,delivery_order_status,stage1_rule,High-confidence single rule match,Wed Nov 01 13:27:18 +0000 2017
24479,24481,@AmazonHelp All 3 say they are arriving today but none are dispatched yet so I don’t see how they can be https://t.co/gC5LWihN4U,All 3 say they are arriving today but none are dispatched yet so I don’t see how they can be,single_match,delivery_order_status,delivery_order_status,stage1_rule,High-confidence single rule match,Wed Nov 01 13:27:58 +0000 2017
33293,33295,"@AmazonHelp And I can use the original packaging, even if that's what caused the damage in the first place?","And I can use the original packaging, even if that's what caused the damage in the first place?",zero_match,other,other,stage1_sampled_other,Sampled zero-match other,Wed Nov 01 13:28:50 +0000 2017
35176,35176,Maybe someone at @115821 can machine learn their way into telling someone at @117093 that bananas and cans don't go in the same bag?,Maybe someone at can machine learn their way into telling someone at that bananas and cans don't go in the same bag?,zero_match,other,other,stage1_sampled_other,Sampled zero-match other,Wed Nov 01 13:30:25 +0000 2017
34471,34470,"@AmazonHelp No, for this particular example the game releases on 3rd November but the delivery date is the 4th. I pre-ordered the game months ago","No, for this particular example the game releases on 3rd November but the delivery date is the 4th. I pre-ordered the game months ago",single_match,delivery_order_status,delivery_order_status,stage1_rule,High-confidence single rule match,Wed Nov 01 13:31:51 +0000 2017
34544,34543,@AmazonHelp Meu kindle e mais alguns livros \o/ https://t.co/N7WuKp1AFi,Meu kindle e mais alguns livros \o/,single_match,device_digital_content,device_digital_content,stage1_rule,High-confidence single rule match,Wed Nov 01 13:33:18 +0000 2017
35172,35172,"Ordered via @AmazonHelp, notified its been delivered. Get home, not delivered. Request them to investigate, their response.Salt in the wound https://t.co/AmxnePgcpF","Ordered via , notified its been delivered. Get home, not delivered. Request them to investigate, their response.Salt in the wound",single_match,delivery_order_status,delivery_order_status,stage1_rule,High-confidence single rule match,Wed Nov 01 13:33:29 +0000 2017
35144,35144,@119625 please release Grand Tour on the same date as the global release. Waiting for it here!,please release Grand Tour on the same date as the global release. Waiting for it here!,zero_match,other,other,stage1_sampled_other,Sampled zero-match other,Wed Nov 01 13:36:13 +0000 2017
35156,35156,First attempt at ordering an @115821 package to an Amazon Pickup Point and they are 3 days late on delivery. Why bother paying for prime?,First attempt at ordering an package to an Amazon Pickup Point and they are 3 days late on delivery. Why bother paying for prime?,single_match,delivery_order_status,delivery_order_status,stage1_rule,High-confidence single rule match,Wed Nov 01 13:37:56 +0000 2017
33262,33265,@AmazonHelp This is not going to help! I understand how you people work. Your delivery team don’t deliver and they say that customer not available! Lier https://t.co/gXQwLEuJJG,This is not going to help! I understand how you people work. Your delivery team don’t deliver and they say that customer not available! Lier,single_match,delivery_order_status,delivery_order_status,stage1_rule,High-confidence single rule match,Wed Nov 01 13:38:30 +0000 2017
35156,35155,@AmazonHelp Supposed to arrive Nov 2nd or 3rd now and I need the package no later than tomorrow night,Supposed to arrive Nov 2nd or 3rd now and I need the package no later than tomorrow night,single_match,delivery_order_status,delivery_order_status,stage1_rule,High-confidence single rule match,Wed Nov 01 13:43:20 +0000 2017
34503,34505,@AmazonHelp Com certeza e é quase impossível eu não entrar hahah 💙,Com certeza e é quase impossível eu não entrar hahah 💙,zero_match,other,other,stage1_sampled_other,Sampled zero-match other,Wed Nov 01 13:47:57 +0000 2017
35949,35949,"Twin Peaks the Final Dossier was expected to arrive yesterday, the day it was released. Yay, preorder! Except @115821 hasn’t shipped it yet.","Twin Peaks the Final Dossier was expected to arrive yesterday, the day it was released. Yay, preorder! Except hasn’t shipped it yet.",single_match,delivery_order_status,delivery_order_status,stage1_rule,High-confidence single rule match,Wed Nov 01 13:48:18 +0000 2017
35929,35929,"@117086 Bom dia, gostaria de saber se o livro da @2200 a vida sem filtro vai está à venda em Portugal?!","Bom dia, gostaria de saber se o livro da a vida sem filtro vai está à venda em Portugal?!",zero_match,other,other,stage1_sampled_other,Sampled zero-match other,Wed Nov 01 13:49:24 +0000 2017
35926,35903,@AmazonHelp Already did.. Even to your escalation team.. The courier number they gave was even incorrect.. This was present for today's bday.. Ruined...,Already did.. Even to your escalation team.. The courier number they gave was even incorrect.. This was present for today's bday.. Ruined...,single_match,delivery_order_status,delivery_order_status,stage1_rule,High-confidence single rule match,Wed Nov 01 13:49:31 +0000 2017
36582,36575,@AmazonHelp @115850 Pathetic service level of amazon,Pathetic service level of amazon,single_match,service_complaint,service_complaint,stage1_rule,High-confidence single rule match,Wed Nov 01 13:50:25 +0000 2017
35936,35936,@115821 how come the order I made today using amazon prime guarantee next day delivery says guaranteed delivery Nov 6? https://t.co/NZPhnTDEEW,how come the order I made today using amazon prime guarantee next day delivery says guaranteed delivery Nov 6?,single_match,delivery_order_status,delivery_order_status,stage1_rule,High-confidence single rule match,Wed Nov 01 13:50:41 +0000 2017
36565,36565,"@123967, @AmazonHelp: I tweeted both of your help pages but didn’t get a response. I want answers as to why my Fresh was abruptly canceled in my area. Amazon says they wouldn’t choose to stop so that leaves usps. Email says change in delivery route. ????? Doesn’t make sense.",", : I tweeted both of your help pages but didn’t get a response. I want answers as to why my Fresh was abruptly canceled in my area. Amazon says they wouldn’t choose to stop so that leaves usps. Email says change in delivery route. ????? Doesn’t make sense.",single_match,delivery_order_status,delivery_order_status,stage1_rule,High-confidence single rule match,Wed Nov 01 13:53:22 +0000 2017
36567,36567,@AmazonHelp Hi I’ve had a parcel go missing I’ve already informed Royal Mail but they said I have to let you know that’s it’s gone missing is order number 204-0980251-0540346                  do I have to do anything your end or nah??,Hi I’ve had a parcel go missing I’ve already informed Royal Mail but they said I have to let you know that’s it’s gone missing is order number 204-0980251-0540346 do I have to do anything your end or nah??,single_match,delivery_order_status,delivery_order_status,stage1_rule,High-confidence single rule match,Wed Nov 01 13:53:34 +0000 2017
35845,35845,Wow @115830 who do you use for delivery people.  Are they trained to lie?  I have been home all day.  This is shit.,Wow who do you use for delivery people. Are they trained to lie? I have been home all day. This is shit.,single_match,delivery_order_status,delivery_order_status,stage1_rule,High-confidence single rule match,Wed Nov 01 13:55:56 +0000 2017
36569,36569,got an @115821 notification that my package couldn’t reach my front door/turns out they were just lazy and never came to my house bc my gate guard said no one tried to get through so i really can’t trust anyone and delivery men are lazy @AmazonHelp i’m a freaking prime member,got an notification that my package couldn’t reach my front door/turns out they were just lazy and never came to my house bc my gate guard said no one tried to get through so i really can’t trust anyone and delivery men are lazy i’m a freaking prime member,single_match,delivery_order_status,delivery_order_status,stage1_rule,High-confidence single rule match,Wed Nov 01 13:58:42 +0000 2017
36497,36497,@117634 Kindle Unlimited website and android app down?? Any ETA on fix?,Kindle Unlimited website and android app down?? Any ETA on fix?,single_match,device_digital_content,device_digital_content,stage1_rule,High-confidence single rule match,Wed Nov 01 14:00:33 +0000 2017
35926,35902,@AmazonHelp Replied... With details.. Lets see if you can help from birthday party being ruined,Replied... With details.. Lets see if you can help from birthday party being ruined,zero_match,other,other,stage1_sampled_other,Sampled zero-match other,Wed Nov 01 14:00:43 +0000 2017
22569,22563,@AmazonHelp  https://t.co/HWXuUYZUsi,,zero_match,other,other,stage1_sampled_other,Sampled zero-match other,Wed Nov 01 14:02:34 +0000 2017
36483,36483,"Amazon didn't even ship my in stock tools, until 11 days after I ordered. 9 days after it was promised to arrive. Wtf @AmazonHelp?","Amazon didn't even ship my in stock tools, until 11 days after I ordered. 9 days after it was promised to arrive. Wtf ?",single_match,delivery_order_status,delivery_order_status,stage1_rule,High-confidence single rule match,Wed Nov 01 14:04:14 +0000 2017
36483,36481,@AmazonHelp not available at my nearby distro center.. Says it comes today. Kinda horrible delivery times.,not available at my nearby distro center.. Says it comes today. Kinda horrible delivery times.,single_match,delivery_order_status,delivery_order_status,stage1_rule,High-confidence single rule match,Wed Nov 01 14:15:00 +0000 2017
37581,37581,@AmazonHelp nice to see a parcel turn up after 2 non attempts at delivery with a giant hole in the box. #caredforbox,nice to see a parcel turn up after 2 non attempts at delivery with a giant hole in the box. #caredforbox,single_match,delivery_order_status,delivery_order_status,stage1_rule,High-confidence single rule match,Wed Nov 01 14:16:04 +0000 2017
37625,37625,"Help @AmazonHelp! My Amazon Prime biz acct was hacked. Someone reset email address, and I can't sign in to report it.","Help ! My Amazon Prime biz acct was hacked. Someone reset email address, and I can't sign in to report it.",single_match,account_access,account_access,stage1_rule,High-confidence single rule match,Wed Nov 01 14:18:58 +0000 2017
38176,38176,"@AmazonHelp someone has used my email address for their amazon account, what do I do?","someone has used my email address for their amazon account, what do I do?",zero_match,other,other,stage1_sampled_other,Sampled zero-match other,Wed Nov 01 14:21:24 +0000 2017
37616,37616,@AmazonHelp I was signed up to Prime and it wasn’t me who did it. Did someone hack my account?,I was signed up to Prime and it wasn’t me who did it. Did someone hack my account?,single_match,account_access,account_access,stage1_rule,High-confidence single rule match,Wed Nov 01 14:21:28 +0000 2017
37581,37577,@AmazonHelp ... Leaves a rather sour taste in the mouth of a customer who pays for prime delivery. Not even like my house is hard to find... Unimpressed,... Leaves a rather sour taste in the mouth of a customer who pays for prime delivery. Not even like my house is hard to find... Unimpressed,single_match,delivery_order_status,delivery_order_status,stage1_rule,High-confidence single rule match,Wed Nov 01 14:21:56 +0000 2017
38165,38165,"@AmazonHelp just so you know, your text alerts that a package has been delivered arrive now a day after the delivery. Weird.","just so you know, your text alerts that a package has been delivered arrive now a day after the delivery. Weird.",single_match,delivery_order_status,delivery_order_status,stage1_rule,High-confidence single rule match,Wed Nov 01 14:24:10 +0000 2017
32332,32327,"@AmazonHelp To me as a customer, I felt that was a unacceptable answer. I can understand if there are shortages and whatnot but nobody's saying anything","To me as a customer, I felt that was a unacceptable answer. I can understand if there are shortages and whatnot but nobody's saying anything",single_match,service_complaint,service_complaint,stage1_rule,High-confidence single rule match,Wed Nov 01 14:24:47 +0000 2017
38143,38143,"@AmazonHelp Bonjour, pas de nouvelles de ma commande censé arriver hier 402-7454769-1903530.. pouvez vous m'aider ?'","Bonjour, pas de nouvelles de ma commande censé arriver hier 402-7454769-1903530.. pouvez vous m'aider ?'",single_match,delivery_order_status,delivery_order_status,stage1_rule,High-confidence single rule match,Wed Nov 01 14:26:21 +0000 2017
37594,37587,@AmazonHelp Think you guys charged me twice for something im not aware of,Think you guys charged me twice for something im not aware of,single_match,payment_billing,payment_billing,stage1_rule,High-confidence single rule match,Wed Nov 01 14:27:26 +0000 2017
38185,38185,"@117086 após 30 min no telefone com o atendente, não resolveu nada! #indignação","após 30 min no telefone com o atendente, não resolveu nada! #indignação",zero_match,other,other,stage1_sampled_other,Sampled zero-match other,Wed Nov 01 14:27:56 +0000 2017
38846,38846,"Hey @119625, subtitles for Rizzoli and Isles are all messed up. You should definitely fix that.","Hey , subtitles for Rizzoli and Isles are all messed up. You should definitely fix that.",zero_match,other,other,stage1_sampled_other,Sampled zero-match other,Wed Nov 01 14:27:59 +0000 2017
38197,38197,@115821 where my order at  Order number 112-3457637-0652212 https://t.co/hLZtaUwrDn,where my order at Order number 112-3457637-0652212,single_match,delivery_order_status,delivery_order_status,stage1_rule,High-confidence single rule match,Wed Nov 01 14:28:11 +0000 2017
38168,38168,@120540 Avrei bisogno di un aiuto,Avrei bisogno di un aiuto,zero_match,other,other,stage1_sampled_other,Sampled zero-match other,Wed Nov 01 14:29:11 +0000 2017
37581,37576,"@AmazonHelp I have expressed my concerns on the phone the last time the delivery wasn't even attempted, but this time I haven't yet had the chance.","I have expressed my concerns on the phone the last time the delivery wasn't even attempted, but this time I haven't yet had the chance.",single_match,delivery_order_status,delivery_order_status,stage1_rule,High-confidence single rule match,Wed Nov 01 14:29:57 +0000 2017
29516,29515,"@AmazonHelp Then try using the app, select language as English, IVR would state the unnecessary status info about the last the order, no further options","Then try using the app, select language as English, IVR would state the unnecessary status info about the last the order, no further options",single_match,delivery_order_status,delivery_order_status,stage1_rule,High-confidence single rule match,Wed Nov 01 14:32:35 +0000 2017
38100,38100,@115850 https://t.co/rtbg4QomSM,,zero_match,other,other,stage1_sampled_other,Sampled zero-match other,Wed Nov 01 14:33:13 +0000 2017
38096,38096,Full day since@NursingTimes stole £80.15 from my bank via @115821. No reply from customer services,Full day since stole £80.15 from my bank via . No reply from customer services,single_match,service_complaint,service_complaint,stage1_rule,High-confidence single rule match,Wed Nov 01 14:34:49 +0000 2017
28958,28962,@AmazonHelp Sir tats should be updated in page pls make sure to update all winners regularly tat way it seems u can get trust more,Sir tats should be updated in page pls make sure to update all winners regularly tat way it seems u can get trust more,zero_match,other,other,stage1_sampled_other,Sampled zero-match other,Wed Nov 01 14:35:37 +0000 2017
38852,38852,@115850 order returned due to damage product.. on investigation got to know seller refused to receive from blue dart,order returned due to damage product.. on investigation got to know seller refused to receive from blue dart,single_match,seller_marketplace,seller_marketplace,stage1_rule,High-confidence single rule match,Wed Nov 01 14:36:15 +0000 2017
37594,37590,@AmazonHelp Yes but there are 2 different charges one is acceptable,Yes but there are 2 different charges one is acceptable,single_match,payment_billing,payment_billing,stage1_rule,High-confidence single rule match,Wed Nov 01 14:38:36 +0000 2017
38148,38147,@AmazonHelp Was soll ich denn da auswählen? Es gibt keinen Menüpunkt für Beschwerden!,Was soll ich denn da auswählen? Es gibt keinen Menüpunkt für Beschwerden!,zero_match,other,other,stage1_sampled_other,Sampled zero-match other,Wed Nov 01 14:39:54 +0000 2017
38811,38811,"@115851 @115850  Amazon India can be rated as ""0"" for its service! Taking 60 days for a refund.","Amazon India can be rated as ""0"" for its service! Taking 60 days for a refund.",single_match,refund_return,refund_return,stage1_rule,High-confidence single rule match,Wed Nov 01 14:40:47 +0000 2017
38200,38199,"@AmazonHelp I sent in the link and in 1""2-24 hours"" I expect to hear from @115821. I hope the scum that hacked my account isn't on a shopping spree!","I sent in the link and in 1""2-24 hours"" I expect to hear from . I hope the scum that hacked my account isn't on a shopping spree!",single_match,account_access,account_access,stage1_rule,High-confidence single rule match,Wed Nov 01 14:41:28 +0000 2017
38838,38838,"3rd @117093 order, 3rd delay email. Perhaps y'all aren't ready for this zip code yet? Trying free month, def not going to pay for this.","3rd order, 3rd delay email. Perhaps y'all aren't ready for this zip code yet? Trying free month, def not going to pay for this.",single_match,delivery_order_status,delivery_order_status,stage1_rule,High-confidence single rule match,Wed Nov 01 14:43:50 +0000 2017
38804,38804,"@115821 @117634 @2352 Hi, claimed 2 books, but they aren't showing up on my Kindle. The last 2 I claimed did. Please help!","Hi, claimed 2 books, but they aren't showing up on my Kindle. The last 2 I claimed did. Please help!",single_match,device_digital_content,device_digital_content,stage1_rule,High-confidence single rule match,Wed Nov 01 14:44:48 +0000 2017
40429,40429,"@AmazonHelp
ordered a product with delivery address j&amp;k....but ATS is trying to deliver it to Assam....track id-79244084290",ordered a product with delivery address j&amp;k....but ATS is trying to deliver it to Assam....track id-79244084290,single_match,delivery_order_status,delivery_order_status,stage1_rule,High-confidence single rule match,Wed Nov 01 14:48:06 +0000 2017
39592,39592,"Argh, Hey Amazon! WHERE IS MY PACKAGE? Arriving between Nov 1&amp;3 doesn't mean shop Nov. 2 and maybe you'll get it the next day. WTF?","Argh, Hey Amazon! WHERE IS MY PACKAGE? Arriving between Nov 1&amp;3 doesn't mean shop Nov. 2 and maybe you'll get it the next day. WTF?",single_match,delivery_order_status,delivery_order_status,stage1_rule,High-confidence single rule match,Wed Nov 01 14:53:08 +0000 2017
38096,38095,@AmazonHelp They have not replied,They have not replied,zero_match,other,other,stage1_sampled_other,Sampled zero-match other,Wed Nov 01 14:55:49 +0000 2017
39568,39568,@AmazonHelp Hilfe? Warum läuft mein FireStick über den UK Store? 😅 https://t.co/pCXttx1VNp,Hilfe? Warum läuft mein FireStick über den UK Store? 😅,single_match,device_digital_content,device_digital_content,stage1_rule,High-confidence single rule match,Wed Nov 01 14:56:28 +0000 2017
38804,38803,"@AmazonHelp Thanks! Yep, I checked there, and the books I checked out through OverDrive are not listed there (even though the last two I did are).","Thanks! Yep, I checked there, and the books I checked out through OverDrive are not listed there (even though the last two I did are).",zero_match,other,other,stage1_sampled_other,Sampled zero-match other,Wed Nov 01 14:56:36 +0000 2017
38800,38799,@AmazonHelp No reply to my last tweet. Thank you for replying now tho :) https://t.co/fYVeqY9Quq,No reply to my last tweet. Thank you for replying now tho :),single_match,service_complaint,service_complaint,stage1_rule,High-confidence single rule match,Wed Nov 01 14:58:46 +0000 2017
39565,39565,@AmazonHelp hi! How do I check how much amazing pantry credit I have my my account? Thanks!,hi! How do I check how much amazing pantry credit I have my my account? Thanks!,zero_match,other,other,stage1_sampled_other,Sampled zero-match other,Wed Nov 01 14:58:56 +0000 2017
40410,40410,@AmazonHelp Hi I’ve had a suspicious looking email claiming to be from Amazon confirming prime which I haven’t bought. Can I dm screenshot?,Hi I’ve had a suspicious looking email claiming to be from Amazon confirming prime which I haven’t bought. Can I dm screenshot?,zero_match,other,other,stage1_sampled_other,Sampled zero-match other,Wed Nov 01 15:00:33 +0000 2017
39574,39572,"Foram maravilhosos comigo, me deram reembolso em vale presente e vou conseguir comprar de novo com o mesmo preço da promoção 💕 @117086 ❤","Foram maravilhosos comigo, me deram reembolso em vale presente e vou conseguir comprar de novo com o mesmo preço da promoção 💕 ❤",zero_match,other,other,stage1_sampled_other,Sampled zero-match other,Wed Nov 01 15:00:50 +0000 2017
38185,38192,@AmazonHelp Encaminhado!,Encaminhado!,zero_match,other,other,stage1_sampled_other,Sampled zero-match other,Wed Nov 01 15:01:18 +0000 2017
39570,39570,Quanto amor pelo #Kindle da @117086  como fiquei tanto tempo sem um?,Quanto amor pelo #Kindle da como fiquei tanto tempo sem um?,single_match,device_digital_content,device_digital_content,stage1_rule,High-confidence single rule match,Wed Nov 01 15:02:22 +0000 2017
41511,41509,@115821 Thanks for your amazing shipping times @115821 but I put some thought into this! 😂I'll have to see if Papa Kira (Papa Grinsha) can get it.,Thanks for your amazing shipping times but I put some thought into this! 😂I'll have to see if Papa Kira (Papa Grinsha) can get it.,single_match,delivery_order_status,delivery_order_status,stage1_rule,High-confidence single rule match,Wed Nov 01 15:06:50 +0000 2017
36497,36500,"@AmazonHelp I did but while waiting for response can someone Please look into this. Tried calling kindergarten support and barely understood the CSR, which was extremely frustrating.","I did but while waiting for response can someone Please look into this. Tried calling kindergarten support and barely understood the CSR, which was extremely frustrating.",zero_match,other,other,stage1_sampled_other,Sampled zero-match other,Wed Nov 01 15:07:51 +0000 2017
40389,40389,".@115821 STILL hasn’t shipped pre-ordered The Final Dossier, so filling the gap with some pre-Return #TwinPeaks crit. theory from @79409. https://t.co/hzVoUztm7V",". STILL hasn’t shipped pre-ordered The Final Dossier, so filling the gap with some pre-Return #TwinPeaks crit. theory from .",single_match,delivery_order_status,delivery_order_status,stage1_rule,High-confidence single rule match,Wed Nov 01 15:14:00 +0000 2017
40386,40386,@AmazonHelp Recently had a number of orders that haven't been left in safe place despite this being requested. Why not? 1/2,Recently had a number of orders that haven't been left in safe place despite this being requested. Why not? 1/2,single_match,delivery_order_status,delivery_order_status,stage1_rule,High-confidence single rule match,Wed Nov 01 15:14:14 +0000 2017
30550,30549,@AmazonHelp Many sellers are affected by this!  We can't get our money disbursed from Amazon seller accounts.  It's been going on for a week !,Many sellers are affected by this! We can't get our money disbursed from Amazon seller accounts. It's been going on for a week !,single_match,seller_marketplace,seller_marketplace,stage1_rule,High-confidence single rule match,Wed Nov 01 15:19:31 +0000 2017
39555,39554,@AmazonHelp Does sharing only work on the website? Seems unlike Dropbox you can't share a file through the mac finder by right clicking on it. 🤔,Does sharing only work on the website? Seems unlike Dropbox you can't share a file through the mac finder by right clicking on it. 🤔,zero_match,other,other,stage1_sampled_other,Sampled zero-match other,Wed Nov 01 15:21:00 +0000 2017
40368,40368,A @117086 sempre se superando,A sempre se superando,zero_match,other,other,stage1_sampled_other,Sampled zero-match other,Wed Nov 01 15:21:34 +0000 2017
40377,40377,"@AmazonHelp really ticked, order wont ship. 200$ worth of stuff not being shipped. Can you please help me?","really ticked, order wont ship. 200$ worth of stuff not being shipped. Can you please help me?",single_match,delivery_order_status,delivery_order_status,stage1_rule,High-confidence single rule match,Wed Nov 01 15:22:23 +0000 2017
40372,40370,"@116316 Ist ja nicht so, als würde es öfter vorkommen 😠 diesmal schön im Regen und Paket nicht unbeschädigt zu entnehmen! @AmazonHelp wieder #pinAG https://t.co/15qrpoRTA8","Ist ja nicht so, als würde es öfter vorkommen 😠 diesmal schön im Regen und Paket nicht unbeschädigt zu entnehmen! wieder #pinAG",zero_match,other,other,stage1_sampled_other,Sampled zero-match other,Wed Nov 01 15:22:53 +0000 2017
40368,40366,@AmazonHelp Vocês já me ajudaram e muito ❤️,Vocês já me ajudaram e muito ❤️,zero_match,other,other,stage1_sampled_other,Sampled zero-match other,Wed Nov 01 15:24:23 +0000 2017
40389,40388,"@AmazonHelp oh! nov 8 or 9, but it was released yesterday and hasnt shipped","oh! nov 8 or 9, but it was released yesterday and hasnt shipped",single_match,delivery_order_status,delivery_order_status,stage1_rule,High-confidence single rule match,Wed Nov 01 15:29:14 +0000 2017
42479,42472,I really got scammed on @115821,I really got scammed on,zero_match,other,other,stage1_sampled_other,Sampled zero-match other,Wed Nov 01 15:29:49 +0000 2017
42584,42584,Lolz @115850 @115821 this is such a wonderful discount. How did y'all ever ass your college years? @115851 https://t.co/OlcFnY0zgC,Lolz this is such a wonderful discount. How did y'all ever ass your college years?,zero_match,other,other,stage1_sampled_other,Sampled zero-match other,Wed Nov 01 15:36:41 +0000 2017
42562,42562,"Ordering from @115821 - When it works it works great. When there is a problem (""prime"" delivery not delivered after 6 days) they fall apart.","Ordering from - When it works it works great. When there is a problem (""prime"" delivery not delivered after 6 days) they fall apart.",single_match,delivery_order_status,delivery_order_status,stage1_rule,High-confidence single rule match,Wed Nov 01 15:37:03 +0000 2017
42538,42538,@115850 what about refund for order returned? Kindly initiate asap,what about refund for order returned? Kindly initiate asap,single_match,refund_return,refund_return,stage1_rule,High-confidence single rule match,Wed Nov 01 15:37:32 +0000 2017
41511,41507,"@AmazonHelp This is the first time I've had this problem, so I haven't called them yet. Thank you for the information! I will give a call later today!","This is the first time I've had this problem, so I haven't called them yet. Thank you for the information! I will give a call later today!",zero_match,other,other,stage1_sampled_other,Sampled zero-match other,Wed Nov 01 15:38:17 +0000 2017
42566,42565,@117634 FIX it!. I can't get back to the library  in mine anymore,FIX it!. I can't get back to the library in mine anymore,zero_match,other,other,stage1_sampled_other,Sampled zero-match other,Wed Nov 01 15:39:44 +0000 2017
42587,42587,@115821 I normally love you but the last 3 packages have been late! Which in small business terms means “I’m losing money!” WTF bro?!,I normally love you but the last 3 packages have been late! Which in small business terms means “I’m losing money!” WTF bro?!,single_match,delivery_order_status,delivery_order_status,stage1_rule,High-confidence single rule match,Wed Nov 01 15:41:29 +0000 2017
42535,42535,@115830 how can I change the shipping address on a pre order? Won’t let me edit it,how can I change the shipping address on a pre order? Won’t let me edit it,single_match,delivery_order_status,delivery_order_status,stage1_rule,High-confidence single rule match,Wed Nov 01 15:42:22 +0000 2017
42573,42573,"Trying to cancel an order on @115821 but the website and app page come up blank when I hit ""cancel order"" @AmazonHelp","Trying to cancel an order on but the website and app page come up blank when I hit ""cancel order""",zero_match,other,other,stage1_sampled_other,Sampled zero-match other,Wed Nov 01 15:43:15 +0000 2017
42490,42490,@115830 Keep getting an error message when sending to different delivery addresses in one order? Prime member?,Keep getting an error message when sending to different delivery addresses in one order? Prime member?,single_match,delivery_order_status,delivery_order_status,stage1_rule,High-confidence single rule match,Wed Nov 01 15:44:04 +0000 2017
42576,42576,"@115850 when you say cash on delivery is it home delivery or 'come-and-take-your-product' delivery 😏
Not happy with your service.",when you say cash on delivery is it home delivery or 'come-and-take-your-product' delivery 😏 Not happy with your service.,single_match,delivery_order_status,delivery_order_status,stage1_rule,High-confidence single rule match,Wed Nov 01 15:44:27 +0000 2017
42546,42545,@2445 @AmazonHelp @115821 The customer section in the amazon site is of no help.I can’t write any queries.So I’m bound to bring it to twitter.I hope someone responds,The customer section in the amazon site is of no help.I can’t write any queries.So I’m bound to bring it to twitter.I hope someone responds,zero_match,other,other,stage1_sampled_other,Sampled zero-match other,Wed Nov 01 15:46:00 +0000 2017
42496,42496,3 phone long calls later ... numerous times I repeated myself &amp; I finally have been issued a refund. Massive lack of support from @115830,3 phone long calls later ... numerous times I repeated myself &amp; I finally have been issued a refund. Massive lack of support from,single_match,refund_return,refund_return,stage1_rule,High-confidence single rule match,Wed Nov 01 15:50:39 +0000 2017
42511,42511,"@117634 Kindle Unlimited is not working for me - tried syncing, restarting, resetting. Is it a system problem?","Kindle Unlimited is not working for me - tried syncing, restarting, resetting. Is it a system problem?",single_match,device_digital_content,device_digital_content,stage1_rule,High-confidence single rule match,Wed Nov 01 15:51:14 +0000 2017
42490,42488,@AmazonHelp There was an internal error in our system. We logged the problem and will investigate it later. Our apologies for the inconvenience.,There was an internal error in our system. We logged the problem and will investigate it later. Our apologies for the inconvenience.,zero_match,other,other,stage1_sampled_other,Sampled zero-match other,Wed Nov 01 15:53:47 +0000 2017
43261,43261,"@AmazonHelp Why is the following item only preorderable?
Other sellers than amazon do ship already. https://t.co/SZTDDD7sUF",Why is the following item only preorderable? Other sellers than amazon do ship already.,single_match,seller_marketplace,seller_marketplace,stage1_rule,High-confidence single rule match,Wed Nov 01 15:55:26 +0000 2017
42558,42550,"@AmazonHelp No options were provided, happy to email the chat transcripts.Just told different stories.I re-ordered won't receive until Friday too late.","No options were provided, happy to email the chat transcripts.Just told different stories.I re-ordered won't receive until Friday too late.",zero_match,other,other,stage1_sampled_other,Sampled zero-match other,Wed Nov 01 15:56:13 +0000 2017
43276,43276,"@116935 @AmazonHelp for some reason all my ""stations"" are only playing one song on loop. Win 7/Chrome 62.0.3202.75","for some reason all my ""stations"" are only playing one song on loop. Win 7/Chrome 62.0.3202.75",zero_match,other,other,stage1_sampled_other,Sampled zero-match other,Wed Nov 01 15:57:06 +0000 2017
43283,43283,@115850 @AmazonHelp How come products without being delivered getting marked delivered. Same is being communicated through mail n msg 1,How come products without being delivered getting marked delivered. Same is being communicated through mail n msg 1,single_match,delivery_order_status,delivery_order_status,stage1_rule,High-confidence single rule match,Wed Nov 01 15:57:46 +0000 2017
34515,34514,"@AmazonHelp Yes, it is","Yes, it is",zero_match,other,other,stage1_sampled_other,Sampled zero-match other,Wed Nov 01 15:58:21 +0000 2017
42508,42498,@AmazonHelp I’m in UK - is call available?,I’m in UK - is call available?,zero_match,other,other,stage1_sampled_other,Sampled zero-match other,Wed Nov 01 16:00:12 +0000 2017
30544,30513,@AmazonHelp I have replied as well,I have replied as well,zero_match,other,other,stage1_sampled_other,Sampled zero-match other,Wed Nov 01 16:01:27 +0000 2017
43268,43268,"@AmazonHelp I have no way of verifying the size/color selected after adding to cart...during checkout, conf email, or ""Your Orders"" :/ https://t.co/aZd4UP92ol","I have no way of verifying the size/color selected after adding to cart...during checkout, conf email, or ""Your Orders"" :/",zero_match,other,other,stage1_sampled_other,Sampled zero-match other,Wed Nov 01 16:04:26 +0000 2017
43265,43265,"@79389 purchased these from @115830 and they don't come charged as advertised neither do the charge fully, only to 95%, shocking item https://t.co/zEpNnZg5Sk","purchased these from and they don't come charged as advertised neither do the charge fully, only to 95%, shocking item",single_match,payment_billing,payment_billing,stage1_rule,High-confidence single rule match,Wed Nov 01 16:04:37 +0000 2017
36582,36583,"@AmazonHelp Isn't applying for pick up in your app not good enough

@115850",Isn't applying for pick up in your app not good enough,single_match,delivery_order_status,delivery_order_status,stage1_rule,High-confidence single rule match,Wed Nov 01 16:04:51 +0000 2017
43272,43271,@AmazonHelp It was from a third party seller but fulfilled by Amazon.,It was from a third party seller but fulfilled by Amazon.,single_match,seller_marketplace,seller_marketplace,stage1_rule,High-confidence single rule match,Wed Nov 01 16:07:16 +0000 2017
45560,45560,@AmazonHelp Amiunt not refunded,Amiunt not refunded,single_match,refund_return,refund_return,stage1_rule,High-confidence single rule match,Wed Nov 01 16:07:44 +0000 2017
43276,43275,"@AmazonHelp It was all the stations, but I think I fixed it for now. Had to wipe my cache.","It was all the stations, but I think I fixed it for now. Had to wipe my cache.",zero_match,other,other,stage1_sampled_other,Sampled zero-match other,Wed Nov 01 16:08:44 +0000 2017
45537,45537,@115850 when fire stick tv skill for alexa will be available? Seems it can not be done from app at this time.,when fire stick tv skill for alexa will be available? Seems it can not be done from app at this time.,single_match,device_digital_content,device_digital_content,stage1_rule,High-confidence single rule match,Wed Nov 01 16:08:50 +0000 2017
43248,43248,"@115821 I am very heart broken right now, makeup needs to have a fragile label on the box/envelope. https://t.co/g2zBdP40AN","I am very heart broken right now, makeup needs to have a fragile label on the box/envelope.",single_match,item_quality_issue,item_quality_issue,stage1_rule,High-confidence single rule match,Wed Nov 01 16:10:25 +0000 2017
43268,43267,@AmazonHelp Nope https://t.co/y3MPXV8brL,Nope,zero_match,other,other,stage1_sampled_other,Sampled zero-match other,Wed Nov 01 16:11:36 +0000 2017
44548,44548,@AmazonHelp can u listen to amazon music on more than one device at a time?,can u listen to amazon music on more than one device at a time?,single_match,device_digital_content,device_digital_content,stage1_rule,High-confidence single rule match,Wed Nov 01 16:11:38 +0000 2017
46489,46489,@115830 paid 4 nextday delivery only 2 b told after notifications all day saying that they r delivering 2day only 2 b told they cant deliv,paid 4 nextday delivery only 2 b told after notifications all day saying that they r delivering 2day only 2 b told they cant deliv,single_match,delivery_order_status,delivery_order_status,stage1_rule,High-confidence single rule match,Wed Nov 01 16:11:43 +0000 2017
39577,39576,"@AmazonHelp I did. It keeps happening to me. I mostly buy books, and my books end up looking like old books or they come damaged.","I did. It keeps happening to me. I mostly buy books, and my books end up looking like old books or they come damaged.",single_match,item_quality_issue,item_quality_issue,stage1_rule,High-confidence single rule match,Wed Nov 01 16:12:27 +0000 2017
46526,46526,Very unimpressed with @115830 customer services today!,Very unimpressed with customer services today!,single_match,service_complaint,service_complaint,stage1_rule,High-confidence single rule match,Wed Nov 01 16:12:30 +0000 2017
35936,35935,"@AmazonHelp I’m not sure, I ordered it at 8am this morning with 1 day shipping. I just got the email saying I will get an email when it’s been shipped","I’m not sure, I ordered it at 8am this morning with 1 day shipping. I just got the email saying I will get an email when it’s been shipped",single_match,delivery_order_status,delivery_order_status,stage1_rule,High-confidence single rule match,Wed Nov 01 16:12:46 +0000 2017
11976,11977,"@118355 @115821 My most recent order came without an outer shipping box, with product box obv not designed for shipping and arrived open.","My most recent order came without an outer shipping box, with product box obv not designed for shipping and arrived open.",single_match,delivery_order_status,delivery_order_status,stage1_rule,High-confidence single rule match,Wed Nov 01 16:14:40 +0000 2017
44530,44530,Why isn’t my kindle unlimited working @AmazonHelp,Why isn’t my kindle unlimited working,single_match,device_digital_content,device_digital_content,stage1_rule,High-confidence single rule match,Wed Nov 01 16:16:13 +0000 2017
44514,44513,@AmazonHelp Like how y’all play me like that my dog has skin issues shampoo for her ain’t cheap 😭,Like how y’all play me like that my dog has skin issues shampoo for her ain’t cheap 😭,zero_match,other,other,stage1_sampled_other,Sampled zero-match other,Wed Nov 01 16:18:46 +0000 2017
47953,47953,@115850 Why is the Indian Amazon Echo skill set limited? Ewelink is not showing up in the skill set!,Why is the Indian Amazon Echo skill set limited? Ewelink is not showing up in the skill set!,single_match,device_digital_content,device_digital_content,stage1_rule,High-confidence single rule match,Wed Nov 01 16:19:02 +0000 2017
44499,44499,"Hey @AmazonHelp 
Ich war an dem gesamten Tag nicht zuhause und habe in meinem Briefkasten auch keine Benachrichtigungskarte... https://t.co/GYS9FcakT6",Hey Ich war an dem gesamten Tag nicht zuhause und habe in meinem Briefkasten auch keine Benachrichtigungskarte...,zero_match,other,other,stage1_sampled_other,Sampled zero-match other,Wed Nov 01 16:19:36 +0000 2017
11594,11593,@AmazonHelp Done that. Was told I would definitely have it by 9pm yesterday &amp; it's still not been delivered!!!!,Done that. Was told I would definitely have it by 9pm yesterday &amp; it's still not been delivered!!!!,single_match,delivery_order_status,delivery_order_status,stage1_rule,High-confidence single rule match,Wed Nov 01 16:22:23 +0000 2017
45558,45558,So I still don't have my @115830 order I was supposed to get on Monday. No explanation as to why. Probably been stolen!,So I still don't have my order I was supposed to get on Monday. No explanation as to why. Probably been stolen!,single_match,delivery_order_status,delivery_order_status,stage1_rule,High-confidence single rule match,Wed Nov 01 16:24:26 +0000 2017
45555,45555,"@AmazonHelp Bonjour! Je voudrais passer une commande sur Amazon UK, 2 articles sont des précommandes pour 2 dates différentes... 1/2","Bonjour! Je voudrais passer une commande sur Amazon UK, 2 articles sont des précommandes pour 2 dates différentes... 1/2",zero_match,other,other,stage1_sampled_other,Sampled zero-match other,Wed Nov 01 16:24:54 +0000 2017
45535,45535,@AmazonHelp my order is missing two pieces of the value pack. I don't want to return what I received but can I get those pieces?,my order is missing two pieces of the value pack. I don't want to return what I received but can I get those pieces?,single_match,delivery_order_status,delivery_order_status,stage1_rule,High-confidence single rule match,Wed Nov 01 16:26:28 +0000 2017
44523,44522,"@AmazonHelp OK, let me wait till tomorrow, hope that problem will be solved by then, anyway request u to keep the communication channel open, 1/2","OK, let me wait till tomorrow, hope that problem will be solved by then, anyway request u to keep the communication channel open, 1/2",zero_match,other,other,stage1_sampled_other,Sampled zero-match other,Wed Nov 01 16:29:28 +0000 2017
45539,45539,@AmazonHelp just wanted to confirm that call of duty will ship tomorrow if I chose 2 day shipping like it said to do. Currently says friday,just wanted to confirm that call of duty will ship tomorrow if I chose 2 day shipping like it said to do. Currently says friday,single_match,delivery_order_status,delivery_order_status,stage1_rule,High-confidence single rule match,Wed Nov 01 16:30:27 +0000 2017
30544,30517,@AmazonHelp Sorry sir. I am not going to fill any details for something that has been brought upon by your system. I didn't ask for the rescheduling.,Sorry sir. I am not going to fill any details for something that has been brought upon by your system. I didn't ask for the rescheduling.,single_match,delivery_order_status,delivery_order_status,stage1_rule,High-confidence single rule match,Wed Nov 01 16:30:46 +0000 2017
45535,45533,@AmazonHelp Thanks! I need to use the item tomorrow so I can't really return the rest of it. Is there any way to get a partial refund?,Thanks! I need to use the item tomorrow so I can't really return the rest of it. Is there any way to get a partial refund?,single_match,refund_return,refund_return,stage1_rule,High-confidence single rule match,Wed Nov 01 16:32:46 +0000 2017
46557,46557,@115850 @AmazonHelp @115821 help I have done the payment but in my order section it showing this 🤔 https://t.co/ikDDKZgrI0,help I have done the payment but in my order section it showing this 🤔,single_match,delivery_order_status,delivery_order_status,stage1_rule,High-confidence single rule match,Wed Nov 01 16:33:16 +0000 2017
44499,44501,"@AmazonHelp Ich auch.
Ich mag diese Bonbons verdammt gerne und ich habe keine mehr! :&lt;",Ich auch. Ich mag diese Bonbons verdammt gerne und ich habe keine mehr! :&lt;,zero_match,other,other,stage1_sampled_other,Sampled zero-match other,Wed Nov 01 16:36:04 +0000 2017
46486,46486,She’s here! Thanks @115850 hope it’s as good as I hear! #Alexa https://t.co/vvR1ENwFni,She’s here! Thanks hope it’s as good as I hear! #Alexa,single_match,device_digital_content,device_digital_content,stage1_rule,High-confidence single rule match,Wed Nov 01 16:37:22 +0000 2017
45526,45526,"@115830 Hi, my 'next day' delivery has so far taken a week. Any chance you can speed it up a bit? #NotImpressed","Hi, my 'next day' delivery has so far taken a week. Any chance you can speed it up a bit? #NotImpressed",single_match,delivery_order_status,delivery_order_status,stage1_rule,High-confidence single rule match,Wed Nov 01 16:40:54 +0000 2017
46484,46484,@115830 Have you stopped putting 'safe places' on parcels? Are drivers ignoring them? Orders keep going to neighbours&amp;it's driving me mad.,Have you stopped putting 'safe places' on parcels? Are drivers ignoring them? Orders keep going to neighbours&amp;it's driving me mad.,single_match,delivery_order_status,delivery_order_status,stage1_rule,High-confidence single rule match,Wed Nov 01 16:42:29 +0000 2017
47942,47942,@119356 For my return amazon has issued refund amount on 29th oct 2017 but this is still not credited into my bank account.,For my return amazon has issued refund amount on 29th oct 2017 but this is still not credited into my bank account.,single_match,refund_return,refund_return,stage1_rule,High-confidence single rule match,Wed Nov 01 16:45:14 +0000 2017
46492,46492,@AmazonHelp For my return amazon has issued refund amount on 29th oct 2017 but this is still not credited into my bank account,For my return amazon has issued refund amount on 29th oct 2017 but this is still not credited into my bank account,single_match,refund_return,refund_return,stage1_rule,High-confidence single rule match,Wed Nov 01 16:48:05 +0000 2017
46484,46480,@AmazonHelp I have used the form at least 3 times &amp;not had any response (hence use of Twitter). Order not showing as delivered yet so can't log issue.,I have used the form at least 3 times &amp;not had any response (hence use of Twitter). Order not showing as delivered yet so can't log issue.,single_match,delivery_order_status,delivery_order_status,stage1_rule,High-confidence single rule match,Wed Nov 01 16:49:20 +0000 2017
47889,47889,order id #403-5637109-7077146 has been cancelled or is on time pls help. @AmazonHelp @115850,order id #403-5637109-7077146 has been cancelled or is on time pls help.,single_match,delivery_order_status,delivery_order_status,stage1_rule,High-confidence single rule match,Wed Nov 01 16:49:33 +0000 2017
46519,46519,@115830 where is my parcel that should have been delivered yesterday?,where is my parcel that should have been delivered yesterday?,single_match,delivery_order_status,delivery_order_status,stage1_rule,High-confidence single rule match,Wed Nov 01 16:49:34 +0000 2017
46508,46508,@115830 been waiting for my 3 packages to come all day and the app just said that they all have been delivered and I have not got any.,been waiting for my 3 packages to come all day and the app just said that they all have been delivered and I have not got any.,single_match,delivery_order_status,delivery_order_status,stage1_rule,High-confidence single rule match,Wed Nov 01 16:50:01 +0000 2017
40377,40383,"@AmazonHelp Yes, I tried to relog in, and it says my account is locked and they sent an email to help unlock it, but I got no email.","Yes, I tried to relog in, and it says my account is locked and they sent an email to help unlock it, but I got no email.",single_match,account_access,account_access,stage1_rule,High-confidence single rule match,Wed Nov 01 16:51:28 +0000 2017
46511,46511,@AmazonHelp order #202-2318203-8613961 why was this order returned? I just want my items not a refund!!!!!!,order #202-2318203-8613961 why was this order returned? I just want my items not a refund!!!!!!,single_match,refund_return,refund_return,stage1_rule,High-confidence single rule match,Wed Nov 01 16:52:28 +0000 2017
43301,43294,@AmazonHelp No one besides me has access to my account,No one besides me has access to my account,zero_match,other,other,stage1_sampled_other,Sampled zero-match other,Wed Nov 01 16:52:58 +0000 2017
46526,46524,@AmazonHelp Fiancé. Told by customer service to wait 24 hours. My fiancé has no presents to open when he gets home from work,Fiancé. Told by customer service to wait 24 hours. My fiancé has no presents to open when he gets home from work,single_match,service_complaint,service_complaint,stage1_rule,High-confidence single rule match,Wed Nov 01 16:54:44 +0000 2017
47868,47868,@115830 Recent Prime order not received. @126705 says delivered. How to obtain proof of posting needed to claim from @126705? Thx.,Recent Prime order not received. says delivered. How to obtain proof of posting needed to claim from ? Thx.,single_match,delivery_order_status,delivery_order_status,stage1_rule,High-confidence single rule match,Wed Nov 01 16:58:21 +0000 2017
47927,47927,"Furious with @AmazonHelp &amp; @115817. Why does the customer have to pay for their lack of communication?
#WhereIsMyPackage? 😡😡😡😡😡",Furious with &amp; . Why does the customer have to pay for their lack of communication? #WhereIsMyPackage? 😡😡😡😡😡,single_match,delivery_order_status,delivery_order_status,stage1_rule,High-confidence single rule match,Wed Nov 01 16:59:06 +0000 2017
44523,44525,@AmazonHelp Thanks a LOT,Thanks a LOT,zero_match,other,other,stage1_sampled_other,Sampled zero-match other,Wed Nov 01 16:59:43 +0000 2017
47905,47905,"blocked from @115821.ca account, given wrong no. call ""account specialist"" customer-service person waste of life form!!!!","blocked from .ca account, given wrong no. call ""account specialist"" customer-service person waste of life form!!!!",zero_match,other,other,stage1_sampled_other,Sampled zero-match other,Wed Nov 01 17:00:46 +0000 2017
46526,46528,"@AmazonHelp Yes I have, did those before contacting customer services","Yes I have, did those before contacting customer services",single_match,service_complaint,service_complaint,stage1_rule,High-confidence single rule match,Wed Nov 01 17:03:35 +0000 2017
46519,46518,"@AmazonHelp Out for delivery 
GB
Carrier: Amazon Shipping, Tracking #: H60076836814","Out for delivery GB Carrier: Amazon Shipping, Tracking #: H60076836814",single_match,delivery_order_status,delivery_order_status,stage1_rule,High-confidence single rule match,Wed Nov 01 17:04:06 +0000 2017
16424,16422,@AmazonHelp Intelcom Express. I couldn't contact them last night since I got home after their operating hours. Sent them an email this morning,Intelcom Express. I couldn't contact them last night since I got home after their operating hours. Sent them an email this morning,zero_match,other,other,stage1_sampled_other,Sampled zero-match other,Wed Nov 01 17:04:49 +0000 2017
47859,47857,@AmazonHelp Vendido y enviado por Amazon.,Vendido y enviado por Amazon.,zero_match,other,other,stage1_sampled_other,Sampled zero-match other,Wed Nov 01 17:05:25 +0000 2017
47868,47866,"@AmazonHelp Yes, of course. Now need to claim from @126705 but need proof of posting from seller, which is impossible to obtain.","Yes, of course. Now need to claim from but need proof of posting from seller, which is impossible to obtain.",single_match,seller_marketplace,seller_marketplace,stage1_rule,High-confidence single rule match,Wed Nov 01 17:07:28 +0000 2017
47871,47871,Any account specialist @115821.ca willing to help??? #callingforhelp #amazoncanada #9yroldgift #davidsmithfromamazon???,Any account specialist .ca willing to help??? #callingforhelp #amazoncanada #9yroldgift #davidsmithfromamazon???,zero_match,other,other,stage1_sampled_other,Sampled zero-match other,Wed Nov 01 17:07:37 +0000 2017
49163,49163,@117795 Just got a great text about an order and delivery but I didn’t order- what do I do?,Just got a great text about an order and delivery but I didn’t order- what do I do?,single_match,delivery_order_status,delivery_order_status,stage1_rule,High-confidence single rule match,Wed Nov 01 17:07:42 +0000 2017
47847,47847,@117086 a data estimada de entrega para os meus livros era até dia 30/10 e não chegaram até hoje.,a data estimada de entrega para os meus livros era até dia 30/10 e não chegaram até hoje.,zero_match,other,other,stage1_sampled_other,Sampled zero-match other,Wed Nov 01 17:08:52 +0000 2017
49147,49146,"@115850 @AmazonHelp @AmazonHelp Got my product 5 days when ordered by Amazon prime, where you promise 1-2 days delivery. Bad experience, false promises.","Got my product 5 days when ordered by Amazon prime, where you promise 1-2 days delivery. Bad experience, false promises.",single_match,delivery_order_status,delivery_order_status,stage1_rule,High-confidence single rule match,Wed Nov 01 17:09:14 +0000 2017
47905,47904,"@AmazonHelp customer support ( u have recorfings) said nothing they can do , was given wrong no to call too! lol","customer support ( u have recorfings) said nothing they can do , was given wrong no to call too! lol",single_match,service_complaint,service_complaint,stage1_rule,High-confidence single rule match,Wed Nov 01 17:11:19 +0000 2017
47919,47916,"@AmazonHelp i will look,where do i go to see if it's being sent USPS or UPS/FEDEX? I have Prime so it's delivered to my door!","i will look,where do i go to see if it's being sent USPS or UPS/FEDEX? I have Prime so it's delivered to my door!",single_match,delivery_order_status,delivery_order_status,stage1_rule,High-confidence single rule match,Wed Nov 01 17:12:24 +0000 2017
47874,47873,@AmazonHelp All it shows is the company I ordered from...I'm assuming third party. When I checked their profile on return policy. It says they follow,All it shows is the company I ordered from...I'm assuming third party. When I checked their profile on return policy. It says they follow,single_match,seller_marketplace,seller_marketplace,stage1_rule,High-confidence single rule match,Wed Nov 01 17:14:01 +0000 2017
49901,49901,"@115821 #Amazon shipping #fraud not limited 2 #prime, paid for 1-day shipping on Mon, package scheduled to arrive next Mon. UPS says on time","#Amazon shipping #fraud not limited 2 #prime, paid for 1-day shipping on Mon, package scheduled to arrive next Mon. UPS says on time",single_match,delivery_order_status,delivery_order_status,stage1_rule,High-confidence single rule match,Wed Nov 01 17:15:34 +0000 2017
49123,49123,@115821 @Amazonhelp Active unauth user on my account.  Support not responsive.  Company at risk.  No access.  Please HELP! SOS!!!,Active unauth user on my account. Support not responsive. Company at risk. No access. Please HELP! SOS!!!,zero_match,other,other,stage1_sampled_other,Sampled zero-match other,Wed Nov 01 17:16:13 +0000 2017
49127,49126,"@AmazonHelp 2/2 carrier who delivered my previous item which i never received, to a random address. Will be disappointed if this happens again tomorrow","2/2 carrier who delivered my previous item which i never received, to a random address. Will be disappointed if this happens again tomorrow",single_match,delivery_order_status,delivery_order_status,stage1_rule,High-confidence single rule match,Wed Nov 01 17:17:05 +0000 2017
47905,47907,"@AmazonHelp thanks for trying at least u were more helpful, thanks 😩","thanks for trying at least u were more helpful, thanks 😩",zero_match,other,other,stage1_sampled_other,Sampled zero-match other,Wed Nov 01 17:18:26 +0000 2017
49144,49144,Can you help me? My account unlock because my billing address. I sented every day my bank statement but noone answer and fix it! @AmazonHelp,Can you help me? My account unlock because my billing address. I sented every day my bank statement but noone answer and fix it!,single_match,payment_billing,payment_billing,stage1_rule,High-confidence single rule match,Wed Nov 01 17:19:35 +0000 2017
51609,51609,All now I still don't get our Amazon Prime cat in the hat order that was supposed to be delivered on Monday,All now I still don't get our Amazon Prime cat in the hat order that was supposed to be delivered on Monday,single_match,delivery_order_status,delivery_order_status,stage1_rule,High-confidence single rule match,Wed Nov 01 17:20:12 +0000 2017
49134,49134,@AmazonHelp how can u sell something higher than MRP?? https://t.co/9LblRhGcWp,how can u sell something higher than MRP??,zero_match,other,other,stage1_sampled_other,Sampled zero-match other,Wed Nov 01 17:20:26 +0000 2017
49129,49129,"So frustrating @115830 I wanted to pick up my parcel tonight, it’s been returned? “Pickup window ended tomorrow” ! https://t.co/0HsiDIPHnf","So frustrating I wanted to pick up my parcel tonight, it’s been returned? “Pickup window ended tomorrow” !",single_match,delivery_order_status,delivery_order_status,stage1_rule,High-confidence single rule match,Wed Nov 01 17:21:34 +0000 2017
49999,49999,"@115830 Been waiting for a PRIME parcel for a couple of days now and when i go to track it, says been a delivery attempt, no proof of that","Been waiting for a PRIME parcel for a couple of days now and when i go to track it, says been a delivery attempt, no proof of that",single_match,delivery_order_status,delivery_order_status,stage1_rule,High-confidence single rule match,Wed Nov 01 17:23:00 +0000 2017
47927,47926,"@AmazonHelp exp 10.27 arrived in PR 10.25 returned 10.28
no new tracking info by @115817 even after inquiring to @AmazonHelp about it within the time frame",exp 10.27 arrived in PR 10.25 returned 10.28 no new tracking info by even after inquiring to about it within the time frame,single_match,delivery_order_status,delivery_order_status,stage1_rule,High-confidence single rule match,Wed Nov 01 17:23:10 +0000 2017
49895,49895,Address verification?Anyone fix it! My billing address is correct and I sended already my bank statemend but nothing happens @115821,Address verification?Anyone fix it! My billing address is correct and I sended already my bank statemend but nothing happens,single_match,payment_billing,payment_billing,stage1_rule,High-confidence single rule match,Wed Nov 01 17:23:48 +0000 2017
49118,49118,"Was nützt Amazon Prime Versand, wenn der DHL Fahrer ohne zu klingeln direkt ein Kärtchen einwirft? @AmazonHelp","Was nützt Amazon Prime Versand, wenn der DHL Fahrer ohne zu klingeln direkt ein Kärtchen einwirft?",zero_match,other,other,stage1_sampled_other,Sampled zero-match other,Wed Nov 01 17:25:52 +0000 2017
49134,49133,@AmazonHelp the sellers are ur responsibility as they are using ur pltfrm,the sellers are ur responsibility as they are using ur pltfrm,single_match,seller_marketplace,seller_marketplace,stage1_rule,High-confidence single rule match,Wed Nov 01 17:26:53 +0000 2017
49922,49928,"@115850 I mean, almost everybody else is recieving free bookmarks. But not me. Even though I always buy from verified sellers.
Why? 😢","I mean, almost everybody else is recieving free bookmarks. But not me. Even though I always buy from verified sellers. Why? 😢",single_match,seller_marketplace,seller_marketplace,stage1_rule,High-confidence single rule match,Wed Nov 01 17:27:50 +0000 2017
44530,44529,@AmazonHelp It’s not downloading any of the books I have and it won’t delete the ones I’ve returned,It’s not downloading any of the books I have and it won’t delete the ones I’ve returned,zero_match,other,other,stage1_sampled_other,Sampled zero-match other,Wed Nov 01 17:30:51 +0000 2017
49939,49935,@115830 Please tell me how finding my delivery outside my front door reconciles with 'handed to resident' https://t.co/02Sxs3Bas4,Please tell me how finding my delivery outside my front door reconciles with 'handed to resident',single_match,delivery_order_status,delivery_order_status,stage1_rule,High-confidence single rule match,Wed Nov 01 17:33:34 +0000 2017
49895,49893,@AmazonHelp That is the problem! I cant access on my account because still on hold! I dont know why! Have a chat for customer service?,That is the problem! I cant access on my account because still on hold! I dont know why! Have a chat for customer service?,single_match,service_complaint,service_complaint,stage1_rule,High-confidence single rule match,Wed Nov 01 17:34:51 +0000 2017
49901,49898,@AmazonHelp it has shipped already VIA UPS GROUND not via 1 day shipping #Fraud,it has shipped already VIA UPS GROUND not via 1 day shipping #Fraud,single_match,delivery_order_status,delivery_order_status,stage1_rule,High-confidence single rule match,Wed Nov 01 17:35:10 +0000 2017
49932,49930,@AmazonHelp Desde el 11-9. He cumplido TODO lo que me pedísteis. El hartazgo es total. Mirad mi historial desde ese día.,Desde el 11-9. He cumplido TODO lo que me pedísteis. El hartazgo es total. Mirad mi historial desde ese día.,zero_match,other,other,stage1_sampled_other,Sampled zero-match other,Wed Nov 01 17:35:33 +0000 2017
47893,47895,@AmazonHelp what happens if i buy this? https://t.co/N8ehDN3mkh,what happens if i buy this?,zero_match,other,other,stage1_sampled_other,Sampled zero-match other,Wed Nov 01 17:36:27 +0000 2017
49917,49917,"@121284 I got my dot today, but prime member is not active. How do I activate it.
Can't play songs from Saavn on dot.","I got my dot today, but prime member is not active. How do I activate it. Can't play songs from Saavn on dot.",zero_match,other,other,stage1_sampled_other,Sampled zero-match other,Wed Nov 01 17:37:29 +0000 2017
49939,49934,@AmazonHelp How do I know? I've been out since 7am so no idea how long it's been sat in full view of the street.,How do I know? I've been out since 7am so no idea how long it's been sat in full view of the street.,zero_match,other,other,stage1_sampled_other,Sampled zero-match other,Wed Nov 01 17:37:41 +0000 2017
50790,50790,@121284 just got the echo dot. Setup isn't happening... Frustrating!,just got the echo dot. Setup isn't happening... Frustrating!,single_match,device_digital_content,device_digital_content,stage1_rule,High-confidence single rule match,Wed Nov 01 17:38:45 +0000 2017
51599,51599,"@115850 I am facing a price bug. Not expected. What kind of scam is this.
https://t.co/b7CRKc2Hzt",I am facing a price bug. Not expected. What kind of scam is this.,zero_match,other,other,stage1_sampled_other,Sampled zero-match other,Wed Nov 01 17:39:22 +0000 2017
49922,49921,"@AmazonHelp Over 50 orders. More than a hundred books. Not a single free bookmark. I'm heartbroken, Amazon! :(","Over 50 orders. More than a hundred books. Not a single free bookmark. I'm heartbroken, Amazon! :(",single_match,item_quality_issue,item_quality_issue,stage1_rule,High-confidence single rule match,Wed Nov 01 17:39:50 +0000 2017
49901,49897,@AmazonHelp no UPS says it's On Time b/c you shipped it VIA UPS GROUND not UPS overnight!!!,no UPS says it's On Time b/c you shipped it VIA UPS GROUND not UPS overnight!!!,single_match,delivery_order_status,delivery_order_status,stage1_rule,High-confidence single rule match,Wed Nov 01 17:42:09 +0000 2017
51578,51578,"Email: ""your Amazon order is out for delivery ...

Another email: ... it may also be in someone's hedge by the time you read this"" https://t.co/wVBPZpXeMC","Email: ""your Amazon order is out for delivery ... Another email: ... it may also be in someone's hedge by the time you read this""",single_match,delivery_order_status,delivery_order_status,stage1_rule,High-confidence single rule match,Wed Nov 01 17:45:33 +0000 2017
51587,51587,This is the 2nd time I've ordered THIS ORDER And got something completely different I'm sick of paying for what I'm not getting . @115821 https://t.co/87htjOHKf2,This is the 2nd time I've ordered THIS ORDER And got something completely different I'm sick of paying for what I'm not getting .,zero_match,other,other,stage1_sampled_other,Sampled zero-match other,Wed Nov 01 17:46:42 +0000 2017
34537,34531,@AmazonHelp Dejo pantallazo https://t.co/hznJpkQVbg,Dejo pantallazo,zero_match,other,other,stage1_sampled_other,Sampled zero-match other,Wed Nov 01 17:46:47 +0000 2017
50777,50777,"@AmazonHelp Hi, do you know if there are phishing emails doing the rounds regarding ""amazon prime gold"" membership?","Hi, do you know if there are phishing emails doing the rounds regarding ""amazon prime gold"" membership?",zero_match,other,other,stage1_sampled_other,Sampled zero-match other,Wed Nov 01 17:48:32 +0000 2017
47874,47878,@AmazonHelp Just that they will either refund me 50% of what I paid for the coat or they send me another. When I asked if I'd be paying for another,Just that they will either refund me 50% of what I paid for the coat or they send me another. When I asked if I'd be paying for another,single_match,refund_return,refund_return,stage1_rule,High-confidence single rule match,Wed Nov 01 17:51:39 +0000 2017
50763,50763,Why hasn’t my Amazon order been dispatched yet 😩📦 @AmazonHelp,Why hasn’t my Amazon order been dispatched yet 😩📦,single_match,delivery_order_status,delivery_order_status,stage1_rule,High-confidence single rule match,Wed Nov 01 17:52:14 +0000 2017
50752,50752,Seriously thinking of dropping @115821 since I've had so many issues! Order is supposed to be delivered tomorrow but still hasn't shipped.,Seriously thinking of dropping since I've had so many issues! Order is supposed to be delivered tomorrow but still hasn't shipped.,single_match,delivery_order_status,delivery_order_status,stage1_rule,High-confidence single rule match,Wed Nov 01 17:53:43 +0000 2017
51603,51603,Just tried to order from @115821 for the first time since my account was unlocked annnnnnnnnnnd it's now locked again and my order has been cancelled. FFS,Just tried to order from for the first time since my account was unlocked annnnnnnnnnnd it's now locked again and my order has been cancelled. FFS,single_match,delivery_order_status,delivery_order_status,stage1_rule,High-confidence single rule match,Wed Nov 01 17:56:31 +0000 2017
51584,51584,@119625 any new movie coming ??,any new movie coming ??,zero_match,other,other,stage1_sampled_other,Sampled zero-match other,Wed Nov 01 17:56:38 +0000 2017
51593,51593,"Ordered a book from @115821 over a week ago. Hasn't even shipped yet, but it's supposedly arriving in a couple of hours. 🤔","Ordered a book from over a week ago. Hasn't even shipped yet, but it's supposedly arriving in a couple of hours. 🤔",single_match,delivery_order_status,delivery_order_status,stage1_rule,High-confidence single rule match,Wed Nov 01 17:58:28 +0000 2017
52249,52249,"@115850 ordred headphns 28Oct, markd as dlvrd bt nvr recivd d prdct, called Mon wait 24hr,Tue wait 24hr,Wed wait 24hr,poor service no info","ordred headphns 28Oct, markd as dlvrd bt nvr recivd d prdct, called Mon wait 24hr,Tue wait 24hr,Wed wait 24hr,poor service no info",single_match,delivery_order_status,delivery_order_status,stage1_rule,High-confidence single rule match,Wed Nov 01 17:59:56 +0000 2017
50763,50762,@AmazonHelp No not yet it’s just usually dispatched very quickly and I’m hoping you haven’t run out of stock as I need them by Saturday 🤞🏽,No not yet it’s just usually dispatched very quickly and I’m hoping you haven’t run out of stock as I need them by Saturday 🤞🏽,single_match,delivery_order_status,delivery_order_status,stage1_rule,High-confidence single rule match,Wed Nov 01 18:00:20 +0000 2017
54377,54377,@115850 I am disappointed with @128308 and their no response to my problem with  @128308 Remote that has stopped working,I am disappointed with and their no response to my problem with Remote that has stopped working,single_match,service_complaint,service_complaint,stage1_rule,High-confidence single rule match,Wed Nov 01 18:00:52 +0000 2017
51609,51608,@AmazonHelp I'm not sure where it is. I'm still waiting for it so i can return it because I don't need it anymore,I'm not sure where it is. I'm still waiting for it so i can return it because I don't need it anymore,single_match,refund_return,refund_return,stage1_rule,High-confidence single rule match,Wed Nov 01 18:01:50 +0000 2017
51581,51580,@115821 What’s the point of prime if I get 10+ day shipping?,What’s the point of prime if I get 10+ day shipping?,single_match,delivery_order_status,delivery_order_status,stage1_rule,High-confidence single rule match,Wed Nov 01 18:02:41 +0000 2017
49939,49937,@AmazonHelp Does this help? https://t.co/maMZLnsdfv,Does this help?,zero_match,other,other,stage1_sampled_other,Sampled zero-match other,Wed Nov 01 18:02:45 +0000 2017
52251,52251,@AmazonHelp Having some issues with your jobs portal using social login with LinkedIn.,Having some issues with your jobs portal using social login with LinkedIn.,single_match,account_access,account_access,stage1_rule,High-confidence single rule match,Wed Nov 01 18:08:47 +0000 2017
52943,52934,"@AmazonHelp I didn't return it (never received it) and I dont want a refund, I want the book. :)","I didn't return it (never received it) and I dont want a refund, I want the book. :)",single_match,refund_return,refund_return,stage1_rule,High-confidence single rule match,Wed Nov 01 18:10:27 +0000 2017
52240,52240,"@117086 e meu kindle?? Envie logo, criatura, cure meu desassossego","e meu kindle?? Envie logo, criatura, cure meu desassossego",single_match,device_digital_content,device_digital_content,stage1_rule,High-confidence single rule match,Wed Nov 01 18:11:09 +0000 2017
52246,52246,"@127748 @115850  @AmazonHelp @115821 @121899  Never purchase TCL led . Worst services after sales.
Amazon didn't help me even.",Never purchase TCL led . Worst services after sales. Amazon didn't help me even.,single_match,service_complaint,service_complaint,stage1_rule,High-confidence single rule match,Wed Nov 01 18:12:42 +0000 2017
52222,52219,"@AmazonHelp -""A complaint has been made"" which is great except it does nothing to actually rectify the issue. They have my number but never call","-""A complaint has been made"" which is great except it does nothing to actually rectify the issue. They have my number but never call",single_match,service_complaint,service_complaint,stage1_rule,High-confidence single rule match,Wed Nov 01 18:13:12 +0000 2017
52243,52243,@AmazonHelp I have my account blocked. I have already sent the fax you have requested (twise) but still got no aswer. What should I do?,I have my account blocked. I have already sent the fax you have requested (twise) but still got no aswer. What should I do?,single_match,account_access,account_access,stage1_rule,High-confidence single rule match,Wed Nov 01 18:14:04 +0000 2017
51603,51602,"@AmazonHelp Going to have to call support as it wont let me change my password, same thing happened less than two weeks ago.","Going to have to call support as it wont let me change my password, same thing happened less than two weeks ago.",single_match,account_access,account_access,stage1_rule,High-confidence single rule match,Wed Nov 01 18:19:10 +0000 2017
15288,15292,"@118919 @119356 Delivery date 1Nov hai Aur Abhi tak Delivery nahi kiya hai ||Gati courier|| Godda, jharkhand my amazon id __email__","Delivery date 1Nov hai Aur Abhi tak Delivery nahi kiya hai ||Gati courier|| Godda, jharkhand my amazon id __email__",single_match,delivery_order_status,delivery_order_status,stage1_rule,High-confidence single rule match,Wed Nov 01 18:19:36 +0000 2017
52929,52929,"Vino un repartidor de @116875 y, ¿qué creen que hizo? Me pidió dinero a cambio de entregarme el paquete.","Vino un repartidor de y, ¿qué creen que hizo? Me pidió dinero a cambio de entregarme el paquete.",zero_match,other,other,stage1_sampled_other,Sampled zero-match other,Wed Nov 01 18:20:44 +0000 2017
52211,52210,"@115830 The porch was open &amp; the parcel could have been left in there, but you just couldn’t be bothered to drive out to the countryside could you?","The porch was open &amp; the parcel could have been left in there, but you just couldn’t be bothered to drive out to the countryside could you?",single_match,delivery_order_status,delivery_order_status,stage1_rule,High-confidence single rule match,Wed Nov 01 18:22:41 +0000 2017
52198,52198,"@AmazonHelp hello when my brother is trying to order from you ,when typing in his adress its coming up with next doors adress which is wrong","hello when my brother is trying to order from you ,when typing in his adress its coming up with next doors adress which is wrong",zero_match,other,other,stage1_sampled_other,Sampled zero-match other,Wed Nov 01 18:23:38 +0000 2017
51599,51598,@AmazonHelp I checked again. I have uploaded the video to youtube. Its playing here. Is their any location restriction.,I checked again. I have uploaded the video to youtube. Its playing here. Is their any location restriction.,zero_match,other,other,stage1_sampled_other,Sampled zero-match other,Wed Nov 01 18:23:55 +0000 2017
52211,52212,@115830 Substandard customer service for rural areas again. What exactly did I pay extra for? Very disappointed child here - thanks.,Substandard customer service for rural areas again. What exactly did I pay extra for? Very disappointed child here - thanks.,single_match,service_complaint,service_complaint,stage1_rule,High-confidence single rule match,Wed Nov 01 18:24:17 +0000 2017
52946,52946,"@115821 please update your app, these dialogs are OLD. https://t.co/PSM3eXuVIf","please update your app, these dialogs are OLD.",zero_match,other,other,stage1_sampled_other,Sampled zero-match other,Wed Nov 01 18:25:26 +0000 2017
52909,52909,"@AmazonHelp that awkward moment you’ve recently moved 🏠 and you get your delivery sent to the wrong address (correct street, wrong number)","that awkward moment you’ve recently moved 🏠 and you get your delivery sent to the wrong address (correct street, wrong number)",single_match,delivery_order_status,delivery_order_status,stage1_rule,High-confidence single rule match,Wed Nov 01 18:28:04 +0000 2017
52915,52915,"@AmazonHelp once again @916 @127917 can't deliver.  No reason just ""could not attempt delivery"".  Stayed home 4 the delivery","once again can't deliver. No reason just ""could not attempt delivery"". Stayed home 4 the delivery",single_match,delivery_order_status,delivery_order_status,stage1_rule,High-confidence single rule match,Wed Nov 01 18:31:21 +0000 2017
47874,47880,@AmazonHelp Tried that. Just asks me to contact seller first. That's why I came to twitter. But different people keep responding so I'm getting nowhere.,Tried that. Just asks me to contact seller first. That's why I came to twitter. But different people keep responding so I'm getting nowhere.,single_match,seller_marketplace,seller_marketplace,stage1_rule,High-confidence single rule match,Wed Nov 01 18:31:53 +0000 2017
52926,52926,AMZL US - @115821 shipping carrier is awful - Multiple items weren't delivered. 5+ yrs Prime Mmbr. Take us back 2 @115817. #AMZLDriverLost,AMZL US - shipping carrier is awful - Multiple items weren't delivered. 5+ yrs Prime Mmbr. Take us back 2 . #AMZLDriverLost,single_match,delivery_order_status,delivery_order_status,stage1_rule,High-confidence single rule match,Wed Nov 01 18:32:40 +0000 2017
51603,51605,@AmazonHelp I've called support and it's been moved to an 'account specialist' just like last time as apparently I didn't call when this happened before (which I did three times). Just very frustrated this happens whenever I try and place an order.,I've called support and it's been moved to an 'account specialist' just like last time as apparently I didn't call when this happened before (which I did three times). Just very frustrated this happens whenever I try and place an order.,zero_match,other,other,stage1_sampled_other,Sampled zero-match other,Wed Nov 01 18:32:41 +0000 2017
52225,52224,@AmazonHelp it has entered the dispatch process just today and email says sending to old address even though I made the address change days ago!,it has entered the dispatch process just today and email says sending to old address even though I made the address change days ago!,single_match,delivery_order_status,delivery_order_status,stage1_rule,High-confidence single rule match,Wed Nov 01 18:32:45 +0000 2017
52911,52911,@115850 My refund is pending for over 1 month. I think I will shift my loyalty to @118702,My refund is pending for over 1 month. I think I will shift my loyalty to,single_match,refund_return,refund_return,stage1_rule,High-confidence single rule match,Wed Nov 01 18:35:36 +0000 2017
52909,52907,"@AmazonHelp Its my neighbour, but i know they will deny recieving it, so looks like ive lost out 😂","Its my neighbour, but i know they will deny recieving it, so looks like ive lost out 😂",single_match,delivery_order_status,delivery_order_status,stage1_rule,High-confidence single rule match,Wed Nov 01 18:36:44 +0000 2017
52929,53524,@128093 @116875 Hace un mes eran una maravilla. Y se suponía que Amazon Logistics era confiable.,Hace un mes eran una maravilla. Y se suponía que Amazon Logistics era confiable.,zero_match,other,other,stage1_sampled_other,Sampled zero-match other,Wed Nov 01 18:39:32 +0000 2017
52198,52197,@AmazonHelp His parcels keep going next door as the previous owner was using his adress as hers,His parcels keep going next door as the previous owner was using his adress as hers,single_match,delivery_order_status,delivery_order_status,stage1_rule,High-confidence single rule match,Wed Nov 01 18:39:53 +0000 2017
46526,46530,"@AmazonHelp The investigation I was told to wait 24hrs for, said that “the carrier has confirmed it has been delivered” obviously it hasn’t been","The investigation I was told to wait 24hrs for, said that “the carrier has confirmed it has been delivered” obviously it hasn’t been",single_match,delivery_order_status,delivery_order_status,stage1_rule,High-confidence single rule match,Wed Nov 01 18:42:27 +0000 2017
35845,35844,@AmazonHelp It did not say on the tracking who was carrying it.  I did get contacted from Amazon and now they promised first thing in the morning.,It did not say on the tracking who was carrying it. I did get contacted from Amazon and now they promised first thing in the morning.,single_match,delivery_order_status,delivery_order_status,stage1_rule,High-confidence single rule match,Wed Nov 01 18:43:50 +0000 2017
53519,53519,. @115830 can you please justify why you accept this delivery as being 'handed to resident' and falsifying my signature? https://t.co/JjOUpatBV4,. can you please justify why you accept this delivery as being 'handed to resident' and falsifying my signature?,single_match,delivery_order_status,delivery_order_status,stage1_rule,High-confidence single rule match,Wed Nov 01 18:44:46 +0000 2017
53522,53521,@115821 @AmazonHelp Why do I even pay for amazon prime,Why do I even pay for amazon prime,zero_match,other,other,stage1_sampled_other,Sampled zero-match other,Wed Nov 01 18:45:22 +0000 2017
53513,53513,"@amazonhelp Hey there. I pre-ordered Xbox One X as soon as it became available, but no indication of delivery ETA yet and need to know asap.","Hey there. I pre-ordered Xbox One X as soon as it became available, but no indication of delivery ETA yet and need to know asap.",single_match,delivery_order_status,delivery_order_status,stage1_rule,High-confidence single rule match,Wed Nov 01 18:46:33 +0000 2017
53506,53506,Nunca había tenido tan mala experiencia con @116875,Nunca había tenido tan mala experiencia con,zero_match,other,other,stage1_sampled_other,Sampled zero-match other,Wed Nov 01 18:50:38 +0000 2017
46526,46532,@AmazonHelp I was asked to wait 24hrs whilst you investigated. Replacement offered and said I’d receive an email about it which I haven’t had.,I was asked to wait 24hrs whilst you investigated. Replacement offered and said I’d receive an email about it which I haven’t had.,single_match,refund_return,refund_return,stage1_rule,High-confidence single rule match,Wed Nov 01 18:51:18 +0000 2017
53496,53496,What is going on with @115830 delivery ? Item was due on Sunday and still hasn’t arrived! That’s 3 items late ! Why am I paying for Prime?,What is going on with delivery ? Item was due on Sunday and still hasn’t arrived! That’s 3 items late ! Why am I paying for Prime?,single_match,delivery_order_status,delivery_order_status,stage1_rule,High-confidence single rule match,Wed Nov 01 18:52:25 +0000 2017
54424,54424,Really? @AmazonHelp why would someone fold computer paper in half to be shipped in a package that would have fit it anyways... https://t.co/8uSmob1ufC,Really? why would someone fold computer paper in half to be shipped in a package that would have fit it anyways...,single_match,delivery_order_status,delivery_order_status,stage1_rule,High-confidence single rule match,Wed Nov 01 18:52:52 +0000 2017
53494,53494,I didn't sign up for Amazon prime to get my order a day late of when I need it. 😒,I didn't sign up for Amazon prime to get my order a day late of when I need it. 😒,single_match,delivery_order_status,delivery_order_status,stage1_rule,High-confidence single rule match,Wed Nov 01 18:56:07 +0000 2017
53499,53498,@AmazonHelp is the prime video app available for Android devices,is the prime video app available for Android devices,single_match,device_digital_content,device_digital_content,stage1_rule,High-confidence single rule match,Wed Nov 01 18:56:16 +0000 2017
54401,54401,@AmazonHelp ive signed up to prime student about a week ago with 6 months free so why is it saying theres a problem with my card? https://t.co/EvBkqR1APB,ive signed up to prime student about a week ago with 6 months free so why is it saying theres a problem with my card?,single_match,prime_membership,prime_membership,stage1_rule,High-confidence single rule match,Wed Nov 01 19:03:38 +0000 2017
42479,42473,@AmazonHelp I was supposed to be credited my money back within the hour and I never got it.,I was supposed to be credited my money back within the hour and I never got it.,single_match,refund_return,refund_return,stage1_rule,High-confidence single rule match,Wed Nov 01 19:05:44 +0000 2017
55037,55037,@AmazonHelp When will my pre-order for CoD: WWII arrive? Does it arrive Thursday night for the midnight release or must we wait until Fri?,When will my pre-order for CoD: WWII arrive? Does it arrive Thursday night for the midnight release or must we wait until Fri?,single_match,delivery_order_status,delivery_order_status,stage1_rule,High-confidence single rule match,Wed Nov 01 19:06:06 +0000 2017
54380,54380,@120533 C'est normal que je n'ai toujours pas reçu un colis qui devait arriver il y a 2-3 semaines minimum ?,C'est normal que je n'ai toujours pas reçu un colis qui devait arriver il y a 2-3 semaines minimum ?,single_match,delivery_order_status,delivery_order_status,stage1_rule,High-confidence single rule match,Wed Nov 01 19:08:06 +0000 2017
52926,52925,@AmazonHelp @AmazonHelp - Info sent 2 Amazon link. Response time is up too 12 business days. lol WOW,- Info sent 2 Amazon link. Response time is up too 12 business days. lol WOW,zero_match,other,other,stage1_sampled_other,Sampled zero-match other,Wed Nov 01 19:11:25 +0000 2017
55041,55041,@AmazonHelp My order still says “Preparing for shipment” and I ordered it October 25. 😔,My order still says “Preparing for shipment” and I ordered it October 25. 😔,single_match,delivery_order_status,delivery_order_status,stage1_rule,High-confidence single rule match,Wed Nov 01 19:12:08 +0000 2017
51574,51573,@AmazonHelp I’ve waited til past 8 o’clock now-here are the references: 67303131113645 &amp; 73303231558729 EVERY Hermes delivery gets delayed. No fun!,I’ve waited til past 8 o’clock now-here are the references: 67303131113645 &amp; 73303231558729 EVERY Hermes delivery gets delayed. No fun!,single_match,delivery_order_status,delivery_order_status,stage1_rule,High-confidence single rule match,Wed Nov 01 19:12:20 +0000 2017
55059,55059,@115830 @AmazonHelp I have an order that says delivered yesterday by amazon shipping but it hasn’t been delivered. What can I do?,I have an order that says delivered yesterday by amazon shipping but it hasn’t been delivered. What can I do?,single_match,delivery_order_status,delivery_order_status,stage1_rule,High-confidence single rule match,Wed Nov 01 19:12:37 +0000 2017
57425,57425,@AmazonHelp hi I have an echo plus  and cannot use the £3.99 echo only music option. Can you tell me how? Only gives option for £9.99version,hi I have an echo plus and cannot use the £3.99 echo only music option. Can you tell me how? Only gives option for £9.99version,single_match,device_digital_content,device_digital_content,stage1_rule,High-confidence single rule match,Wed Nov 01 19:13:37 +0000 2017
54406,54405,"@AmazonHelp «COLIS PRIVE» il  y a écrit sur le suivi de colis. 
à savoir que j'ai un deuxième colis qui devait arriver hier mais celui-ci, pas d'avis","«COLIS PRIVE» il y a écrit sur le suivi de colis. à savoir que j'ai un deuxième colis qui devait arriver hier mais celui-ci, pas d'avis",single_match,delivery_order_status,delivery_order_status,stage1_rule,High-confidence single rule match,Wed Nov 01 19:15:11 +0000 2017
55035,55035,@115850 worst customer support and escalation team. You guys will never change. Always provide wrong information to your clients.,worst customer support and escalation team. You guys will never change. Always provide wrong information to your clients.,single_match,service_complaint,service_complaint,stage1_rule,High-confidence single rule match,Wed Nov 01 19:15:32 +0000 2017
55049,55049,".@115821 wants 6.99 for one day shipping but are unreliable, second time this has happened. Where's my order?",". wants 6.99 for one day shipping but are unreliable, second time this has happened. Where's my order?",single_match,delivery_order_status,delivery_order_status,stage1_rule,High-confidence single rule match,Wed Nov 01 19:16:03 +0000 2017
54388,54387,@AmazonHelp Não estou conseguindo sincronizar os livros que baixei pelo serviço Unlimited no meu aparelho. Aparece uma mensagem de que está pendente,Não estou conseguindo sincronizar os livros que baixei pelo serviço Unlimited no meu aparelho. Aparece uma mensagem de que está pendente,zero_match,other,other,stage1_sampled_other,Sampled zero-match other,Wed Nov 01 19:25:00 +0000 2017
57446,57446,Look how @115821 decided to ship my $350 Graphics Card. You can't be serious🤦‍♂️. https://t.co/y5QF6vGK9G,Look how decided to ship my $350 Graphics Card. You can't be serious🤦‍♂️.,zero_match,other,other,stage1_sampled_other,Sampled zero-match other,Wed Nov 01 19:25:22 +0000 2017
59581,59581,I expected something TODAY and now my delivery is for tomorrow by 8PM @AmazonHelp,I expected something TODAY and now my delivery is for tomorrow by 8PM,single_match,delivery_order_status,delivery_order_status,stage1_rule,High-confidence single rule match,Wed Nov 01 19:27:02 +0000 2017
55049,55048,@AmazonHelp DM,DM,zero_match,other,other,stage1_sampled_other,Sampled zero-match other,Wed Nov 01 19:27:51 +0000 2017
56932,56932,@115850 How can refunds this my money https://t.co/vzd9YnpQ6U,How can refunds this my money,single_match,refund_return,refund_return,stage1_rule,High-confidence single rule match,Wed Nov 01 19:28:41 +0000 2017
54406,54408,@AmazonHelp et pour l'avis de passage ? j'en fais quoi ? la poste peut me filer mon colis avec ce petit bout bois ?,et pour l'avis de passage ? j'en fais quoi ? la poste peut me filer mon colis avec ce petit bout bois ?,zero_match,other,other,stage1_sampled_other,Sampled zero-match other,Wed Nov 01 19:29:20 +0000 2017
56923,56918,"@115821 Sounds like it's been delivered to the wrong address... No building on my block has a ""Mail Room""","Sounds like it's been delivered to the wrong address... No building on my block has a ""Mail Room""",single_match,delivery_order_status,delivery_order_status,stage1_rule,High-confidence single rule match,Wed Nov 01 19:34:28 +0000 2017
56911,56911,"@AmazonHelp so, email to say package out for delivery today....just got home, no package, no note, no email? What’s going on?! Not next day!","so, email to say package out for delivery today....just got home, no package, no note, no email? What’s going on?! Not next day!",single_match,delivery_order_status,delivery_order_status,stage1_rule,High-confidence single rule match,Wed Nov 01 19:34:59 +0000 2017
57438,57438,@AmazonHelp preordered a book on kindle in September. It says the release date was 21st Sept but it’s still not on my kindle. Can you help?,preordered a book on kindle in September. It says the release date was 21st Sept but it’s still not on my kindle. Can you help?,single_match,device_digital_content,device_digital_content,stage1_rule,High-confidence single rule match,Wed Nov 01 19:35:05 +0000 2017
42479,42475,@AmazonHelp I talked to some “Pramod” that told me I’d have my money back in a hour and I never got it,I talked to some “Pramod” that told me I’d have my money back in a hour and I never got it,single_match,refund_return,refund_return,stage1_rule,High-confidence single rule match,Wed Nov 01 19:35:31 +0000 2017
56830,56830,#Hearusamazon @115850 @115821 @115851 @3161 @128876 https://t.co/qjx5nccDLO,#Hearusamazon,zero_match,other,other,stage1_sampled_other,Sampled zero-match other,Wed Nov 01 19:36:26 +0000 2017
56911,56908,@AmazonHelp 2/2 what time do you stop delivering?,2/2 what time do you stop delivering?,single_match,delivery_order_status,delivery_order_status,stage1_rule,High-confidence single rule match,Wed Nov 01 19:42:22 +0000 2017
56862,56862,"My friend bought stuff @115821 to deliver to me, the order was incomplete. they say it was signed by HER who was in Brazil.","My friend bought stuff to deliver to me, the order was incomplete. they say it was signed by HER who was in Brazil.",single_match,delivery_order_status,delivery_order_status,stage1_rule,High-confidence single rule match,Wed Nov 01 19:46:16 +0000 2017
56865,56865,@115821 what a load of bullshit no one tried to deliver it!!! https://t.co/Q3fkD877yI,what a load of bullshit no one tried to deliver it!!!,single_match,delivery_order_status,delivery_order_status,stage1_rule,High-confidence single rule match,Wed Nov 01 19:47:37 +0000 2017
56898,56898,"On call to @115830 for 4th time. None will collect damaged TV. Told @116324 will, but dimension and weight limits mean only unboxed. Mad","On call to for 4th time. None will collect damaged TV. Told will, but dimension and weight limits mean only unboxed. Mad",single_match,item_quality_issue,item_quality_issue,stage1_rule,High-confidence single rule match,Wed Nov 01 19:48:12 +0000 2017
56894,56894,"&gt;Die Lieferung wurde verzögert, da kein Schließfach frei war. 
Damit ist das Experiment ""Amazon Locker"" für mich gescheitert. 
@116316","&gt;Die Lieferung wurde verzögert, da kein Schließfach frei war. Damit ist das Experiment ""Amazon Locker"" für mich gescheitert.",single_match,delivery_order_status,delivery_order_status,stage1_rule,High-confidence single rule match,Wed Nov 01 19:48:20 +0000 2017
56859,56859,.@115821 why is my account being hacked like every week now...! https://t.co/zToW3sG9CC,. why is my account being hacked like every week now...!,single_match,account_access,account_access,stage1_rule,High-confidence single rule match,Wed Nov 01 19:49:01 +0000 2017
56854,56854,@115821 what do you mean my package can't be delivered. I've had packages dropped off at the address before,what do you mean my package can't be delivered. I've had packages dropped off at the address before,single_match,delivery_order_status,delivery_order_status,stage1_rule,High-confidence single rule match,Wed Nov 01 19:50:21 +0000 2017
57475,57475,Hey @117634 my kindle starting advancing left to right instead of right to left. How do I fix that?,Hey my kindle starting advancing left to right instead of right to left. How do I fix that?,single_match,device_digital_content,device_digital_content,stage1_rule,High-confidence single rule match,Wed Nov 01 19:53:54 +0000 2017
57477,57477,Pay for @115821 prime and I’ve order 2 items in the last 2 days both I’ve had issues with delivery! Fuming!,Pay for prime and I’ve order 2 items in the last 2 days both I’ve had issues with delivery! Fuming!,single_match,delivery_order_status,delivery_order_status,stage1_rule,High-confidence single rule match,Wed Nov 01 19:56:27 +0000 2017
57472,57468,"@AmazonHelp Another day, another bent vinyl from @115830. Do you have any quality control before sending out damaged products? https://t.co/ya9NAHI827","Another day, another bent vinyl from . Do you have any quality control before sending out damaged products?",single_match,item_quality_issue,item_quality_issue,stage1_rule,High-confidence single rule match,Wed Nov 01 19:57:44 +0000 2017
57432,57432,Viendo el primer episodio de @3238 en @123813. Quedé enganchado. Altamente recimendable la #Serie. #AmericanGods. 🎬,Viendo el primer episodio de en . Quedé enganchado. Altamente recimendable la #Serie. #AmericanGods. 🎬,zero_match,other,other,stage1_sampled_other,Sampled zero-match other,Wed Nov 01 19:58:37 +0000 2017
58153,58153,No matter how loud you cry @115850 is not gonna hear sellers. A blind eye approach. Stopping all Ads @128876 @115851 #HearUsAmazon https://t.co/jeCP6SD7C6,No matter how loud you cry is not gonna hear sellers. A blind eye approach. Stopping all Ads #HearUsAmazon,single_match,seller_marketplace,seller_marketplace,stage1_rule,High-confidence single rule match,Wed Nov 01 20:01:09 +0000 2017
57448,57448,Seriously though @115830 I paid for next day delivery yesterday morning at 7 o’clock It’s 35 hours later and my order still hasn’t arrived,Seriously though I paid for next day delivery yesterday morning at 7 o’clock It’s 35 hours later and my order still hasn’t arrived,single_match,delivery_order_status,delivery_order_status,stage1_rule,High-confidence single rule match,Wed Nov 01 20:01:22 +0000 2017
57441,57441,Another great @115821 packaging moment. I order two identical items and they post them in separate packages. Really? https://t.co/gHlO86g2Tg,Another great packaging moment. I order two identical items and they post them in separate packages. Really?,single_match,delivery_order_status,delivery_order_status,stage1_rule,High-confidence single rule match,Wed Nov 01 20:03:17 +0000 2017
57421,57421,"#HearUsAmazon

Fed up with garbage returns / No Track on our returns @115850 @115851 @128876 https://t.co/DgIvsmyaKT",#HearUsAmazon Fed up with garbage returns / No Track on our returns,zero_match,other,other,stage1_sampled_other,Sampled zero-match other,Wed Nov 01 20:06:09 +0000 2017
57438,57434,@AmazonHelp Perfect thank you!,Perfect thank you!,zero_match,other,other,stage1_sampled_other,Sampled zero-match other,Wed Nov 01 20:06:16 +0000 2017
55059,55058,"@AmazonHelp yes I have been through all of the steps. I will check with nighbours further down the street tomorrow, but no notification of delivery 1/2","yes I have been through all of the steps. I will check with nighbours further down the street tomorrow, but no notification of delivery 1/2",single_match,delivery_order_status,delivery_order_status,stage1_rule,High-confidence single rule match,Wed Nov 01 20:08:21 +0000 2017
58137,58137,@AmazonHelp my book came like this? :( https://t.co/YXO3XhNvhj,my book came like this? :(,zero_match,other,other,stage1_sampled_other,Sampled zero-match other,Wed Nov 01 20:09:18 +0000 2017
58146,58145,"@115821 Yesterday I got an Amazon package for the third floor, and the fifth floor got mine - why is this so hard?","Yesterday I got an Amazon package for the third floor, and the fifth floor got mine - why is this so hard?",single_match,delivery_order_status,delivery_order_status,stage1_rule,High-confidence single rule match,Wed Nov 01 20:10:38 +0000 2017
58158,58158,"I hate Amazon’s delivery supplier (AMZL US), they ALWAYS deliver my packages late, always. Smh.","I hate Amazon’s delivery supplier (AMZL US), they ALWAYS deliver my packages late, always. Smh.",single_match,delivery_order_status,delivery_order_status,stage1_rule,High-confidence single rule match,Wed Nov 01 20:11:21 +0000 2017
58148,58148,Such a poor services of your Amazon customer services @115850 your  representative told me that i would be eligible for the cashback,Such a poor services of your Amazon customer services your representative told me that i would be eligible for the cashback,single_match,service_complaint,service_complaint,stage1_rule,High-confidence single rule match,Wed Nov 01 20:12:55 +0000 2017
58131,58131,@115830 been told my parcel was out for delivery since 630 now I'm told not to expect it till tomorrow. What is going on? It's prime,been told my parcel was out for delivery since 630 now I'm told not to expect it till tomorrow. What is going on? It's prime,single_match,delivery_order_status,delivery_order_status,stage1_rule,High-confidence single rule match,Wed Nov 01 20:13:20 +0000 2017
57425,57424,@AmazonHelp Ive done that but it only gives me the option of the 1 months free trial and then £9.99 a month after. No way of clicking on the linkyousent,Ive done that but it only gives me the option of the 1 months free trial and then £9.99 a month after. No way of clicking on the linkyousent,single_match,prime_membership,prime_membership,stage1_rule,High-confidence single rule match,Wed Nov 01 20:15:20 +0000 2017
35965,35967,"@AmazonHelp I just wanted to update you on my experience w/ your customer svc center. Carmina listen to my problem and successfully resolved it, thxs! 🙂","I just wanted to update you on my experience w/ your customer svc center. Carmina listen to my problem and successfully resolved it, thxs! 🙂",zero_match,other,other,stage1_sampled_other,Sampled zero-match other,Wed Nov 01 20:15:22 +0000 2017
58137,58135,@AmazonHelp Ahh no worries. Thanks for the help. Have a good day :),Ahh no worries. Thanks for the help. Have a good day :),zero_match,other,other,stage1_sampled_other,Sampled zero-match other,Wed Nov 01 20:15:54 +0000 2017
58100,58099,@118706 @115821 Package Ripped halfway thru just to see whats inside smh,Package Ripped halfway thru just to see whats inside smh,single_match,delivery_order_status,delivery_order_status,stage1_rule,High-confidence single rule match,Wed Nov 01 20:22:35 +0000 2017
57472,57467,"@AmazonHelp This'll be the second return in as many days, what guarantee have I got that I'm going to get an undamaged record...3rd time lucky?!","This'll be the second return in as many days, what guarantee have I got that I'm going to get an undamaged record...3rd time lucky?!",single_match,item_quality_issue,item_quality_issue,stage1_rule,High-confidence single rule match,Wed Nov 01 20:23:46 +0000 2017
58082,58082,I highly encourage everyone to NEVER preorder things from @115821 they can't provide an update on an item that i should have in 6 days.,I highly encourage everyone to NEVER preorder things from they can't provide an update on an item that i should have in 6 days.,zero_match,other,other,stage1_sampled_other,Sampled zero-match other,Wed Nov 01 20:24:38 +0000 2017
18159,18149,"@AmazonHelp Called USPS for delivery info. Estimated hold time for the next representative is FIFTY MINUTES. As YOUR customer, I shouldn't be doing this","Called USPS for delivery info. Estimated hold time for the next representative is FIFTY MINUTES. As YOUR customer, I shouldn't be doing this",single_match,delivery_order_status,delivery_order_status,stage1_rule,High-confidence single rule match,Wed Nov 01 20:26:33 +0000 2017
58778,58778,Hey @115821 there should be no reason why my items should keep arriving bent and bruised up. Please package things more carefully. https://t.co/6YR1Xf7Aym,Hey there should be no reason why my items should keep arriving bent and bruised up. Please package things more carefully.,single_match,delivery_order_status,delivery_order_status,stage1_rule,High-confidence single rule match,Wed Nov 01 20:29:50 +0000 2017
52943,52933,"@AmazonHelp There is no option there, just says my refund has been issued as i requested - i did not request a refund!","There is no option there, just says my refund has been issued as i requested - i did not request a refund!",single_match,refund_return,refund_return,stage1_rule,High-confidence single rule match,Wed Nov 01 20:30:51 +0000 2017
59573,59573,"@115821 ""Package left in a secure location."" Really? My house is about 400' down the road. That's a ditch they're sitting in. https://t.co/gEtyDDG3iJ","""Package left in a secure location."" Really? My house is about 400' down the road. That's a ditch they're sitting in.",single_match,delivery_order_status,delivery_order_status,stage1_rule,High-confidence single rule match,Wed Nov 01 20:32:22 +0000 2017
58763,58763,#HearUsAmazon when an prime residential address is stated as address not found and sales are returned. Thats @115850 for sellers.,#HearUsAmazon when an prime residential address is stated as address not found and sales are returned. Thats for sellers.,single_match,seller_marketplace,seller_marketplace,stage1_rule,High-confidence single rule match,Wed Nov 01 20:32:41 +0000 2017
58082,58081,"@AmazonHelp I have not been emailed any status updates at all since I preordered the item over 2 months ago. so no, this is not true.","I have not been emailed any status updates at all since I preordered the item over 2 months ago. so no, this is not true.",single_match,service_complaint,service_complaint,stage1_rule,High-confidence single rule match,Wed Nov 01 20:32:53 +0000 2017
59567,59567,"This is how I receive my parcels back from ATS, they literally treat these as garbages
#HearUsAmazon @115850 @115851 @127586 @2896 https://t.co/QuP8vX4MQh","This is how I receive my parcels back from ATS, they literally treat these as garbages #HearUsAmazon",single_match,delivery_order_status,delivery_order_status,stage1_rule,High-confidence single rule match,Wed Nov 01 20:34:48 +0000 2017
56830,56840,@AmazonHelp we have been hearing that since 2 years. Almost 60k monthly is being chewed on wrong shipping updates! Still no actions. #HearUsAmazon,we have been hearing that since 2 years. Almost 60k monthly is being chewed on wrong shipping updates! Still no actions. #HearUsAmazon,single_match,delivery_order_status,delivery_order_status,stage1_rule,High-confidence single rule match,Wed Nov 01 20:35:30 +0000 2017
59585,59585,".@115821 you have ppl calling for personal info, that comes off as fraudulent. And rude, she hung up when asked to verify herself.",". you have ppl calling for personal info, that comes off as fraudulent. And rude, she hung up when asked to verify herself.",zero_match,other,other,stage1_sampled_other,Sampled zero-match other,Wed Nov 01 20:36:40 +0000 2017
59581,59576,@AmazonHelp Yes and if I would have known it wouldn’t be here today I wouldn’t have ordered,Yes and if I would have known it wouldn’t be here today I wouldn’t have ordered,zero_match,other,other,stage1_sampled_other,Sampled zero-match other,Wed Nov 01 20:41:09 +0000 2017
61054,61054,"I know I make this complaint regularly, but why is there a direct path from @176 to @115821 but not the other way around?","I know I make this complaint regularly, but why is there a direct path from to but not the other way around?",single_match,service_complaint,service_complaint,stage1_rule,High-confidence single rule match,Wed Nov 01 20:42:25 +0000 2017
54388,54392,"@AmazonHelp Consegui resolver o problema, mas precisei redefinir o aparelho. Obrigada!","Consegui resolver o problema, mas precisei redefinir o aparelho. Obrigada!",zero_match,other,other,stage1_sampled_other,Sampled zero-match other,Wed Nov 01 20:42:33 +0000 2017
59559,59559,@115830 my order still hasn't arrived and deliver said it was due today. Please can you help.,my order still hasn't arrived and deliver said it was due today. Please can you help.,single_match,delivery_order_status,delivery_order_status,stage1_rule,High-confidence single rule match,Wed Nov 01 20:43:59 +0000 2017
59533,59533,"4 years later and @115821 still hasn't retained instructions on how to leave packages at my apartment for me.
👏👏👏",4 years later and still hasn't retained instructions on how to leave packages at my apartment for me. 👏👏👏,single_match,delivery_order_status,delivery_order_status,stage1_rule,High-confidence single rule match,Wed Nov 01 20:49:19 +0000 2017
52943,52939,"@AmazonHelp So i will just accept the refund i did not ask for and buy the book in another place, thank you.","So i will just accept the refund i did not ask for and buy the book in another place, thank you.",single_match,refund_return,refund_return,stage1_rule,High-confidence single rule match,Wed Nov 01 20:54:10 +0000 2017
59524,59524,@115850 have cheated &amp; delivered a duplicate product of @7166 which is different from the original product as displayed. https://t.co/MnarBn5yN0,have cheated &amp; delivered a duplicate product of which is different from the original product as displayed.,single_match,delivery_order_status,delivery_order_status,stage1_rule,High-confidence single rule match,Wed Nov 01 20:55:23 +0000 2017
61035,61035,"Cried for 2 hrs straight this evening ‘cause neither @122232 or @AmazonHelp could be bothered to deliver to me. So yes, I am still pregnant.","Cried for 2 hrs straight this evening ‘cause neither or could be bothered to deliver to me. So yes, I am still pregnant.",single_match,delivery_order_status,delivery_order_status,stage1_rule,High-confidence single rule match,Wed Nov 01 20:56:15 +0000 2017
60232,60232,@115830 @@AmazonHelp @129773 just spent 40mins on sos to your agent and no closer am i to using a service you are charging me for,@ just spent 40mins on sos to your agent and no closer am i to using a service you are charging me for,single_match,payment_billing,payment_billing,stage1_rule,High-confidence single rule match,Wed Nov 01 21:01:54 +0000 2017
62195,62195,@115821 I'm home alone with a two year old. Delivery person left these downstairs ? Mind you they're heavy and there's an elevator! https://t.co/e44bZxEPhn,I'm home alone with a two year old. Delivery person left these downstairs ? Mind you they're heavy and there's an elevator!,single_match,delivery_order_status,delivery_order_status,stage1_rule,High-confidence single rule match,Wed Nov 01 21:05:34 +0000 2017
59533,59532,"@AmazonHelp local Amazon driver, not a mail carrier.","local Amazon driver, not a mail carrier.",single_match,delivery_order_status,delivery_order_status,stage1_rule,High-confidence single rule match,Wed Nov 01 21:05:48 +0000 2017
61045,61045,Shoutout to whoever stole my Amazon package I hope you enjoy your kitty litter and tapestry ☹️☹️☹️,Shoutout to whoever stole my Amazon package I hope you enjoy your kitty litter and tapestry ☹️☹️☹️,single_match,delivery_order_status,delivery_order_status,stage1_rule,High-confidence single rule match,Wed Nov 01 21:06:03 +0000 2017
58091,58090,"@AmazonHelp If it's in stock, why wouldn't it ship today or tomorrow?","If it's in stock, why wouldn't it ship today or tomorrow?",zero_match,other,other,stage1_sampled_other,Sampled zero-match other,Wed Nov 01 21:06:41 +0000 2017
57448,57449,@115830 The order status says it’s out for delivery and was expected to be delivered by 9pm. It’s now 9:15om and I still don’t have it,The order status says it’s out for delivery and was expected to be delivered by 9pm. It’s now 9:15om and I still don’t have it,single_match,delivery_order_status,delivery_order_status,stage1_rule,High-confidence single rule match,Wed Nov 01 21:13:53 +0000 2017
61030,61030,"@116875 por qué usas un servicio tan pésimo como @118923 ? 
Si quieres que dejemos de comprar mejor usa  @129966 #malservicio",por qué usas un servicio tan pésimo como ? Si quieres que dejemos de comprar mejor usa #malservicio,zero_match,other,other,stage1_sampled_other,Sampled zero-match other,Wed Nov 01 21:20:23 +0000 2017
61025,61025,So I change my country of residence &amp; I get charged again for prime services without mentioning that before?!  #NotCool #UX 🤬  @116316,So I change my country of residence &amp; I get charged again for prime services without mentioning that before?! #NotCool #UX 🤬,single_match,payment_billing,payment_billing,stage1_rule,High-confidence single rule match,Wed Nov 01 21:20:29 +0000 2017
63159,63159,So mad at @115821 they sent the wrong item.  I got tattoo ink instead of cross stitch supplies!!! I need it today &amp;now I have to wait week,So mad at they sent the wrong item. I got tattoo ink instead of cross stitch supplies!!! I need it today &amp;now I have to wait week,single_match,item_quality_issue,item_quality_issue,stage1_rule,High-confidence single rule match,Wed Nov 01 21:21:59 +0000 2017
53513,53515,"@AmazonHelp OK, is there a way to change the shipping address to an Amazon locker then? My saved locker is not showing when I attempt this.","OK, is there a way to change the shipping address to an Amazon locker then? My saved locker is not showing when I attempt this.",single_match,delivery_order_status,delivery_order_status,stage1_rule,High-confidence single rule match,Wed Nov 01 21:24:05 +0000 2017
63150,63150,@128308 firestick remote voice control works only for prime video but not inside other apps- like @15462. Not efficient,firestick remote voice control works only for prime video but not inside other apps- like . Not efficient,single_match,device_digital_content,device_digital_content,stage1_rule,High-confidence single rule match,Wed Nov 01 21:28:01 +0000 2017
62184,62184,"@AmazonHelp your customer service is a joke, worst agents out there","your customer service is a joke, worst agents out there",single_match,service_complaint,service_complaint,stage1_rule,High-confidence single rule match,Wed Nov 01 21:30:57 +0000 2017
62162,62159,@AmazonHelp Tuesday but i got an email saying it was delivered on monday and ive asked everyone in my household but they all confirmed nothing came in,Tuesday but i got an email saying it was delivered on monday and ive asked everyone in my household but they all confirmed nothing came in,single_match,delivery_order_status,delivery_order_status,stage1_rule,High-confidence single rule match,Wed Nov 01 21:32:21 +0000 2017
62172,62172,@AmazonHelp muchas gracias por resolver el problemilla que hubo con el envío. Así da gusto,muchas gracias por resolver el problemilla que hubo con el envío. Así da gusto,zero_match,other,other,stage1_sampled_other,Sampled zero-match other,Wed Nov 01 21:34:13 +0000 2017
61021,61015,@AmazonHelp Gleiche stand wie Montag nur das es da steht wird in kurze versendet 🙈😂,Gleiche stand wie Montag nur das es da steht wird in kurze versendet 🙈😂,zero_match,other,other,stage1_sampled_other,Sampled zero-match other,Wed Nov 01 21:35:19 +0000 2017
61025,61023,@AmazonHelp The problem is not the service itself the problem is that you don't communicate this is gonna happen! 😡 I lost 4 months of membership.,The problem is not the service itself the problem is that you don't communicate this is gonna happen! 😡 I lost 4 months of membership.,zero_match,other,other,stage1_sampled_other,Sampled zero-match other,Wed Nov 01 21:35:52 +0000 2017
63152,63152,@AmazonHelp yoooo where’s my package. Your website says delivered my house says otherwise,yoooo where’s my package. Your website says delivered my house says otherwise,single_match,delivery_order_status,delivery_order_status,stage1_rule,High-confidence single rule match,Wed Nov 01 21:36:09 +0000 2017
63148,63148,"Mom asked me why my @115821 order required a three foot box.  Good question, Mom. https://t.co/7f8VRZbSpA","Mom asked me why my order required a three foot box. Good question, Mom.",single_match,delivery_order_status,delivery_order_status,stage1_rule,High-confidence single rule match,Wed Nov 01 21:46:56 +0000 2017
63132,63132,@115821 @AmazonHelp @120319 @734 @3544 @130474 @120320 @115851. No repsonse from amazon yet. Pathetic services,. No repsonse from amazon yet. Pathetic services,single_match,service_complaint,service_complaint,stage1_rule,High-confidence single rule match,Wed Nov 01 21:51:22 +0000 2017
35936,35939,"@AmazonHelp Awesome, thank you!","Awesome, thank you!",zero_match,other,other,stage1_sampled_other,Sampled zero-match other,Wed Nov 01 21:53:30 +0000 2017
63125,63125,What is with @115830 recently? A pre-order that was due this week now has a delivery estimate between now-Jan '18. Are you kidding me?,What is with recently? A pre-order that was due this week now has a delivery estimate between now-Jan '18. Are you kidding me?,single_match,delivery_order_status,delivery_order_status,stage1_rule,High-confidence single rule match,Wed Nov 01 21:53:56 +0000 2017
63141,63140,@AmazonHelp A vendor. Is there an account that can assist?,A vendor. Is there an account that can assist?,zero_match,other,other,stage1_sampled_other,Sampled zero-match other,Wed Nov 01 21:55:07 +0000 2017
63132,63131,@AmazonHelp @115821 @AmazonHelp @120319 @734 @3544 @130474 @120320 @115851... I did respond back to... Thanks,... I did respond back to... Thanks,zero_match,other,other,stage1_sampled_other,Sampled zero-match other,Wed Nov 01 21:56:17 +0000 2017
63123,63120,@AmazonHelp My feedback is simple: items should be packed so as to not move during shipping,My feedback is simple: items should be packed so as to not move during shipping,single_match,delivery_order_status,delivery_order_status,stage1_rule,High-confidence single rule match,Wed Nov 01 22:02:49 +0000 2017
38811,38810,@AmazonHelp I keep chasing u guys and finally ur reply https://t.co/wgHLRIVchr,I keep chasing u guys and finally ur reply,zero_match,other,other,stage1_sampled_other,Sampled zero-match other,Wed Nov 01 22:13:21 +0000 2017
62195,62193,@AmazonHelp Usually they bring the boxes up no matter how big or small they are :(,Usually they bring the boxes up no matter how big or small they are :(,zero_match,other,other,stage1_sampled_other,Sampled zero-match other,Wed Nov 01 22:25:59 +0000 2017
43301,43297,@AmazonHelp Only Facebook is linked and I rarely use Facebook. I will be changing my password and unblinking Facebook just in case,Only Facebook is linked and I rarely use Facebook. I will be changing my password and unblinking Facebook just in case,single_match,account_access,account_access,stage1_rule,High-confidence single rule match,Wed Nov 01 22:28:47 +0000 2017
272,272,amazonのfireTVstickが見れない😢,amazonのfireTVstickが見れない😢,single_match,device_digital_content,device_digital_content,stage1_rule,High-confidence single rule match,Wed Nov 22 09:14:39 +0000 2017
3655,3655,"just noticed I paid £4.95 delivery on Amazon simply because I did not select the FREE delivery option, after I spent enough to qualify... what a RIP OFF, why is it not free automatically when qualifying @115830","just noticed I paid £4.95 delivery on Amazon simply because I did not select the FREE delivery option, after I spent enough to qualify... what a RIP OFF, why is it not free automatically when qualifying",single_match,delivery_order_status,delivery_order_status,stage1_rule,High-confidence single rule match,Wed Nov 22 10:02:47 +0000 2017
8581,8581,@AmazonHelp hi I cancelled an item today but the money has not shown back up in my bank yet can you tell me how long it takes?,hi I cancelled an item today but the money has not shown back up in my bank yet can you tell me how long it takes?,zero_match,other,other,stage1_sampled_other,Sampled zero-match other,Wed Nov 22 11:20:19 +0000 2017
4840,4843,"@116313 AmazonPrime発送で詐欺の恐れはありますか？
Nintendo Switchを購入したいんですが
親にAmazon販売.発送じゃないという事を理由に断られました

AmazonPrimeは安心なのでしょうか

AmazonPrimeの商品はAmazonが責任を持って自宅に届けてもらえるのでしょうか？
それとも販売ショップからの発送ですか？",AmazonPrime発送で詐欺の恐れはありますか？ Nintendo Switchを購入したいんですが 親にAmazon販売.発送じゃないという事を理由に断られました AmazonPrimeは安心なのでしょうか AmazonPrimeの商品はAmazonが責任を持って自宅に届けてもらえるのでしょうか？ それとも販売ショップからの発送ですか？,zero_match,other,other,stage1_sampled_other,Sampled zero-match other,Wed Nov 22 12:48:05 +0000 2017
14084,14084,"そういえば28日発売なのにAmazon予約したPrince写真集の支払い番号まだ届かないってやばみ？
誰か〜Amazonで注文してる人いませんか〜",そういえば28日発売なのにAmazon予約したPrince写真集の支払い番号まだ届かないってやばみ？ 誰か〜Amazonで注文してる人いませんか〜,zero_match,other,other,stage1_sampled_other,Sampled zero-match other,Wed Nov 22 13:22:49 +0000 2017
65889,65889,@115850 If I don't receive a call from delivery guy then I won't get my parcel and delivery will be attempted on next day when my vacations are starting. Shame on such services. Very disappointed. #shame #Amazon  #bad_service,If I don't receive a call from delivery guy then I won't get my parcel and delivery will be attempted on next day when my vacations are starting. Shame on such services. Very disappointed. #shame #Amazon #bad_service,single_match,delivery_order_status,delivery_order_status,stage1_rule,High-confidence single rule match,Wed Nov 22 14:26:52 +0000 2017
23038,23038,"@115821 I got it today. It’s impossible to find the instructions for return and refund. Anyway, the refund is only 14$, ant the whole thing costed 46$. Not fair","I got it today. It’s impossible to find the instructions for return and refund. Anyway, the refund is only 14$, ant the whole thing costed 46$. Not fair",single_match,refund_return,refund_return,stage1_rule,High-confidence single rule match,Wed Nov 22 15:54:01 +0000 2017
29472,29472,"tracked the @115830 driver going around in circles today, not able to find the Royal mail office with 50 bright red vans in the car park. got a ""failed to deliver"" message.","tracked the driver going around in circles today, not able to find the Royal mail office with 50 bright red vans in the car park. got a ""failed to deliver"" message.",single_match,delivery_order_status,delivery_order_status,stage1_rule,High-confidence single rule match,Wed Nov 22 17:28:52 +0000 2017
58203,58203,@115851 @115850 products r not delivering with commitment time as mentioned in amazon site.No proper response from CS. if u r not delivering with in time don't mention time frame in website.,products r not delivering with commitment time as mentioned in amazon site.No proper response from CS. if u r not delivering with in time don't mention time frame in website.,single_match,delivery_order_status,delivery_order_status,stage1_rule,High-confidence single rule match,Wed Nov 22 17:30:45 +0000 2017
29472,29471,"@AmazonHelp Thank you, I have just received a message for a re-delivery, so I presume that will be a different driver, I have also left extra instructions, thank you for your quick response and concern.","Thank you, I have just received a message for a re-delivery, so I presume that will be a different driver, I have also left extra instructions, thank you for your quick response and concern.",single_match,delivery_order_status,delivery_order_status,stage1_rule,High-confidence single rule match,Wed Nov 22 17:46:57 +0000 2017
38563,38563,"Si je dois faire un achat pour le Black Friday, ça sera la montre Samsung Gear S3. Je compte sur vous @120533","Si je dois faire un achat pour le Black Friday, ça sera la montre Samsung Gear S3. Je compte sur vous",zero_match,other,other,stage1_sampled_other,Sampled zero-match other,Wed Nov 22 18:08:58 +0000 2017
38563,38561,@AmazonHelp J’espère bien haha,J’espère bien haha,zero_match,other,other,stage1_sampled_other,Sampled zero-match other,Wed Nov 22 18:48:37 +0000 2017
53431,53431,えぇ…なんでサインインできないねん…8回ほど注文して代金も払ってるし、垢BANされる所が見当たらないんだけど…注文してないと垢BANされんの？ふざけてんの？ #Amazon,えぇ…なんでサインインできないねん…8回ほど注文して代金も払ってるし、垢BANされる所が見当たらないんだけど…注文してないと垢BANされんの？ふざけてんの？ #Amazon,zero_match,other,other,stage1_sampled_other,Sampled zero-match other,Wed Nov 22 19:28:03 +0000 2017
38574,38566,@AmazonHelp Order has been delayed multiple times,Order has been delayed multiple times,single_match,delivery_order_status,delivery_order_status,stage1_rule,High-confidence single rule match,Wed Nov 22 19:28:30 +0000 2017
38574,38565,@AmazonHelp Amazon UK,Amazon UK,zero_match,other,other,stage1_sampled_other,Sampled zero-match other,Wed Nov 22 19:32:32 +0000 2017
38574,38568,@AmazonHelp It was supposed to be delivered today and now it's saying rescheduled due to customer request. And I have not request anything,It was supposed to be delivered today and now it's saying rescheduled due to customer request. And I have not request anything,single_match,delivery_order_status,delivery_order_status,stage1_rule,High-confidence single rule match,Wed Nov 22 19:38:20 +0000 2017
38554,38553,"@AmazonHelp Si, linee guida rispettate in entrambe le recensioni. Si vede che la foto è troppo scomoda.","Si, linee guida rispettate in entrambe le recensioni. Si vede che la foto è troppo scomoda.",zero_match,other,other,stage1_sampled_other,Sampled zero-match other,Wed Nov 22 19:41:03 +0000 2017
52171,52167,@AmazonHelp No puedo por que tengo mi cuenta aun bloqueada y ya llame al servicio al cliente para arreglar eso pero aun sigue bloqueada,No puedo por que tengo mi cuenta aun bloqueada y ya llame al servicio al cliente para arreglar eso pero aun sigue bloqueada,zero_match,other,other,stage1_sampled_other,Sampled zero-match other,Wed Nov 22 20:56:03 +0000 2017
69264,69264,"Hey @115821 @AmazonHelp not sure this is the best/safest place to leave a package... in the grass, by the mailbox, next to the street in plain sight.... https://t.co/SUTwX8cFPe","Hey not sure this is the best/safest place to leave a package... in the grass, by the mailbox, next to the street in plain sight....",single_match,delivery_order_status,delivery_order_status,stage1_rule,High-confidence single rule match,Wed Nov 22 21:03:13 +0000 2017
44928,44928,@AmazonHelp I was promised a full refund for an item but I have been not refunded postage,I was promised a full refund for an item but I have been not refunded postage,single_match,refund_return,refund_return,stage1_rule,High-confidence single rule match,Wed Nov 22 21:10:44 +0000 2017
52171,52163,@AmazonHelp No tengo herramienta para mandar un fax,No tengo herramienta para mandar un fax,zero_match,other,other,stage1_sampled_other,Sampled zero-match other,Wed Nov 22 21:30:37 +0000 2017
50451,50451,"@120533 Un peu cher le détachant, non ? https://t.co/kUsdlmpLDf","Un peu cher le détachant, non ?",zero_match,other,other,stage1_sampled_other,Sampled zero-match other,Wed Nov 22 22:06:33 +0000 2017
52157,52157,"Just wanted to say, maybe stop worrying about grocery delivery and buying Whole Foods, and get back to just delivering packages on time. Third item dorked in two consecutive orders. Trying to give you guys 2nd chances, but I think I'm gonna be out @115821 @115851 https://t.co/RHjCU0C6Ig","Just wanted to say, maybe stop worrying about grocery delivery and buying Whole Foods, and get back to just delivering packages on time. Third item dorked in two consecutive orders. Trying to give you guys 2nd chances, but I think I'm gonna be out",single_match,delivery_order_status,delivery_order_status,stage1_rule,High-confidence single rule match,Wed Nov 22 22:49:07 +0000 2017
52157,52153,@AmazonHelp I am pretty certain your frontline customer service reps are just providing stock answers and responses and providing assurances that a problem is taken care of to make their quotas or incentive levels and leaving the fallout to your escalation tier. They just need to be honest.,I am pretty certain your frontline customer service reps are just providing stock answers and responses and providing assurances that a problem is taken care of to make their quotas or incentive levels and leaving the fallout to your escalation tier. They just need to be honest.,single_match,service_complaint,service_complaint,stage1_rule,High-confidence single rule match,Wed Nov 22 23:05:50 +0000 2017
65829,65827,@131058 @115821 LaserShip hmm I think I’ve had dealings with them in the past. The ones I’m talking about are called ‘Amazon Logistics’. It’s their own cost cutting delivery service that *tries* to deliver almost all Prime orders now. Awful. Run for cover when they roll out their drone service!,LaserShip hmm I think I’ve had dealings with them in the past. The ones I’m talking about are called ‘Amazon Logistics’. It’s their own cost cutting delivery service that *tries* to deliver almost all Prime orders now. Awful. Run for cover when they roll out their drone service!,single_match,delivery_order_status,delivery_order_status,stage1_rule,High-confidence single rule match,Wed Nov 29 05:44:55 +0000 2017
65795,65795,"@115851 @115821 @115850 Thanks for lying, but let me remind no one is begger here to accept your alms. Refnd my money as promised. First robbed 2000 from my account and now stopped my refund, how much more you will rob? https://t.co/KtsEywyx8Y","Thanks for lying, but let me remind no one is begger here to accept your alms. Refnd my money as promised. First robbed 2000 from my account and now stopped my refund, how much more you will rob?",single_match,refund_return,refund_return,stage1_rule,High-confidence single rule match,Wed Nov 29 11:23:14 +0000 2017
65795,65793,@AmazonHelp Already filled it multiple time but no reply from your end.,Already filled it multiple time but no reply from your end.,single_match,service_complaint,service_complaint,stage1_rule,High-confidence single rule match,Wed Nov 29 11:49:40 +0000 2017
69933,69924,@AmazonHelp I’m asked again &amp; again to wait for 24-48 hours. Already 48hours are over!,I’m asked again &amp; again to wait for 24-48 hours. Already 48hours are over!,zero_match,other,other,stage1_sampled_other,Sampled zero-match other,Wed Nov 29 11:58:20 +0000 2017
65714,65708,@AmazonHelp @131037 Second time waiting to hear back while investigating the courier. Please do call us back this time. Had to phone up loads to get the first non delivery sorted.,Second time waiting to hear back while investigating the courier. Please do call us back this time. Had to phone up loads to get the first non delivery sorted.,single_match,delivery_order_status,delivery_order_status,stage1_rule,High-confidence single rule match,Wed Nov 29 12:19:37 +0000 2017
65795,65791,@AmazonHelp Have filled it again. Please check.,Have filled it again. Please check.,zero_match,other,other,stage1_sampled_other,Sampled zero-match other,Wed Nov 29 12:21:27 +0000 2017
65714,65706,"@AmazonHelp Delivery was said to have been at 12:44 yesterday. I called in the evening. The 24h wait, is that from my call or 'recorded delivery'?","Delivery was said to have been at 12:44 yesterday. I called in the evening. The 24h wait, is that from my call or 'recorded delivery'?",single_match,delivery_order_status,delivery_order_status,stage1_rule,High-confidence single rule match,Wed Nov 29 12:29:59 +0000 2017
65763,65763,@AmazonHelp @117634 why does the refurbished black kindle not ship to Northern Ireland but it’s the white one does?!🤷🏻‍♀️😐,why does the refurbished black kindle not ship to Northern Ireland but it’s the white one does?!🤷🏻‍♀️😐,single_match,device_digital_content,device_digital_content,stage1_rule,High-confidence single rule match,Wed Nov 29 13:03:14 +0000 2017
64214,64212,@AmazonHelp Am I just going to keep waiting in every day for something that’s not going to arrive? I’ve took 4 days off work to try and wait for this and amazon want to offer me £5 compensation which isn’t even 1% of my losses. Why can I not speak to the courier directly? https://t.co/OXuUyevPJK,Am I just going to keep waiting in every day for something that’s not going to arrive? I’ve took 4 days off work to try and wait for this and amazon want to offer me £5 compensation which isn’t even 1% of my losses. Why can I not speak to the courier directly?,single_match,delivery_order_status,delivery_order_status,stage1_rule,High-confidence single rule match,Wed Nov 29 13:13:01 +0000 2017
64214,64208,"@AmazonHelp This is ridiculous, I’ve literally just shown what the tracking is showing and your asking again, can you not look through the thread of tweets? Something needs to be done ASAP otherwise I’ll just cancel my order","This is ridiculous, I’ve literally just shown what the tracking is showing and your asking again, can you not look through the thread of tweets? Something needs to be done ASAP otherwise I’ll just cancel my order",single_match,delivery_order_status,delivery_order_status,stage1_rule,High-confidence single rule match,Wed Nov 29 13:53:38 +0000 2017
69933,69915,@AmazonHelp Sure. I loved the positive reply! :),Sure. I loved the positive reply! :),zero_match,other,other,stage1_sampled_other,Sampled zero-match other,Wed Nov 29 14:01:54 +0000 2017
69651,69651,@AmazonHelp so I took the day off to wait for the Christmas tree delivery and Amazon emails us at 16:20 PM to tell us there is a delay in delivery!? What kind of service is this? I wasted a whole day for this.,so I took the day off to wait for the Christmas tree delivery and Amazon emails us at 16:20 PM to tell us there is a delay in delivery!? What kind of service is this? I wasted a whole day for this.,single_match,delivery_order_status,delivery_order_status,stage1_rule,High-confidence single rule match,Wed Nov 29 17:06:24 +0000 2017
69651,69648,@AmazonHelp We have only been told it may be another day or two. I can't plan my working days around Amazon deliveries. Pretty shocked at how late in the day this notification came through as well.,We have only been told it may be another day or two. I can't plan my working days around Amazon deliveries. Pretty shocked at how late in the day this notification came through as well.,single_match,delivery_order_status,delivery_order_status,stage1_rule,High-confidence single rule match,Wed Nov 29 17:18:38 +0000 2017
63903,63903,"@AmazonHelp hi amazon, apparently a package has been delivered when it hasn’t, how do I report it?","hi amazon, apparently a package has been delivered when it hasn’t, how do I report it?",single_match,delivery_order_status,delivery_order_status,stage1_rule,High-confidence single rule match,Wed Nov 29 18:27:47 +0000 2017
74317,74317,"How does this work then @115821 ? Prime 1 day delivery, ordered Wednesday, delivery Saturday??? https://t.co/ZDqYdgPqRA","How does this work then ? Prime 1 day delivery, ordered Wednesday, delivery Saturday???",single_match,delivery_order_status,delivery_order_status,stage1_rule,High-confidence single rule match,Wed Nov 29 18:30:36 +0000 2017
69770,69770,@115830 where's my order? Very poor customer experience on your Black Friday deals. Surely you should be prepared for this demand?!,where's my order? Very poor customer experience on your Black Friday deals. Surely you should be prepared for this demand?!,single_match,delivery_order_status,delivery_order_status,stage1_rule,High-confidence single rule match,Wed Nov 29 20:10:27 +0000 2017
73508,73508,"@115821 @115830 customer@service quality is gone 4m excellent 2 embarrassingly pathetic. U really should keep CS based in d same country, it horrible speaking 2 an almost robotic Manuel reading person! Think I should shop elsewhere from now on. Also left on hold now 15 mins! 😡","customer quality is gone 4m excellent 2 embarrassingly pathetic. U really should keep CS based in d same country, it horrible speaking 2 an almost robotic Manuel reading person! Think I should shop elsewhere from now on. Also left on hold now 15 mins! 😡",single_match,service_complaint,service_complaint,stage1_rule,High-confidence single rule match,Wed Nov 29 20:28:18 +0000 2017
67575,67569,"@AmazonHelp Now 22:00 and no parcel, as mentioned above apparently it was never going to be delivered today... I need it for Saturday and I am only available at certain times to take the parcel between now and then.","Now 22:00 and no parcel, as mentioned above apparently it was never going to be delivered today... I need it for Saturday and I am only available at certain times to take the parcel between now and then.",single_match,delivery_order_status,delivery_order_status,stage1_rule,High-confidence single rule match,Wed Nov 29 22:02:41 +0000 2017
64056,64056,"@115821 what does ""guaranteed delivery date"" mean?  Apparently my understanding is a few days off.","what does ""guaranteed delivery date"" mean? Apparently my understanding is a few days off.",single_match,delivery_order_status,delivery_order_status,stage1_rule,High-confidence single rule match,Wed Nov 29 22:24:15 +0000 2017
65785,65785,"@120533 : j’ai acheté 4 lampes, vous avez débité mon compte comme si c’étaient 10. Vos services répondent à peine. Que faire? Porte plainte pour vol?",": j’ai acheté 4 lampes, vous avez débité mon compte comme si c’étaient 10. Vos services répondent à peine. Que faire? Porte plainte pour vol?",zero_match,other,other,stage1_sampled_other,Sampled zero-match other,Wed Nov 29 23:08:27 +0000 2017
24986,24983,@AmazonHelp No effort from @115850 yet.,No effort from yet.,zero_match,other,other,stage1_sampled_other,Sampled zero-match other,Wed Oct 25 06:09:05 +0000 2017
16796,16778,"@AmazonHelp Response in mail is just asking to wait n m doing that since last 1 month..it's more than 15 days on Twitter n u doing the same
No solution",Response in mail is just asking to wait n m doing that since last 1 month..it's more than 15 days on Twitter n u doing the same No solution,zero_match,other,other,stage1_sampled_other,Sampled zero-match other,Wed Oct 25 16:42:52 +0000 2017
