conversation_id,customer_tweet_id,customer_message,customer_message_clean,brand_reply_id,brand_reply,created_at,customer_id,brand,n_brand_replies_to_message,is_duplicate_text,proposed_intent
10624,10624,Anyone else see an odd looking @115821 website? It looks very different. Not wrkng as easily and lots of red text,Anyone else see an odd looking website? It looks very different. Not wrkng as easily and lots of red text,10623,@117944 I'm sorry about that! I would recommend logging out and clearing cache and cookies. Let us know if that works! ^LM,Wed Nov 01 00:08:26 +0000 2017,117944,AmazonHelp,1,False,other
10631,10631,"el soporte al cliente de @115821 es tan buena onda, que dan ánimos de contactarlos sólo para platicar con ellos :P","el soporte al cliente de es tan buena onda, que dan ánimos de contactarlos sólo para platicar con ellos :P",10630,@117947 Garcias Jäcob Pintle :). Nos alegra mucho saber que hacemos bien nuestro trabajo. Tratamos de mejorar cada día más. 😃🤝 ^JJ,Wed Nov 01 00:38:58 +0000 2017,117947,AmazonHelp,1,False,other
10634,10633,@AmazonHelp I have an order that was supposed to be here on the 25th which has not arrived yet.,I have an order that was supposed to be here on the 25th which has not arrived yet.,10635,"@117948 What does the current tracking indicate? Also, who does the tracking indicate as carrier?: https://t.co/PyACxvY8Qo ^VB",Wed Nov 01 00:48:39 +0000 2017,117948,AmazonHelp,1,False,delivery_order_status
10634,10634,How does amazon have late shipping? Multi billion dollar company @115821,How does amazon have late shipping? Multi billion dollar company,10632,@117948 I'm sorry we let you down! Do you have a current order that has passed the delivery date? ^DD,Wed Nov 01 00:12:37 +0000 2017,117948,AmazonHelp,1,False,delivery_order_status
10634,10636,"@AmazonHelp My apologies, it says now that the delivery date is October 31st. Still hasn't come though.","My apologies, it says now that the delivery date is October 31st. Still hasn't come though.",10638,"@117948 Hi Mark!

Deliveries will run up until 21:00.  Let us know what happens.

Chuck H",Wed Nov 01 01:05:58 +0000 2017,117948,AmazonHelp,1,False,delivery_order_status
10634,10637,"@AmazonHelp The tracking indicated as here, and then, it seemed to go back in time, saying it was not here anymore. I believe it's USPS","The tracking indicated as here, and then, it seemed to go back in time, saying it was not here anymore. I believe it's USPS",10642,@117948 Please get in touch with us here: https://t.co/Q7Ftz6nj80 and we'd be happy to review available options with you. ^EZ,Wed Nov 01 01:03:39 +0000 2017,117948,AmazonHelp,1,False,delivery_order_status
10634,10640,@AmazonHelp No package.,No package.,10641,@117948 I'm sorry it hasn't arrived! Please get in touch with us here: https://t.co/hApLpMlfHN for available options. ^EZ,Wed Nov 01 03:48:03 +0000 2017,117948,AmazonHelp,1,False,delivery_order_status
10650,10650,勝手にAmazonプライム会員になってて毎月会員費とられてた😇😇😇,勝手にAmazonプライム会員になってて毎月会員費とられてた😇😇😇,10649,@117951 (1/2)意図しないご登録となり申し訳ありません。プライム無料体験をご利用ではなかったでしょうか。ご登録後に自動更新をオフに設定されていない場合、体験期間終了後に有料会員へと移行となります。 YM,Tue Oct 31 22:49:19 +0000 2017,117951,AmazonHelp,1,False,other
10653,10653,hey @115821 why did i pay extra for shipping only for my order to say 'arriving today' and it still hasnt shipped yet just wondering.,hey why did i pay extra for shipping only for my order to say 'arriving today' and it still hasnt shipped yet just wondering.,10652,@117952 I'm sorry your order hasn't arrived! We'd like to see how we can help so please reach us here: https://t.co/hApLpMlfHN ^DD,Wed Nov 01 00:10:50 +0000 2017,117952,AmazonHelp,1,False,delivery_order_status
10656,10656,E já estou desesperada achando que não vai dar tempo da @117086 entregar o terceiro livro antes de eu teminar esse.,E já estou desesperada achando que não vai dar tempo da entregar o terceiro livro antes de eu teminar esse.,10654,@117953 Oi Juliana. Qual é a data de entrega do seu pedido? 🤔 ^JJ,Wed Nov 01 00:29:05 +0000 2017,117953,AmazonHelp,1,False,other
10658,10658,"@117093 Hey yall. Why is my checkout not working? I click ""checkout with fresh"" and it takes me to an error page. What's the deal?","Hey yall. Why is my checkout not working? I click ""checkout with fresh"" and it takes me to an error page. What's the deal?",10657,@117954 I'm sorry to hear about the trouble. We'd like to take a closer look into this for you here: https://t.co/hApLpMlfHN ^LI,Wed Nov 01 00:25:27 +0000 2017,117954,AmazonHelp,1,False,other
10660,10660,My package from @115821 was supposed to arrive today. Now it not coming till Friday. Why the hell do I pay for prime. Doesn't do shit.,My package from was supposed to arrive today. Now it not coming till Friday. Why the hell do I pay for prime. Doesn't do shit.,10659,"@117955 Oh no, Blair! Can you confirm the delivery date that was provided in your order confirmation email? ^LA",Wed Nov 01 00:25:02 +0000 2017,117955,AmazonHelp,1,False,delivery_order_status
10662,10662,@115821 where’s my damn nutribullet,where’s my damn nutribullet,10661,@117956 I'm sorry you haven't received your item! Can you tell us who the carrier is? Found here: https://t.co/q4LAMZ3tbE ^AC,Wed Nov 01 00:27:36 +0000 2017,117956,AmazonHelp,1,False,other
10665,10664,@AmazonHelp @115766 Can I get a confirmation that it will ship tomorrow?,Can I get a confirmation that it will ship tomorrow?,10663,@117957 We always strive to get your order to you at the stated expected delivery time that is stated at the time of checkout ^CH,Wed Nov 01 00:19:10 +0000 2017,117957,AmazonHelp,1,False,other
11017,11015,"@AmazonHelp Didn’t know I needed to. Is that really a thing?! But still Prime shipping should be 2 days, correct?","Didn’t know I needed to. Is that really a thing?! But still Prime shipping should be 2 days, correct?",11013,"@118078 Yes, Release-Date Delivery is definitely a thing and the Amazon Prime two day shipping does mean two days after processed. ^CN",Wed Nov 01 00:49:57 +0000 2017,118078,AmazonHelp,1,False,delivery_order_status
11017,11017,Hey @115821 What’s the point of preordering a game if I don’t get it until 5 days after release?,Hey What’s the point of preordering a game if I don’t get it until 5 days after release?,11016,@118078 I'm sorry for the frustration! Did you select Release-Date Delivery at checkout? ^AC,Wed Nov 01 00:45:34 +0000 2017,118078,AmazonHelp,1,False,other
11036,11036,"Uhh... my 10 y/o just asked Alexa to play Halloween music. First song opening lyric: ""yippee kiyay motherfucker."" Wtf @116935??","Uhh... my 10 y/o just asked Alexa to play Halloween music. First song opening lyric: ""yippee kiyay motherfucker."" Wtf ??",11035,@118080 Yikes! We'd like to take a closer look into this. Please reach out with more information here: https://t.co/6Z7czEwEfV ^DG,Tue Oct 31 23:31:22 +0000 2017,118080,AmazonHelp,1,False,device_digital_content
11039,11038,@AmazonHelp Yeah I know how to check it. There's no information still,Yeah I know how to check it. There's no information still,11040,@118081 Please keep an eye on your e-mails and check your junk/spam folder. We'll let you know once we've confirmed a date. ^NM,Wed Nov 01 12:25:36 +0000 2017,118081,AmazonHelp,1,False,other
11039,11039,I'm so anxious to see that my Xbox one X will be shipping. I'm seeing other people get their confirmations. Where's mine @115821,I'm so anxious to see that my Xbox one X will be shipping. I'm seeing other people get their confirmations. Where's mine,11037,@118081 I'm sorry you haven't received an update on your shipping details! You can check your order here: https://t.co/Y5jpI9gRhE ^MO,Wed Nov 01 00:43:23 +0000 2017,118081,AmazonHelp,1,False,delivery_order_status
11044,11044,@AmazonHelp you keep insisting you havnt taken any money from me dispite proof! #givememymoneyback https://t.co/CeRSmNOEdK,you keep insisting you havnt taken any money from me dispite proof! #givememymoneyback,11043,"@118083 Thanks for reaching out, Gemma! We have responded to your direct message. Please respond to us there! ^HM",Wed Nov 01 00:20:54 +0000 2017,118083,AmazonHelp,1,False,other
11053,11048,"@AmazonHelp Thanks, I called. The agent says the order has been received, but not shipped. Still anticipate a Friday delivery","Thanks, I called. The agent says the order has been received, but not shipped. Still anticipate a Friday delivery",11050,@118084 Thanks for the information. Please let us know if your order doesn't arrive by Friday. ^EZ,Wed Nov 01 01:13:03 +0000 2017,118084,AmazonHelp,1,False,delivery_order_status
11053,11049,@AmazonHelp Original promised delivery date was yesterday to this Friday.,Original promised delivery date was yesterday to this Friday.,11047,@118084 Please give us a call here: https://t.co/Q7Ftz6nj80 so we can take a look into this with you! ^TR,Wed Nov 01 00:49:34 +0000 2017,118084,AmazonHelp,1,False,delivery_order_status
11053,11053,@AmazonHelp it's been 7 days &amp; my @115821 order still hasn't shipped. #fail https://t.co/apV29xdWuM,it's been 7 days &amp; my order still hasn't shipped. #fail,11052,@118084 I'm sorry that your package has not shipped! Did we miss the promised Delivery date found here: https://t.co/Y5jpI9gRhE  ^LM,Wed Nov 01 00:17:36 +0000 2017,118084,AmazonHelp,1,False,delivery_order_status
11070,11063,@AmazonHelp when its removed the system says it's inserted but unrecognized. When it's inserted the tablet behaves as though there's no card,when its removed the system says it's inserted but unrecognized. When it's inserted the tablet behaves as though there's no card,11067,@118087 Check the SD Card slot and make sure there is no particulate matter which may be effecting how the card is being detected. ^CH,Wed Nov 01 01:12:38 +0000 2017,118087,AmazonHelp,1,False,other
11070,11064,"@AmazonHelp it was doing this a few days ago and a factory reset dixednit, for two days. A hard reboot did not resolve.","it was doing this a few days ago and a factory reset dixednit, for two days. A hard reboot did not resolve.",11068,@118087 We'd like to try to solve this problem for you! Please contact us here so we can take a closer look: https://t.co/hApLpMlfHN ^CN,Wed Nov 01 01:13:31 +0000 2017,118087,AmazonHelp,1,False,other
11070,11065,"@AmazonHelp it was doing this a few days ago and a factory reset fixed it, for two days. A hard reboot with card in or out does not resolve.","it was doing this a few days ago and a factory reset fixed it, for two days. A hard reboot with card in or out does not resolve.",11069,"@118087 That's odd! We'd like to help further with this. When you can, please reach out to us here: https://t.co/hApLpMlfHN ^HM",Wed Nov 01 01:21:59 +0000 2017,118087,AmazonHelp,1,False,other
11070,11066,Regretting having bought @115821 Kindle Fire Kids Edition. Every day it has some random problem I have to fix. Now saying theres no SD card.,Regretting having bought Kindle Fire Kids Edition. Every day it has some random problem I have to fix. Now saying theres no SD card.,11062,@118087 Please try to remove and reinsert the SD card following the steps here: https://t.co/ZtaYsyA9rO. Let us know how this helps! ^MB,Wed Nov 01 00:43:24 +0000 2017,118087,AmazonHelp,1,False,device_digital_content
11073,11072,@AmazonHelp yes it was due today by 8pm and now its changed to tomorrow or the next couple days... but isn;t there a guarantee?,yes it was due today by 8pm and now its changed to tomorrow or the next couple days... but isn;t there a guarantee?,11074,@118088 We're unable to access accounts on Twitter but we'd like to look into it for you here: https://t.co/hApLpMlfHN ^LI,Wed Nov 01 00:56:48 +0000 2017,118088,AmazonHelp,1,False,other
11073,11073,@AmazonHelp isn't prime two day shipping supposed to be guaranteed? what happens when its late?,isn't prime two day shipping supposed to be guaranteed? what happens when its late?,11071,@118088 I'm sorry you haven't received your order yet! Have we missed the delivery date confirmed via e-mail: https://t.co/CTNCjpcgOm? ^GM,Wed Nov 01 00:19:00 +0000 2017,118088,AmazonHelp,1,False,delivery_order_status
11079,11078,@AmazonHelp Talked w/ cust. serv. yesterday. Just sent an email from link. Would like a straight answer abt my order.,Talked w/ cust. serv. yesterday. Just sent an email from link. Would like a straight answer abt my order.,11080,@118090 We'd still like to help. What is the delivery date shown in the order e-mail: https://t.co/L9Xapf1v25? Who is the carrier? ^SJ,Wed Nov 01 00:56:37 +0000 2017,118090,AmazonHelp,1,False,delivery_order_status
11079,11079,"I'm thinking that @115821 tracking is total fiction - package has been ""Out for Delivery"" for 2 days &amp; hasn't arrived. 3 days late.","I'm thinking that tracking is total fiction - package has been ""Out for Delivery"" for 2 days &amp; hasn't arrived. 3 days late.",11077,@118090 Oh no! I'm sorry you haven't received your order! Please contact us here so we may look into this: https://t.co/hApLpMlfHN ^BN,Wed Nov 01 00:25:01 +0000 2017,118090,AmazonHelp,1,False,delivery_order_status
11079,11081,"@AmazonHelp At time of order, del date was 10/29. Carrier is AMZL US.","At time of order, del date was 10/29. Carrier is AMZL US.",11082,@118090 I would like a member of our team look into this for you. Please fill out this form: https://t.co/dOqIHIw6g0 ^BA,Wed Nov 01 01:15:49 +0000 2017,118090,AmazonHelp,1,False,other
11404,11403,@AmazonHelp すごっ、チェック早いですねー😸大分前に買った商品ですし、返品の手続きもめんどいんで今回は良いでーす🙋Amazonさん、どうもでーす😸,すごっ、チェック早いですねー😸大分前に買った商品ですし、返品の手続きもめんどいんで今回は良いでーす🙋Amazonさん、どうもでーす😸,11405,@118184 恐れ入ります。これからもhttps://t.co/st4oU5QbhPをどうぞよろしくお願いいたします。TN,Wed Nov 22 12:44:38 +0000 2017,118184,AmazonHelp,1,True,other
11404,11404,"そういえば、電熱ヒーターもどきをAmazonで買ってたな。寒くなったし試すか。(´ω｀)

あったー😹えっ、…入らない😿

いや、でもヒーター部分は使えるかも❕❗❕

…縫い糸がケーブル貫通しとるやないかーい😂

まあ、400円だから…またなんか探そっと😸

皆さんも防寒対策お気をつけください🙋 https://t.co/b7tvSIEeGm",そういえば、電熱ヒーターもどきをAmazonで買ってたな。寒くなったし試すか。(´ω｀) あったー😹えっ、…入らない😿 いや、でもヒーター部分は使えるかも❕❗❕ …縫い糸がケーブル貫通しとるやないかーい😂 まあ、400円だから…またなんか探そっと😸 皆さんも防寒対策お気をつけください🙋,11402,@118184 ご迷惑をおかけしております。お届けした商品に問題があった場合、Amazonが発送する商品は返品・交換（可能な商品のみ）にて対応させていただいております。お手数ですが、リンクをご参照の上お手続きください。https://t.co/TYbxdUDknb TN,Wed Nov 22 12:36:16 +0000 2017,118184,AmazonHelp,2,False,other
11572,11568,"@AmazonHelp Si, es correos y pedí ke viniesen a x el pakete pero me pedian ke me kedase o toda una mañana o toda una tarde en casa pero y mi trabajo??","Si, es correos y pedí ke viniesen a x el pakete pero me pedian ke me kedase o toda una mañana o toda una tarde en casa pero y mi trabajo??",11566,@118229 Lamento los inconvenientes. Recomiendo reportar lo ocurrido a nuestro Servicio al Cliente: https://t.co/OjvUxwnzPe ^CR,Wed Nov 01 01:11:35 +0000 2017,118229,AmazonHelp,1,False,other
11572,11570,@AmazonHelp Es una devolucion,Es una devolucion,11569,@118229 Comprendo. ¿Ya entraste en contacto con el transportista? ^CR,Wed Nov 01 01:07:30 +0000 2017,118229,AmazonHelp,1,False,other
11572,11572,Me ha tocado un inepto en @4496 keiere gestionar la recogida de mi pakete de @115821 se monta su ruta y yo como penelope a esperarle! 😤,Me ha tocado un inepto en keiere gestionar la recogida de mi pakete de se monta su ruta y yo como penelope a esperarle! 😤,11571,@118229 Hola.¿Cuál es la fecha de entrega de tu pedido? ^JJ,Tue Oct 31 19:15:52 +0000 2017,118229,AmazonHelp,1,False,other
11575,11574,"@AmazonHelp enviei meu ebook para o premio Kindle às 22h de hoje. Porém, a ferramenta kdp fala q demora 72h pra publicar. Vou concorrer mesmo assim, certo?","enviei meu ebook para o premio Kindle às 22h de hoje. Porém, a ferramenta kdp fala q demora 72h pra publicar. Vou concorrer mesmo assim, certo?",11576,"@118230 Recomendo entrar em contato diretamente com o SAC da KDP, para eles conferirem o seu caso: https://t.co/iAtVDKIvAN ^CR",Wed Nov 01 01:12:45 +0000 2017,118230,AmazonHelp,1,False,device_digital_content
11575,11575,@117086 ei mim ajuda,ei mim ajuda,11573,"@118230 Olá, Cassiel. Sem compartilhar informações pessoais ou da sua conta, me diga, como posso ajudar você? ^CR",Wed Nov 01 01:09:27 +0000 2017,118230,AmazonHelp,1,False,other
11590,11579,@AmazonHelp Please do it fast,Please do it fast,11581,"@118231 Further, we wouldn't be able to offer any additional insight/ info in this regard. Appreciate your understanding. (3/3) ^SV",Wed Nov 01 01:09:57 +0000 2017,118231,AmazonHelp,3,False,other
11590,11580,@AmazonHelp Still not got any mail please solve my problem right now.,Still not got any mail please solve my problem right now.,11578,"@118231 I'm afraid, we'll not be able to take any action on your account once it is put on hold. Request you to wait for the email. ^HD",Wed Nov 01 01:06:13 +0000 2017,118231,AmazonHelp,1,False,other
11590,11590,@115851 my Amazonid is __email__ is blocked since 3months please unblock it.,my Amazonid is __email__ is blocked since 3months please unblock it.,11589,"@118231 Hi, you should have received an email with an update over your account. We will not be check this for you. ^RW",Mon Oct 30 03:30:32 +0000 2017,118231,AmazonHelp,1,False,other
11594,11593,@AmazonHelp Done that. Was told I would definitely have it by 9pm yesterday &amp; it's still not been delivered!!!!,Done that. Was told I would definitely have it by 9pm yesterday &amp; it's still not been delivered!!!!,11595,"@118232 Just to confirm, what's the current tracking information listed for your order here: https://t.co/aaDyEz1VgE ^HC",Wed Nov 01 16:22:23 +0000 2017,118232,AmazonHelp,1,False,delivery_order_status
11594,11594,Bit of a piss take really now @115830 - was promised it by 9pm today. https://t.co/QKJ9a5DIki,Bit of a piss take really now - was promised it by 9pm today.,11592,@118232 Oh no! Let's talk about this in real time. Please call or chat with us here: https://t.co/wMcUf6lHpn ^BA,Wed Nov 01 00:54:02 +0000 2017,118232,AmazonHelp,1,False,other
11597,11597,@AmazonHelp  don't promise a 1 day shipping with a GUARANTEED 8pm delivery when you can't keep it,don't promise a 1 day shipping with a GUARANTEED 8pm delivery when you can't keep it,11596,@118233 I'm so sorry for the wait! What does tracking information say here: https://t.co/PyACxvY8Qo? ^MH,Wed Nov 01 01:00:30 +0000 2017,118233,AmazonHelp,1,False,delivery_order_status
11603,11602,"@AmazonHelp Not in the mailbox, not on the porch, not in my house, not at the neighbors. This was a Prime order, late/lost again.","Not in the mailbox, not on the porch, not in my house, not at the neighbors. This was a Prime order, late/lost again.",11604,@118235 I'm sorry those steps didn't help! Who was the carrier for this order? You can check here: https://t.co/Y5jpI9gRhE ^BL,Wed Nov 01 01:10:15 +0000 2017,118235,AmazonHelp,1,False,delivery_order_status
11603,11603,"@amazonhelp My order 113-8951188-2020217 says ""Left in mailroom"" but my house doesn't have a mailroom and I've been home all day.","My order 113-8951188-2020217 says ""Left in mailroom"" but my house doesn't have a mailroom and I've been home all day.",11601,@118235 Oh no! Have you checked the mailbox? These steps may help locate the order: https://t.co/7jZ5OuoXoK. Keep us posted! ^BN,Wed Nov 01 00:55:04 +0000 2017,118235,AmazonHelp,1,False,delivery_order_status
11603,11605,"@AmazonHelp Carrier: AMZL US, Tracking #: TBA516106123000","Carrier: AMZL US, Tracking #: TBA516106123000",11606,"@118235 I'd like someone from my team to check into this. When you can, please drop your details here: https://t.co/jNvrqbIPwn ^BL",Wed Nov 01 01:38:00 +0000 2017,118235,AmazonHelp,1,False,delivery_order_status
11619,11617,@AmazonHelp Lol that's not my real name. But basically yeah they won't just leave it at my front door. Tomorrow's the final attempt.,Lol that's not my real name. But basically yeah they won't just leave it at my front door. Tomorrow's the final attempt.,11616,"@118238 Hi, not Hugh:) Who is the carrier for this delivery? You can find this information here: https://t.co/Y5jpI9gRhE  ^LM",Wed Nov 01 00:56:29 +0000 2017,118238,AmazonHelp,1,False,other
11619,11619,@AmazonHelp how do I inform your delivery drivers to just leave my package at my front door?,how do I inform your delivery drivers to just leave my package at my front door?,11618,"@118238 Hey, Hugh! Are you having trouble receiving a recent order? ^LA",Tue Oct 31 20:38:37 +0000 2017,118238,AmazonHelp,1,False,delivery_order_status
11621,11621,"アマゾンで注文した小説、ご注文は後、1週間以内にお届けという表記だったけど、二回も配達日が延期になりもう1か月になるのに届かない。
アマゾンで注文したプンタブ、ご注文受けて3日で発送という表記なのにコンビニ払いを済ませたとたん、配送予定日が50日後に変更の連絡。詐欺かな？",アマゾンで注文した小説、ご注文は後、1週間以内にお届けという表記だったけど、二回も配達日が延期になりもう1か月になるのに届かない。 アマゾンで注文したプンタブ、ご注文受けて3日で発送という表記なのにコンビニ払いを済ませたとたん、配送予定日が50日後に変更の連絡。詐欺かな？,11620,"@118239 ご心配をおかけしております。Amazonです。
Twitter上ではご注文の詳細を確認させていただくことができませんので、確認ご希望の場合には、下記URLよりカスタマーサービスにご連絡ください。https://t.co/bwBU0NvYIn TY",Wed Nov 01 00:16:14 +0000 2017,118239,AmazonHelp,1,False,other
11624,11624,@AmazonHelp AMZL US,AMZL US,11622,@117955 Please provide your details here: https://t.co/zUIZ61Nac2 and my team will escalate to Amazon Logistics. ^EZ,Wed Nov 01 00:57:35 +0000 2017,117955,AmazonHelp,1,False,other
11626,11626,"Queridos @116875 , no se mamen!. 😒😒😒 https://t.co/MgxuZjfrte","Queridos , no se mamen!. 😒😒😒",11625,@118240 Hola. Lamento los inconvenientes. Aquí podrás ver las opciones de reembolso o reemplazo disponibles https://t.co/dKUWE4YKnn ^CR,Wed Nov 01 00:58:32 +0000 2017,118240,AmazonHelp,1,False,other
11974,11974,@AmazonHelp My Halloween costume is a day late. Can you help?,My Halloween costume is a day late. Can you help?,11973,"@118354 I'm so sorry we've let you down. Please reach us here: https://t.co/hApLpMlfHN, so we can explore options with you. ^LL",Tue Oct 31 23:39:57 +0000 2017,118354,AmazonHelp,1,False,other
11976,11976,Seriously @115821 what is up with ordering things and it being open?  You guys shipping returned items.  2nd day in a row this happens :SMH: https://t.co/gMyT1z9Zu1,Seriously what is up with ordering things and it being open? You guys shipping returned items. 2nd day in a row this happens :SMH:,11975,@118355 We do not want this to happen and are eager to help. Reach out to us for more assistance here: https://t.co/hApLpMlfHN ^LM,Wed Nov 01 01:06:19 +0000 2017,118355,AmazonHelp,1,False,delivery_order_status
11976,11977,"@118355 @115821 My most recent order came without an outer shipping box, with product box obv not designed for shipping and arrived open.","My most recent order came without an outer shipping box, with product box obv not designed for shipping and arrived open.",44542,@125881 I'm sorry your speakers were shipped this way! Was this order sold/fulfilled by a third-party seller: https://t.co/Y5jpI9gRhE? ^WM,Wed Nov 01 16:14:40 +0000 2017,125881,AmazonHelp,1,False,delivery_order_status
11979,11979,@116090 don't promise a 1 day shipping with a GUARANTEED 8pm delivery when you can't keep it,don't promise a 1 day shipping with a GUARANTEED 8pm delivery when you can't keep it,11978,@118233 Oh no! Have we missed the estimated delivery date showing in your order confirmation e-mail? We're here to help! ^ML,Wed Nov 01 00:59:46 +0000 2017,118233,AmazonHelp,1,True,delivery_order_status
11982,11981,@AmazonHelp Many times..Always got them saying well deliver it by deadline...I hate your service now,Many times..Always got them saying well deliver it by deadline...I hate your service now,11983,@118356 Sorry about the delay with the order. Please share your details here: https://t.co/GIJyeYqKE0 and we'll check this. ^KA,Wed Nov 01 02:24:08 +0000 2017,118356,AmazonHelp,1,False,delivery_order_status
11982,11982,"@AmazonHelp what the hell is going on?! Today's last day to deliver and still not shipped!!
Should I pledge that I won't ever order from u?!",what the hell is going on?! Today's last day to deliver and still not shipped!! Should I pledge that I won't ever order from u?!,11980,"@118356 I understand your concern, Nihal. Could you confirm if you've report this to our team using the link provided earlier? ^HD",Wed Nov 01 01:00:15 +0000 2017,118356,AmazonHelp,1,False,delivery_order_status
11982,11984,@AmazonHelp It's point less to actually fill this form.Since you always give me those replies with I'll personally follow up and stuff..,It's point less to actually fill this form.Since you always give me those replies with I'll personally follow up and stuff..,11985,@118356 details through the link provided above so that we can look into the issue. 2/2 ^SH,Wed Nov 01 03:01:38 +0000 2017,118356,AmazonHelp,2,False,other
12496,12494,@AmazonHelp I already emailed y’all.,I already emailed y’all.,12497,"@118498 I'm sorry about the link. For a faster response, contact us by phone here: https://t.co/jzvkhdlrK5 without signing in. ^BE",Wed Nov 01 01:45:07 +0000 2017,118498,AmazonHelp,1,False,service_complaint
12496,12496,@115821 WTF MAN. YALL LET SOME RANDO CHANGE MY EMAIL TO MY ACCOUNT AND NOW I CANT LOG IN. FIX IT!!!!!,WTF MAN. YALL LET SOME RANDO CHANGE MY EMAIL TO MY ACCOUNT AND NOW I CANT LOG IN. FIX IT!!!!!,12493,"@118498 I'm so sorry about that, Alexis. When you can, please reach us here so we can better assist: https://t.co/hApLpMlfHN ^BL",Wed Nov 01 01:35:30 +0000 2017,118498,AmazonHelp,1,False,account_access
12496,12498,@AmazonHelp Is that a 24 hr line,Is that a 24 hr line,12499,@118498 Yes. Our main customer service line is open 24 hours a day. ^LJ,Wed Nov 01 02:06:55 +0000 2017,118498,AmazonHelp,1,False,other
12502,12502,"Amazon Kindle の「スライダー」が「マイライブラリー」になったの、本当に不便。「スライダー」は「スライダーから削除」を使うことで、「今、読んでいる(or次に読みたい)本」の枠として便利だった。「マイライブラリー」はどんな思想の枠ですか？
@118500",Amazon Kindle の「スライダー」が「マイライブラリー」になったの、本当に不便。「スライダー」は「スライダーから削除」を使うことで、「今、読んでいる(or次に読みたい)本」の枠として便利だった。「マイライブラリー」はどんな思想の枠ですか？,12501,@118499 ご不便をおかけしております。アップデートにより仕様が変更される場合がありますが、変更の背景等については詳細をお伝えすることができませんことをご了承ください。ご指摘いただいた点は担当部署に伝えさせていただき、今後もサービスや機能の改善に努めて参ります。 YM,Wed Nov 01 00:55:46 +0000 2017,118499,AmazonHelp,1,False,device_digital_content
12509,12509,@115821 thanks for such thoughtful packing. Must be why it takes so long to ship #whoneedspeanuts #oversized https://t.co/c3quxqnvqi,thanks for such thoughtful packing. Must be why it takes so long to ship #whoneedspeanuts #oversized,12508,@118503 That does seem excessive. Help us improve by leaving order specific packaging feedback here: https://t.co/TH7UAFZey5. ^EZ,Wed Nov 01 01:31:23 +0000 2017,118503,AmazonHelp,1,False,other
12511,12511,@115850 why to you promise false discounts with wrong mrp ...the device I bought showed a mrp of 7999 when its actual mrp is 7499 https://t.co/1kqHQVHBcl,why to you promise false discounts with wrong mrp ...the device I bought showed a mrp of 7999 when its actual mrp is 7499,12510,@118504 from our sellers. You may also visit this link: https://t.co/yQb39uNRsX for more information. 2/2 ^MK,Wed Nov 01 01:29:26 +0000 2017,118504,AmazonHelp,2,False,other
13165,13130,@AmazonHelp I had replied almost as soon as you posted about the email and sent it. I want to know what action has been taken on my complaint.,I had replied almost as soon as you posted about the email and sent it. I want to know what action has been taken on my complaint.,13133,"@118701 Sorry to know about the delivery issue. As you've confirmed sharing your details, you should've received an email from (1/2)^KA",Wed Nov 01 02:23:06 +0000 2017,118701,AmazonHelp,2,False,service_complaint
13165,13132,@AmazonHelp I have. And I have spoken to customer care again on chat.,I have. And I have spoken to customer care again on chat.,13129,"@118701 If you've replied to the email sent by us, we'll check and get back to you with an update shortly. ^NR",Wed Nov 01 01:47:25 +0000 2017,118701,AmazonHelp,1,False,service_complaint
13165,13135,@AmazonHelp 6 different emails about the same order and none actually resolve the issue. You should be quite ashamed.,6 different emails about the same order and none actually resolve the issue. You should be quite ashamed.,13136,@118701 Please reply to the email received from our team. We will check and connect with you accordingly. ^RW,Wed Nov 01 02:52:46 +0000 2017,118701,AmazonHelp,1,False,other
13165,13138,@AmazonHelp the last email i got was the transcript of the last chat that i requested.. you want me to reply to that??,the last email i got was the transcript of the last chat that i requested.. you want me to reply to that??,13139,@118701 Sorry about the order cancellation. Please reply to the email you've received from our Social media team and we'll get back. ^KA,Wed Nov 01 03:12:39 +0000 2017,118701,AmazonHelp,1,False,other
13165,13140,@AmazonHelp For the third time. I HAVE NO RECENT E-MAIL FROM YOUR SOCIAL MEDIA TEAM.,For the third time. I HAVE NO RECENT E-MAIL FROM YOUR SOCIAL MEDIA TEAM.,13141,"@118701 Sorry for the trouble, Manak. Please resubmit the details here: https://t.co/GIJyeYqKE0 and we'll have this checked. ^KA",Wed Nov 01 03:20:10 +0000 2017,118701,AmazonHelp,1,False,other
13165,13142,"@AmazonHelp Submitted, for the third time for the same issue.","Submitted, for the third time for the same issue.",13143,@118701 Thanks for submitting the details. We've received your details and we'll reach out to you soon. ^GK,Wed Nov 01 03:34:44 +0000 2017,118701,AmazonHelp,1,False,other
13165,13144,@AmazonHelp Sorry to have to say this. But you all are idiots. Once more email completely ignoring my query and giving template reply,Sorry to have to say this. But you all are idiots. Once more email completely ignoring my query and giving template reply,13145,@118701 That's unusual. Could you please revert to the email with further queries on this? I'll like to have a look into it. ^AB,Wed Nov 01 05:19:11 +0000 2017,118701,AmazonHelp,1,False,other
13165,13146,@AmazonHelp Can someone please call me. I have responded to multiple emails and surveys now without my question being addressed. This is very annoying.,Can someone please call me. I have responded to multiple emails and surveys now without my question being addressed. This is very annoying.,13147,@118701 We're unable to arrange a callback for you over Twitter. Please make a request by responding to the email and we'll oblige. ^AB,Wed Nov 01 05:29:12 +0000 2017,118701,AmazonHelp,1,False,service_complaint
13165,13149,@AmazonHelp asm mentioned before. You all are just idiots.,asm mentioned before. You all are just idiots.,13150,@118701 Thanks for replying. We'll get in touch with you soon. Appreciate your understanding. ^AK,Wed Nov 01 06:14:52 +0000 2017,118701,AmazonHelp,1,False,other
13165,13152,@AmazonHelp Thanks. I wish the same degree of concern were shown about my complaint though.,Thanks. I wish the same degree of concern were shown about my complaint though.,13151,@118701 Could you please confirm if you have replied to our email? ^MK,Wed Nov 01 01:36:51 +0000 2017,118701,AmazonHelp,1,False,service_complaint
13165,13154,@AmazonHelp May i just add that realising NO ACTION HAS BEEN TAKEN on my complaint is not much fun. Worst customer care EVER ! https://t.co/bHOHPNnZFA,May i just add that realising NO ACTION HAS BEEN TAKEN on my complaint is not much fun. Worst customer care EVER !,13153,"@118701 Please don't provide your order details, we consider it personal information. Our Twitter page is visible to public. (2/2) ^SV",Tue Oct 31 18:44:35 +0000 2017,118701,AmazonHelp,1,False,service_complaint
13165,13157,@AmazonHelp I have asked the customer care exec on phone to cancel the order. Don't want to waste any more of my time on this.,I have asked the customer care exec on phone to cancel the order. Don't want to waste any more of my time on this.,13156,@118701 I'm sorry about the trouble Manak. Kindly reply to the email sent by our team for further assistance. ^GD,Sun Oct 22 16:27:34 +0000 2017,118701,AmazonHelp,1,False,delivery_order_status
13165,13159,@AmazonHelp I am now cancelling this order because your delivery service just sucks despite prime membership. Switching to @118702 for future.,I am now cancelling this order because your delivery service just sucks despite prime membership. Switching to for future.,13158,@118701 you've received from our team and we will get back to you with the latest update on your issue. (2/2)^SQ,Sun Oct 22 16:05:38 +0000 2017,118701,AmazonHelp,1,False,prime_membership
13165,13162,@AmazonHelp This has been the most frustrating and useless customer service ever.,This has been the most frustrating and useless customer service ever.,13161,"@118701 Sorry about the bad experience, Manak. I'll be sure to pass along your feedback internally. ^MS",Sun Oct 22 14:45:16 +0000 2017,118701,AmazonHelp,1,False,service_complaint
13165,13164,"@AmazonHelp After getting a confirmation that it will be delivered post 7 pm, i have got an email at 1:30 in the afternoon that i was not available !","After getting a confirmation that it will be delivered post 7 pm, i have got an email at 1:30 in the afternoon that i was not available !",13163,@118701 We're following up on this. We'll check this and update you. ^SG,Sun Oct 22 14:38:36 +0000 2017,118701,AmazonHelp,1,False,delivery_order_status
13170,13170,@115821 why is your AMZL US shipping service not show more updates online? I had another package with this not delivered.,why is your AMZL US shipping service not show more updates online? I had another package with this not delivered.,13168,@118704 Are you currently waiting on the delivery of a delayed order? ^QJ,Wed Nov 01 01:16:07 +0000 2017,118704,AmazonHelp,1,False,delivery_order_status
13177,13175,@AmazonHelp É o livro Os arquivos secretos do homem morcego. Simplesmente magnífico,É o livro Os arquivos secretos do homem morcego. Simplesmente magnífico,13174,@118707 Parece um livro interessante demais. Espero que curta muito da leitura dele! :D Abraço. ^CR,Wed Nov 01 01:51:28 +0000 2017,118707,AmazonHelp,1,False,other
13177,13177,Meu bebê chegou. Obrigado @117086 💙 https://t.co/I3fqrg94Fb,Meu bebê chegou. Obrigado 💙,13176,"@118707 Que notícia boa, Luiz! Fiquei curioso... O que contém esse pacote? 🤔 ^CR https://t.co/DtVI16kHN1",Wed Nov 01 01:42:34 +0000 2017,118707,AmazonHelp,1,False,other
13189,13189,"Hi @AmazonHelp, I’ve purchased something via your app and it’s broken! How can I get it replaced?","Hi , I’ve purchased something via your app and it’s broken! How can I get it replaced?",13187,"@118710 Hi, Reece! I'm sorry about the broken item. You can check into options here: https://t.co/Ueduyt85xq ^BL",Wed Nov 01 01:44:51 +0000 2017,118710,AmazonHelp,1,False,item_quality_issue
13460,13458,@AmazonHelp Schnippig ist sie auch noch? Wird ja immer interessanter 😅,Schnippig ist sie auch noch? Wird ja immer interessanter 😅,13457,"@118798 Nein, ^TG ist schnippig. Alexa ist lieb und nett. Sie ist sehr gut! Und ich geh jetzt mal lieber in Deckung! 😏 ^UK",Fri Dec 01 06:18:35 +0000 2017,118798,AmazonHelp,1,False,other
13460,13460,"""Alexa, häng die Wäsche auf"" ?! 🤔
#Amazon #Ariel #AmazonEcho https://t.co/Cav3Pli81W","""Alexa, häng die Wäsche auf"" ?! 🤔 #Amazon #Ariel #AmazonEcho",13459,"@118798 😃... das wäre toll! Soweit ist sie aber noch nicht. Wird eher in die Richtung ""Hey, deine Wäsche ist fertig! Zack zack, aufhängen!"" gehen. ^TG",Fri Dec 01 06:07:38 +0000 2017,118798,AmazonHelp,1,False,device_digital_content
13558,13558,@115821 any idea when this order will arrive? I have a sassy Brit since grocery stopped carrying his @118826 #teatime #isthisatrick https://t.co/wb8uMOsjcW,any idea when this order will arrive? I have a sassy Brit since grocery stopped carrying his #teatime #isthisatrick,13557,@118825 I'm sorry there was a delay! Let us know if your package doesn't arrive by November 2. Please keep us posted on its delivery. ^TN,Wed Nov 01 01:35:24 +0000 2017,118825,AmazonHelp,1,False,delivery_order_status
13563,13563,@AmazonHelp when do you guys charge for the Xbox one X I preordered? It ships the 6th.,when do you guys charge for the Xbox one X I preordered? It ships the 6th.,13561,@118828 Thanks for reaching out to us! You will be charged for your order once it ships out. ^FJ,Wed Nov 01 01:53:28 +0000 2017,118828,AmazonHelp,1,False,other
13567,13565,@AmazonHelp https://t.co/saX0kAZVCW!,,13564,@118829 Can you confirm the delivery date provided in your order confirmation email? It can be viewed here: https://t.co/1aMUiU8Rcg ^LA,Wed Nov 01 01:33:35 +0000 2017,118829,AmazonHelp,1,True,other
13567,13567,@115821 it’s not nice to upset a kid (my daughter) on Halloween waitin’ for her dress it was prime and extra paid and you guys failed her !,it’s not nice to upset a kid (my daughter) on Halloween waitin’ for her dress it was prime and extra paid and you guys failed her !,13566,@118829 I'm sorry for the delay in delivery. Could you let us know from which website did you make the purchase? ^RW,Tue Oct 31 07:16:21 +0000 2017,118829,AmazonHelp,1,False,other
13569,13569,@115830 you have a problem in your website =D https://t.co/4eTPnxNN4q,you have a problem in your website =D,13568,@118830 Thanks for bringing this to our attention. I've escalated this to our website team. ^SJ,Wed Nov 01 01:26:56 +0000 2017,118830,AmazonHelp,1,False,other
13571,13571,"おいいいいい！発売する三ヶ月前から予約注文で受け付けた品物くらい発売日にきっちり届けろよAmazonさんw

だからkonozamaとか言われるんだよw",おいいいいい！発売する三ヶ月前から予約注文で受け付けた品物くらい発売日にきっちり届けろよAmazonさんw だからkonozamaとか言われるんだよw,13570,@118831 恐れ入りますが、予約商品でも発売日のお届けを確約しておりません。https://t.co/vwDxlbpOLC  なお、発売日/発売日前日にお届けする場合、一定の条件を満たしている注文のみです。https://t.co/f3TKbgOOgv  TY,Wed Nov 01 01:45:31 +0000 2017,118831,AmazonHelp,1,False,other
13576,13573,@AmazonHelp here is the email. Conflicting answers from others in similar situations online. https://t.co/9zbCqLzokH,here is the email. Conflicting answers from others in similar situations online.,13572,"@118832 (2/2) Alternately, if you'd like us to verify in real-time you can reach us here:  https://t.co/hApLpMlfHN ^EB",Wed Nov 01 01:48:22 +0000 2017,118832,AmazonHelp,2,False,other
13900,13900,@AmazonHelp is there a way to know if the Amazon gift cards I send are being used?,is there a way to know if the Amazon gift cards I send are being used?,13899,@118920 You would only be able to confirm gift card balances on the account it is redeemed on. ^JP,Wed Nov 01 01:56:33 +0000 2017,118920,AmazonHelp,1,False,payment_billing
13903,13903,I lose faith in humanity on days like this. My friend sends me a 🎁 from @115821 after a crappy week and I come home and it’s been stolen.,I lose faith in humanity on days like this. My friend sends me a 🎁 from after a crappy week and I come home and it’s been stolen.,13901,@118921 I'm so sorry! We'd like to look into our available options. Please reach us here: https://t.co/hApLpMlfHN ^AG,Wed Nov 01 02:18:01 +0000 2017,118921,AmazonHelp,1,False,other
13905,13905,"@116875 @118923 Uno de mis envíos acaba de ser devuelto, ( llevaba dos semanas en las instalaciones de mi ciudad.) ¿Qué pasa?","Uno de mis envíos acaba de ser devuelto, ( llevaba dos semanas en las instalaciones de mi ciudad.) ¿Qué pasa?",13904,@118922 Hola Raúl. Lamento saber de esto.Puedes contactar nuestro Servicio al Cliente en este enlace: https://t.co/beR78zMMYB ^JJ,Wed Nov 01 02:13:56 +0000 2017,118922,AmazonHelp,1,False,other
14084,14084,"そういえば28日発売なのにAmazon予約したPrince写真集の支払い番号まだ届かないってやばみ？
誰か〜Amazonで注文してる人いませんか〜",そういえば28日発売なのにAmazon予約したPrince写真集の支払い番号まだ届かないってやばみ？ 誰か〜Amazonで注文してる人いませんか〜,14083,@118977 リプライ失礼いたします。予約商品をコンビニ払いでお支払いいただく場合、発売日が近付き商品が出荷準備に入りしだい、お支払い番号をお送りいたします。恐れ入りますが、今しばらくお待ちください。 https://t.co/kMoy2aLjYq  HM,Wed Nov 22 13:22:49 +0000 2017,118977,AmazonHelp,1,False,other
14287,14286,"@119038 @115821 If it isn't clear yet, I WANT MY MONEY BACK. I NEVER AUTHORIZED THE LAST 4 TRANSACTIONS THAT WERE MADE. WTF.","If it isn't clear yet, I WANT MY MONEY BACK. I NEVER AUTHORIZED THE LAST 4 TRANSACTIONS THAT WERE MADE. WTF.",14284,@119037 I'm sorry you were charged unexpectedly! Please reach out to Amazon Pay for available options here: https://t.co/jiY13BA3fb  ^JP,Wed Nov 01 02:18:55 +0000 2017,119037,AmazonHelp,1,False,refund_return
14289,14289,@115821 u need2 srsly consider cutting ties w/ @115817 nothing but probs they deliv sum1 elses package now I'm gettin the run around 2get mine,u need2 srsly consider cutting ties w/ nothing but probs they deliv sum1 elses package now I'm gettin the run around 2get mine,14288,"@119039 I so sorry for the repeated delivery problems! When you contacted UPS, what options were provided? Please keep us posted. ^CC",Wed Nov 01 02:03:36 +0000 2017,119039,AmazonHelp,1,False,delivery_order_status
14291,14291,What the hell @115821?! This boxed is beyond damaged. I wanted a new one! https://t.co/J36cokDm6l,What the hell ?! This boxed is beyond damaged. I wanted a new one!,14290,@119040 I'm sorry! Was it shipped by Amazon or a third-party seller as seen here: https://t.co/MiIirnEONI? ^SE,Wed Nov 01 01:42:36 +0000 2017,119040,AmazonHelp,1,False,item_quality_issue
14303,14303,"@AmazonHelp ordered what was on the box for my sister’s wedding gift, that’s what came out of the box. What gives?! https://t.co/8jX9A0Ipcu","ordered what was on the box for my sister’s wedding gift, that’s what came out of the box. What gives?!",14301,@119042 I'm sorry for the trouble! We'd like to review available options with you. Please reach out to us here:  https://t.co/hApLpMlfHN ^LJ,Wed Nov 01 02:17:05 +0000 2017,119042,AmazonHelp,1,False,other
14845,14845,"yo @115821, how can I get my echo to answer to the name Janet?","yo , how can I get my echo to answer to the name Janet?",14844,@119211 We're always looking for ways to improve! Please send feedback/requests following the steps here: https://t.co/1m7DbSYzxa  ^SH,Wed Nov 01 02:37:12 +0000 2017,119211,AmazonHelp,1,False,other
14855,14853,@AmazonHelp no body inform me. once u return that parcel. please send the tracking id or parcel details. but after 10days i call amazon custamare care,no body inform me. once u return that parcel. please send the tracking id or parcel details. but after 10days i call amazon custamare care,14856,"@119214 Thank you for sharing your details, Dhinesh. We'll check your concern and reach you soon. ^VG",Sat Nov 04 18:41:35 +0000 2017,119214,AmazonHelp,1,False,delivery_order_status
14855,14855,@115821 407-8406190-7752345. i want refund amount -1399/- amazon seller was lying. amazon custamare care side also.,407-8406190-7752345. i want refund amount -1399/- amazon seller was lying. amazon custamare care side also.,14852,"@119214 Please don't provide your order details, we consider it to be personal information. Our page is visible to the public. ^SC",Wed Nov 01 02:33:42 +0000 2017,119214,AmazonHelp,2,False,seller_marketplace
15140,15140,Another night.  Another non-delivery.  Another useless ‘chat’ conversation with false promises and excuses.  @115830 - you have let me down yet again.  Your promises are full of shit. #whereismybloodystuff,Another night. Another non-delivery. Another useless ‘chat’ conversation with false promises and excuses. - you have let me down yet again. Your promises are full of shit. #whereismybloodystuff,15138,@119301 Oh no! I'm so sorry we've let you down! Were we able to offer any options when you reached out? ^JO,Thu Nov 30 20:40:11 +0000 2017,119301,AmazonHelp,1,False,delivery_order_status
15268,15268,.@115850 @AmazonHelp thanks for no replies whatsoever on my complaint.an you please tell me what more should I do? @119351 @1015,. thanks for no replies whatsoever on my complaint.an you please tell me what more should I do?,15267,@119350 Please fill in your details using the link: https://t.co/JzRdscmdH9 and I'll get in touch with you soon. ^AK (2/2),Wed Nov 01 02:53:53 +0000 2017,119350,AmazonHelp,2,False,service_complaint
15279,15279,@AmazonHelp 408-9273159-6369903.replacement ordered from 24th Oct.no1 contact me.Really worst courier service from Amazon,408-9273159-6369903.replacement ordered from 24th Oct.no1 contact me.Really worst courier service from Amazon,15278,"@119353 Please don’t provide your order details, we consider them as personal information. Our Twitter page is visible to public. ^VM",Wed Nov 01 02:53:34 +0000 2017,119353,AmazonHelp,3,False,refund_return
15286,15286,@115821 I ordered a ghilie suit with one day shipping for Halloween 3 days ago and guess what can’t do anything now because I don’t have it,I ordered a ghilie suit with one day shipping for Halloween 3 days ago and guess what can’t do anything now because I don’t have it,15285,@119354 I'm sorry your suit didn't arrive before Halloween. Did we miss the delivery date shown here: https://t.co/Y5jpI9gRhE? ^EA,Wed Nov 01 02:28:01 +0000 2017,119354,AmazonHelp,1,False,delivery_order_status
15288,15288,@118919 @119356 अगर आप नोकिया 6 mobile को समय पर  नही पहुंचा पाते हैं customer को  तो क्यों आप नोकिया का फ़ोन बेचते है,अगर आप नोकिया 6 mobile को समय पर नही पहुंचा पाते हैं customer को तो क्यों आप नोकिया का फ़ोन बेचते है,15287,@119355 : https://t.co/r8OjOjMdND and we'll look into this for you. (2/2) ^VM,Wed Nov 01 02:41:18 +0000 2017,119355,AmazonHelp,2,False,other
15288,15290,@118919 @119356  https://t.co/nei7OW1h0M,,20470,@119355 Have you reached out to our support team as suggested earlier? ^RW,Wed Nov 01 06:50:56 +0000 2017,119355,AmazonHelp,1,True,other
15288,15292,"@118919 @119356 Delivery date 1Nov hai Aur Abhi tak Delivery nahi kiya hai ||Gati courier|| Godda, jharkhand my amazon id __email__","Delivery date 1Nov hai Aur Abhi tak Delivery nahi kiya hai ||Gati courier|| Godda, jharkhand my amazon id __email__",52206,"@119355 Please don't provide your order details, we consider it personal info. Our Twitter page is visible to public. ^NR 2/2",Wed Nov 01 18:19:36 +0000 2017,119355,AmazonHelp,2,False,delivery_order_status
15294,15294,アマゾンの荷物届かないんですけどー！！聞いたこと無い業者から配達されるから怪しいと思ってたらこれだよ。,アマゾンの荷物届かないんですけどー！！聞いたこと無い業者から配達されるから怪しいと思ってたらこれだよ。,15293,"@119357 ご心配をおかけしております。
お届け予定日の最終日を経過している場合は、状況を確認させていただければと存じます。
よろしければ、下記URLよりご連絡ください。https://t.co/J6YEizo6qC TY",Wed Nov 01 02:53:50 +0000 2017,119357,AmazonHelp,1,True,other
15306,15306,"Hi @AmazonHelp, when I placed my order I requested a VAT receipt either via email or post but I still haven’t had one?","Hi , when I placed my order I requested a VAT receipt either via email or post but I still haven’t had one?",15305,"@118710 I'm sorry for the inconvenience.  Please see here: https://t.co/3gp9Udo7j5, for more info on accessing your invoice. ^LM",Wed Nov 01 01:45:36 +0000 2017,118710,AmazonHelp,1,False,delivery_order_status
15447,15442,@AmazonHelp Hey so my package has not arrived yet. Can I get this sorted please,Hey so my package has not arrived yet. Can I get this sorted please,15445,"@119403 While we can't access order or account details through social media, we'd still like to help! Please reach us directly via phone or chat so we can investigate: https://t.co/JzP7hlA23B ^CS",Fri Dec 01 14:03:26 +0000 2017,119403,AmazonHelp,1,False,delivery_order_status
15447,15444,@AmazonHelp You have and it’s been pushed (again) to Friday or possibly Saturday or god forbid Monday. Was told it would be diverted by 8pm tonight.,You have and it’s been pushed (again) to Friday or possibly Saturday or god forbid Monday. Was told it would be diverted by 8pm tonight.,15441,@119403 Please let us know if doesn't arrive by Friday! We'd like to help! ^ZW,Thu Nov 30 20:37:13 +0000 2017,119403,AmazonHelp,1,False,other
15447,15447,@115830 thank you for delaying my package again and again. Not like I wanted it or anything,thank you for delaying my package again and again. Not like I wanted it or anything,15446,@119403 I'm sorry for the delay! Have we provided an updated delivery estimate for your order? Please check here: https://t.co/mm84Ic925f ^MB,Thu Nov 30 20:25:25 +0000 2017,119403,AmazonHelp,1,False,delivery_order_status
15668,15668,"#SuperValueDayQuiz

Where is the result of super value day quiz conducted on Oct 1 and 2 ? @AmazonHelp",#SuperValueDayQuiz Where is the result of super value day quiz conducted on Oct 1 and 2 ?,15666,@119446 The results will be announced soon. Kindly stay tuned for updates. ^AK,Wed Nov 01 03:18:19 +0000 2017,119446,AmazonHelp,1,False,other
15672,15671,"@AmazonHelp ""Refused shipment - on the way back.""","""Refused shipment - on the way back.""",15673,"@119447 Oh my! Just to clarify, can you tell us who the carrier of this order is? ^AL",Wed Nov 01 10:49:47 +0000 2017,119447,AmazonHelp,1,False,delivery_order_status
15672,15672,"Fool me twice!  Another kindle release day, another missed ""guaranteed release day delivery""  #AMAZONFAIL","Fool me twice! Another kindle release day, another missed ""guaranteed release day delivery"" #AMAZONFAIL",15670,@119447 I'm sorry your Kindle hasn't arrived! Can you tell us the current tracking status? https://t.co/Y5jpI9gRhE ^EZ,Wed Nov 01 01:55:19 +0000 2017,119447,AmazonHelp,1,False,device_digital_content
15672,15674,"@AmazonHelp It was Amazon Logistics.  But the device never made it to them and ""guaranteed Oct 31"" slipped to ""expected Nov 1-2"".","It was Amazon Logistics. But the device never made it to them and ""guaranteed Oct 31"" slipped to ""expected Nov 1-2"".",15675,@119447 We'd like to look further into this. Please click the link and fill out the secure form:https://t.co/pM8TpjfEq6 ^EM,Wed Nov 01 11:46:02 +0000 2017,119447,AmazonHelp,1,False,other
15681,15681,@115821 everytime I try to purachase something my account will get blocked.. worst service ever. sorry to tell that.,everytime I try to purachase something my account will get blocked.. worst service ever. sorry to tell that.,15680,"@119449 I'm so sorry for the account trouble! Have you received an e-mail regarding this issue? If so, please reply to it for more info. ^CC",Wed Nov 01 02:45:57 +0000 2017,119449,AmazonHelp,1,False,service_complaint
15692,15685,@AmazonHelp Yes i have received reference number,Yes i have received reference number,15687,@119451 Please share your detail here: https://t.co/GIJyeYqKE0 and I'll be glad to help you with an update about the refund. ^KA,Wed Nov 01 03:21:08 +0000 2017,119451,AmazonHelp,1,False,other
15692,15686,"@AmazonHelp Order no - 403-7559101-5645129 
Return reference - 710398288491
Article name - puma shoes",Order no - 403-7559101-5645129 Return reference - 710398288491 Article name - puma shoes,15684,"@119451 number. Also, please don't provide order details, we consider it to be personal info. Our page is visible to the public.(2/2)^SF",Wed Nov 01 02:56:50 +0000 2017,119451,AmazonHelp,2,False,delivery_order_status
15692,15688,"@AmazonHelp Details sent, haven't received any communication from your side","Details sent, haven't received any communication from your side",15689,@119451 You should have received a correspondence from our social media team. Kindly check here: https://t.co/8DAc10S7ww and reply. ^MN,Sat Nov 04 11:33:14 +0000 2017,119451,AmazonHelp,1,False,other
15692,15692,"Haven't received my refund, it's been more than a week @115850","Haven't received my refund, it's been more than a week",15691,@119451 Sorry for the delay. Have you received the refund reference number? ^NS,Mon Oct 30 09:42:21 +0000 2017,119451,AmazonHelp,1,False,refund_return
15700,15694,@AmazonHelp How many times will the pick-up be rescheduled? https://t.co/oQuGBF84QS,How many times will the pick-up be rescheduled?,15693,"@119452 Please don't provide your order details, we consider it personal information. Our Twitter page is visible to public. ^AK 3/3",Wed Nov 01 02:58:27 +0000 2017,119452,AmazonHelp,3,False,delivery_order_status
15700,15698,@AmazonHelp Hi. This is where I'm stuck. When will you initiate the pick up? https://t.co/bVTocnrC1k,Hi. This is where I'm stuck. When will you initiate the pick up?,15697,@119452 Sorry for the delay in pickup. Kindly contact us here: https://t.co/rS49hgaADF and we'll get the pick up done. ^SY,Mon Oct 30 05:58:37 +0000 2017,119452,AmazonHelp,1,False,delivery_order_status
15700,15700,Hey @115850 @AmazonHelp I need an update on my refund! Can you help?,Hey I need an update on my refund! Can you help?,15699,@119452 You may track your refunds using the link: https://t.co/LjYILTJREp. Please keep us posted. ^GS,Mon Oct 30 05:51:24 +0000 2017,119452,AmazonHelp,1,False,refund_return
15700,15701,@AmazonHelp You have all my details. Please expedite the process,You have all my details. Please expedite the process,15702,@119452 Thanks for the update. If you've filled in your details our teams will reach out to you soon. ^VM,Wed Nov 01 03:56:32 +0000 2017,119452,AmazonHelp,1,False,other
15704,15704,.@115821 don't say you'll deliver the next business day then come back the same day. I won't let someone in my building I'm not expecting.,. don't say you'll deliver the next business day then come back the same day. I won't let someone in my building I'm not expecting.,15703,@119453 I'm sorry for the frustration. Who was the carrier for this delivery? You can check here: https://t.co/Y5jpI9gRhE ^EA,Wed Nov 01 02:54:33 +0000 2017,119453,AmazonHelp,1,False,delivery_order_status
15707,15707,@AmazonHelp have a query regarding cash back during 14-17 October sale. Email/DM ?,have a query regarding cash back during 14-17 October sale. Email/DM ?,15705,@119454 We'd like to help you with the cash back. Kindly get in touch with our support team here: https://t.co/rS49hgaADF ^AK,Wed Nov 01 02:55:13 +0000 2017,119454,AmazonHelp,1,False,other
15709,15709,Purolator put my Amazon order on the wrong truck so now it's not getting her until tomorrow =(,Purolator put my Amazon order on the wrong truck so now it's not getting her until tomorrow =(,15708,@119455 I'm very sorry for the delay. Please keep us posted on the arrival. We want to make sure you get your order. ^TN,Wed Nov 01 03:03:01 +0000 2017,119455,AmazonHelp,1,False,other
16098,16097,@AmazonHelp Where do I send it to?,Where do I send it to?,16096,"@119531 The link to the item can be tweeted to us here, or reviewed here: https://t.co/hApLpMlfHN ^QJ",Wed Nov 01 03:26:37 +0000 2017,119531,AmazonHelp,1,False,other
16105,16103,"@115850 Earlier this month it happened for Order# 406-8378174-9300362. Complained, escalated. No lessons learnt, no actions taken.","Earlier this month it happened for Order# 406-8378174-9300362. Complained, escalated. No lessons learnt, no actions taken.",16102,@119533 get back to you.  Please don’t provide your details as we consider them to be personal information. Our page is public. 2/2 ^SH,Wed Nov 01 03:30:38 +0000 2017,119533,AmazonHelp,2,False,service_complaint
16105,16105,"@115850 Yerwada, Pune delivery folks r habituated/instructed to mark package delivered, wen customer not reachable n product nt delivered","Yerwada, Pune delivery folks r habituated/instructed to mark package delivered, wen customer not reachable n product nt delivered",16106,@119533 I'm sorry to know about the conflicting tracking update. Have you reported this to our team here: https://t.co/vlvfJrlYEH ? ^GK,Wed Nov 01 03:26:09 +0000 2017,119533,AmazonHelp,1,False,delivery_order_status
16105,16107,"@115850 Order#406-0952229-5801128 not yet delivered, ws supposed to be delivered on Friday, prime 1 day delivery promise. Marked delivered on Monday","Order#406-0952229-5801128 not yet delivered, ws supposed to be delivered on Friday, prime 1 day delivery promise. Marked delivered on Monday",16462,@119533 it to be personal information. Our page is visible to the public. 3/3^AR,Wed Nov 01 03:28:33 +0000 2017,119533,AmazonHelp,3,False,delivery_order_status
16110,16109,@AmazonHelp My order is due to arrive on Friday,My order is due to arrive on Friday,16111,@119534 Orders can ship at any time; once the order has been processed it will be assigned a tracking number. ^LR,Wed Nov 01 03:39:27 +0000 2017,119534,AmazonHelp,1,False,delivery_order_status
16110,16110,My package still doesn’t have a tracking number @115821  I ordered  last week...and no updated email just says not shipped ...,My package still doesn’t have a tracking number I ordered last week...and no updated email just says not shipped ...,16108,@119534 I'm sorry for any inconvenience! Can you tell us when your order is due to arrive? ^EZ,Wed Nov 01 03:38:00 +0000 2017,119534,AmazonHelp,1,False,delivery_order_status
16110,16112,@AmazonHelp Ahhh okay makes sense :) thank you! I hope my package comes Friday 🙌,Ahhh okay makes sense :) thank you! I hope my package comes Friday 🙌,16113,@119534 Please keep us posted as we want to make sure your order arrives!  ^AG,Wed Nov 01 04:07:41 +0000 2017,119534,AmazonHelp,1,False,delivery_order_status
16117,16115,@AmazonHelp Ur customer care didnt provide me a correct answer,Ur customer care didnt provide me a correct answer,16114,@119535 I'm sorry about the experience. Kindly share your details here: https://t.co/beaaDm0muc and we'll check. ^GK,Wed Nov 01 03:33:45 +0000 2017,119535,AmazonHelp,1,False,service_complaint
16117,16117,@115850 No speedy respnse frm the seller side..I asked 2 return my money but they are not ready 2 clr my issue i need my query to b solved,No speedy respnse frm the seller side..I asked 2 return my money but they are not ready 2 clr my issue i need my query to b solved,16116,@119535 time frame has passed and you haven't received any update or if you aren't satisfied with seller's reply then you may file 2/n ^SH,Wed Nov 01 03:25:59 +0000 2017,119535,AmazonHelp,3,False,seller_marketplace
16424,16418,@AmazonHelp And there was no indication that they had re-attempted delivery,And there was no indication that they had re-attempted delivery,16421,@119617 Who is the courier shown on the tracking info? Have you contacted the courier? ^LJ,Wed Nov 01 04:00:08 +0000 2017,119617,AmazonHelp,1,False,delivery_order_status
16424,16420,"@116090 It's now 9:38pm the next day and still nothing. No calls, no emails, not a single thing 🙃🙃🙃","It's now 9:38pm the next day and still nothing. No calls, no emails, not a single thing 🙃🙃🙃",16417,@119617 I'm sorry you still haven't received the order. Was there any update on the tracking here: https://t.co/PyACxvY8Qo ^LA,Wed Nov 01 03:39:04 +0000 2017,119617,AmazonHelp,1,False,other
16424,16422,@AmazonHelp Intelcom Express. I couldn't contact them last night since I got home after their operating hours. Sent them an email this morning,Intelcom Express. I couldn't contact them last night since I got home after their operating hours. Sent them an email this morning,16423,"@119617 Please let us know if you do not receive your order, or an update, today so we may contact the carrier on your behalf. ^WM",Wed Nov 01 17:04:49 +0000 2017,119617,AmazonHelp,1,False,other
16426,16426,@AmazonHelp somehow Siri can turn off my lights but Alexa is incapable. #pleasefixit #buggedupdate https://t.co/wLNncaWcX1,somehow Siri can turn off my lights but Alexa is incapable. #pleasefixit #buggedupdate,16425,"@119618 If Alexa doesn't discover your smart home device, here are some solutions to try: https://t.co/4WOgoyFtgG Hope this helps! ^NN",Wed Nov 01 03:27:42 +0000 2017,119618,AmazonHelp,1,False,device_digital_content
16428,16428,@AmazonHelp Not impressed with Amazon Logistics. Computer parts delayed a week and a refund is the only option? Really disappointed.,Not impressed with Amazon Logistics. Computer parts delayed a week and a refund is the only option? Really disappointed.,16427,@119619 I'm sorry it's been delayed. We'd like to look into this. Please send details about this order here: https://t.co/Wze1ktETWY. ^LH,Wed Nov 01 03:27:06 +0000 2017,119619,AmazonHelp,1,False,refund_return
16433,16432,@AmazonHelp Yes you have missed the deadline which was set at the time of purchase. After missing that deadline you have given me a new deadline now,Yes you have missed the deadline which was set at the time of purchase. After missing that deadline you have given me a new deadline now,16434,@119620 so that we can get in touch with you. (2/2) ^VM,Wed Nov 01 04:15:14 +0000 2017,119620,AmazonHelp,2,False,other
16433,16433,"@119356 @AmazonHelp     horrible service, lousy customer care, non existent courier phone numbers. So much for becoming a Prime customer!","horrible service, lousy customer care, non existent courier phone numbers. So much for becoming a Prime customer!",16429,@119620 Sorry to know about the delivery issue. Did we happen to miss estimate as mentioned here: https://t.co/ykWpCt0ely ?^KA,Wed Nov 01 03:36:06 +0000 2017,119620,AmazonHelp,1,False,delivery_order_status
16433,16436,@AmazonHelp Pls call me on 9820255387,Pls call me on 9820255387,16438,"@119620 Please don't provide your order details, as we consider it to be personal information. Our Twitter page is public.​ ^RW",Wed Nov 01 04:38:56 +0000 2017,119620,AmazonHelp,2,False,service_complaint
16442,16442,@115821 is 0/3 on orders being delivered this week. All three Prime orders that were due to be delivered haven’t arrived.,is 0/3 on orders being delivered this week. All three Prime orders that were due to be delivered haven’t arrived.,16440,@119621 I apologize that we missed the mark. What is the most recent tracking update? You can find that here: https://t.co/Y5jpI9gRhE? ^BA,Wed Nov 01 03:48:38 +0000 2017,119621,AmazonHelp,1,False,delivery_order_status
16442,16443,@AmazonHelp What’s the point in me paying for prime shipping when things are just going to show up days after their estimates? No confidence.,What’s the point in me paying for prime shipping when things are just going to show up days after their estimates? No confidence.,16445,@119621 Unforeseen circumstances can cause delays and we appreciate your patience while we are working to get your packages delivered. ^TN,Wed Nov 01 04:30:43 +0000 2017,119621,AmazonHelp,1,False,delivery_order_status
16451,16451,@115821 nice dead flower delivery for 14 dollars. https://t.co/MjaNedn12J,nice dead flower delivery for 14 dollars.,16450,"@119623 I'm so sorry your flowers were damaged! Please reach us here: https://t.co/hApLpMlfHN, so we can find available options. ^NS",Wed Nov 01 02:16:48 +0000 2017,119623,AmazonHelp,1,False,delivery_order_status
16456,16454,@119625 @1092 Please upload jaya janaki nayaka full movie bro or balakrishna paisa vasool movie bro,Please upload jaya janaki nayaka full movie bro or balakrishna paisa vasool movie bro,16452,@119624 where we highlight the latest movies and TV shows we have available. (2/2)^SF,Wed Nov 01 03:21:19 +0000 2017,119624,AmazonHelp,2,False,other
16467,16466,@AmazonHelp The link didnt go to app instead asked me to buy movies :-) I am looking for those on Amazon prime. Search function said did not exist,The link didnt go to app instead asked me to buy movies :-) I am looking for those on Amazon prime. Search function said did not exist,16468,@119627 I'm sorry the link didn't work. You can view the list of Audio Descriptions by clicking here: https://t.co/M37Heh3Uak ^AY,Thu Nov 02 21:37:06 +0000 2017,119627,AmazonHelp,1,False,other
16467,16467,"@117795 Now that I’m streaming to your Prime Do U have audio assisted movies, TV, etc. as I am visually impaired. ?","Now that I’m streaming to your Prime Do U have audio assisted movies, TV, etc. as I am visually impaired. ?",16465,@119627 That's a great question! You can learn more on how to turn on Audio Descriptions here: https://t.co/qiN8mb0MXN ^SE,Wed Nov 01 02:44:09 +0000 2017,119627,AmazonHelp,1,False,device_digital_content
16470,16470,@115850 do u think human cloning is real? I am sitting @ home and you tell me I rcvd a package and signed 4 it too. I didn't. Only explntn,do u think human cloning is real? I am sitting @ home and you tell me I rcvd a package and signed 4 it too. I didn't. Only explntn,16469,@119628 https://t.co/r8OjOjMdND and we'll look into this for you. (2/2) ^VM,Wed Nov 01 03:28:20 +0000 2017,119628,AmazonHelp,2,False,delivery_order_status
16474,16474,"@115821  hi, can you guys give me the country code of amazon usa. amazon  gave me headaches..","hi, can you guys give me the country code of amazon usa. amazon gave me headaches..",16472,@119449  I'm sorry for the trouble! You can dial +1-206-266-2992 to reach us internationally. ^BT,Wed Nov 01 02:44:35 +0000 2017,119449,AmazonHelp,1,False,other
16758,16757,@AmazonHelp No one knows what to do to get my refund back to me! https://t.co/q71Ycboikm,No one knows what to do to get my refund back to me!,16759,"@119697 I'm sorry for the trouble. Generally, the bank can issue a refund to the new active card on file. Please keep us updated. ^LR",Wed Nov 01 04:19:56 +0000 2017,119697,AmazonHelp,1,False,refund_return
16758,16758,@AmazonHelp fuck you guys. Canceling Prime. Not gonna do business with you guys ever again.,fuck you guys. Canceling Prime. Not gonna do business with you guys ever again.,16755,"@119697 This isn't how we want you to feel. We'd like to help, if possible. Please let us know more about what's going. ^BH",Wed Nov 01 04:07:06 +0000 2017,119697,AmazonHelp,1,False,other
16764,16762,@AmazonHelp Did I get a call? No. Being a Prime member means paying someone to treat you like shit. Twice!,Did I get a call? No. Being a Prime member means paying someone to treat you like shit. Twice!,16765,"@119698 We can't access your account via Twitter. Without providing personal info, will you please tell us what's going on? ^TN",Thu Nov 02 04:11:35 +0000 2017,119698,AmazonHelp,1,False,other
16764,16764,"Honestly, @117795 it's like a pyramid scheme. Pay extra to be mistreated. Issue not resolved even after 45 min calls. #disconected https://t.co/xffbrvQ2fl","Honestly, it's like a pyramid scheme. Pay extra to be mistreated. Issue not resolved even after 45 min calls. #disconected",16761,@119698 I'm sorry for the poor experience! Will you tell us more about the issue and what info or options we were able to provide? ^BN,Wed Nov 01 03:38:11 +0000 2017,119698,AmazonHelp,1,False,service_complaint
16764,16767,@AmazonHelp I think this is pretty crappy!,I think this is pretty crappy!,16772,@119698 I'd like to have a member of my team look into this with you! Please submit your information here: https://t.co/HO8C5vgcgW ^ME,Thu Nov 02 18:16:09 +0000 2017,119698,AmazonHelp,1,False,other
16774,16774,@116329 @1110 is services available on @115850 ehco dot??,is services available on ehco dot??,16773,"@119699 Echo lets you play music from services like Amazon Prime Music, Saavn and TuneIn. ^GK",Wed Nov 01 03:51:15 +0000 2017,119699,AmazonHelp,1,False,other
16796,16776,@AmazonHelp Would like to thankyou for ur efforts..amount credited back to my account today.!!,Would like to thankyou for ur efforts..amount credited back to my account today.!!,16775,@119700 You're most welcome. Glad to know that refund has been credited. Have a great day ahead! ^AR,Wed Nov 01 03:52:31 +0000 2017,119700,AmazonHelp,1,False,other
16796,16778,"@AmazonHelp Response in mail is just asking to wait n m doing that since last 1 month..it's more than 15 days on Twitter n u doing the same
No solution",Response in mail is just asking to wait n m doing that since last 1 month..it's more than 15 days on Twitter n u doing the same No solution,16777,"@119700 Apologies. I understand waiting could be tiresome but rest assured, the concerned team is working on a resolution for you. ^MK",Wed Oct 25 16:42:52 +0000 2017,119700,AmazonHelp,1,False,other
16796,16780,@AmazonHelp No..!!,No..!!,16779,@119700 Request you to check for our response using this link: https://t.co/DTSNmGldJf ^SK,Tue Oct 24 11:48:25 +0000 2017,119700,AmazonHelp,1,False,other
16796,16782,"@AmazonHelp How much more time is needed?
I think everything is online..
Is ur seller not responding? Or approval is needed from any ministry?",How much more time is needed? I think everything is online.. Is ur seller not responding? Or approval is needed from any ministry?,16781,@119700 Did you receive our email on your revert? ^HK,Tue Oct 24 11:03:26 +0000 2017,119700,AmazonHelp,1,False,seller_marketplace
16796,16784,"@AmazonHelp That's what m doing n u making me believe more that refund policy by Amazon in India is really poor..!
Ur seller is even not taking calls nw",That's what m doing n u making me believe more that refund policy by Amazon in India is really poor..! Ur seller is even not taking calls nw,16783,"@119700 As you have provided your details, we have our team working on your issue, Gautam. (1/2)^SF",Tue Oct 17 10:43:11 +0000 2017,119700,AmazonHelp,1,False,seller_marketplace
16796,16788,@AmazonHelp Did the same..but din't get any response..n ur chat executive says we don't have any record of u..,Did the same..but din't get any response..n ur chat executive says we don't have any record of u..,16786,@119700 We are right on it! We'll get back to you soon. ^AG,Mon Oct 16 05:01:37 +0000 2017,119700,AmazonHelp,1,False,other
16796,16790,"@AmazonHelp Last mail rec'd on 09.10.2017 stating refund will be in my account by 14.10.2017
Bt same not rec'd.",Last mail rec'd on 09.10.2017 stating refund will be in my account by 14.10.2017 Bt same not rec'd.,16789,@119700 That's strange. Kindly write back to the email received and we'll check this out for you. ^VM,Mon Oct 16 04:34:47 +0000 2017,119700,AmazonHelp,1,False,refund_return
16796,16792,"@AmazonHelp All m getting is apologies but no refund.. everything is online, unable to understand the delay!!","All m getting is apologies but no refund.. everything is online, unable to understand the delay!!",16791,"@119700 You must have received a correspondence to your registered email address, request you to check the same. ^SH",Mon Oct 16 03:58:14 +0000 2017,119700,AmazonHelp,1,False,refund_return
16796,16794,"@AmazonHelp form has been filled awaiting for a solution n refund. I have already invested my energy in explaining before, kindly treat it urgent.","form has been filled awaiting for a solution n refund. I have already invested my energy in explaining before, kindly treat it urgent.",16793,@119700 Apologies for the bad experience. Thanks for sharing your details. We'll get in touch with you. Appreciate your patience. ^AK,Sat Oct 14 10:32:22 +0000 2017,119700,AmazonHelp,1,False,refund_return
16796,16796,"@115850 406-5758893-2189165 faulty pc. the pc. returned but no refund recd. till now, got mail refund will be made in 5 days, bt not done. https://t.co/1jCDRlwfIZ","406-5758893-2189165 faulty pc. the pc. returned but no refund recd. till now, got mail refund will be made in 5 days, bt not done.",16795,@119700 I'm sorry for the trouble. Please fill this form: https://t.co/beaaDm0muc and we’ll contact you at the earliest. ^AU,Sat Oct 14 07:40:32 +0000 2017,119700,AmazonHelp,1,False,refund_return
16827,16826,"@AmazonHelp Ordered last Friday, still not here.","Ordered last Friday, still not here.",16828,@119702 What was the estimated delivery date provided in the order confirmation e-mail? ^MJ,Wed Nov 01 11:48:47 +0000 2017,119702,AmazonHelp,1,False,other
16827,16827,@115821 sure is frustrating to pay $100 a year for Prime and not have my Prime items delivered after 5 days.,sure is frustrating to pay $100 a year for Prime and not have my Prime items delivered after 5 days.,16825,"@119702 Two-Day Shipping refers to transit time, in business days, once shipped. Did we miss our mark? https://t.co/0oSkv5Jwgq ^BE",Wed Nov 01 03:55:48 +0000 2017,119702,AmazonHelp,1,False,delivery_order_status
16827,16829,@AmazonHelp My guaranteed delivery date was Monday.,My guaranteed delivery date was Monday.,16830,@119702 My apologies. What is the latest update on the tracking?: https://t.co/Y5jpI9gRhE ^PK,Wed Nov 01 11:59:11 +0000 2017,119702,AmazonHelp,1,False,delivery_order_status
16827,16831,@AmazonHelp USPS still doesn't have it. Said it departed your facility Sunday. Then said it again yesterday.,USPS still doesn't have it. Said it departed your facility Sunday. Then said it again yesterday.,16832,"@119702 Hey, get in touch with us here: https://t.co/JzP7hlA23B  so we can help you out ^KM",Wed Nov 01 12:05:44 +0000 2017,119702,AmazonHelp,1,False,other
1695,1693,@AmazonHelp but I can’t find the options to cancel or re-order?,but I can’t find the options to cancel or re-order?,1696,@116081 I'm sorry for the delay! We'd like to take a further look into this with you! Please reach us here: https://t.co/hApLpMlfHN ^AG,Tue Oct 31 22:54:54 +0000 2017,116081,AmazonHelp,1,False,other
1695,1695,@115821 my order hasn’t arrived (it was due 14th October). Can you help?,my order hasn’t arrived (it was due 14th October). Can you help?,1692,@116081 Hey Georgia! Sorry you haven't received your package. We'd love to help! What does the current tracking say on your order? ^AJ,Tue Oct 31 22:40:01 +0000 2017,116081,AmazonHelp,1,False,delivery_order_status
1699,1698,@AmazonHelp Thats the thing I told customer service. I created a new email address for the Prime trial and forgot it. What can I do so I'm not charged?,Thats the thing I told customer service. I created a new email address for the Prime trial and forgot it. What can I do so I'm not charged?,1700,@116082 Hey Corey! Even on the new account you made you can turn of the auto renew through the same link ^SK posted for you. ^AJ,Tue Oct 31 22:47:50 +0000 2017,116082,AmazonHelp,1,False,prime_membership
1699,1699,@AmazonHelp I called customer service and was told my membership wouldn't be renewed. I was just charged today. How do I get a refund? https://t.co/SeoQUsA0VA,I called customer service and was told my membership wouldn't be renewed. I was just charged today. How do I get a refund?,1697,@116082 Canceling your Prime membership can be done here:https://t.co/MlOxxuNX7N. You'll be shown your estimated refund there. ^SK,Tue Oct 31 22:34:38 +0000 2017,116082,AmazonHelp,1,False,refund_return
1699,1701,@AmazonHelp You have to log in. I don't remember the email address I used. Can you look up the account by my bank information?,You have to log in. I don't remember the email address I used. Can you look up the account by my bank information?,1704,@116082 It would be best if you get in touch with us by phone or chat.use this link to do so:  https://t.co/hApLpMlfHN ^CH,Tue Oct 31 22:58:06 +0000 2017,116082,AmazonHelp,1,False,account_access
1708,1706,"@AmazonHelp I have tried. It’s not allowing me to access my account to cancel my membership, I haven’t even used prime in almost 3 months.","I have tried. It’s not allowing me to access my account to cancel my membership, I haven’t even used prime in almost 3 months.",1705,@116083 I'm sorry to hear you're not able to access your account. Please use this link instead to contact us: https://t.co/zYVX1Qi29G. ^LH,Tue Oct 31 22:33:08 +0000 2017,116083,AmazonHelp,1,False,other
1708,1708,"@115821 being charged for amazon prime &amp; when I go to cancel it, it’s saying I’m not a member😠😠😠","being charged for amazon prime &amp; when I go to cancel it, it’s saying I’m not a member😠😠😠",1707,@116083 Hmm... We'd like to take a better look at this with you. Please reach us via phone/chat here: https://t.co/JzP7hlA23B ^KP,Tue Oct 31 19:08:41 +0000 2017,116083,AmazonHelp,1,False,payment_billing
1710,1710,@AmazonHelp where can I chat with a support member for a false charge,where can I chat with a support member for a false charge,1709,@116084 I'm sorry you've encountered an unknown charge! We'd be happy to look into this with you here: https://t.co/hApLpMlfHN ^BL,Tue Oct 31 22:33:35 +0000 2017,116084,AmazonHelp,1,False,service_complaint
1715,1715,Seriously @115821? I order 6 identical washing up bowls and they are all being dispatched as separate orders? My phone is buzzing non-stop!,Seriously ? I order 6 identical washing up bowls and they are all being dispatched as separate orders? My phone is buzzing non-stop!,1714,@116086 Sorry for the inconvenience! Check out how to manage your notifications here: https://t.co/DLN4bDuc5B ^SG,Tue Oct 31 21:14:40 +0000 2017,116086,AmazonHelp,1,False,delivery_order_status
17183,17183,"'Hey @AmazonHelp i haven't received my ""delivered"" order.' 
'Did you check around your house' lmao https://t.co/w6FRcwmoFX","'Hey i haven't received my ""delivered"" order.' 'Did you check around your house' lmao",17181,@119790 I'm sorry you didn't receive your order. Did our customer service agent provide a solution for you? ^SE,Wed Nov 01 04:10:07 +0000 2017,119790,AmazonHelp,1,False,delivery_order_status
17237,17237,"Hey @115821 please tell your vendors that addressing packages to customer ""or current resident"" is not acceptable shipping procedures.","Hey please tell your vendors that addressing packages to customer ""or current resident"" is not acceptable shipping procedures.",17236,@119795 We would love to help in any way. Please provide your feedback here for review: https://t.co/ExK1OfAqCF ^SH,Wed Nov 01 04:12:39 +0000 2017,119795,AmazonHelp,1,False,delivery_order_status
17254,17254,.@115850 will Echo help in playing Antakshari or if we could play same with her? :P #pp,. will Echo help in playing Antakshari or if we could play same with her? :P #pp,17253,"@119797 You can ask Alexa, and it would play the song for you :) ^KA",Wed Nov 01 03:52:10 +0000 2017,119797,AmazonHelp,1,False,other
17263,17256,@AmazonHelp wht explanation would you like 2 gv now as mor order got cancelled n products r returned back after waiting 4 mor thn two weeks?,wht explanation would you like 2 gv now as mor order got cancelled n products r returned back after waiting 4 mor thn two weeks?,17255,@119798 I'm sorry about that. Could you confirm sharing your details in the link shared earlier? ^GK,Wed Nov 01 03:52:18 +0000 2017,119798,AmazonHelp,1,False,other
17263,17258,@AmazonHelp whts benefit? chatted wth 1 of ur executive. aprt fr4 Sorry n Apology he has nothing 2 offer. if u cn do something better thn reply or leave,whts benefit? chatted wth 1 of ur executive. aprt fr4 Sorry n Apology he has nothing 2 offer. if u cn do something better thn reply or leave,17257,"@119798 I get you're upset. However, we'd like to get this sorted out, please share the details and we'll reach out to you. ^MS",Fri Oct 20 11:46:06 +0000 2017,119798,AmazonHelp,1,False,other
17263,17260,"@AmazonHelp apologies only dnt work. why last tim i was gvn assurance tht i wont repeat and now it happened again, whts your excuse now?","apologies only dnt work. why last tim i was gvn assurance tht i wont repeat and now it happened again, whts your excuse now?",17259,@119798 I’m sorry for the hassle. Please drop in your details here: https://t.co/GIJyeYqKE0 We will look into it. ^SB,Fri Oct 20 11:38:45 +0000 2017,119798,AmazonHelp,1,False,other
17263,17263,"@115850 last time i seek assistance n the same issue prevail today. whn you cnt gv service thn say no, why giving headache 2 customers?","last time i seek assistance n the same issue prevail today. whn you cnt gv service thn say no, why giving headache 2 customers?",17261,"@119798 Apologies. Kindly let us know, where did we go wrong. We would like to make things right for you. ^CB",Fri Oct 20 11:06:53 +0000 2017,119798,AmazonHelp,1,False,other
17266,17265,@AmazonHelp I have a samsung and roku tvs. On both models I have trouble watching. The roku the most. The samsung is better but I've experienced buffer,I have a samsung and roku tvs. On both models I have trouble watching. The roku the most. The samsung is better but I've experienced buffer,17267,@119799 I'm sorry to hear this. Please try these tips and let us know if it improves: https://t.co/PnaAaBPiBh ^BH,Wed Nov 01 04:25:35 +0000 2017,119799,AmazonHelp,1,False,other
17266,17266,@116618 I'm having problems watching. Its always freezing or buffering.,I'm having problems watching. Its always freezing or buffering.,17264,@119799 We want to help but we need more information. Can you tell us more about what device you're using? ^EA,Wed Nov 01 03:59:42 +0000 2017,119799,AmazonHelp,1,False,other
1736,1735,"@AmazonHelp Fulfilled by Amazon. It’s quite disturbing you’re selling counterfeit items, and can’t be trusted.","Fulfilled by Amazon. It’s quite disturbing you’re selling counterfeit items, and can’t be trusted.",1737,"@116091 We'd like to look into this with you in real time, Bry. When you can, please ring or chat in with us: https://t.co/JzP7hlA23B ^BL",Tue Oct 31 22:41:11 +0000 2017,116091,AmazonHelp,1,False,item_quality_issue
1736,1736,Two fake items in one day. Time to cancel my Amazon Prime membership. @AmazonHelp,Two fake items in one day. Time to cancel my Amazon Prime membership.,1734,@116091 Oh no! I'm so sorry to hear this. Was the item sold by Amazon directly or Third-party seller: https://t.co/aaDyEz1VgE. ^LH,Tue Oct 31 22:21:42 +0000 2017,116091,AmazonHelp,1,False,prime_membership
1741,1740,@AmazonHelp I have. No luck.,I have. No luck.,1742,@116092 Sorry you're still having trouble! What error are you seeing when you try to use the app? ^JP,Sat Nov 04 00:53:12 +0000 2017,116092,AmazonHelp,1,False,other
1741,1741,@115821 please spend time &amp; money to fix your app. Constant issues with it.,please spend time &amp; money to fix your app. Constant issues with it.,1739,"@116092 Oh no, Barton! Have you tried uninstalling and re-installing the app? Perhaps a power cycle too? Please let us know. ^KL",Tue Oct 31 22:20:43 +0000 2017,116092,AmazonHelp,1,False,other
1748,1748,@AmazonHelp that is not my apartment!!!!!!! This is the sending time!!!! Where is my package!!!!!!!!!! https://t.co/EIY6DZUCDC,that is not my apartment!!!!!!! This is the sending time!!!! Where is my package!!!!!!!!!!,1747,"@116094 (2/2) Also, for your security, I'd recommend deleting the image, as it contains your tracking number. ^WT",Tue Oct 31 22:07:19 +0000 2017,116094,AmazonHelp,2,False,delivery_order_status
1753,1752,@116096 Truly. This is the strangest vampire book I’ve ever received. 😜 cc @43760 @AmazonHelp #misship https://t.co/Zad7Az14Zg,Truly. This is the strangest vampire book I’ve ever received. 😜 cc #misship,1750,@116095 I'm sorry you received an incorrect item. Have you checked out our return/replacement options here: https://t.co/FRsodhtXKJ? ^FJ,Tue Oct 31 22:06:28 +0000 2017,116095,AmazonHelp,1,False,other
17634,17634,"@115850 I am a amazon prime user, I don’t see great offers nor I see any difference between prime and non prime, what’s the point then ?","I am a amazon prime user, I don’t see great offers nor I see any difference between prime and non prime, what’s the point then ?",17633,@119901 know more prime benefits here: https://t.co/SNrRNxbF4n 2/2 ^SH,Wed Nov 01 04:50:28 +0000 2017,119901,AmazonHelp,2,False,other
17641,17637,@AmazonHelp The pick up has been arranged 5 times now and cancelled at the last moment without citing any reason!,The pick up has been arranged 5 times now and cancelled at the last moment without citing any reason!,17636,@119902 I'd like to take a closer look into it. Please fill in this form: https://t.co/GIJyeYqKE0 and I'll revert shortly. ^AB,Wed Nov 01 04:51:47 +0000 2017,119902,AmazonHelp,1,False,delivery_order_status
17641,17639,@AmazonHelp It is a doorstep pick up but I need to bear the charges for the courier while I am struggling to get a refund for the already paid order,It is a doorstep pick up but I need to bear the charges for the courier while I am struggling to get a refund for the already paid order,17638,@119902 Was a pick up arranged on your order or were you asked to self-return it? Please tell us more. ^HK,Wed Nov 01 04:41:59 +0000 2017,119902,AmazonHelp,1,False,refund_return
17641,17641,@AmazonHelp #pathetic customer service. New low in e-commerce. Trying to raise a return request 5 times. #Fail,#pathetic customer service. New low in e-commerce. Trying to raise a return request 5 times. #Fail,17640,@119902 Sorry for the trouble while raising a return request. May I know if you have been asked to self return the item? ^SH,Wed Nov 01 04:10:09 +0000 2017,119902,AmazonHelp,1,False,refund_return
17656,17655,@AmazonHelp I need a solution why u r not helping consumers on self return things. M not bought product to self return. Why Amazon allows such seller,I need a solution why u r not helping consumers on self return things. M not bought product to self return. Why Amazon allows such seller,17657,@119904 to our team internally to work on it. 2/2 ^SB,Wed Nov 01 05:01:57 +0000 2017,119904,AmazonHelp,2,False,seller_marketplace
17656,17656,@AmazonHelp @115850 I have bought a product and now it's size is not matching I want to return it and also requested return process.,I have bought a product and now it's size is not matching I want to return it and also requested return process.,17651,@119904 You may refer here: https://t.co/M27c4qF86m for details on refund for return shipping charges. Hope this helps! 3/3 ^AB,Wed Nov 01 04:45:08 +0000 2017,119904,AmazonHelp,3,False,refund_return
17656,17659,@AmazonHelp Also concern how I get my shipping charges back once self return product?,Also concern how I get my shipping charges back once self return product?,17660,@119904 Please connect with us using this link here: https://t.co/00q4Sqj9zL for further assistance. ^KA,Wed Nov 01 05:45:53 +0000 2017,119904,AmazonHelp,1,False,refund_return
17656,17661,@AmazonHelp Thanks a lot for helping your consumers we always grateful to u. There is no online shopping app where problems not occur but to help,Thanks a lot for helping your consumers we always grateful to u. There is no online shopping app where problems not occur but to help,17662,@119904 You're welcome. Appreciate your understanding. Do keep us posted for any further assistance and we'll be glad to hep you. ^MK,Wed Nov 01 19:01:44 +0000 2017,119904,AmazonHelp,1,False,other
17669,17669,"@115850 : can we connect echo dot to videocon smart tv? If yes, how?",": can we connect echo dot to videocon smart tv? If yes, how?",17668,@119905 You'll not be able to connect the Echo to your smart TV. ^SH,Wed Nov 01 04:27:34 +0000 2017,119905,AmazonHelp,1,False,device_digital_content
17672,17672,Hey @115821 wth does this mean? How can the iOS app on the phone be offline? #AmazonEcho https://t.co/bsAmAY4b38,Hey wth does this mean? How can the iOS app on the phone be offline? #AmazonEcho,17670,@119906 I'm sorry about the error you're seeing! Please try uninstalling and reinstalling the app. Let us know how it goes. ^JP,Wed Nov 01 03:59:28 +0000 2017,119906,AmazonHelp,1,False,other
17678,17674,"@AmazonHelp #unprofessional order id # 
403-7503264-7181114,403-8300003-6354735,403-5491238-8117144","#unprofessional order id # 403-7503264-7181114,403-8300003-6354735,403-5491238-8117144",17679,@119907 Please share your details here: https://t.co/GIJyeYqKE0 and I'll reach out to you. (2/2) ^KA,Wed Nov 01 04:50:59 +0000 2017,119907,AmazonHelp,2,False,delivery_order_status
17678,17676,"@AmazonHelp Being #harrassed by the delivery guys for days, reached out to customer service multiple times but hardly any resolution !","Being #harrassed by the delivery guys for days, reached out to customer service multiple times but hardly any resolution !",17681,"@119907 Please don't provide your order details, we consider it to be personal information. Our page is visible to the public. ^KA",Wed Nov 01 04:53:03 +0000 2017,119907,AmazonHelp,1,False,delivery_order_status
17678,17678,@AmazonHelp  where does a customer goes to share his/her concerns about the fullfillment centre,where does a customer goes to share his/her concerns about the fullfillment centre,17673,@119907 Could you please elaborate your concern about the fulfillment center so that I can assist you accordingly?^SF,Wed Nov 01 04:18:24 +0000 2017,119907,AmazonHelp,1,False,other
17678,17682,"@AmazonHelp Oh you are so considerate, then why can't you treat the orders you take with same consideration, #Awful customer service","Oh you are so considerate, then why can't you treat the orders you take with same consideration, #Awful customer service",17683,@119907 We'd like to help with that. Kindly drop in your details using the link provided above and we'll reach out to you. ^AB,Wed Nov 01 05:15:25 +0000 2017,119907,AmazonHelp,1,False,delivery_order_status
17686,17686,@AmazonHelp hey I started a Amazon prime trial..i was charged $1..wats that about ?,hey I started a Amazon prime trial..i was charged $1..wats that about ?,17684,"@119908 When you sign up for a Prime free trial, we send an authorization to your bank. Here's more info: https://t.co/9Kj5TvSFFo ^JP",Wed Nov 01 04:15:40 +0000 2017,119908,AmazonHelp,1,False,prime_membership
17887,17887,.@116316 ist mal wieder on fire. https://t.co/lUURAjsRKQ,. ist mal wieder on fire.,17886,"@119968 Ups, sieht die Seite auch so bei dir aus, wenn du einen anderen Browser verwendest? ^AN",Wed Nov 01 04:23:54 +0000 2017,119968,AmazonHelp,1,False,other
17900,17899,@AmazonHelp I have called already and spoken to the rep. This keeps repeating. Fire your courier managers in my locality,I have called already and spoken to the rep. This keeps repeating. Fire your courier managers in my locality,17901,@119628 Please fill in your details using the link: https://t.co/JzRdscmdH9 and I'll get in touch with you soon. ^AK (2/2),Wed Nov 01 05:15:56 +0000 2017,119628,AmazonHelp,2,False,delivery_order_status
17900,17900,Hey @115851 unpredictable delivery processes r killing Amazon experience in India. Loyal customers like me are dissatisfied. DO SOMETHING,Hey unpredictable delivery processes r killing Amazon experience in India. Loyal customers like me are dissatisfied. DO SOMETHING,17898,@119628 have reported the issue to our support team here:  https://t.co/EatWZQxM6E? 2/2 ^SH,Wed Nov 01 04:57:16 +0000 2017,119628,AmazonHelp,2,False,delivery_order_status
17900,17903,"@AmazonHelp Got it just now about 4 hours after it was supposedly delivered. As I said, unpredictable and non-trustworthy delivery process","Got it just now about 4 hours after it was supposedly delivered. As I said, unpredictable and non-trustworthy delivery process",17904,@119628 Thanks for keeping us posted. I'll be sure to share your comments on this as feedback with the team internally. ^AB,Wed Nov 01 07:13:03 +0000 2017,119628,AmazonHelp,1,False,delivery_order_status
17908,17908,"Two DOA orders. First hard drive came bouncing in a giant box, second one crushed in a padded envelope... sigh. Refund on way. @AmazonHelp https://t.co/4bRVrNlrBy","Two DOA orders. First hard drive came bouncing in a giant box, second one crushed in a padded envelope... sigh. Refund on way.",17906,@119970 Please help us to improve by providing your packaging feedback here: https://t.co/9eu9vrS5HB ^SY,Wed Nov 01 03:50:21 +0000 2017,119970,AmazonHelp,1,False,refund_return
17910,17910,@115830 I’ve just earned a £6 promo for a purchase of gift cards. Where within my account is it? I can’t find it? I’ve got a confirmation,I’ve just earned a £6 promo for a purchase of gift cards. Where within my account is it? I can’t find it? I’ve got a confirmation,17909,@119971 I'm sorry you're not seeing the credit! Many promos apply at checkout. You can learn more here: https://t.co/SMIdJzrWkH ^SG,Wed Nov 01 04:18:25 +0000 2017,119971,AmazonHelp,1,False,payment_billing
17912,17912,@AmazonHelp @119973 Es nervt das ich mich seit neusten  beinahe täglich auf. Fire tv stick neu einloggen muss 😈,Es nervt das ich mich seit neusten beinahe täglich auf. Fire tv stick neu einloggen muss 😈,17911,"@119972 Oje! Melde dich doch gleich mal hier https://t.co/wWn0qM25US und lass meine Kollegen prüfen, was da los sein könnte. Gruß ^DS",Tue Oct 31 23:09:32 +0000 2017,119972,AmazonHelp,1,False,device_digital_content
17916,17916,@115850 why am i charged $10.99 for prime membership every month when i have purchased it for INR 499?,why am i charged $10.99 for prime membership every month when i have purchased it for INR 499?,17914,@119974 Please connect with us here: https://t.co/00q4Sqj9zL and we'll assist you on how to proceed further. (2/2) ^KA,Wed Nov 01 04:39:00 +0000 2017,119974,AmazonHelp,2,False,prime_membership
17916,17918,@AmazonHelp Please elaborate. If the charges are of prime subscription on https://t.co/PDFhxlk2Fc then why was i charged 499 in the first place??,Please elaborate. If the charges are of prime subscription on then why was i charged 499 in the first place??,17919,@119974 We'd like to have a look into the same; hence the request. Kindly reach out to our support team for further assistance. ^AB,Wed Nov 01 05:06:23 +0000 2017,119974,AmazonHelp,1,False,prime_membership
17656,17925,@AmazonHelp @115850 at my address. Will pay then return charges. But also want to tell u this is not right that we pay self return courier cost then what's,at my address. Will pay then return charges. But also want to tell u this is not right that we pay self return courier cost then what's,17920,"@119904 I understand your concern, unfortunately we cannot arrange a return as already mentioned. Kindly self-return the order. ^ZH",Wed Nov 01 04:55:01 +0000 2017,119904,AmazonHelp,1,False,refund_return
18134,18134,"@AmazonHelp HEY, I have 30 packages that need to be refunded on nov 5th which is the estimated shipping time. fake tracking. never shipped.","HEY, I have 30 packages that need to be refunded on nov 5th which is the estimated shipping time. fake tracking. never shipped.",18133,@120031 Are the packages sold/fulfilled by Amazon or a third-party seller? That info can be found here: https://t.co/Y5jpI9gRhE ^SH,Wed Nov 01 05:19:14 +0000 2017,120031,AmazonHelp,1,False,refund_return
18159,18149,"@AmazonHelp Called USPS for delivery info. Estimated hold time for the next representative is FIFTY MINUTES. As YOUR customer, I shouldn't be doing this","Called USPS for delivery info. Estimated hold time for the next representative is FIFTY MINUTES. As YOUR customer, I shouldn't be doing this",18151,@120034 We're able to contact the carrier on your behalf using the link ^LH provided above. ^KP,Wed Nov 01 20:26:33 +0000 2017,120034,AmazonHelp,1,False,delivery_order_status
18159,18150,@AmazonHelp I gave it another day and still not delivered. 😡,I gave it another day and still not delivered. 😡,18148,"@120034 I'm so sorry for the trouble. If you have a moment, please contact us by phone or chat here: https://t.co/hApLpMlfHN. ^LH",Wed Nov 01 04:21:26 +0000 2017,120034,AmazonHelp,1,False,delivery_order_status
18159,18152,"@AmazonHelp Yes, I've sent an email through your link.","Yes, I've sent an email through your link.",18153,"@120034 When did you contact us? If you've received a reply, what insight were we able to provide? ^AR",Wed Nov 01 20:45:29 +0000 2017,120034,AmazonHelp,1,False,other
18159,18155,"@AmazonHelp No, is USPS even contactable, esp after hours?  I'll wait and see what happens tomorrow. Two delivery mishaps this month - one UPS, one USPS","No, is USPS even contactable, esp after hours? I'll wait and see what happens tomorrow. Two delivery mishaps this month - one UPS, one USPS",18154,"@120034 Unfortunately not. However, you can check the carrier website for more detailed tracking information. Please keep us posted. ^SY",Tue Oct 31 00:30:12 +0000 2017,120034,AmazonHelp,1,False,delivery_order_status
18159,18157,"@AmazonHelp USPS is the carrier. They are usually here 10 am-12 pm, so I don't know what's going on.","USPS is the carrier. They are usually here 10 am-12 pm, so I don't know what's going on.",18156,@120034 That's really weird! Have you contacted them to see if they could provide any insight? ^AJ,Tue Oct 31 00:17:05 +0000 2017,120034,AmazonHelp,1,False,other
18159,18159,"Really unhappy, @AmazonHelp. I'm sitting here at home all day and I got this text a few minutes ago. https://t.co/w35PxLWI0K","Really unhappy, . I'm sitting here at home all day and I got this text a few minutes ago.",18158,@120034 Hello! I'm really sorry for the frustration. Who was the carrier for the order? You can find that here: https://t.co/Y5jpI9gRhE ^AJ,Tue Oct 31 00:09:04 +0000 2017,120034,AmazonHelp,1,False,other
18162,18162,"@AmazonHelp Please help
Your team is not providing support and information properly. They are just ingnoring my request. I need access. https://t.co/VqK97kzHrt",Please help Your team is not providing support and information properly. They are just ingnoring my request. I need access.,18160,@120035 I'm sure you will soon receive a reply from our Account Specialist team with an update. (2/2) ^SI,Wed Nov 01 05:14:31 +0000 2017,120035,AmazonHelp,2,False,other
18169,18169,"@AmazonHelp Accidentally bought Amazon Prime when I misread it for the free month trial, and I wanted to know if theres any way for a refund","Accidentally bought Amazon Prime when I misread it for the free month trial, and I wanted to know if theres any way for a refund",18167,@120036 You can cancel your Prime membership and receive a refund if you haven't used the benefits here: https://t.co/H4QaQR9DYf  ^SE,Wed Nov 01 05:12:17 +0000 2017,120036,AmazonHelp,1,False,refund_return
18178,18173,@AmazonHelp Package yet to be received. The delivery boy must’ve signed himself or delivered to someone else. Also if possible send me photo of the sign,Package yet to be received. The delivery boy must’ve signed himself or delivered to someone else. Also if possible send me photo of the sign,18172,@120037 I'm sorry about the conflicting tracking update. Kindly share your details here: https://t.co/beaaDm0muc ^GK,Wed Nov 01 05:13:02 +0000 2017,120037,AmazonHelp,1,False,delivery_order_status
18178,18174,@AmazonHelp Your customer service has reverted saying that apparently the package has been delivered and signed by receipt my yesterday. Not true.,Your customer service has reverted saying that apparently the package has been delivered and signed by receipt my yesterday. Not true.,18175,@120037 Sorry for the trouble with the delivery. Kindly drop in your details here: https://t.co/2nQ2CFxoWn and we'll work on it.^NS,Wed Nov 01 05:11:17 +0000 2017,120037,AmazonHelp,1,False,delivery_order_status
18178,18177,@115850 @AmazonHelp Does you app have a feedback option “product not delivered” ?,Does you app have a feedback option “product not delivered” ?,18176,@120037 Sorry for the hassle. Please report this to our support team here: https://t.co/vlvfJr4nN9 and we'll check this. ^HN,Tue Oct 31 15:48:59 +0000 2017,120037,AmazonHelp,1,False,delivery_order_status
18182,18182,@115850 Please reopen my account or share me the reason to close it. What information I have provided you wrong.,Please reopen my account or share me the reason to close it. What information I have provided you wrong.,18180,@120035 If an account is put on hold a correspondence is sent to the registered email id. Please check the same for more info. ^ZH,Wed Nov 01 05:12:38 +0000 2017,120035,AmazonHelp,1,False,other
18184,18184,@116316 hallo ich hätte eine Frage kann man Prime auch mit einem Gutschein bezahlen?,hallo ich hätte eine Frage kann man Prime auch mit einem Gutschein bezahlen?,18183,@120038 Geht leider nicht: https://t.co/0UscifxcLC Du kannst für Amazon Prime einen Bankeinzug oder eine Kreditkarte verwenden. ^DS,Wed Nov 01 01:02:01 +0000 2017,120038,AmazonHelp,1,False,other
18206,18187,"@AmazonHelp They have promised me that my cashback of INR 1500 will be received by 5th November, hope this doesn't repeat in future. Thanks #AmazonIndia","They have promised me that my cashback of INR 1500 will be received by 5th November, hope this doesn't repeat in future. Thanks #AmazonIndia",18189,"@120039 I get your concern, Abhilash. Cash back shall be processed as per the timelines shared with you. Rest assured. ^SV",Wed Nov 01 19:17:55 +0000 2017,120039,AmazonHelp,1,False,other
18206,18188,"@AmazonHelp I have submitted all the required details, please do the necessary else i'll have to go to consumer forum this time :(","I have submitted all the required details, please do the necessary else i'll have to go to consumer forum this time :(",18186,@120039 Thanks for sharing your details. We'll get in touch with you soon. ^AK,Wed Nov 01 05:09:25 +0000 2017,120039,AmazonHelp,1,False,other
18206,18190,"@AmazonHelp @115850  @120040
Even after your team's promise, I have not received my cashback of INR1500 before deadline given by them.","Even after your team's promise, I have not received my cashback of INR1500 before deadline given by them.",18191,@120039 Please reply to the email for further assistance on it. 2/2 ^RW,Sun Nov 05 03:55:02 +0000 2017,120039,AmazonHelp,2,False,other
18206,18193,"@AmazonHelp @115850 @120040 Wow this is great, now again i am getting mail that max eligible cashback is INR450. What the heck is wrong with Amazon support. @115850","Wow this is great, now again i am getting mail that max eligible cashback is INR450. What the heck is wrong with Amazon support.",18194,@120039 Kindly reply to the email that we've sent. We'll check this for you. ^SG,Sun Nov 05 12:42:22 +0000 2017,120039,AmazonHelp,1,False,other
18206,18195,"@AmazonHelp @115850 @120040 I have mailed 3-4 times after that but i am still getting the same standard email, exact same mail","I have mailed 3-4 times after that but i am still getting the same standard email, exact same mail",18196,@120039 You can add your insight by writing back to the e-mail sent by our team. We'll reply to the same. ^MP 2/2,Sun Nov 05 13:03:17 +0000 2017,120039,AmazonHelp,2,False,other
18206,18198,@AmazonHelp On 1st Nov your team agreed in mail for cashback of INR1500 and now someone else from your team is saying max INR450. This Is cheating.,On 1st Nov your team agreed in mail for cashback of INR1500 and now someone else from your team is saying max INR450. This Is cheating.,18200,@120039 Kindly reply to the email sent by us for further assistance on this issue. ^RI,Sun Nov 05 13:32:25 +0000 2017,120039,AmazonHelp,1,False,other
18206,18202,"@AmazonHelp #AmazonIndia ordered echo plus on 6th October, till now have not recieved any cashback. Now customer care is saying i am eligible for (1/2)","#AmazonIndia ordered echo plus on 6th October, till now have not recieved any cashback. Now customer care is saying i am eligible for (1/2)",18201,@120039 That's strange. Let me check this out for you. Please drop your details here: https://t.co/rgb8rZzIXD (1/2) ^VM,Wed Nov 01 04:21:27 +0000 2017,120039,AmazonHelp,1,False,device_digital_content
18206,18206,"#amazonindia Since when Amazon has started cheating its customers ?🤔
Feeling cheated as i ordered Amazon echo plus on 6th october.",#amazonindia Since when Amazon has started cheating its customers ?🤔 Feeling cheated as i ordered Amazon echo plus on 6th october.,18204,"@120039 That's quite a comment, Abhilash. Please elaborate your concern for us to assist you better. ^SV",Tue Oct 31 06:17:16 +0000 2017,120039,AmazonHelp,1,False,device_digital_content
18209,18209,@115850. Thanks Joyeeta(customer service) for AMAZON service. Didn't opted for faster delivery still got it when i emailed you its urgent.,. Thanks Joyeeta(customer service) for AMAZON service. Didn't opted for faster delivery still got it when i emailed you its urgent.,18208,@120041 We're glad the order was delivered ahead of schedule! We'll forward your kind words with the customer service associate. ^ZH,Wed Nov 01 05:10:10 +0000 2017,120041,AmazonHelp,1,False,delivery_order_status
18379,18379,何でかいつの間にか勝手にAmazonプライム会員になってて年会費まで引き落とされてた。。。寝ぼけてポチッちゃったのかな(˘•ω•˘ ).｡oஇｳｰﾝ...,何でかいつの間にか勝手にAmazonプライム会員になってて年会費まで引き落とされてた。。。寝ぼけてポチッちゃったのかな(˘•ω•˘ ).｡oஇｳｰﾝ...,18377,@120085 Amazonプライム無料体験をご利用ではありませんか？その場合、自動更新設定をオフにしていないと30日後に有料会員へ移行します。年会費請求時より特典未使用であれば、キャンセルと同時に返金いたします。 https://t.co/B5d8ID3epv  SM,Wed Nov 01 05:40:01 +0000 2017,120085,AmazonHelp,1,False,other
18405,18405,アマゾンで頼んだ商品が自宅にいないのに配達完了になった,アマゾンで頼んだ商品が自宅にいないのに配達完了になった,18403,@120090 ご心配をおかけしております。配達完了でも商品未着の場合、下記ヘルプの内容をご確認ください。https://t.co/aABELyb8qu  解決しない場合は、以下より当サイトへお問合せください。https://t.co/J6YEizo6qC  　SM,Wed Nov 01 05:31:56 +0000 2017,120090,AmazonHelp,1,True,other
18424,18424,また #詐欺 からショートメール来たよ。今度はアマゾンサポートセンター 0363847899 https://t.co/8OicafY1Pz,また #詐欺 からショートメール来たよ。今度はアマゾンサポートセンター 0363847899,18422,@120094 失礼いたします。ご存知かと存じますが、当サイトからSMSでメールをお送りすることはございません。アマゾンの名をかたるフィッシング行為が増えているようです。どうぞお気を付けくださいませ。https://t.co/k4jy2iTq1Y  SM,Wed Nov 01 05:03:17 +0000 2017,120094,AmazonHelp,1,False,other
18682,18682,@115821 My brother had a delivery driver give his XBOX 1 S he ordered to one of my neighbors yesterday. Not it is gone.,My brother had a delivery driver give his XBOX 1 S he ordered to one of my neighbors yesterday. Not it is gone.,18680,@120167 We'd like to look into options. Please contact us by phone or chat here: https://t.co/hApLpMlfHN ^RR,Wed Nov 01 05:46:53 +0000 2017,120167,AmazonHelp,1,False,delivery_order_status
18684,18684,"@115850 I ordered an Alexa and it's stuck in customs. @120169 sends me an email to upload the KYC. However, the link doesn't work. #Help","I ordered an Alexa and it's stuck in customs. sends me an email to upload the KYC. However, the link doesn't work. #Help",18683,@120168 here: https://t.co/vlvfJr4nN9 &amp; we'll help you. 2/2^AH,Wed Nov 01 05:41:02 +0000 2017,120168,AmazonHelp,2,False,device_digital_content
18687,18687,Looks like @115850 is experimenting with a new design. Experiencing flashes of it on my Safari.,Looks like is experimenting with a new design. Experiencing flashes of it on my Safari.,18686,@120170 I'm sorry but I'm unable to comprehend your issue. Can you please elaborate. ^SI,Wed Nov 01 05:50:48 +0000 2017,120170,AmazonHelp,1,False,other
18691,18689,@AmazonHelp What do you mean prices are ever changing? Is @115850 a stock exchange? And how can you charge more than MRP? Should I sue you?,What do you mean prices are ever changing? Is a stock exchange? And how can you charge more than MRP? Should I sue you?,18688,@120171 We'd like to have a look into this. Kindly report it here: https://t.co/2t6DQoUmNZ and our team will assist further. ^AB,Wed Nov 01 05:46:30 +0000 2017,120171,AmazonHelp,1,False,other
18691,18691,"@115850 This in unacceptable. You sell a book that has a MRP of Rs. 299 for Rs. 336 to me. Then, you drop the price to 302. https://t.co/Tut8jxM4vd","This in unacceptable. You sell a book that has a MRP of Rs. 299 for Rs. 336 to me. Then, you drop the price to 302.",18690,@120171 Pricing and offers are decision of the sellers. The constantly changing marketplace 1/2^HN,Tue Oct 31 17:31:10 +0000 2017,120171,AmazonHelp,1,False,service_complaint
18694,18694,"@115850 am not seeing any update on my order since Sunday , kindly advice if it's still on time ? https://t.co/RTqSMhgGeR","am not seeing any update on my order since Sunday , kindly advice if it's still on time ?",18693,"@120172 provide your order details, we consider it to be personal information. Our page is visible to the public. 2/2 ^SY",Wed Nov 01 05:44:18 +0000 2017,120172,AmazonHelp,2,False,delivery_order_status
18705,18697,@AmazonHelp U kindly refund the amount back .. I have sent back the product and I demand a refund for the same .never had such dissaponments wit amazon,U kindly refund the amount back .. I have sent back the product and I demand a refund for the same .never had such dissaponments wit amazon,18699,@120173 We've emailed a correspondence to you. Kindly check it here: https://t.co/8DAc10S7ww &amp; reply to it for further assistance.^SF,Thu Nov 02 03:16:48 +0000 2017,120173,AmazonHelp,1,False,refund_return
18705,18698,@AmazonHelp Have sent the prouduct back .. and after a month ur complaining that the product sent is wrong .. @AmazonHelp,Have sent the prouduct back .. and after a month ur complaining that the product sent is wrong ..,18696,"@120173 I'm sorry, we never intended this. Please reply to the email here: https://t.co/DTSNmGldJf and we'll get back to you. ^SI",Wed Nov 01 05:38:05 +0000 2017,120173,AmazonHelp,1,False,other
18705,18700,@AmazonHelp Do not make us helpless and kindly refund my amount ..,Do not make us helpless and kindly refund my amount ..,18701,@120173 We've already sent a correspondence to your registered email ID. Please check it and reply us with your concerns. ^SC,Sat Nov 04 02:57:36 +0000 2017,120173,AmazonHelp,1,False,refund_return
18705,18702,@AmazonHelp It says wrong product has sent .. refund cannot be given ... u kindly ask ur courier guy n confirm me what was given to him ..,It says wrong product has sent .. refund cannot be given ... u kindly ask ur courier guy n confirm me what was given to him ..,18703,@120173 Kindly reply to the email that we've sent. We'll investigate this further. ^SG,Sat Nov 04 12:58:46 +0000 2017,120173,AmazonHelp,1,False,refund_return
18705,18705,"@115850 @115821 @AmazonHelp Order no 408-9297978-3842763"".
Men's Polo (8907036565225_USTS1840_M_Apricot)"".#refund not recd..been 2 weeks","Order no 408-9297978-3842763"". Men's Polo (8907036565225_USTS1840_M_Apricot)"".#refund not recd..been 2 weeks",18704,"@120173 Please don't provide your order details, we consider it to be personal information. Our page is visible to public. (2/2)^RI",Mon Oct 30 13:47:14 +0000 2017,120173,AmazonHelp,1,False,refund_return
18709,18708,@AmazonHelp Also when will Amazon prime music be available for Indian users of Alexa?,Also when will Amazon prime music be available for Indian users of Alexa?,18710,"@120174 In order to stream music from Amazon Prime Music on the echo devices, the customer has to be an Amazon Prime member. 2/2^AR",Wed Nov 01 05:54:36 +0000 2017,120174,AmazonHelp,2,False,device_digital_content
18709,18709,@AmazonHelp why is Videos option missing in the skills for Alexa in India? Not able to connect my fire TV.,why is Videos option missing in the skills for Alexa in India? Not able to connect my fire TV.,18707,"@120174 This feature, as of now isn't available. It will soon be available. Kindly stay tuned! ^HR",Wed Nov 01 05:19:36 +0000 2017,120174,AmazonHelp,1,False,device_digital_content
18709,18712,@AmazonHelp How do I check if prime music is working on my echo device?,How do I check if prime music is working on my echo device?,18713,@120174 You can check this on Alexa app. ^SU,Wed Nov 01 16:13:44 +0000 2017,120174,AmazonHelp,1,False,other
18716,18715,@AmazonHelp I am assuming it's by Amazon since I chose Amazon global priority shipping. https://t.co/C9vq5RkuuV this is the link to the product page.,I am assuming it's by Amazon since I chose Amazon global priority shipping. this is the link to the product page.,18717,@120175 Please reach out to us by phone here: https://t.co/hApLpMlfHN ^RR,Wed Nov 01 05:52:19 +0000 2017,120175,AmazonHelp,1,False,delivery_order_status
18716,18716,@8078 @115821 I don't know who is at fault. I ordered an elgato hd60s but received an empty box. There are 5 others in same sitch https://t.co/XgYujaMC94,I don't know who is at fault. I ordered an elgato hd60s but received an empty box. There are 5 others in same sitch,18714,@120175 Oh no! I'm sorry your package arrived empty! Was this order shipped by Amazon or a third-party seller? ^QJ,Wed Nov 01 05:35:30 +0000 2017,120175,AmazonHelp,1,False,item_quality_issue
18716,18718,@AmazonHelp I contacted customer support by chat&amp;was told to wait for 72 hrs while investigating.:/ This has happened to others for over a week though,I contacted customer support by chat&amp;was told to wait for 72 hrs while investigating.:/ This has happened to others for over a week though,18719,"@120175 Have you heard back about the investigation, yet? Please let us know! ^LB",Thu Nov 02 12:40:36 +0000 2017,120175,AmazonHelp,1,False,service_complaint
18728,18728,"Hi @115821, this is the third day in a row that I have received this message, I know Texas is big but seriously how hard is it to deliver 2 car stickers? My Prime membership is feeling pretty laughable at this point. https://t.co/xV1Jybwfr0","Hi , this is the third day in a row that I have received this message, I know Texas is big but seriously how hard is it to deliver 2 car stickers? My Prime membership is feeling pretty laughable at this point.",18726,"@120177 I am sorry to hear that, Aletta. What notifications do you get on the previous days the order was meant to be delivered? ^SM",Wed Nov 22 15:05:29 +0000 2017,120177,AmazonHelp,1,False,prime_membership
18728,18729,@AmazonHelp  https://t.co/LzRfyE5m3q,,18730,@120177 Thanks for the information! Who is the carrier of the package? You can find that info here: https://t.co/Y5jpI9gRhE ^AD,Wed Nov 22 15:14:06 +0000 2017,120177,AmazonHelp,1,True,other
18728,18731,@AmazonHelp The carrier is USPS.,The carrier is USPS.,18732,"@120177 Thanks for confirming, Aletta! Please contact us here: https://t.co/233GuUIPkP either by phone or chat so that we can review at the order level. Over social media, we don't have the access needed. We'll be ready to help as soon as you contact. ^TM",Wed Nov 22 15:23:03 +0000 2017,120177,AmazonHelp,1,False,other
18894,18894,"@115850 Funny!Yesterday prime account activation was rs499 , today 999 with 500 cash back into amazon pay . Creepy offer for intense user https://t.co/b0DdLAmFoe","Funny!Yesterday prime account activation was rs499 , today 999 with 500 cash back into amazon pay . Creepy offer for intense user",18893,"@120224 Umm.. creepy, not sure. The offer was rolled out keeping in mind the benefit of our existing customers. Enjoy! ^AB",Wed Nov 01 05:53:21 +0000 2017,120224,AmazonHelp,1,False,other
18894,18895,"@115850 How it is beneficial , if I find my 500 gets stuck in Amazon pay balance account 😂😂😂","How it is beneficial , if I find my 500 gets stuck in Amazon pay balance account 😂😂😂",24574,@120224 Here's what you can do with Amazon pay balance: https://t.co/M86xtBfUFy. ^HK,Wed Nov 01 08:45:03 +0000 2017,120224,AmazonHelp,1,False,other
18904,18904,"Dear @115850  my order #407-7208892-2195534 is suppose to deliver by 31 Oct 2017...
Still not received...",Dear my order #407-7208892-2195534 is suppose to deliver by 31 Oct 2017... Still not received...,18903,@120226 I’m sorry about the issue you’re facing with delivery. Let us look into it. (1/3)^HR,Wed Nov 01 05:54:03 +0000 2017,120226,AmazonHelp,3,False,delivery_order_status
18965,18964,@AmazonHelp Then how should I reach you for assistance,Then how should I reach you for assistance,18966,"@120229 You have reached out to us by tweeting. As we cannot check your order details here, kindly connect with our support team. ^RW",Wed Nov 01 06:10:16 +0000 2017,120229,AmazonHelp,1,False,other
18965,18965,@115850 can you update me the status as its already 5 days over till date material not dispatched. https://t.co/wpcmD6WMhO,can you update me the status as its already 5 days over till date material not dispatched.,18963,"@120229 Please don't provide your order details, as we consider it to be personal information. Our Twitter page is public.​ ^RW",Wed Nov 01 06:06:53 +0000 2017,120229,AmazonHelp,2,False,delivery_order_status
18969,18969,"Can't change my new Email address with @115821 ! I'm repeatedly told: ""There was a problem with your Password"".... https://t.co/s4mcgxbdtP","Can't change my new Email address with ! I'm repeatedly told: ""There was a problem with your Password""....",18968,"@120230 Hey, did you try and change your password first? Do you have access to the email address associated with your account? ^AS",Wed Nov 01 05:56:51 +0000 2017,120230,AmazonHelp,1,False,account_access
18972,18971,@AmazonHelp @115833 What is 2nd Generation? I have Amazon Echo from US ? Not the Echo Dot.,What is 2nd Generation? I have Amazon Echo from US ? Not the Echo Dot.,18973,@120231 Please connect with us here: https://t.co/vlvfJr4nN9 over phone so we could explain you the difference. ^HK,Wed Nov 01 06:09:44 +0000 2017,120231,AmazonHelp,1,False,device_digital_content
18972,18972,"@115833 @AmazonHelp Will echo devices bought from US work in India, as ECHO has already been launched here ?","Will echo devices bought from US work in India, as ECHO has already been launched here ?",18970,@120231 The second generation echo will work in India. ^AK,Wed Nov 01 05:49:04 +0000 2017,120231,AmazonHelp,1,False,other
19109,19108,"@AmazonHelp Not Amazon customer service, that’s what’s down. Way down.","Not Amazon customer service, that’s what’s down. Way down.",19110,@120259 Sorry to hear that you feel this way. Please report it to an agent with access to your acc here: https://t.co/hApLpMlfHN.^JJ,Wed Nov 01 06:49:39 +0000 2017,120259,AmazonHelp,1,False,service_complaint
19191,19190,@AmazonHelp I’ve had one saying it will be late but no reason why,I’ve had one saying it will be late but no reason why,19192,@120262 Sorry to hear that. We'll be happy to look into that for you. Please reach out to us here: https://t.co/JzP7hlA23B ^RS,Wed Nov 01 07:23:34 +0000 2017,120262,AmazonHelp,1,False,other
19191,19191,@AmazonHelp is my parcel lost in transit I’ve never experienced a delay with delivery from you!! https://t.co/DJ4tGuR94P,is my parcel lost in transit I’ve never experienced a delay with delivery from you!!,19189,"@120262 Hi, sorry to hear that, delays happen for unforeseen reasons, were you emailed with a reason for the delay?^AS",Wed Nov 01 06:01:43 +0000 2017,120262,AmazonHelp,1,False,delivery_order_status
19209,19198,@AmazonHelp filled once already...,filled once already...,19200,@120264 Request you to reply to the email correspondence which we have sent to your registered email id. We'll look into it. ^SB,Wed Nov 01 06:22:40 +0000 2017,120264,AmazonHelp,1,False,other
19209,19199,@AmazonHelp problem not resolved yet...high time now,problem not resolved yet...high time now,19197,@120264 Please fill in your details using the link: https://t.co/JzRdscmdH9 and I'll get in touch with you soon. ^AK (2/2),Wed Nov 01 06:06:33 +0000 2017,120264,AmazonHelp,2,False,service_complaint
19209,19201,@AmazonHelp no email received...wic email you sent it on,no email received...wic email you sent it on,19202,@120264 Kindly check the mailbox of you registered email id. You'll find an email correspondence from us. ^ZH,Wed Nov 01 06:40:56 +0000 2017,120264,AmazonHelp,1,False,other
19209,19205,@AmazonHelp pl do...i am already fed up with the service...considering returning the order.,pl do...i am already fed up with the service...considering returning the order.,19204,@120264 I can understand it would be worrisome. Please be assured we'll contact you at the earliest. ^SC,Fri Oct 27 06:46:19 +0000 2017,120264,AmazonHelp,1,False,delivery_order_status
19209,19207,@AmazonHelp details shared,details shared,19206,@120264 We've received your details and we'll get back to you soon. ^PS,Fri Oct 27 06:39:47 +0000 2017,120264,AmazonHelp,1,False,other
19209,19209,"@115850  ordered #Redmi4 OrderId 407-0938237-9516324.. not yet delivrd
pathetic service from #Amazon",ordered #Redmi4 OrderId 407-0938237-9516324.. not yet delivrd pathetic service from #Amazon,19208,@120264 I'd like to take a closer look into it. Please fill in this form: https://t.co/GIJyeYqKE0 and I'll revert shortly. 1/2 ^AB,Fri Oct 27 05:15:35 +0000 2017,120264,AmazonHelp,1,False,service_complaint
19212,19212,@118919,,19211,"@120265 Hi, how can we help you today? ^HK",Wed Nov 01 06:05:06 +0000 2017,120265,AmazonHelp,1,True,other
19214,19214,"Can't change my new Email address with @115821 ! I'm repeatedly told: ""There was a problem with your Password""","Can't change my new Email address with ! I'm repeatedly told: ""There was a problem with your Password""",19213,"@120230 Hi, sorry to hear that you're having trouble logging in. Please contact us here:https://t.co/jzvkhdlrK5 to look into this.^JJ",Wed Nov 01 06:03:16 +0000 2017,120230,AmazonHelp,1,True,account_access
19216,19216,@115850 you don't care about the time of non prime customers !! Really sad to see the bad delivery of Amazon! Still waiting for delivery.,you don't care about the time of non prime customers !! Really sad to see the bad delivery of Amazon! Still waiting for delivery.,19215,"@120266 Please don't provide your order details, we consider it personal information. Our Twitter page is visible to public. ^AK (3/3)",Wed Nov 01 06:05:05 +0000 2017,120266,AmazonHelp,3,False,delivery_order_status
19428,19427,@AmazonHelp No use from your link or Amazon app support call or chat. Please see the order details.just telling us to wait.Not updating the status also. https://t.co/Uwp0eOu6Ia,No use from your link or Amazon app support call or chat. Please see the order details.just telling us to wait.Not updating the status also.,19429,"@120315 Please don't provide your order details, we consider it personal information. Our Twitter page is visible to public. (2/2) ^ZH",Wed Nov 01 06:46:44 +0000 2017,120315,AmazonHelp,2,False,delivery_order_status
19428,19428,"@115821 @115850 How can you keep the item status as delivered without reaching us, and telling us to wait for it?","How can you keep the item status as delivered without reaching us, and telling us to wait for it?",19426,@120315 I'm sorry for the incorrect tracking update. Kindly reach out to us here: https://t.co/vlvfJr4nN9 and we will fix this for you. ^AH,Wed Nov 01 06:37:28 +0000 2017,120315,AmazonHelp,1,False,delivery_order_status
19428,19431,@AmazonHelp Anyway you are redirecting the above link to your customer support..What is the use of it?? Same reply from them...,Anyway you are redirecting the above link to your customer support..What is the use of it?? Same reply from them...,19432,"@120315 Filling in your details wouldn't lead you to our support team, Uday. Please do the same, we'll reach out to you personally. ^JC",Wed Nov 01 09:25:14 +0000 2017,120315,AmazonHelp,1,False,service_complaint
19439,19434,@AmazonHelp Daily same msg coming but do not delivered,Daily same msg coming but do not delivered,19436,@120316 we have missed on the estimated delivery date? 2/2 ^SB,Wed Nov 01 06:44:04 +0000 2017,120316,AmazonHelp,2,False,delivery_order_status
19439,19435,"@AmazonHelp Arriving Today: Your package with Dell KM117 Wireless Keyboard Mouse is out for delivery.Amt: Rs.1,399. https://t.co/JuXkvDFU1Q","Arriving Today: Your package with Dell KM117 Wireless Keyboard Mouse is out for delivery.Amt: Rs.1,399.",19433,"@120316 When the product is out for delivery, it will be delivered before 8 pm. Kindly wait until then. Do keep us posted. ^AK",Wed Nov 01 06:31:11 +0000 2017,120316,AmazonHelp,1,False,delivery_order_status
19439,19439,@115821 Today my product delivery but delivery boy is not coming Arriving early: Dell KM117 Wireless Keyboard Mouse will be delivered by Amz,Today my product delivery but delivery boy is not coming Arriving early: Dell KM117 Wireless Keyboard Mouse will be delivered by Amz,19438,@120316 What does the latest tracking update state on your order? ^HK,Mon Oct 30 10:58:57 +0000 2017,120316,AmazonHelp,1,False,delivery_order_status
19462,19461,@AmazonHelp I did it already~,I did it already~,19463,"@120322 W/o posting personal info, what is the issue with the orders? What was advised when you contacted? ^PK",Wed Nov 01 07:00:27 +0000 2017,120322,AmazonHelp,1,False,other
19462,19462,@AmazonHelp 6 order: 113-2039762-2382613、113-2511164-7606668、113-7544238-7484225、114-5454499-3702646、114-9012608-0575407、114-9109336-9221053,6 order: 113-2039762-2382613、113-2511164-7606668、113-7544238-7484225、114-5454499-3702646、114-9012608-0575407、114-9109336-9221053,19460,"@120322 Hi, please don't share order numbers here as this page is public. Please contact us; https://t.co/hApLpMlfHN to look into this. ^JJ",Wed Nov 01 06:32:04 +0000 2017,120322,AmazonHelp,1,False,other
19462,19464,"@AmazonHelp Scam, just scam, sellers don't send out my products~ 6 orders. so bad~","Scam, just scam, sellers don't send out my products~ 6 orders. so bad~",19465,@120322 I'm sorry to hear that. What were you advised when you contacted us by phone/chat? ^DC,Wed Nov 01 07:36:24 +0000 2017,120322,AmazonHelp,1,False,seller_marketplace
19469,19468,@AmazonHelp .com,.com,19470,"@120322 Apologies, have you looked into filling an A-Z Claim: https://t.co/OgRmc6aXUX? ^JJ",Wed Nov 01 06:42:06 +0000 2017,120322,AmazonHelp,1,False,other
19469,19469,"@AmazonHelp I was scammed. 6 orders, all sellers are gone and nothing send to me, how could I do now? how to stop my prime membership?","I was scammed. 6 orders, all sellers are gone and nothing send to me, how could I do now? how to stop my prime membership?",19467,"@120322 sorry to hear that, from what Amazon marketplace were you shopping from? .com, .co.uk, .es etc? ^AS",Wed Nov 01 06:28:33 +0000 2017,120322,AmazonHelp,1,False,prime_membership
19469,19471,@AmazonHelp I can't find File/View Claim.,I can't find File/View Claim.,19472,@120322 Hi please contact us here: https://t.co/R55eEQwSEs and a specialist will look into it for you. ^AS,Wed Nov 01 06:59:49 +0000 2017,120322,AmazonHelp,1,False,other
19475,19475,@AmazonHelp HorrbleService👿Booked #Redmi4 on 16.10.17.  Neither phn recd nor refnd. complnt alrdy made.  No response at all. Fed up wd amzon,HorrbleService👿Booked #Redmi4 on 16.10.17. Neither phn recd nor refnd. complnt alrdy made. No response at all. Fed up wd amzon,19474,@120323 I'm sorry for the trouble with your order. Have you reached out to our support team from here: https://t.co/2t6DQoUmNZ? ^RW,Wed Nov 01 06:24:08 +0000 2017,120323,AmazonHelp,1,False,service_complaint
19477,19477,"@115821 broke family&amp; friends trust.Ordered a product month ago,return/refund requested on same month, but still waiting for pickup &amp; refund https://t.co/noCu65cIeB","broke family&amp; friends trust.Ordered a product month ago,return/refund requested on same month, but still waiting for pickup &amp; refund",19476,@120324 as possible. Kindly drop your details here: https://t.co/Bt7pD1u7yO and I'll get back to you. 2/2 ^SH,Wed Nov 01 06:17:28 +0000 2017,120324,AmazonHelp,2,False,refund_return
19477,19479,@AmazonHelp I wuld lyk 2 knw jus 1 simpl&amp; straight answer. Hw mny times u ppl wl ask d same qstn again&amp;again.Coz m juss sick of answring over&amp;over again,I wuld lyk 2 knw jus 1 simpl&amp; straight answer. Hw mny times u ppl wl ask d same qstn again&amp;again.Coz m juss sick of answring over&amp;over again,19480,@120324 We don't have access to your account over Twitter. Please share your details in the link and we'll be sure to help you. ^ZH,Wed Nov 01 06:44:08 +0000 2017,120324,AmazonHelp,1,False,other
19477,19481,@AmazonHelp sent twice. Ask me if something else you need.,sent twice. Ask me if something else you need.,19482,@120324 I appreciate your understanding in this regard. We've received your details and we'll get back to you at the earliest. ^SC,Wed Nov 01 07:08:15 +0000 2017,120324,AmazonHelp,1,False,other
19485,19484,@AmazonHelp I have reported the same..Hoping for a genuine product in perfect condition to be delivered now.,I have reported the same..Hoping for a genuine product in perfect condition to be delivered now.,19486,"@120325 In that case, please fill out this form: https://t.co/GIJyeYqKE0 and we'll look into this for you. ^AM",Wed Nov 01 10:01:08 +0000 2017,120325,AmazonHelp,1,False,delivery_order_status
19485,19485,"@115821 @115850 I have received the product in damaged condition, it's tempered from outside though material was not spilling.","I have received the product in damaged condition, it's tempered from outside though material was not spilling.",19483,@120325 Apologies for the inconvenience. Have you tried reporting this to our support team here: https://t.co/2t6DQoUmNZ ? ^AB,Wed Nov 01 06:13:14 +0000 2017,120325,AmazonHelp,1,False,item_quality_issue
20024,20024,@115850  order no. 408-9844239-0335528 bed side table is not delivered till now.,order no. 408-9844239-0335528 bed side table is not delivered till now.,20023,"@120402 Please don't provide your order details, we consider it personal information. Our Twitter page is visible to public. ^ZH",Wed Nov 01 06:50:46 +0000 2017,120402,AmazonHelp,2,False,delivery_order_status
20028,20028,Nothing like paying @115821 for prime to get free quick shipping to be told the one thing I order per 6 months won't be on time lol,Nothing like paying for prime to get free quick shipping to be told the one thing I order per 6 months won't be on time lol,20026,@120403 Sorry to hear this. Has any reason been given for the delay? ^KM,Wed Nov 01 06:46:09 +0000 2017,120403,AmazonHelp,1,False,delivery_order_status
20028,20029,@AmazonHelp Update was sent at 930 pm. Ggs,Update was sent at 930 pm. Ggs,20030,@120403 Please reach out to us directly here: https://t.co/hApLpMlfHN and we can look into this further. ^PK,Wed Nov 01 07:00:38 +0000 2017,120403,AmazonHelp,1,False,other
20034,20032,@AmazonHelp Thank u.......done,Thank u.......done,20031,@120404 You're most welcome. Thanks for keeping us posted. ^AB,Wed Nov 01 06:53:01 +0000 2017,120404,AmazonHelp,1,False,other
20034,20034,@AmazonHelp how do i delete my old credit cards from the list,how do i delete my old credit cards from the list,20033,@120404 please check this link here: https://t.co/nGMwhpjmNo (2/2) ^KA,Wed Nov 01 06:36:29 +0000 2017,120404,AmazonHelp,2,False,payment_billing
20037,20037,"I must say, I see why @115821 is the #1 Company in the world. They are so courteous. So compliant. So helpful.... https://t.co/d645vzyNjy","I must say, I see why is the #1 Company in the world. They are so courteous. So compliant. So helpful....",20036,@120230 Thanks Bill. I hope you get your issue sorted soon. ^KM,Wed Nov 01 06:44:51 +0000 2017,120230,AmazonHelp,1,False,other
20043,20043,@115850  order no #408-984423-033528 need sS,order no #408-984423-033528 need sS,20042,@120402 We'd like to help you with your query. Kindly contact our support team here: https://t.co/vlvfJrlYEH. (1/2) ^ZH,Wed Nov 01 06:46:07 +0000 2017,120402,AmazonHelp,2,False,delivery_order_status
20046,20046,@115850 missed to buy the cheaper #amazonprime . Please help :),missed to buy the cheaper #amazonprime . Please help :),20045,@120405 Prime membership was being offered at an introductory price of Rs. 499 per year. Since the promotion has 1/2 ^SH,Wed Nov 01 06:31:01 +0000 2017,120405,AmazonHelp,2,False,other
20052,20051,@AmazonHelp Amazon has encountered an error. Please try again shortly. This message appears every time I attempt to change my default list for days now.,Amazon has encountered an error. Please try again shortly. This message appears every time I attempt to change my default list for days now.,20053,@120407 My apologies Christopher. Have you tried from a non mobile device? ^DC,Wed Nov 01 06:58:33 +0000 2017,120407,AmazonHelp,1,False,other
20052,20052,@AmazonHelp cannot change default wishlist in any app or browser regardless of mobile device. log out/in does not fix. Error message. Advise,cannot change default wishlist in any app or browser regardless of mobile device. log out/in does not fix. Error message. Advise,20050,@120407 Sorry to hear that. What error message are you getting? ^RS,Wed Nov 01 06:36:44 +0000 2017,120407,AmazonHelp,1,False,other
20418,20418,"I’m trying to order a Fire HD Kids tablet from @115821 but I can’t seem to find any region that ships to Denmark. Not UK, DE or US 😞","I’m trying to order a Fire HD Kids tablet from but I can’t seem to find any region that ships to Denmark. Not UK, DE or US 😞",20417,"@120461 Hey, US should ship to Denmark, are you getting an error message? ^AS",Wed Nov 01 06:56:44 +0000 2017,120461,AmazonHelp,1,False,other
20421,20421,@115850 amazon stick from https://t.co/cvJQ06p7ve is authorized seller?,amazon stick from is authorized seller?,20419,@120462 You can find the list of authorized seller's here: https://t.co/JotO6OLmGA ^SH,Wed Nov 01 06:56:22 +0000 2017,120462,AmazonHelp,1,False,seller_marketplace
20423,20423,@AmazonHelp are brighton tickets available today for the morrissey presale? they aren’t on the website and i got worried,are brighton tickets available today for the morrissey presale? they aren’t on the website and i got worried,20422,"@120463 Pls reach out here so we can check this for you 
https://t.co/lnp3A1Qpxe ^KM",Wed Nov 01 06:50:18 +0000 2017,120463,AmazonHelp,1,False,other
20431,20431,@AmazonHelp When will Madam Secretary S4 will be available on Amazon Prime Video India?,When will Madam Secretary S4 will be available on Amazon Prime Video India?,20430,"@120466 Currently, we do not have an update on this. Please stay tuned. ^HK",Wed Nov 01 06:36:42 +0000 2017,120466,AmazonHelp,1,False,device_digital_content
20434,20433,@AmazonHelp That I do daily. Can't the request be prioritized?,That I do daily. Can't the request be prioritized?,20435,"@120467 As informed earlier, we will forward your request. However, I request you to wait for it. (2/2)^HR",Wed Nov 01 07:20:30 +0000 2017,120467,AmazonHelp,2,False,other
20434,20434,"@115850 Want to try Amazon Echo Dot, have requested an invite. Invite bhej do yaar!!","Want to try Amazon Echo Dot, have requested an invite. Invite bhej do yaar!!",20432,"@120467 We send a limited number of invitations each week to customers, so keep an eye on your inbox. ^ZH",Wed Nov 01 06:58:57 +0000 2017,120467,AmazonHelp,1,False,device_digital_content
15288,20471,@AmazonHelp You talked about the Gati courier about our order,You talked about the Gati courier about our order,20472,@119355 May I please know if you have filled your details through the link provided earlier? ^SH,Thu Nov 02 10:02:48 +0000 2017,119355,AmazonHelp,1,False,delivery_order_status
20475,20475,Man @115828 has become the most inept release day delivery service out there. What happened? You used to be the industry leader.,Man has become the most inept release day delivery service out there. What happened? You used to be the industry leader.,20474,@120470 Sorry to hear this. Has any reason been given for the delay? ^KM,Wed Nov 01 06:48:20 +0000 2017,120470,AmazonHelp,1,False,delivery_order_status
20479,20479,Hey @115850 any plans of restocking @120473 DVDs ? #ImpracticalJokers,Hey any plans of restocking DVDs ? #ImpracticalJokers,20478,@120472 We haven't announced any updates regarding this. Please stay tuned. ^SH,Wed Nov 01 06:35:17 +0000 2017,120472,AmazonHelp,1,False,other
20482,20481,@AmazonHelp i have :),i have :),20483,"@120463 ok, and were you given some information? ^AS",Wed Nov 01 07:11:51 +0000 2017,120463,AmazonHelp,1,False,other
20482,20482,@120474 why isn’t the brighton morrissey date on the presale website?,why isn’t the brighton morrissey date on the presale website?,20480,@120463 Pls reach out here so we can check this for you https://t.co/M1i6lqXZWY  ^KM,Wed Nov 01 06:48:19 +0000 2017,120463,AmazonHelp,1,False,other
20486,20485,@AmazonHelp I already talked to your customer care. They are saying kindle prime reading is only available for US residents. I am asking why?,I already talked to your customer care. They are saying kindle prime reading is only available for US residents. I am asking why?,20487,@120475 I have forwarded your comment as a feedback internally for a review. Appreciate your understanding. (3/3) ^SI,Wed Nov 01 07:05:45 +0000 2017,120475,AmazonHelp,3,False,device_digital_content
20486,20486,@AmazonHelp Why Amazon.in prime members are not allowed to access kindle prime reading section? @117634 @115850 @115821,Why Amazon.in prime members are not allowed to access kindle prime reading section?,20484,@120475 Please connect with us here: https://t.co/vlvfJr4nN9 and we'll help you with this. ^HK,Wed Nov 01 06:32:20 +0000 2017,120475,AmazonHelp,1,False,device_digital_content
20492,20492,@115850 Does cash load work with @1384 orders?,Does cash load work with orders?,20490,"@120476 The cash load feature isn't available with Amazon Now orders currently, Jigar.",Wed Nov 01 06:35:20 +0000 2017,120476,AmazonHelp,1,False,other
20735,20734,"@120533 @120534 J'ai demandé le remboursement @120533
Coucou @120535 plus la peine de vous pointer (si un jour vous pensiez vraiment livrer)",J'ai demandé le remboursement Coucou plus la peine de vous pointer (si un jour vous pensiez vraiment livrer),20733,"@120532 Je vous renouvelle mes excuses. j'espère que le problème a été résolu.
^YL",Wed Nov 01 07:20:52 +0000 2017,120532,AmazonHelp,1,False,other
20748,20747,@AmazonHelp non ancora: qual'è il modo migliore per segnalarvi i disservizi di Bartolini? Grazie!,non ancora: qual'è il modo migliore per segnalarvi i disservizi di Bartolini? Grazie!,20749,@120539 Puoi contattare tramite questo link: https://t.co/1L0CKp38Aw. A presto! ^CS,Wed Nov 01 07:49:20 +0000 2017,120539,AmazonHelp,1,False,other
20748,20748,"L'ordine @120540 è diviso in 5 pacchi con corrieri diversi, l'unico disperso è Bartolini. Fate una cosa buona, evitate BRT, sempre.","L'ordine è diviso in 5 pacchi con corrieri diversi, l'unico disperso è Bartolini. Fate una cosa buona, evitate BRT, sempre.",20746,"@120539 Mi spiace, hai segnalato l'accaduto al nostro Servizio Clienti? ^GA",Wed Nov 01 07:15:20 +0000 2017,120539,AmazonHelp,1,False,other
20754,20753,@AmazonHelp Well my country is selected as India and my language is English (UK) and when I go to skills I get this: https://t.co/ydfxKirxDn,Well my country is selected as India and my language is English (UK) and when I go to skills I get this:,20755,@120541 Please get in touch with us via https://t.co/TxK11znixD and we'll check this out. ^AM,Wed Nov 01 13:11:53 +0000 2017,120541,AmazonHelp,1,False,other
20754,20754,"So Echo Dot in India only has skills if you necessarily use the English (India) language option, any update to fix that @115821?","So Echo Dot in India only has skills if you necessarily use the English (India) language option, any update to fix that ?",20752,"@120541 a degraded experience. So for the best experience, you need both PFM India and language English India. (3/3) ^VM",Wed Nov 01 06:38:12 +0000 2017,120541,AmazonHelp,3,False,device_digital_content
20764,20760,@AmazonHelp Did not arrive. Please could you confirm which day it is. https://t.co/3NEPf3QAyG,Did not arrive. Please could you confirm which day it is.,20759,"@120542 You should receive it today or tomorrow according to the tracking information, unfortunately I can't look into it further here ^AS",Wed Nov 01 07:11:27 +0000 2017,120542,AmazonHelp,1,False,delivery_order_status
20764,20762,@AmazonHelp Arriving today. That's all it's said since this morning. My mum is waiting in as is still waiting. Just a rough time frame would be kind,Arriving today. That's all it's said since this morning. My mum is waiting in as is still waiting. Just a rough time frame would be kind,20761,@120542 I understand. Parcels can be delivered up to 21:00. Please let us know if the order does not arrive by that time. ^AL,Tue Oct 31 16:11:10 +0000 2017,120542,AmazonHelp,1,False,other
20764,20764,@115830 can you let me know the status of parcel #Q40724393184. Thank you x,can you let me know the status of parcel #Q40724393184. Thank you x,20763,@120542 I'm so sorry! We don't have access to order information via Twitter. What does the tracking show here? https://t.co/aaDyEz1VgE ^TK,Tue Oct 31 15:51:37 +0000 2017,120542,AmazonHelp,1,False,delivery_order_status
21035,21035,Today a amazon delivery boy shouted on me to not hve change of 1390 ..very shameful how the behave with customer @115821.com,Today a amazon delivery boy shouted on me to not hve change of 1390 ..very shameful how the behave with customer .com,21034,@120610 Apologies. That's certainly unexpected. Kindly report it here: https://t.co/2t6DQoUmNZ and our team will look into it. ^AB,Wed Nov 01 07:07:16 +0000 2017,120610,AmazonHelp,1,False,delivery_order_status
21041,21037,"@AmazonHelp oui c'est dommage j'en avais absolument besoin aujourdhui, Chronopost ou UPS l'aurait laissé chez le voisin ou dans un commerce de proximité","oui c'est dommage j'en avais absolument besoin aujourdhui, Chronopost ou UPS l'aurait laissé chez le voisin ou dans un commerce de proximité",21039,"@120611 J'en suis navrée. En effet, certains transporteurs effectuent une nouvelle livraison à domicile et la poste en fait partie.",Wed Nov 01 07:43:19 +0000 2017,120611,AmazonHelp,1,False,other
21041,21038,@AmazonHelp Malheureusement non !,Malheureusement non !,21036,@120611 Vous pouvez contacter la poste afin de demander une relivraison ou un dépôt en bureau de poste. ^ARC,Wed Nov 01 07:38:15 +0000 2017,120611,AmazonHelp,1,False,other
21041,21041,Bonjour @120533 ! C’est fâcheux de prendre La Poste pour les livraisons expresses la veille des jours fériés... https://t.co/aULnltgh5W,Bonjour ! C’est fâcheux de prendre La Poste pour les livraisons expresses la veille des jours fériés...,21040,"@120611 Bonjour Guillaume, je suis désolé pour cela. Etiez-vous présent lors du passage du livreur? ^ARC",Wed Nov 01 07:32:51 +0000 2017,120611,AmazonHelp,1,False,other
21079,21078,"@AmazonHelp And he left it on the doorstep anyway, after creating merry hell","And he left it on the doorstep anyway, after creating merry hell",21080,@120614 Please reach out to us directly here: https://t.co/JzP7hlA23B and we can look into this. ^PK,Thu Nov 02 08:11:11 +0000 2017,120614,AmazonHelp,1,False,other
21079,21079,"@AmazonHelp , as @115830 haven’t replied, could you? https://t.co/HZhcbSKhWv",", as haven’t replied, could you?",21076,"@120614 Hi, apologies. Carriers should not follow handwritten delivery notes. You can set them on your acc: https://t.co/aLmiGBTlSk. ^JJ",Wed Nov 01 07:28:36 +0000 2017,120614,AmazonHelp,1,False,other
21082,21082,@115850 I hv ord BB Q5 in Sept mth but recd BBQ10 which picked on 7th Oct but still not recd refund after follow up #Amazon  #Cheater https://t.co/f0mfVylfuG,I hv ord BB Q5 in Sept mth but recd BBQ10 which picked on 7th Oct but still not recd refund after follow up #Amazon #Cheater,21081,@120615 Our Twitter page is visible to public. 3/3 ^SB,Wed Nov 01 07:22:51 +0000 2017,120615,AmazonHelp,3,False,refund_return
21086,21086,"Thanks @115821 for your ""Same Day Delivery""!! It's not like I was hoping to get my order on my day off or anything. #AMZLFail https://t.co/ewUKuXuRzh","Thanks for your ""Same Day Delivery""!! It's not like I was hoping to get my order on my day off or anything. #AMZLFail",21085,"@120616 sorry to hear that, sometimes delays happen for unforeseen reasons. ^AS",Wed Nov 01 07:27:10 +0000 2017,120616,AmazonHelp,1,False,delivery_order_status
21088,21088,"@116313 送料を顧客が払えるオプションつけてくれません？",送料を顧客が払えるオプションつけてくれません？,21087,"@120617 あゆむん。さま、通常配送でご注文金額が2,000円(税込)以上に満たない場合、配送料をご請求させていただいております。配送について詳しくはこちらをご参照ください。https://t.co/0DMnosZ9xU ET",Wed Nov 01 07:26:08 +0000 2017,120617,AmazonHelp,1,True,other
21090,21090,@AmazonHelp  emailing to enquiremorrissey tickets as they go on sale today from 10.00 but No brighton date has come up as it is advertised.,emailing to enquiremorrissey tickets as they go on sale today from 10.00 but No brighton date has come up as it is advertised.,21089,"@120618 Hi, please request a call here: https://t.co/dcJUFiqj5v to look into this. ^JJ",Wed Nov 01 07:23:33 +0000 2017,120618,AmazonHelp,1,False,other
21093,21092,@AmazonHelp Order placed 30/10 with stated prime delivery of 31/10. At 7.30pm informed delayed allow further 2 days! Not 1st time prime has failed!!,Order placed 30/10 with stated prime delivery of 31/10. At 7.30pm informed delayed allow further 2 days! Not 1st time prime has failed!!,21094,"@120619 sorry to hear that, delays can happen sometimes for unforeseen reasons, its not what we want you to experience. ^AS",Wed Nov 01 08:01:08 +0000 2017,120619,AmazonHelp,1,False,delivery_order_status
21093,21093,"Bad service &amp; no reply! Why do Amazon make it so hard to get in touch! Delivery due yesterday as paid for, not in 2 more days! @AmazonHelp https://t.co/dx43TTZIQK","Bad service &amp; no reply! Why do Amazon make it so hard to get in touch! Delivery due yesterday as paid for, not in 2 more days!",21091,@120619 My apologies Frances. What was the expected delivery date given at the time the order was placed? ^DC,Wed Nov 01 07:19:23 +0000 2017,120619,AmazonHelp,2,False,delivery_order_status
21100,21099,@AmazonHelp I have the parcel now but my point is that I’m paying a monthly fee for a service that I’m not getting the benefit of,I have the parcel now but my point is that I’m paying a monthly fee for a service that I’m not getting the benefit of,21101,"@120620 Sorry, did you report the delay to us: https://t.co/JzP7hlA23B? Here's a list of all Prime benefits: https://t.co/1F8zzRxUMC!^JJ",Wed Nov 01 07:45:14 +0000 2017,120620,AmazonHelp,1,False,delivery_order_status
21100,21100,@AmazonHelp I assumed your previous question meant you were going to do something...? https://t.co/Ry03t6eDaK,I assumed your previous question meant you were going to do something...?,21098,@120620 I'm afraid we can't access order/account info here. What does the new update indicate? ^DC,Wed Nov 01 07:18:33 +0000 2017,120620,AmazonHelp,1,False,other
21403,21391,@AmazonHelp P.s hat funktioniert mit dem Konto aufladen!,P.s hat funktioniert mit dem Konto aufladen!,21394,"@120682 Super, das freut mich! Gib aber nicht gleich alles auf einmal aus 😉 ^DW",Wed Nov 01 08:18:45 +0000 2017,120682,AmazonHelp,1,False,other
21403,21392,@AmazonHelp Ich werd es mal versuchen! Danke für die schnelle und gute Hilfe! Noch ein schönen Feiertag! ❤😁,Ich werd es mal versuchen! Danke für die schnelle und gute Hilfe! Noch ein schönen Feiertag! ❤😁,21400,@120682 Danke! Wir wünschen dir natürlich auch noch einen schönen Feiertag 🙂 ^DS,Wed Nov 01 08:14:32 +0000 2017,120682,AmazonHelp,1,False,other
21403,21393,"@AmazonHelp Würde das funktionieren, wenn ich mein Konto auflade? Da gibts ja diese Funktion in der App. Dann müsste ich nicht los und einen holen. 😅","Würde das funktionieren, wenn ich mein Konto auflade? Da gibts ja diese Funktion in der App. Dann müsste ich nicht los und einen holen. 😅",21390,"@120682 Dann wird die Zahlungsart nochmal geprüft. Du kannst es gerne versuchen, aber ob es klappt kann ich dir nicht versprechen. ^AN",Wed Nov 01 07:55:06 +0000 2017,120682,AmazonHelp,1,False,other
21403,21395,@AmazonHelp Zu spät. 🙈😂,Zu spät. 🙈😂,21396,@120682 Ich beschwer mich da jetzt mal nicht drüber 🤣 ^AN,Wed Nov 01 08:22:35 +0000 2017,120682,AmazonHelp,1,False,other
21403,21397,"@AmazonHelp 😂😂😂 Wie gesagt euch ein schönen restlichen Feiertag, auch wenn ich Supportet (nennt man das so?) 😂","😂😂😂 Wie gesagt euch ein schönen restlichen Feiertag, auch wenn ich Supportet (nennt man das so?) 😂",21398,"@120682 Danke, dir auch. Wir supporten dann mal fleißig weiter 😄 ^AN",Wed Nov 01 08:38:10 +0000 2017,120682,AmazonHelp,1,False,other
21403,21402,"@AmazonHelp Ist aber nur bei dem Produkt, bei anderen funktioniert es. Ne Idee was ich machen kann? 2/2","Ist aber nur bei dem Produkt, bei anderen funktioniert es. Ne Idee was ich machen kann? 2/2",21401,"@120682 Wenn der Bankeinzug abgelehnt wurde, bleibt leider nur die Möglichkeit mit Kreditkarte oder Gutscheinen zu zahlen. ^AN",Wed Nov 01 07:50:50 +0000 2017,120682,AmazonHelp,1,False,other
21405,21405,Hey @115821 if you are going to drop wiper blades from S&amp;S maybe make sure the ones you suggest as a replacement fit my vehicle? https://t.co/dp8pfho8Iv,Hey if you are going to drop wiper blades from S&amp;S maybe make sure the ones you suggest as a replacement fit my vehicle?,21404,@120683 Sorry about this. Thanks for the feedback. ^KM,Wed Nov 01 07:52:36 +0000 2017,120683,AmazonHelp,1,False,refund_return
21408,21407,@AmazonHelp I received product with torn package with clear damage however small though. Proper care was not taken while delivering. And now if I replace product it will take 5-7 days atleast which I can not afford. I have no option but to keep it and suffer due to bad practise in delivery.,I received product with torn package with clear damage however small though. Proper care was not taken while delivering. And now if I replace product it will take 5-7 days atleast which I can not afford. I have no option but to keep it and suffer due to bad practise in delivery.,21409,"@120684 Sorry to know you received a damaged product, we certainly did not expect this to happen. 1/2 ^PS",Sat Nov 04 02:50:39 +0000 2017,120684,AmazonHelp,2,False,delivery_order_status
21408,21408,@115821 My package has this damage at reception. https://t.co/wV1FoIw6UO,My package has this damage at reception.,21406,@120684 I'm sorry that you have received a damaged product. Please report this to our support team here: https://t.co/rS49hgaADF ^VH,Wed Nov 01 07:42:02 +0000 2017,120684,AmazonHelp,1,False,delivery_order_status
21408,21411,@AmazonHelp I have clearly mentioned that I need the book for studies in next few days atleast. So I can not afford to return. And rather what solution I got from you is return of that order which I could have done anyway. I want different solution so I contacted you.,I have clearly mentioned that I need the book for studies in next few days atleast. So I can not afford to return. And rather what solution I got from you is return of that order which I could have done anyway. I want different solution so I contacted you.,21412,@120684 Kindly make a request for it here: https://t.co/dgreAZQ5qf within the return window and we'll oblige. 2/2 ^AB,Sat Nov 04 06:40:46 +0000 2017,120684,AmazonHelp,2,False,other
21408,21414,"@AmazonHelp If such is the case I regret my order with Amazon. I was thinking more of a better solution such as delivering product again and then collecting the first one. Since I need the book for study, I can not waste time returning it. I can only regret about my choice about Amazon.","If such is the case I regret my order with Amazon. I was thinking more of a better solution such as delivering product again and then collecting the first one. Since I need the book for study, I can not waste time returning it. I can only regret about my choice about Amazon.",21415,@120684 Kindly refer: https://t.co/wM1yebus27 for more information on the return policies. (2/2)^AU,Sat Nov 04 07:52:37 +0000 2017,120684,AmazonHelp,2,False,delivery_order_status
21423,21418,"@AmazonHelp Somebody else’s, I don’t have any of their emails or anything, it’s really urgent because it’s a present and I need to know if I’ll have it","Somebody else’s, I don’t have any of their emails or anything, it’s really urgent because it’s a present and I need to know if I’ll have it",21417,@120685 Our customer service will help you on the following link https://t.co/hgIrz98cdI,Wed Nov 01 07:51:29 +0000 2017,120685,AmazonHelp,1,False,other
21423,21421,"@AmazonHelp I ordered from .fr, but I do not have my order number, only my name and address, scenes as it was ordered for me","I ordered from .fr, but I do not have my order number, only my name and address, scenes as it was ordered for me",21419,@120685 I understand. Was it ordered through your own account or on somebody elses? ^DC,Wed Nov 01 07:47:04 +0000 2017,120685,AmazonHelp,1,False,delivery_order_status
21423,21423,"@AmazonHelp hello, could I have some information about an order please","hello, could I have some information about an order please",21422,"@120685 Hi, what Amazon website did you use to place your order? https://t.co/Ao8rYb8Jzw? Please don't share the order number here. ^JJ",Wed Nov 01 07:39:42 +0000 2017,120685,AmazonHelp,1,False,other
21456,21449,"@120688 @AmazonHelp @1386 As discussed over call, I have sent email @AmazonHelp - As explained the vouchers of 1000 has not been issued by them. Request you to help.","As discussed over call, I have sent email - As explained the vouchers of 1000 has not been issued by them. Request you to help.",21448,@120687 Thanks for the update. We'll check and get back to you at the earliest. ^SC,Wed Nov 01 07:45:07 +0000 2017,120687,AmazonHelp,1,False,other
21459,21459,Friend has received his Amazon Echo Plus shipment in the morning today. Still waiting for my dot.,Friend has received his Amazon Echo Plus shipment in the morning today. Still waiting for my dot.,21457,@120689 Could you please confirm if we have missed the mentioned time frame? 2/2 ^AH,Wed Nov 01 07:14:42 +0000 2017,120689,AmazonHelp,2,False,device_digital_content
21490,21490,@115850 frnd ordered kindle wich was not delivered.He canceled order &amp; U agreed. Bt aftr a mnth U r denying to give refund. Disappointing,frnd ordered kindle wich was not delivered.He canceled order &amp; U agreed. Bt aftr a mnth U r denying to give refund. Disappointing,21489,@120693 here: https://t.co/beaaDm0muc and I’ll contact you soon. 2/2 ^AH,Wed Nov 01 07:18:39 +0000 2017,120693,AmazonHelp,2,False,device_digital_content
21493,21493,"@115821 
Why does not Amazon support the Arabic language knowing that many customers have 85% of the Arabs?
@AmazonHelp",Why does not Amazon support the Arabic language knowing that many customers have 85% of the Arabs?,21492,"@120694 Hi, I'll be sure to pass your feedback on, thanks. ^AS",Wed Nov 01 07:46:26 +0000 2017,120694,AmazonHelp,1,False,other
21503,21502,@118919 @115850 @120697 Pathetic service from Amazon...,Pathetic service from Amazon...,21501,@120696 I understand your concern. Kindly fill in your details through the link provided earlier &amp; we'll contact you soon. ^SY,Wed Nov 01 07:22:25 +0000 2017,120696,AmazonHelp,1,False,service_complaint
21510,21510,"No, @115821, 2 day shipping doesn't mean it should arrive next Monday, much less next Tuesday. I guess I'm going to a store for that gift.","No, , 2 day shipping doesn't mean it should arrive next Monday, much less next Tuesday. I guess I'm going to a store for that gift.",21509,"@120699 Hi, apologies, the shipping speed refers to time in transit but doesn't include the time an order takes to dispatch. ^JJ",Wed Nov 01 07:39:49 +0000 2017,120699,AmazonHelp,1,False,delivery_order_status
21856,21856,"Al millesimo ordine su @120540 c’è un premio, vero?","Al millesimo ordine su c’è un premio, vero?",21854,@120763 Hai appena vinto un grande abbraccio!!! 😊 ^GA https://t.co/NM62Nldlb3,Wed Nov 01 07:58:26 +0000 2017,120763,AmazonHelp,1,False,other
21861,21858,"@AmazonHelp OKAY, now I get ""connection timed out"", does GFW play a part here? (I'm in China). Even though, why ""wrong password""?","OKAY, now I get ""connection timed out"", does GFW play a part here? (I'm in China). Even though, why ""wrong password""?",21857,"@120765 Hi. If you get in touch: https://t.co/hApLpMlfHN, we'll be happy to look into this with you. ^DC",Wed Nov 01 08:06:03 +0000 2017,120765,AmazonHelp,1,False,account_access
21861,21860,"@AmazonHelp Error message telling me ""wrong password"", but I am 100% sure my password was right. This happens to everyone around me ...","Error message telling me ""wrong password"", but I am 100% sure my password was right. This happens to everyone around me ...",21872,@120765 Can you try to change your password? ^AS,Wed Nov 01 08:02:35 +0000 2017,120765,AmazonHelp,1,False,account_access
21861,21861,"@115833 Alexa, I can't login to iOS app, can you help? I'm in China","Alexa, I can't login to iOS app, can you help? I'm in China",21859,"@120765 Hi, sorry to hear. Are you receiving an error message? ^TP",Tue Oct 31 06:29:57 +0000 2017,120765,AmazonHelp,1,False,account_access
21871,21867,@AmazonHelp But everything I used was 100% legit and spent 4 hours yesterday with the bank and amazon making sure there was no problems,But everything I used was 100% legit and spent 4 hours yesterday with the bank and amazon making sure there was no problems,21866,"@120768 Did you receive an email? What did it advise? If not, please contact us here: https://t.co/zYVX1Qi29G ^PK",Wed Nov 01 08:01:49 +0000 2017,120768,AmazonHelp,2,False,other
21871,21871,Yo @115830 stop putting my account on hold! I just got it off hold yesterday and it's already back on hold and orders cancelled wtf!?,Yo stop putting my account on hold! I just got it off hold yesterday and it's already back on hold and orders cancelled wtf!?,21870,"@120768 Sorry about that, have you received an email from an account specialist? ^KM",Wed Nov 01 07:56:57 +0000 2017,120768,AmazonHelp,1,False,account_access
21880,21879,@AmazonHelp the above link only signs me into my account. Have already spoken with over 15 of ur cust care staff. No use. Give me ph no of senior staff.,the above link only signs me into my account. Have already spoken with over 15 of ur cust care staff. No use. Give me ph no of senior staff.,21881,@120770 I'm sorry for the hassle. Please fill your details here: https://t.co/GIJyeYqKE0 We'll look into it. ^SB,Wed Nov 01 08:17:32 +0000 2017,120770,AmazonHelp,1,False,other
21880,21880,@115850 Customer care is not capable of solving issues regarding refund and return. Need to speak to senior manager who can solve the prob,Customer care is not capable of solving issues regarding refund and return. Need to speak to senior manager who can solve the prob,21878,@120770 here: https://t.co/pYHdlcj0Ot and I'll look into it right away. 2/2 ^AR,Wed Nov 01 07:59:14 +0000 2017,120770,AmazonHelp,2,False,refund_return
21905,21904,"@AmazonHelp 1. Does it work without being plugged in to power? 
2. If yes, what is battery life? 
3. Can it be used for receiving and making calls?","1. Does it work without being plugged in to power? 2. If yes, what is battery life? 3. Can it be used for receiving and making calls?",21906,@120773 It can connect to all the smart electronics at your place. 3/3 ^RW,Wed Nov 01 08:09:47 +0000 2017,120773,AmazonHelp,3,False,other
21905,21905,Anyone here who has used Amazon Echo or Echo plus? How is the experience? Have a couple of questions that their @AmazonHelp rep doesn't know,Anyone here who has used Amazon Echo or Echo plus? How is the experience? Have a couple of questions that their rep doesn't know,21902,@120773 Sorry about that. Kindly elaborate the issue and we'll be happy to help. ^AK,Wed Nov 01 07:46:03 +0000 2017,120773,AmazonHelp,1,False,device_digital_content
21914,21914,#AmazonPayAppQuiz who's the winner @115850 @AmazonHelp,#AmazonPayAppQuiz who's the winner,21913,@120775 I believe the winners will be announced by 7th November. Kindly wait until then. ^AB,Wed Nov 01 07:42:45 +0000 2017,120775,AmazonHelp,1,False,other
21956,21948,@AmazonHelp yes did that but no outcome till now. waste of time,yes did that but no outcome till now. waste of time,21950,@120779 I'm sorry about the trouble. Kindly share your details here: https://t.co/cQVomR1pWz and we'll check with it. ^KH,Wed Nov 01 12:15:59 +0000 2017,120779,AmazonHelp,1,False,other
21956,21949,@AmazonHelp 2 days and zero outcome,2 days and zero outcome,21947,"@120779 Just to confirm, have you reported this to our support team as requested earlier? If not kindly let them know about it. ^AB",Wed Nov 01 07:36:42 +0000 2017,120779,AmazonHelp,1,False,other
21956,21951,@AmazonHelp shared and still zero outcome,shared and still zero outcome,21952,@120779 We haven't received your details. Kindly share them on the link above and we'll get back to you at the earliest. ^PS,Fri Nov 03 07:04:53 +0000 2017,120779,AmazonHelp,1,False,other
21956,21954,@AmazonHelp i tried almost every single pin code available in the country and none of them worked. please share 1 pin code which is working?,i tried almost every single pin code available in the country and none of them worked. please share 1 pin code which is working?,21953,@120779 That's odd! Please flag your concern here: https://t.co/vlvfJr4nN9 &amp; we'll help you further on this. ^BS,Tue Oct 31 09:59:09 +0000 2017,120779,AmazonHelp,1,False,other
21956,21956,@1404 @AmazonHelp  product is not deliverable to any single pincode in India. making customers fool by listing product at low price https://t.co/3hxhLgCaWd,product is not deliverable to any single pincode in India. making customers fool by listing product at low price,21955,@120779 Certain products can't be shipped to some selected pincodes because of the unavailability of courier facility there. (1/2)^AU,Tue Oct 31 07:22:14 +0000 2017,120779,AmazonHelp,1,False,delivery_order_status
21966,21959,@AmazonHelp @AmazonHelp @115850 @1402 @120781 what is the update Amazon team??,what is the update Amazon team??,21958,@120780 We've sent you an email correspondence to your registered account. Please refer and revert on the same. ^HK,Wed Nov 01 07:33:44 +0000 2017,120780,AmazonHelp,1,False,other
21966,21962,@AmazonHelp kindly expedite your process it's already been 2 days since I filed this forgery and it's still not resolved.,kindly expedite your process it's already been 2 days since I filed this forgery and it's still not resolved.,21961,@120780 We value your time. We shall get things right for you at the earliest. ^CB,Tue Oct 31 10:14:51 +0000 2017,120780,AmazonHelp,1,False,service_complaint
21966,21965,@1402 @AmazonHelp can you guys stop the harassment and send me the product I ordered?,can you guys stop the harassment and send me the product I ordered?,21964,@120780 We're following up with your query here: https://t.co/b6M8qTWFD8. Please refer. ^GS,Tue Oct 31 09:15:21 +0000 2017,120780,AmazonHelp,1,False,other
21971,21970,@AmazonHelp Grata. Procuro parceria para divulgar pq meus leitores não tem costume de ler ebook. Se tem como anunciar os livros ou divulgar via Amazon,Grata. Procuro parceria para divulgar pq meus leitores não tem costume de ler ebook. Se tem como anunciar os livros ou divulgar via Amazon,21968,"@120782 Anna Lou, você pode também entrar em contato com o departamento de R. P utilizando este link: https://t.co/4x5oTTr6Zb. ^VM",Wed Nov 01 07:50:51 +0000 2017,120782,AmazonHelp,1,False,other
22147,22146,@AmazonHelp I did not see any email. I only had to call again. Now I see it is rescheduled for pickup tomorrow 2nd Nov.,I did not see any email. I only had to call again. Now I see it is rescheduled for pickup tomorrow 2nd Nov.,22148,@120778 please respond to the email so that we can assist you accordingly. (2/2)^SU,Wed Nov 01 11:33:02 +0000 2017,120778,AmazonHelp,2,False,delivery_order_status
22147,22147,"@115851 @AmazonHelp @115850 @115821  Jeff,India help team is useless. Just provides link https://t.co/ZiE6eGp1Im but fails to act.","Jeff,India help team is useless. Just provides link but fails to act.",22145,@120778 We are following up with you over email. Please reply to it for further insight on it. ^RW,Wed Nov 01 08:08:45 +0000 2017,120778,AmazonHelp,1,False,other
22152,22151,@AmazonHelp Oh no!!! Thanks anyway. Wish me luck trying to get tickets on Friday...,Oh no!!! Thanks anyway. Wish me luck trying to get tickets on Friday...,22153,"@120834 Hi Helen, hope you saw the update that Brighton is included! Good news 😁 ^TS",Wed Nov 01 08:49:44 +0000 2017,120834,AmazonHelp,1,False,other
22152,22152,@120474 is Morrissey's gig at Brighton Arena included in the pre sale today? #fingerscrossed,is Morrissey's gig at Brighton Arena included in the pre sale today? #fingerscrossed,22150,"@120834 Hi, if it isn't listed then unfortunately it wouldn't be included in the pre-sale. ^AS",Wed Nov 01 08:20:51 +0000 2017,120834,AmazonHelp,1,False,other
22152,22154,@AmazonHelp Hoooorrrayyy! Not showing up on website yet as an option though?,Hoooorrrayyy! Not showing up on website yet as an option though?,22155,"@120834 Hi Helen, please check back as it should go live soon. ^TS",Wed Nov 01 09:08:12 +0000 2017,120834,AmazonHelp,1,False,other
22152,22156,@AmazonHelp It says that if I only select one ticket! What's going on?,It says that if I only select one ticket! What's going on?,22158,"@120834 Hi, please get in touch with us here: https://t.co/oGDklGgbCZ &amp; we'll check this for you. ^TS",Wed Nov 01 10:06:38 +0000 2017,120834,AmazonHelp,1,False,other
22152,22157,@AmazonHelp Well trying to buy 2 tickets but says I've exceeded amount of tickets?? Not what the t and cs say,Well trying to buy 2 tickets but says I've exceeded amount of tickets?? Not what the t and cs say,22160,@120834 Please reach out here so we can check this for you https://t.co/g7uvTs0guI  ^KM,Wed Nov 01 10:04:30 +0000 2017,120834,AmazonHelp,1,False,other
22163,22163,午前中に受け取り先に荷物到着してるのにまだメール来ない。はよ認証番号メール送れやアマゾンさんよぉ,午前中に受け取り先に荷物到着してるのにまだメール来ない。はよ認証番号メール送れやアマゾンさんよぉ,22162,@120835 ご心配をおかけしております。メッセージセンターより認証キーが届いていないか、ご確認ください。https://t.co/qxvc47GM40  確認できない場合は、カスタマーサービスにご連絡ください。https://t.co/J6YEizo6qC  SM,Wed Nov 01 08:22:31 +0000 2017,120835,AmazonHelp,1,True,other
22170,22169,@AmazonHelp ... Are you guys able to reply to this please?,... Are you guys able to reply to this please?,22168,"@120838 Hi, we can look into this, click here: https://t.co/JzP7hlA23B ^AS",Wed Nov 01 08:21:40 +0000 2017,120838,AmazonHelp,1,False,other
22175,22175,"@115850 @115821 Ths is so unprofessional of u guys.10k ws deducted frm my ac4no reasn&amp;tld tht it wil b compensated,but there's no ans.","Ths is so unprofessional of u guys.10k ws deducted frm my ac4no reasn&amp;tld tht it wil b compensated,but there's no ans.",22174,@120840 We're sorry to keep you waiting. Please fill in your details here: https://t.co/GIJyeYqKE0 and we'll check right away. ^HK,Wed Nov 01 07:53:54 +0000 2017,120840,AmazonHelp,1,False,payment_billing
22186,22185,@115850 @118919 Strange stil no action @1450 @1451 @__NAINA__ @120844,Strange stil no action,22184,"@120843 Sorry for the trouble with the canceled order. Once an order is canceled, it cannot be reinstated. Kindly place a new order. ^AK",Wed Nov 01 07:51:07 +0000 2017,120843,AmazonHelp,1,False,other
22193,22193,"@115850 Hi, prime was available for 599/- per year few days back. Can you remind me when it will be back?","Hi, prime was available for 599/- per year few days back. Can you remind me when it will be back?",22192,@120847 promotion has now expired the membership will cost Rs.999. 2/2^AR,Wed Nov 01 08:07:14 +0000 2017,120847,AmazonHelp,2,False,other
22197,22196,@AmazonHelp Not that I can see https://t.co/c3atGuyoON,Not that I can see,22198,@120848 Thank you for the information. We'd like to look into this. Please contact us via phone/chat: https://t.co/JzP7hlA23B. ^AL,Wed Nov 01 10:34:07 +0000 2017,120848,AmazonHelp,1,False,other
22197,22197,"Thanks @115830. Paid for prime membership to ensure next day delivery, 5 days later still waiting. No sd card for me then #AmazonWhine","Thanks . Paid for prime membership to ensure next day delivery, 5 days later still waiting. No sd card for me then #AmazonWhine",22195,@120848 Sorry to hear this. Has any reason been given for the delay? ^KM,Wed Nov 01 08:11:20 +0000 2017,120848,AmazonHelp,1,False,prime_membership
22213,22200,"@AmazonHelp Le SAV m'a dit hier qu'ils allaient accélérer l'expédition, mais c'est toujours pas expédié... c'est vraiment n'importe quoi Amazon","Le SAV m'a dit hier qu'ils allaient accélérer l'expédition, mais c'est toujours pas expédié... c'est vraiment n'importe quoi Amazon",22199,"@120849 Je suis désolé, est-ce que la date de livraison est dépassée ?
^YL",Wed Nov 01 08:12:17 +0000 2017,120849,AmazonHelp,1,False,other
22213,22201,"@AmazonHelp On me dit, impossible d'annuler car c'est prêt pour être expédié, mais vous  ne l'expédiez pas...","On me dit, impossible d'annuler car c'est prêt pour être expédié, mais vous ne l'expédiez pas...",22523,@120849 S'agit-il d'un article volumineux ? ^SN,Wed Nov 01 08:13:52 +0000 2017,120849,AmazonHelp,1,False,other
22213,22203,"@AmazonHelp J'ai voulu annuler ma commande, mais Amazon dit que c'est soit disant trop tard... Vraiment barbant chez Amazon ! Que des problèmes!","J'ai voulu annuler ma commande, mais Amazon dit que c'est soit disant trop tard... Vraiment barbant chez Amazon ! Que des problèmes!",22202,@120849 Ou bien le retourner contre remboursement si l'article est expédié par Amazon. 2/2 ^FA,Tue Oct 31 10:51:11 +0000 2017,120849,AmazonHelp,1,False,other
22213,22206,@AmazonHelp Où dois puis-je trouver votre SAV? c'est introuvable sur votre site...,Où dois puis-je trouver votre SAV? c'est introuvable sur votre site...,22205,"@120849 Vous pouvez joindre notre SAV via le lien suivant:  https://t.co/hgIrz98cdI 
^SA",Tue Oct 31 08:49:57 +0000 2017,120849,AmazonHelp,1,False,other
22213,22208,"@AmazonHelp Hier c'était écrit ""envoi aujourd'hui"" dans le suivi, et ça n'a pas été expédié hier... #troll","Hier c'était écrit ""envoi aujourd'hui"" dans le suivi, et ça n'a pas été expédié hier... #troll",22207,@120849 L'avez-vous signalé à notre SAV s'il vous plaît? ^SA,Tue Oct 31 08:15:28 +0000 2017,120849,AmazonHelp,1,False,other
22213,22210,@AmazonHelp Pourtant c'était écrit Prime en dessous de l'article quand il était dans mon panier...,Pourtant c'était écrit Prime en dessous de l'article quand il était dans mon panier...,22209,"@120849 Je vous comprends, mais c'est le délai nécessaire et le plus rapide possible pour vous faire parvenir votre colis.",Mon Oct 30 15:54:45 +0000 2017,120849,AmazonHelp,1,False,other
22213,22213,Je ne vois vraiment pas l'intérêt d'avoir prime... (article en stock et expédié par Amazon) @AmazonHelp https://t.co/4pnOr895TR,Je ne vois vraiment pas l'intérêt d'avoir prime... (article en stock et expédié par Amazon),22212,"@120849 Bonjour, la livraison ""Prioritaire"" est la plus rapide possible quand ""en 1j our ouvré"" n'est pas disponible pour un article",Mon Oct 30 15:20:39 +0000 2017,120849,AmazonHelp,1,False,other
22217,22217,I’m unsure how a book can be ‘currently unavailable’ from the @117634 Store. Do they have to post it on a thumb drive &amp; have run out?,I’m unsure how a book can be ‘currently unavailable’ from the Store. Do they have to post it on a thumb drive &amp; have run out?,22216,@120851 What book are you referring to? ^KM,Wed Nov 01 08:09:40 +0000 2017,120851,AmazonHelp,1,False,other
22219,22219,@115850 @AmazonHelp @115851 #my Prime membership expired &amp; I got a notification AFTER that. Now I've had to renew at higher cost. (1),#my Prime membership expired &amp; I got a notification AFTER that. Now I've had to renew at higher cost. (1),22218,@120852 That's definitely something we must look into. Apologies for this. I'd share this feedback internally with the right team. ^JC,Wed Nov 01 07:46:32 +0000 2017,120852,AmazonHelp,1,False,prime_membership
22221,22221,"@AmazonHelp worst service experience in last 3 months, delivery boy is so unprofessional &amp; absurd in talking as if he is doing favour for me","worst service experience in last 3 months, delivery boy is so unprofessional &amp; absurd in talking as if he is doing favour for me",22220,"@120853 We're sorry about your delivery experience, Someshwar. Please report this here: https://t.co/vlvfJr4nN9. We'll investigate. ^HK",Wed Nov 01 07:45:15 +0000 2017,120853,AmazonHelp,1,False,delivery_order_status
22478,22478,@115821 @115850 @AmazonHelp delivery boy was too arrogant when I asked him to deliver my order next day he cancelled my order#annoyed,delivery boy was too arrogant when I asked him to deliver my order next day he cancelled my order#annoyed,22477,"@120913 Apologies for the unpleasant experience, have you reported this to our support here: https://t.co/vlvfJr4nN9? ^AH",Wed Nov 01 08:34:10 +0000 2017,120913,AmazonHelp,1,False,delivery_order_status
22483,22483,"@115850 I had ordered a RedMi 4,  4GB, 64Gb. delivered faulty piece, want re-order the product @1504 price. was going out nxt day.","I had ordered a RedMi 4, 4GB, 64Gb. delivered faulty piece, want re-order the product price. was going out nxt day.",22482,@120915 for the phone which you are looking for. 2/2 ^SB,Wed Nov 01 08:33:55 +0000 2017,120915,AmazonHelp,2,False,item_quality_issue
22487,22486,@AmazonHelp Gerade nachgeschaut. Kommt erst morgen...dann kann ich ja meine Planung für diese und nächste Woche verwerfen -.- https://t.co/6BT20Pvdg2,Gerade nachgeschaut. Kommt erst morgen...dann kann ich ja meine Planung für diese und nächste Woche verwerfen -.-,22488,"@120916 Das ist ärgerlich. Wäre es für dich praktischer, wenn die Sendung dann an eine Abholstation umgeleitet wird? ^AN",Wed Nov 01 08:47:53 +0000 2017,120916,AmazonHelp,1,False,other
22487,22487,"@AmazonHelp heißt das, das  ich umsonst zu Hause geblieben bin und ich hätte zur Arbeit gehen können da es wohl heute nicht mehr kommt? https://t.co/gSCaua0Qrd","heißt das, das ich umsonst zu Hause geblieben bin und ich hätte zur Arbeit gehen können da es wohl heute nicht mehr kommt?",22485,@120916 Das lässt sich über Twitter schlecht sagen. Hast du mal in der Sendungsverfolgung des Transportdienstes nachgeschaut? ^AN,Wed Nov 01 08:38:35 +0000 2017,120916,AmazonHelp,1,False,other
22487,22489,"@AmazonHelp Bringt nichts, da ich heute Abend Hannover wieder verlasse und die Bestellung für meine Eltern ist, ich es aber für sie einrichten muss...","Bringt nichts, da ich heute Abend Hannover wieder verlasse und die Bestellung für meine Eltern ist, ich es aber für sie einrichten muss...",22490,"@120916 Ohm, das ist dann richtig doof 🙁 Ich hoffe, ihr findet eine Lösung. ^AN",Wed Nov 01 08:56:31 +0000 2017,120916,AmazonHelp,1,False,other
22487,22492,"@AmazonHelp Es ärgert mich halt, da ich mit Prime bestellt habe, mir jetzt extra frei genommen habe und trotzdem mehr Aufwand habe als ich haben sollte.","Es ärgert mich halt, da ich mit Prime bestellt habe, mir jetzt extra frei genommen habe und trotzdem mehr Aufwand habe als ich haben sollte.",22493,"@120916 Melde dich mal hier https://t.co/va1VRoK7GS und lass meine Kollegen prüfen, was passiert ist. Eventuell gibt es eine Lösung. ^DS",Wed Nov 01 09:08:03 +0000 2017,120916,AmazonHelp,2,False,other
22487,22495,"@AmazonHelp Am Ende hat alles geklappt, der Stick funktioniert auch größtenteils. Danke!","Am Ende hat alles geklappt, der Stick funktioniert auch größtenteils. Danke!",22496,@120916 Das freut mich! Dann kann das Wochenende ja kommen. ;) Gruß ^TA,Fri Nov 03 12:14:35 +0000 2017,120916,AmazonHelp,1,False,other
22499,22499,"@115821 three times I have asked @120169 UAE to deliver my parcel and it is still at their warehouse, absolutely rubbish!!!!!!","three times I have asked UAE to deliver my parcel and it is still at their warehouse, absolutely rubbish!!!!!!",22497,@120917 Which Amazon website did you order from? ^KM,Wed Nov 01 08:13:35 +0000 2017,120917,AmazonHelp,1,False,delivery_order_status
22505,22502,@AmazonHelp https://t.co/QCt7kMtESE,,22506,"@120918 Hi, have you been in touch with the publishers to check the details? ^TS",Wed Nov 01 08:42:56 +0000 2017,120918,AmazonHelp,1,True,other
22505,22505,"@AmazonHelp Is there a problem with books in the last couple of days?  Been trying to buy one that is a bestseller but you say only third parties offer it which is odd.  Similarly, the link for a book I ghosted - also a bestseller at the moment - says 3rd party only.","Is there a problem with books in the last couple of days? Been trying to buy one that is a bestseller but you say only third parties offer it which is odd. Similarly, the link for a book I ghosted - also a bestseller at the moment - says 3rd party only.",22500,"@120918 Hi, no issues have been reported. Can you send us a link for the two title please? We can take a look. ^TS",Wed Nov 01 08:32:17 +0000 2017,120918,AmazonHelp,1,False,seller_marketplace
22505,22507,@AmazonHelp How would they know why you are directing people to The Works?,How would they know why you are directing people to The Works?,22509,@120918 The latest information we have regarding an item's availability will be reflected on our website. ^BM,Wed Nov 01 09:07:29 +0000 2017,120918,AmazonHelp,1,False,other
22505,22510,"@AmazonHelp Except that isn't the case.
1 Why not?
2 Why are you sending people to The Works?
3 Why is that book in Home &amp; KItchen?
4 What do you suggest I say to Bonnier when I call their switchboard as you suggest, to find out what Amazon is up to?
5 What is the point of having Prime?","Except that isn't the case. 1 Why not? 2 Why are you sending people to The Works? 3 Why is that book in Home &amp; KItchen? 4 What do you suggest I say to Bonnier when I call their switchboard as you suggest, to find out what Amazon is up to? 5 What is the point of having Prime?",22511,"@120918 Hi, you will need to speak with the publishers about this,as ^BM said the latest info we have is reflected on the website^AS.",Wed Nov 01 09:20:53 +0000 2017,120918,AmazonHelp,1,False,other
22505,22516,@AmazonHelp I have 'reached out' to you here - you have the information you need.  (You're compounding things by saying 'reach out' by the way . . .),I have 'reached out' to you here - you have the information you need. (You're compounding things by saying 'reach out' by the way . . .),22517,@120918 Please request a call back here Linda so we can speak wit you https://t.co/zH8UlhTGcc ^KM,Wed Nov 01 10:53:15 +0000 2017,120918,AmazonHelp,1,False,other
22505,22518,"@AmazonHelp You have all the information you need - just reply here thanks.  People get in touch this way because that is what they prefer - no forms, no phone calls, so please respond.","You have all the information you need - just reply here thanks. People get in touch this way because that is what they prefer - no forms, no phone calls, so please respond.",22519,"@120918 I have escalated your feedback about ""Please Let Me Go"" for correction. If we can help w/ anything else, let us know! ^KN 2/2",Wed Nov 01 11:26:51 +0000 2017,120918,AmazonHelp,2,False,other
22538,22537,@AmazonHelp Undeliverable. Which makes no sense because my first package was easily delivered at 2pm but this one wasn't at 6pm?,Undeliverable. Which makes no sense because my first package was easily delivered at 2pm but this one wasn't at 6pm?,22539,@120923 My apologies Erin. Has any re-delivery attempt information been provided? ^DC,Wed Nov 01 08:54:11 +0000 2017,120923,AmazonHelp,1,False,delivery_order_status
22538,22538,Dear @AmazonHelp I've been paying for prime for awhile and having 2 packages due today &amp; one being undeliverable is VERY annoying. Explain,Dear I've been paying for prime for awhile and having 2 packages due today &amp; one being undeliverable is VERY annoying. Explain,22536,"@120923 Hi sorry to hear that, were you given a reason for the delay? ^AS",Wed Nov 01 08:26:35 +0000 2017,120923,AmazonHelp,1,False,delivery_order_status
22548,22548,"@115850 
@AmazonHelp what's update of this? https://t.co/rZxXAjgtps",what's update of this?,22547,@120925 Please confirm if the order is picked up for the return. You may check the return status here: https://t.co/6z4yoQYZ7T (2/2)^SF,Wed Nov 01 08:22:03 +0000 2017,120925,AmazonHelp,2,False,other
22548,22550,@115850 @AmazonHelp Order has not been picked up niether any update from Amazon or courier partner...,Order has not been picked up niether any update from Amazon or courier partner...,23973,@120925 Sorry that the pickup is still pending. Please contact us here: https://t.co/rS49hgaADF &amp; we'll get it checked for you. ^SY,Wed Nov 01 08:40:44 +0000 2017,120925,AmazonHelp,1,False,delivery_order_status
22554,22554,"@115850 horrible experience.
Pathetic cs care . Worst experience.
Even a prime member",horrible experience. Pathetic cs care . Worst experience. Even a prime member,22553,@120927 Please fill in your details using the link: https://t.co/JzRdscmdH9 and I'll get in touch with you soon. ^AK (2/2),Wed Nov 01 08:05:53 +0000 2017,120927,AmazonHelp,2,False,service_complaint
22559,22559,@115830 pin set and purchase restrictions on. So WHY is my toddler still able to buy 3 films? https://t.co/9QvFJIs8Uq,pin set and purchase restrictions on. So WHY is my toddler still able to buy 3 films?,22558,"@120929 Hi, that's odd! Is the password saved to pop up automatically on the input screen? ^TS",Wed Nov 01 08:28:40 +0000 2017,120929,AmazonHelp,1,False,other
22569,22562,@115821 would have made sense if there was record of it being delivered but it still said “shipped”....,would have made sense if there was record of it being delivered but it still said “shipped”....,22560,@120930 Did the tracking say it was delivered? ^KM,Wed Nov 01 08:22:55 +0000 2017,120930,AmazonHelp,1,False,delivery_order_status
22569,22563,@AmazonHelp  https://t.co/HWXuUYZUsi,,22564,@120930 We'd like to take another look into this with you. Please reach out via phone/chat here: https://t.co/hApLpMlfHN ^TK,Wed Nov 01 14:02:34 +0000 2017,120930,AmazonHelp,1,True,other
22569,22565,"@AmazonHelp s/o to Amer at customer service for being helpful and understanding, as well as helping me actually get my money back!","s/o to Amer at customer service for being helpful and understanding, as well as helping me actually get my money back!",22566,@120930 Thank you for the update. Glad we were able to help!  ^CO,Wed Nov 01 15:09:58 +0000 2017,120930,AmazonHelp,1,False,refund_return
22593,22592,@AmazonHelp Unfortunately I'll have to cancel it then..disappointed https://t.co/YrXSmd0Duh,Unfortunately I'll have to cancel it then..disappointed,22594,"@120934 I understand your concern, Rushikesh. I'll forward your feedback to the team concerned for review. ^HD",Wed Nov 01 22:51:18 +0000 2017,120934,AmazonHelp,1,False,other
22593,22593,@115850 need a help..ordered a gift for sister...would you please deliver it before coming Sunday ? https://t.co/2Qx7IwPXto,need a help..ordered a gift for sister...would you please deliver it before coming Sunday ?,22590,@120934 We cannot guarantee an early delivery. I request you to kindly wait until the estimated delivery date. 2/2 ^AR,Wed Nov 01 08:20:40 +0000 2017,120934,AmazonHelp,2,False,delivery_order_status
23038,23036,@AmazonHelp What happened? No one gives a solution. Now I’m not confident to buy anymore,What happened? No one gives a solution. Now I’m not confident to buy anymore,23039,@121014 Sorry to hear about your order issue. Please reach our to us by phone or chat here: https://t.co/hApLpMlfHN so we can look into this for you.^ES,Sat Nov 25 11:49:07 +0000 2017,121014,AmazonHelp,1,False,other
23038,23037,@AmazonHelp I sent an email to customer service and I got no answer,I sent an email to customer service and I got no answer,23042,"@121014 Hi, have you also checked your spam and junk folders? It can sometimes happen that an email from us can go there.^BZ",Sat Nov 25 11:48:26 +0000 2017,121014,AmazonHelp,1,False,service_complaint
23038,23038,"@115821 I got it today. It’s impossible to find the instructions for return and refund. Anyway, the refund is only 14$, ant the whole thing costed 46$. Not fair","I got it today. It’s impossible to find the instructions for return and refund. Anyway, the refund is only 14$, ant the whole thing costed 46$. Not fair",23032,@121014 Hello! We don't have access to your Amazon account via Twitter. When you have time please get in touch with us here: https://t.co/hApLpMlfHN We'll be happy to help!^CN,Wed Nov 22 15:54:01 +0000 2017,121014,AmazonHelp,1,False,refund_return
23038,23040,@AmazonHelp Nothing in spam inbox. Got no answer. It’s a waste of time. Very disappointing,Nothing in spam inbox. Got no answer. It’s a waste of time. Very disappointing,23041,@121014 Can you please reach out by phone/chat on the link in the previous message. ^RS,Mon Nov 27 10:59:10 +0000 2017,121014,AmazonHelp,1,False,other
23168,23168,一応アマゾンでも予約してたんだけど一向に支払い番号メールが来ないん,一応アマゾンでも予約してたんだけど一向に支払い番号メールが来ないん,23167,@121045 アマゾンです。お支払番号は商品確保後、出荷準備に入り次第Ｅメールでお知らせします。予約商品の場合、商品によっては発売日当日、またはそれ以降に入荷されてから出荷準備を開始する場合がございます。恐れ入りますが、発売日を目安にお待ちください 。ET,Wed Nov 01 08:55:08 +0000 2017,121045,AmazonHelp,1,True,other
23170,23170,@115850 is it #ethical to sell Audible in India if the support lies on shore? Why push this service down a customers throat?,is it #ethical to sell Audible in India if the support lies on shore? Why push this service down a customers throat?,23169,@121046 Sorry for the trouble. We've received your details. Please allow us some time and we'll reach out to you. ^KA,Wed Nov 01 08:13:35 +0000 2017,121046,AmazonHelp,1,False,device_digital_content
23208,23208,@AmazonHelp can you explain why a package I was due to receive yesterday was marked as refused at my address - when no one refused it? Poor.,can you explain why a package I was due to receive yesterday was marked as refused at my address - when no one refused it? Poor.,23206,"@121053 Hi Mick, did you receive a calling card? Is your parcel listed as out for delivery again today: https://t.co/BQmcNXViiI ^TS",Wed Nov 01 08:39:58 +0000 2017,121053,AmazonHelp,1,False,delivery_order_status
23208,23209,"@AmazonHelp It notes its being sent back to the sender - which, if true, is totally unacceptable - not exactly #prime level service","It notes its being sent back to the sender - which, if true, is totally unacceptable - not exactly #prime level service",23210,"@121053 Hi, please reach out to us here: https://t.co/JzP7hlA23B we can look into the order for you. ^AS",Wed Nov 01 08:51:13 +0000 2017,121053,AmazonHelp,1,False,service_complaint
23213,23212,@121055 When do you add Japan to the list of countries with access through the Xbox one app? @116313 @115821,When do you add Japan to the list of countries with access through the Xbox one app?,23211,"@121054 Thank you for the question. But we are unable to inform you when or if we will. if we do, we will let you know on our website.^ET",Wed Nov 01 08:28:50 +0000 2017,121054,AmazonHelp,1,False,other
23219,23218,"@AmazonHelp I was told my account is on hold, if I can’t use my gift cards please return my money back to me Okay","I was told my account is on hold, if I can’t use my gift cards please return my money back to me Okay",23216,@121057 Hi. Were you give advice on how to remove the lock from your account? ^DC,Wed Nov 01 08:35:45 +0000 2017,121057,AmazonHelp,1,False,account_access
23961,23960,"@AmazonHelp Simply delivery attempt. Could not deliver today. I imagine it was because it was a business add and after 5, but no attempt was ever made.","Simply delivery attempt. Could not deliver today. I imagine it was because it was a business add and after 5, but no attempt was ever made.",23962,@121152 Is there any information regarding when another attempt will be made? ^BM,Wed Nov 01 09:15:17 +0000 2017,121152,AmazonHelp,1,False,delivery_order_status
23961,23961,@115830 paid my yearly prime fee and my next order I get a delivery attempt sms even though I was waiting at the address. Not impressed!,paid my yearly prime fee and my next order I get a delivery attempt sms even though I was waiting at the address. Not impressed!,23959,"@121152 sorry to hear that, were you given a reason for the delay? ^AS",Wed Nov 01 08:54:45 +0000 2017,121152,AmazonHelp,1,False,delivery_order_status
23961,23963,@AmazonHelp No. I’ve signed in and it still says due 31st,No. I’ve signed in and it still says due 31st,23964,@121152 Sorry to hear that. We'll be happy to look into that for you. Please reach out to us here: https://t.co/JzP7hlA23B ^RS,Wed Nov 01 09:29:55 +0000 2017,121152,AmazonHelp,1,False,other
23961,23966,@AmazonHelp I have sent an email as the same thing happened to me today. The delivery attempt was never made.,I have sent an email as the same thing happened to me today. The delivery attempt was never made.,23967,"@121152 For the fastest resolution, please reach us directly by choosing ""phone"" or ""chat"" when using RS's link, above. ^JR",Fri Nov 03 20:34:42 +0000 2017,121152,AmazonHelp,1,False,delivery_order_status
23969,23969,@115850 You customer service number doesn't let me reach any rep. How do I talk to someone ?,You customer service number doesn't let me reach any rep. How do I talk to someone ?,23968,"@121153 Choose Reason &gt; Choose Issue &gt; Choose the mode of contact phone, e-mail or chat. (2/2) ^VH",Wed Nov 01 08:55:44 +0000 2017,121153,AmazonHelp,2,False,service_complaint
23983,23982,@AmazonHelp Yeah!,Yeah!,23984,"@121156 Hmmm, odd! Please use this link to provide details and I'll personally investigate this for you: https://t.co/tkLCr7DNil ^RL",Wed Nov 01 09:08:19 +0000 2017,121156,AmazonHelp,1,False,other
23983,23983,"@115830 pre-ordered CoD WW2 on the 5th july, says today it won’t be delivered until 4th Nov, the day after release? Why is this?","pre-ordered CoD WW2 on the 5th july, says today it won’t be delivered until 4th Nov, the day after release? Why is this?",23981,"@121156 Hi Lucy, is the game shipping to an address in the UK? ^RL",Wed Nov 01 08:51:24 +0000 2017,121156,AmazonHelp,1,False,delivery_order_status
23983,23985,@AmazonHelp Have done - any idea on how long it will take?,Have done - any idea on how long it will take?,23986,@121156 You can expect a contact from us with in 12 hours! ^MW,Wed Nov 01 10:42:47 +0000 2017,121156,AmazonHelp,1,False,other
23983,23987,@AmazonHelp Thank you!,Thank you!,23988,@121156 No problem. ^KM,Wed Nov 01 11:05:07 +0000 2017,121156,AmazonHelp,1,False,other
23991,23991,"@115850 ek saal me Amazon app pr sare contest me participate kiya...aaj tak kuch nahi mila
.
.
.
Isme koi jeetta bhi h ya sb fake h",ek saal me Amazon app pr sare contest me participate kiya...aaj tak kuch nahi mila . . . Isme koi jeetta bhi h ya sb fake h,23989,@121157 All the promotions displayed on our website are 100% genuine. The winners are announced here: https://t.co/ICRkX2fNTQ. ^GS,Wed Nov 01 08:29:56 +0000 2017,121157,AmazonHelp,1,False,other
23993,23993,@118919 I got a DEAD PHONE from Amazon.I ordered Iphone 7 32 gb rose gold from GREEN MOBILES.CAN SOMEONE FROM AMAZON REPLY ME ON THIS https://t.co/uaBcViNPQq,I got a DEAD PHONE from Amazon.I ordered Iphone 7 32 gb rose gold from GREEN MOBILES.CAN SOMEONE FROM AMAZON REPLY ME ON THIS,23992,"@121158 Sorry about that. I’d like to help you, please fill this form: https://t.co/beaaDm0muc and I’ll contact you soon. ^SY",Wed Nov 01 08:26:45 +0000 2017,121158,AmazonHelp,1,False,other
23995,23995,Absolutely love @115850 They processed a return on a product that a local vendor would not have even pursued the warranty.,Absolutely love They processed a return on a product that a local vendor would not have even pursued the warranty.,23994,@121159 Glad to hear that. Please keep us posted if you need any further assistance. ^GS,Wed Nov 01 08:27:52 +0000 2017,121159,AmazonHelp,1,False,item_quality_issue
23997,23997,"@115821 @115850 @AmazonHelp I placed ds ordr n status is still ‘on d way’, is not dis ur failure to track ur deliveries on time? Disgustng https://t.co/u7Yco0g6DP","I placed ds ordr n status is still ‘on d way’, is not dis ur failure to track ur deliveries on time? Disgustng",23996,"@121160 your order details, we consider it to be personal info. Our page is visible to the public. (3/3)^SF",Wed Nov 01 08:50:11 +0000 2017,121160,AmazonHelp,3,False,delivery_order_status
24001,24001,@115850 hi why you end no emi cost on PS4 I was about to purchase today😑😬🙄🤔😒😔😕☹️,hi why you end no emi cost on PS4 I was about to purchase today😑😬🙄🤔😒😔😕☹️,24000,@121161 here: https://t.co/KcSbMgxRgY. Please let us know if you need any further clarification on this. 2/2 ^SY,Wed Nov 01 08:24:37 +0000 2017,121161,AmazonHelp,2,False,other
24056,24056,Hello @115821 order not delivered OD__credit_card__ not delivered but SMS &amp; email received regarding its delivery.ph 08797297187,Hello order not delivered OD__credit_card__ not delivered but SMS &amp; email received regarding its delivery.ph 08797297187,24054,"@121179 your order/account details, we consider it to be personal info. Our page is visible to the public. (3/3)^SF",Wed Nov 01 08:47:12 +0000 2017,121179,AmazonHelp,3,False,delivery_order_status
24472,24472,@1584 be careful while ordering any item from @115850 and asking for an extended warranty. Activating the warranty is a nightmare,be careful while ordering any item from and asking for an extended warranty. Activating the warranty is a nightmare,24471,@121277 I couldn'r comprehend you issue could you please elaborate? ^VH,Wed Nov 01 08:56:28 +0000 2017,121277,AmazonHelp,1,False,item_quality_issue
24479,24478,"@AmazonHelp Still not despatched, can you check what the delay is? This is the second problem I’ve had using prime next day delivery","Still not despatched, can you check what the delay is? This is the second problem I’ve had using prime next day delivery",24480,"@121279 Hi, for security we can't see your order here. What info is visible: https://t.co/BQmcNXViiI ^TS",Wed Nov 01 13:16:09 +0000 2017,121279,AmazonHelp,1,False,delivery_order_status
24479,24479,@AmazonHelp once again can you tell me why my one day delivery items haven’t even been dispatched yet and are supposed to be here today?,once again can you tell me why my one day delivery items haven’t even been dispatched yet and are supposed to be here today?,24477,"@121279 Hi Sian, orders are often dispatched &amp; delivered on the same day, as our carriers deliver until 9pm. ^TS",Wed Nov 01 09:19:55 +0000 2017,121279,AmazonHelp,1,False,delivery_order_status
24479,24481,@AmazonHelp All 3 say they are arriving today but none are dispatched yet so I don’t see how they can be https://t.co/gC5LWihN4U,All 3 say they are arriving today but none are dispatched yet so I don’t see how they can be,24482,"@121279 As we're unable to view your account via Twitter,pls contact here:https://t.co/JzP7hlA23B so we can look into this.^KM",Wed Nov 01 13:27:58 +0000 2017,121279,AmazonHelp,1,False,delivery_order_status
24484,24484,"@115821 why do i keep getting emails saying ""thanks for reviewing this product"" when IVE NEVER WRITTEN A REVIEW ON IT?!?!?!","why do i keep getting emails saying ""thanks for reviewing this product"" when IVE NEVER WRITTEN A REVIEW ON IT?!?!?!",24483,"@121280 Hi Ellen. Which Amazon site are the mails from? https://t.co/nUUp5MLhYl, .co.uk etc. ^DC",Wed Nov 01 09:20:01 +0000 2017,121280,AmazonHelp,1,False,other
24487,24486,"@AmazonHelp Ok, danke!","Ok, danke!",24485,@121281 Gerne! ^DW,Wed Nov 01 09:22:17 +0000 2017,121281,AmazonHelp,1,False,other
24505,24490,@AmazonHelp By email through the website.,By email through the website.,24492,@121282 You can also use the link to get in touch via phone or live chat. ^BM,Wed Nov 01 09:26:09 +0000 2017,121282,AmazonHelp,1,False,other
24505,24491,"@AmazonHelp Thanks but I have tried that every day since Sunday. ""Still investigating"" - you should send a replacement and investigate afterwards","Thanks but I have tried that every day since Sunday. ""Still investigating"" - you should send a replacement and investigate afterwards",24489,@121282 Did you contact us via phone or chat for instant support? ^AS,Wed Nov 01 09:17:55 +0000 2017,121282,AmazonHelp,1,False,refund_return
24505,24493,@AmazonHelp Please send a link to the phone number. Almost impossible to find on your website. I need to get sorted ASAP as this is a birthday present,Please send a link to the phone number. Almost impossible to find on your website. I need to get sorted ASAP as this is a birthday present,24494,@121282 You can request a call back here https://t.co/zH8UlhTGcc ^KM,Wed Nov 01 09:45:21 +0000 2017,121282,AmazonHelp,1,False,service_complaint
24505,24495,"@AmazonHelp After four days of trying,, one of your phone staff finally checked and discovered the item was LOST on Saturday. Now I have to order again.","After four days of trying,, one of your phone staff finally checked and discovered the item was LOST on Saturday. Now I have to order again.",24496,"@121282 Oh no, sorry to hear that! Has a refund been arranged? ^TS",Wed Nov 01 12:44:40 +0000 2017,121282,AmazonHelp,1,False,other
24505,24498,"@AmazonHelp It is being arranged ,but a week after arranging Prime delivery, I have to order it again. It is not good enough.","It is being arranged ,but a week after arranging Prime delivery, I have to order it again. It is not good enough.",24499,@121282 Apologies for any inconvenience. You should experience no further issues with your new order. ^TS,Wed Nov 01 12:54:18 +0000 2017,121282,AmazonHelp,1,False,delivery_order_status
24505,24503,"@AmazonHelp Hi, predictably no sign of the parcel and no word from the carrier. This is the FIFTH day the parcel has been 'out for delivery'. Pathetic.","Hi, predictably no sign of the parcel and no word from the carrier. This is the FIFTH day the parcel has been 'out for delivery'. Pathetic.",24502,"@121282 Sorry to hear that, please get in touch with us here: https://t.co/JzP7hlA23B so we can help ^AS",Wed Nov 01 09:09:51 +0000 2017,121282,AmazonHelp,1,False,delivery_order_status
24505,24505,My @115830 Prime 'expedited' delivery has been 'out for delivery' for 70 hours. I could have WALKED to Amazon warehouse &amp; back in 58 hrs. https://t.co/3VpfI4JFQS,My Prime 'expedited' delivery has been 'out for delivery' for 70 hours. I could have WALKED to Amazon warehouse &amp; back in 58 hrs.,24504,"@121282 Hi, sorry for the wait! Please keep us posted, our carrier delivers until 9pm today. ^TS",Tue Oct 31 11:24:02 +0000 2017,121282,AmazonHelp,1,False,delivery_order_status
24509,24509,@121284 My Echo Dot has reached my city😂 but not yet out for delivery! ☹️😞,My Echo Dot has reached my city😂 but not yet out for delivery! ☹️😞,24506,@121283 with our courier services to have the package delivered soon. Stay tuned. (2/2) ^VM,Wed Nov 01 08:54:00 +0000 2017,121283,AmazonHelp,2,False,device_digital_content
24533,24532,@AmazonHelp Yes,Yes,24534,@121290 May I please know what error do you see while trying to access the videos? ^SH,Wed Nov 01 09:25:57 +0000 2017,121290,AmazonHelp,1,True,other
24533,24533,@AmazonHelp I am unable to Use Prime Video even though I am Prime Member it tells me to sign up for prime Membership,I am unable to Use Prime Video even though I am Prime Member it tells me to sign up for prime Membership,24531,@121290 Apologies for the trouble. Could you please let us know if you have logged in on prime enabled account? ^SB,Wed Nov 01 08:52:40 +0000 2017,121290,AmazonHelp,1,False,prime_membership
24533,24535,@AmazonHelp It's says to sign up for prime and then takes me to website where I see manage prime Membership page once I login,It's says to sign up for prime and then takes me to website where I see manage prime Membership page once I login,24536,@121290 Are you using the same login credentials of the Amazon Prime account ? ^CB,Wed Nov 01 09:44:44 +0000 2017,121290,AmazonHelp,1,False,account_access
24556,24556,@AmazonHelp your courier sucks really!,your courier sucks really!,24554,"@121283 Well that doesn't sound good, what happened? ^AS",Wed Nov 01 09:18:36 +0000 2017,121283,AmazonHelp,1,False,delivery_order_status
24559,24558,"@AmazonHelp Eh, they don’t know where it is either. The only thing we can all agree on is that it isn’t with me where it should be. Hopefully turn up?!","Eh, they don’t know where it is either. The only thing we can all agree on is that it isn’t with me where it should be. Hopefully turn up?!",24560,@121292 Has it been dispatched? Is there any tracking available? ^PK,Wed Nov 01 09:20:04 +0000 2017,121292,AmazonHelp,1,False,other
24559,24559,How about a ‘where IS my package?’ button @AmazonHelp? £40 lost. 😡 https://t.co/SS9iH4oZFI,How about a ‘where IS my package?’ button ? £40 lost. 😡,24557,"@121292 Hi, sorry to hear that, contact us here: https://t.co/JzP7hlA23B we'll help ^AS",Wed Nov 01 09:09:22 +0000 2017,121292,AmazonHelp,1,False,delivery_order_status
24562,24562,@115850 @121294 Yesterday my LGQ6 was delivered and I complain for its heating issue but didn't get any appropriate response.,Yesterday my LGQ6 was delivered and I complain for its heating issue but didn't get any appropriate response.,24561,@121293 Please share your details from the link here: https://t.co/beaaDm0muc to assist you accordingly. (2/2)^HR,Wed Nov 01 08:49:19 +0000 2017,121293,AmazonHelp,2,False,delivery_order_status
24562,24564,@115850 @121294 The link is showing invalid response error.,The link is showing invalid response error.,25950,"@121293 Uhoh! You'll need to copy the link and paste it in the search engine. Alternatively, please use a desktop or laptop. ^JC",Wed Nov 01 09:24:41 +0000 2017,121293,AmazonHelp,1,False,other
24562,24565,@115850 @121294  https://t.co/iifNtZ3xNJ,,25957,"@121293 As I can confirm that the link provided is working properly, please clear the caches &amp; cookies and try again. ^SI",Wed Nov 01 09:29:30 +0000 2017,121293,AmazonHelp,1,True,other
24567,24567,"Sympa le livre mal découpé @120533 😂
Les produits sont parfaits d'habitude alors je vous pardonne https://t.co/DKsn618fo7",Sympa le livre mal découpé 😂 Les produits sont parfaits d'habitude alors je vous pardonne,24566,"@121295 Bonjour Marine, je suis navrée pour cet incident. Merci pour votre compréhension. L'avez-vous signalé à notre SAV ? ^SB",Wed Nov 01 09:01:23 +0000 2017,121295,AmazonHelp,1,False,other
24572,24570,"@AmazonHelp I did - when you asked already
https://t.co/QCt7kMtESE",I did - when you asked already,24568,"@120918 Apologies Linda, multiple tweets were picked up! The best option is to contact the publisher, they should have more info. ^TS",Wed Nov 01 09:06:17 +0000 2017,120918,AmazonHelp,1,False,other
24963,24963,"@AmazonHelp 
Case id 4063530272
nirmalequipment __email__",Case id 4063530272 nirmalequipment __email__,24961,"@120612 Bonjour, en quoi puis-je vous aider ? ^FA",Wed Nov 01 09:29:21 +0000 2017,120612,AmazonHelp,1,False,other
24969,24969,@116928 necesito ayuda ya que estoy recibiendo paquetes que no he comprado y me dijeron en atc que son regalos. Pero... De quien??,necesito ayuda ya que estoy recibiendo paquetes que no he comprado y me dijeron en atc que son regalos. Pero... De quien??,24966,"@121401 Hola Macarena, puedes contactar a nuestro SAC para verificar contigo la situación: https://t.co/OjvUxw5YqE ^AV",Wed Nov 01 09:36:57 +0000 2017,121401,AmazonHelp,1,False,other
24972,24971,@117093 Thanks for the mold amazonfresh https://t.co/0GR6LuOxAp,Thanks for the mold amazonfresh,24970,@121402 Oh no!!! Have you been in touch with us about this? ^AS,Wed Nov 01 09:32:51 +0000 2017,121402,AmazonHelp,1,False,other
24974,24974,It's coming. Can't wait for @115833. 😍 https://t.co/q7cOPYN5AL,It's coming. Can't wait for . 😍,24973,"@121403 Appreciate the excitement,  Amol. Order will be delivered by the estimates provided. ^VH",Wed Nov 01 09:18:45 +0000 2017,121403,AmazonHelp,1,False,other
24986,24976,@AmazonHelp I am receiving the same mails... Amazon is not at all cooperating..,I am receiving the same mails... Amazon is not at all cooperating..,24975,"@121404 For details, you may refer here: https://t.co/AEcmUNz7HR. 2/2 ^SB",Wed Nov 01 09:12:02 +0000 2017,121404,AmazonHelp,2,False,other
24986,24979,"@AmazonHelp receiving same mails 4m u no resolution yet. I CANNOT trust a company that gives me unboxed product, I will NOT opt for replacement...","receiving same mails 4m u no resolution yet. I CANNOT trust a company that gives me unboxed product, I will NOT opt for replacement...",24978,"@121404 I understand the gravity of the situation. As per the policy, we can offer only replacement (1/3)^HR",Fri Oct 27 06:15:24 +0000 2017,121404,AmazonHelp,1,False,refund_return
24986,24983,@AmazonHelp No effort from @115850 yet.,No effort from yet.,24982,@121404 We've sent a correspondence to your registered email id. Please check the same for more information. ^ZH,Wed Oct 25 06:09:05 +0000 2017,121404,AmazonHelp,1,False,other
24986,24986,@AmazonHelp order 406-5346056-8286767 I want a refund for the product. https://t.co/CKTsoBPMgb,order 406-5346056-8286767 I want a refund for the product.,24984,@121404 Sincere apologies for the mess. Please fill this form: https://t.co/beaaDm0muc so we could get this sorted soon. 1/2 ^RS,Mon Oct 23 11:03:26 +0000 2017,121404,AmazonHelp,1,False,refund_return
24999,24990,"@AmazonHelp Yes, I just did. Not helping. Provide an email ID I can write to.","Yes, I just did. Not helping. Provide an email ID I can write to.",24989,@121405 Choose Reason &gt; Choose Issue &gt; Choose the mode of contact E-mail (2/2) ^GK,Wed Nov 01 09:17:09 +0000 2017,121405,AmazonHelp,2,False,other
24999,24993,"@AmazonHelp Phone, your IVR options are not flexible.","Phone, your IVR options are not flexible.",24992,"@121405 Just to confirm, have you tried contacting us via chat or email through the link provided earlier? ^HS",Tue Oct 31 17:33:13 +0000 2017,121405,AmazonHelp,1,False,other
24999,24996,@AmazonHelp There was no way I could communicate that I never subscribed for a prime membership on your dot com website.,There was no way I could communicate that I never subscribed for a prime membership on your dot com website.,24994,@121405 Did you contact us directly via phone or chat: https://t.co/hApLpMlfHN? ^AB,Mon Oct 30 16:22:13 +0000 2017,121405,AmazonHelp,1,False,prime_membership
24999,24999,@115821 Deducting $10.99 from my credit card every month. Tried reaching you on your toll-free number but no help.,Deducting $10.99 from my credit card every month. Tried reaching you on your toll-free number but no help.,24997,@121405 I apologize for the trouble! What options were you given when you called in and spoke with us? ^NC,Mon Oct 30 13:00:53 +0000 2017,121405,AmazonHelp,1,False,payment_billing
25001,25001,@AmazonHelp i have had a payment taken THREE times and no product!,i have had a payment taken THREE times and no product!,25000,"@121406 Hi Katie. If you get in touch: https://t.co/JzP7hlA23B, we'll be happy to look into this with you. ^DC",Wed Nov 01 09:23:45 +0000 2017,121406,AmazonHelp,1,False,other
25004,25003,@AmazonHelp No i’ve already done that and you have taken more money out of my bank! Someone needs to contact me not an auto form,No i’ve already done that and you have taken more money out of my bank! Someone needs to contact me not an auto form,25005,@121406 We're unable to access your acc here. Get in touch here: https://t.co/JzP7hlA23B and we'll be happy to help. ^RS,Wed Nov 01 09:34:46 +0000 2017,121406,AmazonHelp,1,False,service_complaint
25004,25004,@AmazonHelp had an email saying payment has been reversed but has been taken AGAIN this morning.,had an email saying payment has been reversed but has been taken AGAIN this morning.,25002,"@121406 Hi, sorry to hear that, please get in touch with us here: https://t.co/JzP7hlA23B we'll help ^AS",Wed Nov 01 09:24:18 +0000 2017,121406,AmazonHelp,1,False,other
25008,25007,@AmazonHelp Amazon Id __email__ I have added ₹460 and make a Jio recharge 399. As per your offer 101 cashback+ 20% on first top-up.I didn't,Amazon Id __email__ I have added ₹460 and make a Jio recharge 399. As per your offer 101 cashback+ 20% on first top-up.I didn't,25009,"@121407 Please don't provide your order details,we consider it to be personal information. Our page is visible to the public.2/2^SC",Wed Nov 01 11:02:48 +0000 2017,121407,AmazonHelp,2,False,other
25008,25008,@115850 your Amazon pay offer is more complected than GST and thats all a bundle of crooks.,your Amazon pay offer is more complected than GST and thats all a bundle of crooks.,25006,@121407 We're sorry to hear that. Could you please tell us what went wrong so we could check? ^HK,Wed Nov 01 09:17:15 +0000 2017,121407,AmazonHelp,1,False,other
25013,25012,@AmazonHelp  I reported 5 times,I reported 5 times,25014,@121408 Apologies for the trouble. Please fill up this form: https://t.co/GIJyeYqKE0 and we'll reach out to you with an update. ^HK,Wed Nov 01 09:31:17 +0000 2017,121408,AmazonHelp,1,False,other
25013,25013,"@115850 I gt 2 updated from Amazon
First my product got shiped..
2nd I refused to take product...no cl for delivery",I gt 2 updated from Amazon First my product got shiped.. 2nd I refused to take product...no cl for delivery,25011,@121408 Sorry for the trouble with the delivery. Have you reported this to our support team here: https://t.co/2t6DQoUmNZ? ^HR,Wed Nov 01 09:06:45 +0000 2017,121408,AmazonHelp,1,False,delivery_order_status
25013,25015,@AmazonHelp  Amazon is just making me fool from last 10 days ...is there any system,Amazon is just making me fool from last 10 days ...is there any system,25017,@121408 Sorry for any inconvenience. Could you confirm sharing your details in the link provided above by ^HK ? ^KA,Fri Nov 03 07:42:49 +0000 2017,121408,AmazonHelp,1,False,other
25013,25016,@AmazonHelp  can anybody is there for help me I had called amazon 20 times but I don't know where is my product.. Will I get this or not,can anybody is there for help me I had called amazon 20 times but I don't know where is my product.. Will I get this or not,25018,"@121408 If you're unable to find our correspondence, you may fill the form again https://t.co/SK1AZRszNa and we'll assist you. 2/2^PJ",Sun Nov 05 13:37:05 +0000 2017,121408,AmazonHelp,2,False,delivery_order_status
25261,25261,@115850 I am a Prime customer. Is Amazon Video free for me or do I still need to pay some monthly subscription charges?,I am a Prime customer. Is Amazon Video free for me or do I still need to pay some monthly subscription charges?,25260,"@121461 If you're a prime member, you will have access to prime video. Kindly download the app and login with your registered account.^SQ",Sat Nov 04 00:21:31 +0000 2017,121461,AmazonHelp,1,False,payment_billing
25264,25263,"@AmazonHelp It's blank. My delivery status still says ""can't deliver"" even though I've called customer service.
This is the second time in one year.","It's blank. My delivery status still says ""can't deliver"" even though I've called customer service. This is the second time in one year.",25262,"@121462 Thanks for the update, Chris! When you spoke with us previously, what options or insight were we able to provide? ^ML",Sat Nov 04 00:17:06 +0000 2017,121462,AmazonHelp,1,False,delivery_order_status
25276,25276,"｢猫はAmazonの箱が好き｣という話を聞いて、我が家でも届いた箱を放置してみたら、やはり入って寛いでた…w
今度毛布敷くね(´ｰ｀) https://t.co/PaFgEda2Xn",｢猫はAmazonの箱が好き｣という話を聞いて、我が家でも届いた箱を放置してみたら、やはり入って寛いでた…w 今度毛布敷くね(´ｰ｀),25275,"@121466 |・ω・*) ｿｰｯｯ
やはり、Amazonの箱は、猫ちゃん達に人気ですね。。。
Amazonの段ボール箱は、浅さとか大きさなど猫ちゃんに好かれる要素が何かあるみたいなんです(*´д`*)
(*´-`).｡oO(入り心地はどうだったかな~)TY",Fri Nov 03 16:44:36 +0000 2017,121466,AmazonHelp,1,False,other
25281,25279,@AmazonHelp Yes I have contacted Amazon and this problem is going to cost me a lot of money and as of right now there is solution.,Yes I have contacted Amazon and this problem is going to cost me a lot of money and as of right now there is solution.,25277,"@121467 When you contacted us previously, what options or insights were provided to you? ^CH",Sat Nov 04 00:21:39 +0000 2017,121467,AmazonHelp,1,False,other
25281,25281,@115821 you have NEVER let me down. The one time I need a package on time you fail me.,you have NEVER let me down. The one time I need a package on time you fail me.,25280,@121467 I'm so sorry for the frustrating experience! Have you reached us directly for your options: https://t.co/hApLpMlfHN? ^DW,Sat Nov 04 00:14:07 +0000 2017,121467,AmazonHelp,1,False,delivery_order_status
25283,25283,@115821 why won't my card work? I have money in the bank,why won't my card work? I have money in the bank,25282,@121468 I'm sorry for the trouble! Please try the troubleshooting tips outlined here: https://t.co/mQwbihhYVK ^JP,Fri Nov 03 23:53:07 +0000 2017,121468,AmazonHelp,1,False,other
25293,25287,@AmazonHelp Will I get a refund? I paid extra for next day delivery.,Will I get a refund? I paid extra for next day delivery.,25286,"@121470 When you can, please reach us via phone or chat here: https://t.co/oGDklGgbCZ so we can look into available options. ^SJ",Sat Nov 04 00:03:42 +0000 2017,121470,AmazonHelp,1,False,refund_return
25293,25289,@AmazonHelp Hi it’s currently 23:25 uk time,Hi it’s currently 23:25 uk time,25288,@121470 I'm sorry your parcel hasn't arrived! Late deliveries are typically received next business day. Please keep us posted! ^BN,Fri Nov 03 23:26:58 +0000 2017,121470,AmazonHelp,1,False,other
25293,25291,@AmazonHelp  https://t.co/1dmMd2wSOv,,25290,@121470 It appears the item is set to arrive today. Keep in mind we deliver up until 21:00. Let us know if it doesn't arrive! ^CN,Fri Nov 03 23:20:22 +0000 2017,121470,AmazonHelp,1,True,other
25293,25293,@AmazonHelp where is my order? I paid for 1 day delivery yesterday and no notification to say to pick it up at the pick up point.,where is my order? I paid for 1 day delivery yesterday and no notification to say to pick it up at the pick up point.,25292,@121470 I am sorry for the wait! What's the latest tracking/delivery date shown in Your Orders here: https://t.co/aaDyEz1VgE. ^LM,Fri Nov 03 20:23:07 +0000 2017,121470,AmazonHelp,1,False,delivery_order_status
25296,25295,@AmazonHelp Yup and this is the third time,Yup and this is the third time,25297,@121471 I'm sorry to hear this! Does this tend to happen with a certain carrier? Keep us updated! ^AB,Sat Nov 04 16:10:55 +0000 2017,121471,AmazonHelp,1,False,other
25296,25296,3 out of 4 of my @115821 orders have not actually had two day shipping. Feeling ripped off.,3 out of 4 of my orders have not actually had two day shipping. Feeling ripped off.,25294,@121471 Oh no! Have we missed the delivery date on the confirmation email? ^BA,Sat Nov 04 00:15:06 +0000 2017,121471,AmazonHelp,1,False,delivery_order_status
25296,25298,@AmazonHelp Yeah it happens with you! Stuff that is marked amazon prime and says I'll get it in two days and then at 8pm on the second day changes ETA.,Yeah it happens with you! Stuff that is marked amazon prime and says I'll get it in two days and then at 8pm on the second day changes ETA.,25299,"@121471 We'd like to have a specialist look into this. When you get the chance, leave us some details here: https://t.co/YsS78D9Zkk ^TH",Sat Nov 04 17:26:35 +0000 2017,121471,AmazonHelp,1,False,other
25309,25306,@AmazonHelp Wasn’t even brought up. I called and used the chat. Very disappointed.,Wasn’t even brought up. I called and used the chat. Very disappointed.,25304,@121473 My team would like to look into helping with this. Please provide your info &amp; we will reach out: https://t.co/2kHRWcnKYj ^RM,Sat Nov 04 00:09:35 +0000 2017,121473,AmazonHelp,1,False,other
25309,25308,@115766 @115821 You gave me $5 and made me call USPS. 👎,You gave me $5 and made me call USPS. 👎,25307,"@121473 I'm sorry, Natalie! Did we give you any options as far as refunding or replacing the item? ^CN",Fri Nov 03 23:58:17 +0000 2017,121473,AmazonHelp,1,False,other
25321,25321,amazonプライムビデオ開いたら懐かしいの見つけちゃって、ついつい観てしまった。 https://t.co/qX2xS64sFn,amazonプライムビデオ開いたら懐かしいの見つけちゃって、ついつい観てしまった。,25320,"@121476 |ω・)
見つけちゃいましたか？？
ごゆっくり、観ちゃってください( *• ̀ω•́ )b TY",Fri Nov 03 19:41:53 +0000 2017,121476,AmazonHelp,1,True,other
2540,2533,"@AmazonHelp 先日教えていただいたように、fireTVstickとルーターの両方を再起動してみたら、前回のようには途切れなくなりました！ありがとうございます😊今の所大丈夫ですが、あとは72時間TV当日に接続が切れてしまわないように祈るのみです...。
お礼と報告まで。 https://t.co/hS5VmxuIfX",先日教えていただいたように、fireTVstickとルーターの両方を再起動してみたら、前回のようには途切れなくなりました！ありがとうございます😊今の所大丈夫ですが、あとは72時間TV当日に接続が切れてしまわないように祈るのみです...。 お礼と報告まで。,2532,@116312 わざわざご連絡をいただき、ありがとうございます。問題が改善されたようで、何よりでございます。万が一再度お困りのことがございましたら、ご遠慮なくお知らせください🙏 YM,Tue Oct 31 15:52:42 +0000 2017,116312,AmazonHelp,1,False,device_digital_content
2540,2535,@AmazonHelp ご丁寧にありがとうございます！トライしてみて改善されなければCSへご連絡します。返信いただけると思っていなかったので本当に嬉しいです！,ご丁寧にありがとうございます！トライしてみて改善されなければCSへご連絡します。返信いただけると思っていなかったので本当に嬉しいです！,2534,@116312 こちらこそリプライいただきありがとうございます！ご様子を見ていただき、改善されない場合、お早目にカスタマーサービスにご連絡いただければと存じます。よろしくお願いいたします m(_ _)m HM,Sun Oct 29 11:43:59 +0000 2017,116312,AmazonHelp,1,False,other
2540,2537,"@AmazonHelp ありがとうございます！
テレビにstickを接続しているのですが、WiFi接続がすぐに切れてしまい、数分しか見ることができません。",ありがとうございます！ テレビにstickを接続しているのですが、WiFi接続がすぐに切れてしまい、数分しか見ることができません。,2536,"@116312 かしこまりました。端末、ルーター、モデムを再起動し改善するかお試しください。https://t.co/mUMGYDqPEM
改善しない場合、カスタマーサービスにお知らせください。https://t.co/NtNAX37Sr4 ET https://t.co/kp0Ug6rMsZ",Sun Oct 29 09:14:12 +0000 2017,116312,AmazonHelp,1,False,other
2540,2539,@116313 fire TV stickを購入したのですが一瞬しかうつりません.°(ಗдಗ。)°.どうしたらいいのでしょうか...,fire TV stickを購入したのですが一瞬しかうつりません.°(ಗдಗ。)°.どうしたらいいのでしょうか...,2538,@116312 アマゾンです。お困りの状況が特定できないのですが、エラーメッセージや画面の状況、操作方法など詳しい状況を教えていただけますか。ご利用端末はテレビですかPS4などのゲーム機でしょうか。ET,Sun Oct 29 08:50:17 +0000 2017,116312,AmazonHelp,1,False,device_digital_content
2540,2541,@116313 FireTVstick購入し接続完了、画面の切り替えも問題ないのですが、音声が切り替わらないです。どうしたらいいのでしょうか？(＞＜),FireTVstick購入し接続完了、画面の切り替えも問題ないのですが、音声が切り替わらないです。どうしたらいいのでしょうか？(＞＜),12507,"@118502 Fire TV Stickのご注文ありがとうございます。
音声が切り替わらないとのことなので、設定等を確認の上ご案内させていただきます。
よろしければ、下記URLよりご連絡ください。https://t.co/bwBU0NvYIn TY",Wed Nov 01 01:13:37 +0000 2017,118502,AmazonHelp,1,False,device_digital_content
2561,2561,Erm @AmazonHelp I bought this item for £5.99... why am I only getting £1.67 back?! https://t.co/lb33bFOcW0,Erm I bought this item for £5.99... why am I only getting £1.67 back?!,2560,"@116318  We'd like to take a closer look into this refund for you. Please reach us at:https://t.co/JzP7hlA23B
 ^CC",Tue Oct 31 21:26:14 +0000 2017,116318,AmazonHelp,2,False,other
2568,2568,"Hey @115821, why is your Prime 2-day delivery not arriving until Monday? Is there a holiday I don't know about?","Hey , why is your Prime 2-day delivery not arriving until Monday? Is there a holiday I don't know about?",2566,"@116320 Most items are readily available for shipping; however, some aren't and may have a longer processing time than others. ^QJ",Tue Oct 31 22:40:57 +0000 2017,116320,AmazonHelp,1,False,delivery_order_status
2577,2570,"@AmazonHelp yes i did,but amazonuk is not doing the refund process.if they do it .i will get the money","yes i did,but amazonuk is not doing the refund process.if they do it .i will get the money",2569,"@116321 I would like someone from our team to take a look into this for you, Sanu. Please reach out here: https://t.co/QtC7bueYoR ^LA",Tue Oct 31 22:16:47 +0000 2017,116321,AmazonHelp,1,False,refund_return
2577,2572,@AmazonHelp i mailed amazonuk so many time. but i havent got any progress.customer care just saying thats in the billing section.no i havent got refund,i mailed amazonuk so many time. but i havent got any progress.customer care just saying thats in the billing section.no i havent got refund,2571,@116321 Have you had a chance to speak with your bank regarding the refund? ^EA,Tue Oct 31 22:00:12 +0000 2017,116321,AmazonHelp,1,False,refund_return
2577,2574,@AmazonHelp and redund issued on 13th https://t.co/1uydlorGCp no sing of my money and amazonuk just saying its in the billing department.no signof devlp,and redund issued on 13th no sing of my money and amazonuk just saying its in the billing department.no signof devlp,2573,@116321 When you last contacted us what information did we provide? Have you spoken with your bank to see if they have the refund? ^LR,Tue Oct 31 21:43:12 +0000 2017,116321,AmazonHelp,1,False,payment_billing
2577,2577,@115830 amazonuk took money without any https://t.co/w25zXi7DYp they are not giving it back nor giving clear statement of my refund proces,amazonuk took money without any they are not giving it back nor giving clear statement of my refund proces,2575,"@116321 I'm sorry for the frustration! Without giving personal/account details, could you tell us a bit more about what's going on? ^DG",Tue Oct 31 21:17:08 +0000 2017,116321,AmazonHelp,1,False,refund_return
2580,2580,the @amazonhelp queue is clueless on Amazon Household,the queue is clueless on Amazon Household,2578,"@116322 I'm sorry for the frustration! Without giving account/personal details, can you please provide us with more info? ^AC",Tue Oct 31 22:46:16 +0000 2017,116322,AmazonHelp,1,False,other
2580,2581,"@AmazonHelp I've been in the prime queue, kindle queue, the echo queue, and now on hold again.","I've been in the prime queue, kindle queue, the echo queue, and now on hold again.",2582,@116322 We'd like to look deeper into this issue. Please provide us with more information here: https://t.co/wpDDiHUP4k. ^LH,Tue Oct 31 22:50:46 +0000 2017,116322,AmazonHelp,1,False,device_digital_content
25839,25834,"@AmazonHelp yeah, other screen shot is confirmation email. Also logged in with same account.","yeah, other screen shot is confirmation email. Also logged in with same account.",25831,@121644 Pls reach out here so we can check this for you Kris https://t.co/q8uNognC5E ^KM,Wed Nov 01 09:48:23 +0000 2017,121644,AmazonHelp,1,False,account_access
25839,25838,@AmazonHelp @121644 I am also having the same predicament! I got a confirmation message and email but am unable to access the presale!,I am also having the same predicament! I got a confirmation message and email but am unable to access the presale!,25840,"@121645 Hi, have you been able to check you're logged in using the same email/password combination? ^TS",Wed Nov 01 09:48:39 +0000 2017,121645,AmazonHelp,1,False,other
25839,25839,Help @120474 I registered for the morrissey presale but on event page it says I'm not. Concerned for 10am! https://t.co/dHq5rt33yP,Help I registered for the morrissey presale but on event page it says I'm not. Concerned for 10am!,25837,"@121644 Hi, did you receive a confirmation message when you registered? Did you access using the same log in details? ^TS",Wed Nov 01 09:37:12 +0000 2017,121644,AmazonHelp,1,False,other
25839,25841,"@AmazonHelp yeah I am, I only have the one login!","yeah I am, I only have the one login!",25842,@121645 We want to help! Please use the link provided by ^KM so we can take a look into the situation.,Wed Nov 01 10:01:12 +0000 2017,121645,AmazonHelp,1,False,account_access
25848,25847,@AmazonHelp Amazon Cust Cre is not able to resolve my problem related to refund. Checkout details of my a/c.(Reg Mob No: 9867111188),Amazon Cust Cre is not able to resolve my problem related to refund. Checkout details of my a/c.(Reg Mob No: 9867111188),25849,"@121648 Please don't provide your order details, as we consider it to be personal information. Our Twitter page is public.​ (2/2) ^SI",Wed Nov 01 10:00:44 +0000 2017,121648,AmazonHelp,2,False,refund_return
25848,25848,"@115850 Its more than two week now, never had such pathetic experience with Amazon.","Its more than two week now, never had such pathetic experience with Amazon.",25846,@121648 I'm sorry to hear that. Could you please let us know what went wrong? We'd like to help. ^VM,Wed Nov 01 09:44:56 +0000 2017,121648,AmazonHelp,1,False,service_complaint
25863,25852,@AmazonHelp Check this.. https://t.co/W9hQxPe8lF,Check this..,25854,"@121649 Sorry for the miss with the delivery of your order, we certainly did not expect this to happen. 1/2 ^PS",Thu Nov 02 07:21:42 +0000 2017,121649,AmazonHelp,2,False,other
25863,25853,@115850 @121284 It feels like it is my mistake that I ordered it early. Didn’t expect this from amazon for their own developed product #echoDot,It feels like it is my mistake that I ordered it early. Didn’t expect this from amazon for their own developed product #echoDot,25851,@121649 Please let us know if we have missed the estimated delivery date for your order through this link: https://t.co/vlvfJr4nN9. ^SI,Wed Nov 01 09:41:38 +0000 2017,121649,AmazonHelp,1,False,other
25863,25855,@AmazonHelp What is this ? Two days in a row it has gone to wrong courier facility ? No follow ups from amazon !! https://t.co/ixGAtTiBR0,What is this ? Two days in a row it has gone to wrong courier facility ? No follow ups from amazon !!,25857,"@121649 Sorry about that. I’d like to help you, please fill this form: https://t.co/beaaDm0muc and I’ll contact you soon. ^SY",Thu Nov 02 07:37:47 +0000 2017,121649,AmazonHelp,1,False,delivery_order_status
25863,25858,@AmazonHelp Done. No contact yet.,Done. No contact yet.,25859,@121649 We haven't received your details yet. Kindly fill your details once again in the link provided earlier &amp; we'll get in touch. ^SY,Thu Nov 02 12:08:41 +0000 2017,121649,AmazonHelp,1,False,other
25863,25860,"@AmazonHelp I did fill up the form twice, still waiting for a phone call back!","I did fill up the form twice, still waiting for a phone call back!",25861,@121649 Please check your correspondence here: https://t.co/D4JYCz78qX. (2/2) ^JS,Fri Nov 03 12:46:58 +0000 2017,121649,AmazonHelp,2,False,other
25863,25863,"@115850 @121284 hey amazon, my echo dot is taking 4 days to be delivered even though I am in Mumbai. #disappointed #badService","hey amazon, my echo dot is taking 4 days to be delivered even though I am in Mumbai. #disappointed #badService",25864,@121649 We ship the packages to meet the estimates provided while placing the order. Did we happen to miss it? ^AR,Wed Nov 01 09:38:51 +0000 2017,121649,AmazonHelp,1,False,device_digital_content
25878,25878,@115850 my ordr shows delivrd.Track (AW851403592IN) but I didn't receve https://t.co/UvOyNqiytK z it possible? It means Amazon z cheating,my ordr shows delivrd.Track (AW851403592IN) but I didn't receve z it possible? It means Amazon z cheating,25877,"@121653 Please don't provide your order details, as we consider it to be personal information. Our Twitter page is public.​ (2/2) ^SI",Wed Nov 01 09:40:43 +0000 2017,121653,AmazonHelp,2,False,other
2602,2591,@AmazonHelp No on the card. It works only half the time. Yes on USPS. They say my delivery person won’t deliver anything over 30 lbs. just sends it back,No on the card. It works only half the time. Yes on USPS. They say my delivery person won’t deliver anything over 30 lbs. just sends it back,2587,"@116325 We'd like another chance to look into this. Please reach out by phone or chat: https://t.co/hApLpMlfHN

Please keep us updated. ^FJ",Tue Oct 31 22:24:18 +0000 2017,116325,AmazonHelp,1,False,delivery_order_status
25935,25930,"@AmazonHelp Also geprüft und für negativ befunden, ich hoffe das Paket kommt heute an und vor allem gut Verpackt, die 3te Box war leider zerknickt ...","Also geprüft und für negativ befunden, ich hoffe das Paket kommt heute an und vor allem gut Verpackt, die 3te Box war leider zerknickt ...",25932,@121658 Ich drücke dir auf alle Fälle die Daumen. ^AN,Wed Nov 01 11:13:02 +0000 2017,121658,AmazonHelp,1,False,other
25935,25931,@AmazonHelp Screenshot wurde vor 10 Minuten gemacht :) Danke für die schnelle Rückmeldung.,Screenshot wurde vor 10 Minuten gemacht :) Danke für die schnelle Rückmeldung.,25929,@121658 Gerne.,Wed Nov 01 09:46:57 +0000 2017,121658,AmazonHelp,1,False,other
25935,25935,"Echt jetzt, @116316 ? https://t.co/oh9izlNE8G","Echt jetzt, ?",25934,"@121658 Oje, ich hoffe, die Ansicht ist nur nicht aktuell. Lass das doch bitte gleich mal prüfen: https://t.co/va1VRoK7GS Gruß ^DW",Wed Nov 01 09:39:08 +0000 2017,121658,AmazonHelp,1,False,other
25938,25937,@AmazonHelp I sent a direct message with details on this,I sent a direct message with details on this,25939,@121660 Ok thanks. ^KM,Wed Nov 01 10:02:45 +0000 2017,121660,AmazonHelp,1,False,other
25938,25938,"@AmazonHelp so I order on prime for next day delivery and receive nothing :/ cant track parcel, cant contact seller...how do I get my delivery??massively disappointed","so I order on prime for next day delivery and receive nothing :/ cant track parcel, cant contact seller...how do I get my delivery??massively disappointed",25936,@121660 Hi. Is the order being sold directly by ourselves or a third party seller? ^DC,Wed Nov 01 09:38:35 +0000 2017,121660,AmazonHelp,1,False,seller_marketplace
2602,2594,@AmazonHelp Want to speak to someone at corp to address these issues.,Want to speak to someone at corp to address these issues.,2592,@116325 Have you tried deleting the card from the account and re-adding it? Have you reached out to USPS about these deliveries? ^AF https://t.co/1XyLaGkcaN,Tue Oct 31 20:18:44 +0000 2017,116325,AmazonHelp,1,False,other
25942,25941,"@AmazonHelp Dovreste aggiungere un tasto ""Compra tutta la lista"". 🤣","Dovreste aggiungere un tasto ""Compra tutta la lista"". 🤣",25943,@121661 Ottima idea! ^FS https://t.co/QoQI5Lzs5o,Wed Nov 01 09:56:55 +0000 2017,121661,AmazonHelp,1,False,other
25942,25942,"Potrei lanciare una start up come ""organizzatore di liste dei desideri di #Amazon"". Sembro un accumulatore seriale di oggetti virtuali. https://t.co/LrNSYdd2TB","Potrei lanciare una start up come ""organizzatore di liste dei desideri di #Amazon"". Sembro un accumulatore seriale di oggetti virtuali.",25940,"@121661 La  chiamiamo ""I sogni son desideri""? 😂 ^CS",Wed Nov 01 09:31:51 +0000 2017,121661,AmazonHelp,1,False,other
25863,25944,@AmazonHelp But why I was not shown the option of next day delivery whereas it is currently shown right now.,But why I was not shown the option of next day delivery whereas it is currently shown right now.,25945,@121649 Please get in touch with us via https://t.co/TxK11znixD and check it out for you. ^AM,Wed Nov 01 10:20:40 +0000 2017,121649,AmazonHelp,1,False,delivery_order_status
25947,25947,@115850 i love u but the amount of plastic and the size of the box in comparison to the size of the product is gargantuan! @115821 https://t.co/Ha9vi9hA8z,i love u but the amount of plastic and the size of the box in comparison to the size of the product is gargantuan!,25946,@121662 We value your comments! You can personally drop all packaging feedback here : https://t.co/lvha47jKgQ. ^CB,Wed Nov 01 09:38:18 +0000 2017,121662,AmazonHelp,1,False,other
25952,25952,@AmazonHelp Fresh completely ignored my messages and you guys just ask how u can help then disappear when i ask. https://t.co/XPjmFqRyA4,Fresh completely ignored my messages and you guys just ask how u can help then disappear when i ask.,25951,@121402 You need to contact Amazon Fresh via here: https://t.co/JzP7hlA23B and we can help further. ^AS,Wed Nov 01 09:42:43 +0000 2017,121402,AmazonHelp,1,False,other
25956,25956,Danke @116316 für die überpünktliche Lieferung❤️ https://t.co/9My3Nh4Fqq,Danke für die überpünktliche Lieferung❤️,25954,@121664 Viel Spaß! ^DW,Wed Nov 01 09:41:48 +0000 2017,121664,AmazonHelp,1,False,other
25962,25959,"@AmazonHelp How many times we have to fill the forms. 23rd we raised the case 4063530272.
Today it's 1st Nov.
Still in waiting.
And we loose 4 orders",How many times we have to fill the forms. 23rd we raised the case 4063530272. Today it's 1st Nov. Still in waiting. And we loose 4 orders,25958,"@120612 your order details, we consider it to be personal info. Our page is visible to the public. (3/3)^SF",Wed Nov 01 09:11:44 +0000 2017,120612,AmazonHelp,3,False,other
25974,25970,@AmazonHelp It just been delivered now!,It just been delivered now!,25969,@121666 Hurrayy! ^AS,Wed Nov 01 09:39:08 +0000 2017,121666,AmazonHelp,1,False,delivery_order_status
25974,25972,@AmazonHelp Delivered,Delivered,25971,@121666 Oh no! Have you tried these steps to locate your parcel: https://t.co/rM4khb1tx5? Let us know! ^TG,Tue Oct 31 13:04:26 +0000 2017,121666,AmazonHelp,1,False,delivery_order_status
25974,25974,@AmazonHelp why am I getting ‘delivered’ updates when they haven’t been?!,why am I getting ‘delivered’ updates when they haven’t been?!,25973,"@121666 I'm sorry to hear this! Just to confirm,what is the current status of this package showing ? https://t.co/hApLpMlfHN ^MW",Tue Oct 31 12:58:23 +0000 2017,121666,AmazonHelp,1,False,delivery_order_status
2602,2598,@AmazonHelp Multiple calls to call amazon call center with zero resolution and never a promised call back.,Multiple calls to call amazon call center with zero resolution and never a promised call back.,2595,@116325 Can you tell us what insight / advice was provided with when you spoke with us last? We'd like to help if we can. ^BG,Tue Oct 31 19:52:08 +0000 2017,116325,AmazonHelp,1,False,other
2602,2602,Rapidly losing faith in @115821 and their #esl CS ability to solve problems. No resolutions or follow ups.,Rapidly losing faith in and their #esl CS ability to solve problems. No resolutions or follow ups.,2599,"@116325 Sorry for the poor experience. Without giving any account information, could you tell us what's going on? We'd love top help! ^MH",Tue Oct 31 19:21:37 +0000 2017,116325,AmazonHelp,1,False,other
26850,26848,@120474 When? It’s not up yet?,When? It’s not up yet?,26847,@121882 If you get in touch https://t.co/gYlykpxXKL we'll be happy to help. ^BM,Wed Nov 01 10:01:00 +0000 2017,121882,AmazonHelp,1,False,other
26858,26854,@AmazonHelp The date was changed at the end of the day it was supposed to be delivered. Now it suggests it's going to take 1-2 days more.,The date was changed at the end of the day it was supposed to be delivered. Now it suggests it's going to take 1-2 days more.,26856,@121883 My apologies for that. Please let us know if it's not received within the revised delivery estimate. ^DC,Wed Nov 01 10:13:09 +0000 2017,121883,AmazonHelp,1,False,delivery_order_status
26858,26855,@115830 help me understand,help me understand,26853,"@121883 Hi Ash, did the date change from your order confirmation email for the two items? ^TS",Wed Nov 01 09:55:43 +0000 2017,121883,AmazonHelp,1,False,other
26860,26860,"@115850 Hello, I have accidentally ordered DDR3 Ram and its not working in my pc! Will you please help me out here?","Hello, I have accidentally ordered DDR3 Ram and its not working in my pc! Will you please help me out here?",26859,"@121884 Sure, please get in touch with our support team here: https://t.co/vlvfJr4nN9. ^HN",Wed Nov 01 10:06:07 +0000 2017,121884,AmazonHelp,1,False,other
26893,26886,@AmazonHelp It’s not working!!,It’s not working!!,26889,@121888 Oh no! What's the issue? What does it show? ^PK,Wed Nov 01 10:08:35 +0000 2017,121888,AmazonHelp,1,False,other
26893,26887,"@120474 Ok, thanks. It wasn't showing on the page I was looking at x","Ok, thanks. It wasn't showing on the page I was looking at x",26884,@121888 Enjoy! ^BM,Wed Nov 01 09:56:42 +0000 2017,121888,AmazonHelp,1,False,other
26893,26892,@120474 @121888 I’m getting the same wtf,I’m getting the same wtf,27365,@121992 Please get in touch https://t.co/QfV30t1jzh and we'll look into this for you. ^BM,Wed Nov 01 10:05:24 +0000 2017,121992,AmazonHelp,1,False,other
26901,26895,@120474 Thank you! It now works,Thank you! It now works,26894,"@121890 Hi, thanks for the update. Enjoy the show! ^TS",Wed Nov 01 09:54:52 +0000 2017,121890,AmazonHelp,1,False,other
26901,26898,"@121890 @120474 Why does it say "" You have exceeded the maximum allowed number of tickets for this event."" I have no tickets ??!","Why does it say "" You have exceeded the maximum allowed number of tickets for this event."" I have no tickets ??!",27396,"@122004 My apologies Karolina. If you get in touch: https://t.co/JzP7hlA23B, we'll be happy to help. ^DC",Wed Nov 01 10:06:04 +0000 2017,122004,AmazonHelp,1,False,other
26904,26904,"@115850 inspite of all the problems faced, your customer service officers have an audacity to hang up! #PerksofBeingAPrimeMember","inspite of all the problems faced, your customer service officers have an audacity to hang up! #PerksofBeingAPrimeMember",26903,"@121891 Apologies, that's unacceptable indeed. Please fill this form: https://t.co/beaaDm0muc  and we'll get back to you soon. ^SI",Wed Nov 01 10:00:53 +0000 2017,121891,AmazonHelp,1,False,service_complaint
26920,26914,@AmazonHelp Just now! I gave you the benefit of the doubt but I have now cancelled the order.,Just now! I gave you the benefit of the doubt but I have now cancelled the order.,26912,"@121893 Hi, what info did we give about the dispatch issue? Were any options provided? ^TS",Wed Nov 01 09:54:00 +0000 2017,121893,AmazonHelp,1,False,delivery_order_status
26920,26916,@AmazonHelp Between 24th and 26th I believe,Between 24th and 26th I believe,26915,@121893 Have you contacted us about the delay: https://t.co/JzP7hlA23B? ^KB,Tue Oct 31 22:07:16 +0000 2017,121893,AmazonHelp,1,False,other
26920,26918,"@AmazonHelp Pre ordered a book and treated myself to another book, neither have even dispatched! The order is still at will dispatch on 22nd Oct.","Pre ordered a book and treated myself to another book, neither have even dispatched! The order is still at will dispatch on 22nd Oct.",26917,@121893 When you placed the order what was the stated delivery date? You can quickly check from here:  https://t.co/aaDyEz1VgE ^CH,Tue Oct 31 21:54:20 +0000 2017,121893,AmazonHelp,1,False,delivery_order_status
26920,26920,Last time I pre order anything from @115830 infact you have gone massively downhill recently. Rather pay high street prices. #lostcustom,Last time I pre order anything from infact you have gone massively downhill recently. Rather pay high street prices. #lostcustom,26919,"@121893 I'm sorry that we've let you down. Without any personal or account information, can you tell us what happened? ^TR",Tue Oct 31 21:47:10 +0000 2017,121893,AmazonHelp,1,False,other
26959,26959,"@115833 Good morning.  Is the Alexa App down?  It’s timing out here in London, UK.","Good morning. Is the Alexa App down? It’s timing out here in London, UK.",26958,"@121900 Hi, we've had no reports of issues. Have you tried restarting your device? ^TS",Wed Nov 01 09:48:57 +0000 2017,121900,AmazonHelp,1,False,device_digital_content
26962,26961,"@AmazonHelp Not yet, have tried to contact the seller several times and no response. Not got access to a laptop to further the complaint at the moment","Not yet, have tried to contact the seller several times and no response. Not got access to a laptop to further the complaint at the moment",26963,"@121901 We want to help out! So when you have the ability to contact us, here's a link to reach out: https://t.co/JzP7hlA23B ^MJ",Wed Nov 01 10:02:20 +0000 2017,121901,AmazonHelp,1,False,seller_marketplace
26962,26962,Oh heck. Looks like dodgy seller on @115830 has swizzled me with my Fingerlings order &amp; now they are OOS everywhere :( not a happy mama,Oh heck. Looks like dodgy seller on has swizzled me with my Fingerlings order &amp; now they are OOS everywhere :( not a happy mama,26960,@121901 I'm sorry to hear that Natasha. Have you been in touch with us already by phone/chat to discuss this? ^DC,Wed Nov 01 09:51:27 +0000 2017,121901,AmazonHelp,1,False,seller_marketplace
26979,26967,@AmazonHelp still no response. Great going guys,still no response. Great going guys,26966,@121902 Could you confirm sharing your details in the link shared earlier? ^GK,Wed Nov 01 09:41:03 +0000 2017,121902,AmazonHelp,1,False,service_complaint
26979,26971,@AmazonHelp tried but it's not happening. This is what is service level. When someone asking for call back you guys showing different way,tried but it's not happening. This is what is service level. When someone asking for call back you guys showing different way,26968,@121902 Could you please let us know what went wrong while trying to reach us? (2/2)^HR,Mon Oct 30 05:58:25 +0000 2017,121902,AmazonHelp,1,False,other
26979,26975,@AmazonHelp can someone from your team call me.,can someone from your team call me.,26973,@121902 You may reach out to our support team via phone/chat/email here: https://t.co/2t6DQoUmNZ. ^MM,Mon Oct 30 05:51:56 +0000 2017,121902,AmazonHelp,1,False,service_complaint
26979,26977,"@AmazonHelp true, if not then why should I tweet. You guys are just making us fool","true, if not then why should I tweet. You guys are just making us fool",26976,"@121902 I understand you're upset. Please do let us know what went wrong, we'd like to assist you. ^EM",Mon Oct 30 03:57:01 +0000 2017,121902,AmazonHelp,1,False,other
26979,26979,@115850 pathetic service amazon India. Made a mistake by selecting amazon.,pathetic service amazon India. Made a mistake by selecting amazon.,26978,@121902 That's quite a comment. Looks like you had an unpleasant experience with us. (1/2) ^VM,Mon Oct 30 03:41:49 +0000 2017,121902,AmazonHelp,1,False,service_complaint
272,272,amazonのfireTVstickが見れない😢,amazonのfireTVstickが見れない😢,269,@115770 こんにちは、アマゾン公式です。Fire TV Stickが見れないというのは、どのような状況でしょうか。一般的なトラブルシューティングを記載したヘルプがございますので、ご参照ください。https://t.co/2pbG55qJ7h ET,Wed Nov 22 09:14:39 +0000 2017,115770,AmazonHelp,1,False,device_digital_content
27340,27340,@120474 why is your site telling me I’ve reached the max number of tickets when I tried to buy 1 for Morrissey at 10:00?! 😩,why is your site telling me I’ve reached the max number of tickets when I tried to buy 1 for Morrissey at 10:00?! 😩,27339,"@121986 Hi Catherine, please reach out to us here: https://t.co/oGDklGgbCZ &amp; we'lll check into this for you. ^TS",Wed Nov 01 10:14:19 +0000 2017,121986,AmazonHelp,1,False,other
27343,27343,@120474 what's happening with Moz RAH ticket pre-sale?? Keeps telling me I've exceeded maximum - haven't bought any yet! Shambles,what's happening with Moz RAH ticket pre-sale?? Keeps telling me I've exceeded maximum - haven't bought any yet! Shambles,27341,@121987 Please reach out here so we can check this for you https://t.co/psatRNFAeh  ^KM,Wed Nov 01 10:13:16 +0000 2017,121987,AmazonHelp,1,False,other
27345,27345,@AmazonHelp @1711 @1712 what is this shit? Trying to get Brighton https://t.co/Nk3I0gHT2Y,what is this shit? Trying to get Brighton,27344,@121988 Please reach out here so we can check this for you https://t.co/0MUpC432zn  ^KM,Wed Nov 01 10:11:32 +0000 2017,121988,AmazonHelp,1,False,other
27353,27352,@AmazonHelp I was told for the past 3 days to check my local office because I shoud have the items by now,I was told for the past 3 days to check my local office because I shoud have the items by now,27354,@121990 Could you please confirm if these items were shipped by Amazon or by a seller? You can find that here: https://t.co/Y5jpI9gRhE ^SD,Wed Nov 01 10:44:05 +0000 2017,121990,AmazonHelp,1,False,other
27353,27353,I have ordered 2 things from @115821 in the past month and haven't received either items and now Amazon is NOT tryna give me a refund 🗣🗣,I have ordered 2 things from in the past month and haven't received either items and now Amazon is NOT tryna give me a refund 🗣🗣,27351,"@121990 I'm so sorry to hear this! When you contacted us, what information or options were given for these orders? ^TH",Wed Nov 01 10:10:07 +0000 2017,121990,AmazonHelp,1,False,refund_return
27353,27355,@AmazonHelp I believe one item was shipped by Amazon and I know one was by the seller,I believe one item was shipped by Amazon and I know one was by the seller,27356,@121990 Have we missed the delivery dates given in checkout/confirmation e-mail for both orders: https://t.co/o6Xzbu6RMj ^KN,Wed Nov 01 10:53:18 +0000 2017,121990,AmazonHelp,1,False,seller_marketplace
27353,27357,@AmazonHelp Only for 1 item,Only for 1 item,27358,@121990 We definitely want to get this sorted! Let's look into this in real time with you here: https://t.co/hApLpMlfHN . ^JZ,Wed Nov 01 12:26:46 +0000 2017,121990,AmazonHelp,1,False,other
26893,27361,@121888 @121992 @120474 I've got the same! Must be something wrong with the Brighton option!!! COME ON AMAZON!,I've got the same! Must be something wrong with the Brighton option!!! COME ON AMAZON!,27359,@121991 Please reach out here so we can check this for you https://t.co/NtYntemJck ^KM,Wed Nov 01 10:10:32 +0000 2017,121991,AmazonHelp,1,False,other
26893,27364,@121888 @121992 @120474 same issue - and no reply from @120474,same issue - and no reply from,28450,"@122088 Hi Andy, Please use this link to get in touch and we'll help: https://t.co/JzP7hlA23B ^RL",Wed Nov 01 10:39:13 +0000 2017,122088,AmazonHelp,1,False,service_complaint
26901,27368,@120474 @121890 Option is 1 or 2 tickets...how can I exceed? https://t.co/ZJOFvB1CHR,Option is 1 or 2 tickets...how can I exceed?,27366,@121993 Please get in touch here: https://t.co/YbaK6e0ZXQ. ^BM,Wed Nov 01 10:12:25 +0000 2017,121993,AmazonHelp,1,False,other
26901,27370,"@120474 @121890 Now saying I can't buy 2 tickets as is over allowance, I haven't bought any yet! Why can't I get these tickets?","Now saying I can't buy 2 tickets as is over allowance, I haven't bought any yet! Why can't I get these tickets?",27371,"@121993 I'm sorry to hear that. If you get in touch: https://t.co/JzP7hlA23B, we'll be happy to help. ^DC",Wed Nov 01 10:07:36 +0000 2017,121993,AmazonHelp,1,False,other
27373,27373,@115830 Why is amazon not disbursing funds to sellers and giving no information? Has amazon gone bust?,Why is amazon not disbursing funds to sellers and giving no information? Has amazon gone bust?,27372,"@121994 Hi Scott, are you having an issue with your seller account? Have you been in touch with seller support for assistance? ^TS",Wed Nov 01 10:08:09 +0000 2017,121994,AmazonHelp,1,False,seller_marketplace
27380,27377,@120474 @121997 Doing this to me too,Doing this to me too,27376,"@121996 Hi, please get in touch with us here: https://t.co/oGDklGgbCZ &amp; we'll look into this for you. ^TS",Wed Nov 01 10:07:09 +0000 2017,121996,AmazonHelp,1,False,other
27382,27382,"@120474 it says I’ve exceeded the amount of tickets for Morrissey tour, and I havernt even brought any?","it says I’ve exceeded the amount of tickets for Morrissey tour, and I havernt even brought any?",27381,"@121996 Hi Zoe, sorry to see this! Please use this link to contact us: https://t.co/JzP7hlA23B and we'll look into this for you. ^RL",Wed Nov 01 10:06:00 +0000 2017,121996,AmazonHelp,1,False,other
27385,27385,"@120474 the site keeps saying this for the Brighton tickets, any reason? I'm only trying to buy 2? https://t.co/uRU6WEfmPu","the site keeps saying this for the Brighton tickets, any reason? I'm only trying to buy 2?",27383,@121998 Please reach out here so we can check this for you https://t.co/FWAYmjpWES  ^KM,Wed Nov 01 10:07:41 +0000 2017,121998,AmazonHelp,1,False,other
27387,27387,@120474 why wont it let me buy morrisey tix?? I havent bought any. https://t.co/Y66IRf4xZX,why wont it let me buy morrisey tix?? I havent bought any.,27386,@121999 Apologies. Please reach out to us here:https://t.co/INOapUwkLQ and we'll look into it. ^PK,Wed Nov 01 10:07:22 +0000 2017,121999,AmazonHelp,1,False,other
27389,27389,@120474 have priority for the morrisey tour and trying to get tickets but it is saying I’m exceeding minimum tickets?!,have priority for the morrisey tour and trying to get tickets but it is saying I’m exceeding minimum tickets?!,27388,@122000 Please reach out here so we can check this for you https://t.co/q6dr9Vvdin  ^KM,Wed Nov 01 10:07:16 +0000 2017,122000,AmazonHelp,1,False,other
27392,27392,@120474 Nooooo!!! Why is this happening when I haven't booked any tickets yet?? For Morrissey at Brighton! 😡😡 https://t.co/sDZX5bifT6,Nooooo!!! Why is this happening when I haven't booked any tickets yet?? For Morrissey at Brighton! 😡😡,27390,@122001 Sorry to see this. Please reach out to us here: https://t.co/WTB5N3xs37 and we will look into this. ^PK,Wed Nov 01 10:06:49 +0000 2017,122001,AmazonHelp,1,False,other
27395,27395,When you think you’ve got morrissey tickets then you get this email... What does this mean?? @115830 https://t.co/Pp6fAEH8Up,When you think you’ve got morrissey tickets then you get this email... What does this mean??,27394,@122003 Please reach out here so we can check this for you https://t.co/6WPqI7jhEq  ^KM,Wed Nov 01 10:06:39 +0000 2017,122003,AmazonHelp,1,False,other
27400,27399,@120474 Why is it telling me ive exceeded the amount i can buy!?? I havent bought any.,Why is it telling me ive exceeded the amount i can buy!?? I havent bought any.,27398,@122005 Please reach out here so we can check this for you https://t.co/Pi9HGI6kKv  ^KM,Wed Nov 01 10:06:00 +0000 2017,122005,AmazonHelp,1,False,other
27402,27402,@120474 why is it saying I have exceeded the maximum for morrissey tickets when I have selected one!,why is it saying I have exceeded the maximum for morrissey tickets when I have selected one!,27401,@122006 Please get in touch https://t.co/oPmpbbOray and we'll look into this for you. ^BM,Wed Nov 01 10:05:36 +0000 2017,122006,AmazonHelp,1,False,other
27404,27404,@120474 Trying to buy Morrissey tickets for Brighton &amp; being told I've exceeded number of tickets! I haven't!,Trying to buy Morrissey tickets for Brighton &amp; being told I've exceeded number of tickets! I haven't!,27403,@122007 Hi Daniel. Please use this link to contact us: https://t.co/JzP7hlA23B and we'll look into this for you. ^RL,Wed Nov 01 10:05:46 +0000 2017,122007,AmazonHelp,1,False,other
27406,27406,@AmazonHelp trying to book morrissey tickets. Saying I've exceeded amount. No I haven't. Help me.,trying to book morrissey tickets. Saying I've exceeded amount. No I haven't. Help me.,27405,@121889 Sorry to hear this. Please reach out to us here: https://t.co/CJO45iBHVu and we can look into this. ^PK,Wed Nov 01 10:05:11 +0000 2017,121889,AmazonHelp,1,False,other
27410,27408,@AmazonHelp Your Morrissey pre sale is not working for several people. Please fix. Even 1 ticket allegedly exceeds the maximum amount,Your Morrissey pre sale is not working for several people. Please fix. Even 1 ticket allegedly exceeds the maximum amount,27411,@122008 Sorry to hear that. Please reach out here: https://t.co/LVpSYqWoj4 and we'll look into it for you. ^RS,Wed Nov 01 10:19:38 +0000 2017,122008,AmazonHelp,1,False,other
27410,27410,@120474 help. I’m asking for 2 tickets https://t.co/RYFYylCSZ8,help. I’m asking for 2 tickets,27407,"@122008 Hi, please get in touch with us here: https://t.co/oGDklGgbCZ &amp; we'll look into this for you. ^TS",Wed Nov 01 10:03:10 +0000 2017,122008,AmazonHelp,1,False,other
27421,27421,"@120474 the site is telling me I exceeded ""of tickets when I am purchasing only 1 ticket &amp; haven't purchased any before.Can u help?","the site is telling me I exceeded ""of tickets when I am purchasing only 1 ticket &amp; haven't purchased any before.Can u help?",27419,@122010 Please reach out here so we can check this for you https://t.co/rZJrSLn1Xj  ^KM,Wed Nov 01 10:04:58 +0000 2017,122010,AmazonHelp,1,False,other
27424,27424,@120474 why can't I book morrissey tickets????? Fuming right now.,why can't I book morrissey tickets????? Fuming right now.,27422,"@121889 Hi, are you getting an error message? ^TS",Wed Nov 01 10:03:05 +0000 2017,121889,AmazonHelp,1,False,other
27427,27427,@120474 trying to buy 2 tickets for RAH 'You have exceeded the maximum allowed number of tickets for this event' ???,trying to buy 2 tickets for RAH 'You have exceeded the maximum allowed number of tickets for this event' ???,27425,"@122011 Hi, sorry to see this. Please use this link to contact us: https://t.co/JzP7hlA23B and we'll look into this for you. ^RL",Wed Nov 01 10:04:47 +0000 2017,122011,AmazonHelp,1,False,other
27430,27430,What????   @120474 https://t.co/BV7iTTVueX,What????,27428,"@121889 Hi Chrissie, please use this link to get in touch and we'll look into this for you: https://t.co/JzP7hlA23B ^RL",Wed Nov 01 10:01:29 +0000 2017,121889,AmazonHelp,1,False,other
27817,27816,@AmazonHelp I placed a pantry order with Amazon India,I placed a pantry order with Amazon India,27818,@122087 Apologies. We'd like to check this for you. Please contact us here: https://t.co/vlvfJr4nN9. ^OS,Wed Nov 01 12:15:33 +0000 2017,122087,AmazonHelp,1,False,other
27817,27817,@Amazonhelp Shame on fraud by Amazon Pantry,Shame on fraud by Amazon Pantry,27815,"@122087 Hi, are you having trouble with a Pantry order? Did you place your order on Amazon.de? ^TS",Wed Nov 01 10:29:01 +0000 2017,122087,AmazonHelp,1,False,other
27821,27821,@120474 used brighton link and each time I choose one ticket regardless where it says exceeded number of tickets - only want one,used brighton link and each time I choose one ticket regardless where it says exceeded number of tickets - only want one,27819,@122088 Hi Andy. Please use this link to get in touch and we'll help: https://t.co/JzP7hlA23B ^RL,Wed Nov 01 10:22:57 +0000 2017,122088,AmazonHelp,1,False,other
27823,27823,Just received the @115850 Echo DOT &amp; @122090 is not working out of the box! No manual is provided!,Just received the Echo DOT &amp; is not working out of the box! No manual is provided!,27822,@122089 I'm sorry about the inconvenience. Kindly connect with us via https://t.co/vlvfJr4nN9 we'd like to help you. ^SG,Wed Nov 01 10:16:22 +0000 2017,122089,AmazonHelp,1,False,device_digital_content
27835,27830,"@AmazonHelp JA- Bestellung aufgegeben und danach kam die Email, dass ich keine Zahlungsart haben","JA- Bestellung aufgegeben und danach kam die Email, dass ich keine Zahlungsart haben",27828,@122092 Das ist eine automatische Prüfung. Alle Infos dazu findest du hier: https://t.co/l5rQn5ncBr ^AN,Wed Nov 01 10:33:59 +0000 2017,122092,AmazonHelp,1,False,other
27835,27834,"@116316 Die Antwort an der Hotline, dass das System das eigenständig, ohne GEOProfiling gemacht hat, ist sehr unglaubwürdig","Die Antwort an der Hotline, dass das System das eigenständig, ohne GEOProfiling gemacht hat, ist sehr unglaubwürdig",27833,@122092 Wurde deine Zahlungsart bei einer Bestellung abgelehnt? Gruß ^AN,Wed Nov 01 10:29:38 +0000 2017,122092,AmazonHelp,1,False,other
27838,27837,@122094 @120474 Same,Same,27836,"@120618 Hi, we can look into this for you: https://t.co/oGDklGgbCZ Please get in touch via the link. ^TS",Wed Nov 01 10:25:51 +0000 2017,120618,AmazonHelp,1,False,other
27841,27840,"@AmazonHelp Thankfully it is! The Amazon box was squashed, but the phone box is robust &amp; withstood it! The 'you were out' slip he left was a Hermes one?","Thankfully it is! The Amazon box was squashed, but the phone box is robust &amp; withstood it! The 'you were out' slip he left was a Hermes one?",27842,"@122095 We'd like to address your feedback about this. When you have a moment, pls reach us via phone: https://t.co/JzP7hlA23B ^KN 2/2",Wed Nov 01 10:43:30 +0000 2017,122095,AmazonHelp,2,False,other
27841,27841,@AmazonHelp @115830 My package was just 'delivered' - Your driver left it (my new phone) in an open/unsecured cupboard in my carport...,My package was just 'delivered' - Your driver left it (my new phone) in an open/unsecured cupboard in my carport...,27839,@122095 Oh no! Was the item ok? ^BM,Wed Nov 01 10:37:07 +0000 2017,122095,AmazonHelp,1,False,delivery_order_status
27859,27859,@120474 what's up with the morrissey Brighton ticket link???,what's up with the morrissey Brighton ticket link???,27856,"@122097 Hi, you can find the Brighton link here: https://t.co/IiJ4xZdeg3 Are you getting an error? ^TS",Wed Nov 01 10:25:10 +0000 2017,122097,AmazonHelp,1,False,other
27863,27862,@120834 @AmazonHelp As a trial I had Glasgow WORKING - but Brighton is a non-starter as others have reported - and indeed yourself.  #terribleservice,As a trial I had Glasgow WORKING - but Brighton is a non-starter as others have reported - and indeed yourself. #terribleservice,27861,@122098 Sorry to hear that. Please reach out here: https://t.co/adGZMh2kgt and we'll look into it for you. ^RS,Wed Nov 01 10:22:05 +0000 2017,122098,AmazonHelp,1,False,service_complaint
27866,27866,"The @120474 email says “PRE-SALE AVAILABLE NOW FOR UK &amp; IRELAND TOUR” no option to purchase tickets for Ireland, help? #Morrissey","The email says “PRE-SALE AVAILABLE NOW FOR UK &amp; IRELAND TOUR” no option to purchase tickets for Ireland, help? #Morrissey",27865,"@122099 Hi, please get in touch with us here: https://t.co/oGDklGgbCZ &amp; we'll check the details. ^TS",Wed Nov 01 10:21:40 +0000 2017,122099,AmazonHelp,1,False,other
26901,27870,@122002 @120474 Now.... (not not) 😩,Now.... (not not) 😩,27869,"@121890 Hi, if you're having trouble, please get in touch with us here: https://t.co/oGDklGgbCZ ^TS",Wed Nov 01 10:20:34 +0000 2017,121890,AmazonHelp,1,False,other
26901,27871,@122002 @120474 Tried again and it stated he had exceeded his limit. Not having to stand at the Ally. #notimpressed,Tried again and it stated he had exceeded his limit. Not having to stand at the Ally. #notimpressed,27872,@121890 Hi Claire. Please use this link to get in touch and we'll help: https://t.co/JzP7hlA23B ^RL,Wed Nov 01 10:19:03 +0000 2017,121890,AmazonHelp,1,False,other
27890,27890,"@AmazonHelp Yo... I've had this, is this you or is it something dodge? https://t.co/HhSD6KpG7i","Yo... I've had this, is this you or is it something dodge?",27888,@122103 You can find tips here on identifying a legitimate e-mail: https://t.co/bjVXyZmUsD Let us know if you have any questions! ^KN,Wed Nov 01 10:17:11 +0000 2017,122103,AmazonHelp,1,False,other
27901,27894,@AmazonHelp Most orders I place now say that shipping date will be notified rather than an exact date. Expedited shipping taking 14 days? https://t.co/B8jCCoJ9Xo,Most orders I place now say that shipping date will be notified rather than an exact date. Expedited shipping taking 14 days?,27897,"@122104 I'm sorry for the delay! For more information on shipping to PR, visit us here: https://t.co/ShggNRpgAX ^TK",Wed Nov 01 11:09:36 +0000 2017,122104,AmazonHelp,1,False,delivery_order_status
27901,27895,@AmazonHelp To be honest after three weeks where things haven't shipped I'm now canceling orders,To be honest after three weeks where things haven't shipped I'm now canceling orders,27893,"@122104 Hi Siobhan, we aim to provide the expected delivery date in your order confirmation email. Has the date changed since then? ^TS",Wed Nov 01 10:17:18 +0000 2017,122104,AmazonHelp,1,False,delivery_order_status
27901,27901,@115821 I understand shipping to Puerto Rico is now behind but orders not shipping after 2/3 weeks? Expedition taking weeks...,I understand shipping to Puerto Rico is now behind but orders not shipping after 2/3 weeks? Expedition taking weeks...,27900,@122104 Apologies Siobhan. Have you been provided with revised delivery dates? ^TP,Tue Oct 31 10:09:53 +0000 2017,122104,AmazonHelp,1,False,delivery_order_status
27913,27913,.@120474 @AmazonHelp  Very good. Pre-order album to get access to pre-sale then it doesn't work. https://t.co/wy0wzkEFdQ,. Very good. Pre-order album to get access to pre-sale then it doesn't work.,27909,@122107 Sorry to see that. Please get in touch using https://t.co/xX9atdLZvE. ^BM,Wed Nov 01 10:18:27 +0000 2017,122107,AmazonHelp,1,False,other
26893,27917,@121888 @121992 @120474 nothing - amazon need to respond!,nothing - amazon need to respond!,27915,"@121991 Hi Richard, here is the link to the Brighton event: https://t.co/ruYPYsPbz3 ^TS",Wed Nov 01 10:15:09 +0000 2017,121991,AmazonHelp,1,False,other
27919,27919,"@115850 
I show a add on app 13oct load amazon pay balance 15% back offer,i cant receive.,i call customer care says offer does nt exit wow","I show a add on app 13oct load amazon pay balance 15% back offer,i cant receive.,i call customer care says offer does nt exit wow",27918,"@122108 That's odd. We'd like to take a closer look, please share your details here: https://t.co/GIJyeYqKE0 ^MS",Wed Nov 01 10:11:42 +0000 2017,122108,AmazonHelp,1,False,service_complaint
28392,28392,@115850 I should have got a 5% cash back into my Amazon Pay Balance for  Order# 171-5546134-2977952 I placed yesterday but did not. Why?,I should have got a 5% cash back into my Amazon Pay Balance for Order# 171-5546134-2977952 I placed yesterday but did not. Why?,28391,"@122218 Please don't provide your order details, we consider it to be personal information. Our page is visible to the public. 2/2 ^VH",Wed Nov 01 10:38:51 +0000 2017,122218,AmazonHelp,2,False,other
28440,28439,"@AmazonHelp @AmazonHelp Tx but I mean sending a personalized message w/gift saying ""Happy Bday"" or ""Congratulations"", etc.","Tx but I mean sending a personalized message w/gift saying ""Happy Bday"" or ""Congratulations"", etc.",28441,@122221 Check out this link for details on adding gift messages to orders https://t.co/KOIol39FLF ^KM,Wed Nov 01 11:34:57 +0000 2017,122221,AmazonHelp,1,False,other
28440,28440,@AmazonHelp 4 gifts do u hv an option 4 cards so an accompanying message cn b sent with the gift?,4 gifts do u hv an option 4 cards so an accompanying message cn b sent with the gift?,28438,"@122221 Hello, Ein! You can find out what customization options are available for a gift card here: https://t.co/qT5dfap6hx ^MW",Wed Nov 01 10:44:10 +0000 2017,122221,AmazonHelp,1,False,other
28444,28444,@AmazonHelp Hi please could i have a DM regarding a recent order. Thanks,Hi please could i have a DM regarding a recent order. Thanks,28443,@122222 You can send us a Direct Message by using the link below. ^TH https://t.co/1XyLaGkcaN,Wed Nov 01 10:41:47 +0000 2017,122222,AmazonHelp,1,False,other
28453,28453,When you order something for delivery on release date and @115830  just nonchalantly push it back a day without explanation or apology...,When you order something for delivery on release date and just nonchalantly push it back a day without explanation or apology...,28452,@122224 So sorry about the delay. We do aim to deliver by the delivery date given at the time the order was placed. ^KM,Wed Nov 01 10:37:13 +0000 2017,122224,AmazonHelp,1,False,delivery_order_status
28455,28455,@121284 my echo plus is on the way...... I am an existing prime user.. what will happen to the membership that is coming along with,my echo plus is on the way...... I am an existing prime user.. what will happen to the membership that is coming along with,28454,@122225 Your prime membership would be extended by one year in this case. ^GS,Wed Nov 01 10:36:12 +0000 2017,122225,AmazonHelp,1,False,device_digital_content
28455,28456,@121284 @AmazonHelp thanks for the reply,thanks for the reply,28880,@122225 No worries at all. Do let us know if you have any other concerns. ^MS,Wed Nov 01 10:57:17 +0000 2017,122225,AmazonHelp,1,False,other
28458,28458,@120474 @1711 Usual ticket sale shambles. Very disappointing. Will have to try the general sale. Feel a bit misled.,Usual ticket sale shambles. Very disappointing. Will have to try the general sale. Feel a bit misled.,28457,@122226 Hi Percy. Please use this link to get in touch and we'll help: https://t.co/JzP7hlA23B ^RL,Wed Nov 01 10:37:47 +0000 2017,122226,AmazonHelp,1,False,other
28460,28460,@115830 customer service keep putting me on hold!!!!,customer service keep putting me on hold!!!!,28459,@122105 Please keep us informed about the outcome of your call. ^MW,Wed Nov 01 10:35:44 +0000 2017,122105,AmazonHelp,1,False,service_complaint
28463,28463,@120474 Brighton keeps saying I have exceeded number of tickets. I’m asking for two! Help.,Brighton keeps saying I have exceeded number of tickets. I’m asking for two! Help.,28461,@122227 HI Gary. Please use this link to get in touch and we'll help: https://t.co/JzP7hlA23B ^RL,Wed Nov 01 10:33:06 +0000 2017,122227,AmazonHelp,1,False,other
28465,28465,@115850 @121284 the extended prime subscription that came with the echo does not reflect on my account. Pls help!,the extended prime subscription that came with the echo does not reflect on my account. Pls help!,28464,"@122228 We'd like to check this for you, kindly connect with us here: https://t.co/vlvfJr4nN9 ^SG",Wed Nov 01 10:29:24 +0000 2017,122228,AmazonHelp,1,False,prime_membership
28474,28474,@115850 @AmazonHelp Not able to make payment for order #408-8438988-8961968.Amount deducted 4 times &amp; still order not placed #worstservice,Not able to make payment for order #408-8438988-8961968.Amount deducted 4 times &amp; still order not placed #worstservice,28473,@122230 Please don't provide your order details as we consider it personal information. Our twitter page is visible to public.(2/2)^CB,Wed Nov 01 10:25:40 +0000 2017,122230,AmazonHelp,2,False,payment_billing
28879,28879,@115850 - why did you guys stop giving the goodies pack when we join prime? It was smethng to look forward to.,- why did you guys stop giving the goodies pack when we join prime? It was smethng to look forward to.,28878,"@122361 The Prime welcome card was promotional merchandise that we sent at Prime membership launch, which is discontinued now. ^AK",Wed Nov 01 10:40:14 +0000 2017,122361,AmazonHelp,1,False,other
28882,28882,@AmazonHelp I have booked a package to my office address. Actually every week Saturday is holiday but this week it's on Monday.(1/2),I have booked a package to my office address. Actually every week Saturday is holiday but this week it's on Monday.(1/2),28881,"@122362 Sreedhar, please get in touch with our support team here: https://t.co/vlvfJr4nN9 and we'll check this for you. ^HN",Wed Nov 01 10:57:43 +0000 2017,122362,AmazonHelp,1,False,delivery_order_status
28899,28885,"@AmazonHelp I am getting same response past 2 months. I am asking for status, not a messages that u sent !","I am getting same response past 2 months. I am asking for status, not a messages that u sent !",28887,@122363 Please respond to the same email you've received from the Social Media team and we'll check this for you. ^HN,Wed Nov 01 11:14:54 +0000 2017,122363,AmazonHelp,1,False,other
28899,28886,@AmazonHelp Is there any action taken on my issue. Now it’s 3rd month and still struggling with amazon ! 🙄🙄🙄,Is there any action taken on my issue. Now it’s 3rd month and still struggling with amazon ! 🙄🙄🙄,28884,@122363 You can check for our response here: https://t.co/DTSNmGldJf. Hope this helps. ^CB,Wed Nov 01 10:56:58 +0000 2017,122363,AmazonHelp,1,False,other
28899,28888,"@AmazonHelp I have replied all ur emails. But, after last week no response on the status and didn’t get message from you today as u mentioned.","I have replied all ur emails. But, after last week no response on the status and didn’t get message from you today as u mentioned.",28889,"@122363 Apologies. Could you confirm If you are receiving emails from our team after you respond to them? If not, let us know. ^NK",Wed Nov 01 12:00:29 +0000 2017,122363,AmazonHelp,1,False,service_complaint
28899,28890,@AmazonHelp Yes. Without any change of content. Amazon is sending all emails with “apologize” and we will take action within 3-5 days for past 60 days,Yes. Without any change of content. Amazon is sending all emails with “apologize” and we will take action within 3-5 days for past 60 days,28891,"@122363 Sorry for the inconvenience. Request you to respond to the email you've received from social media team, (1/2)^SU",Wed Nov 01 12:19:55 +0000 2017,122363,AmazonHelp,2,False,other
28899,28897,@AmazonHelp Thanks. Updated the information on the given link. Is this again going to be 3-5 days?,Thanks. Updated the information on the given link. Is this again going to be 3-5 days?,28896,@122363 Thank you for sharing the details. We'll check your concern and reach out to you at earliest. Rest assured. ^SV,Thu Oct 26 15:16:06 +0000 2017,122363,AmazonHelp,1,False,other
28899,28899,@115850 poor customer support and refund process take almost 2 months and still pending.,poor customer support and refund process take almost 2 months and still pending.,28898,"@122363 Sorry to know about the delay in refund. Kindly fill in your details here: https://t.co/cllwXc2HeK, and I'll look into it. ^NR",Mon Oct 23 16:05:03 +0000 2017,122363,AmazonHelp,1,False,refund_return
28958,28957,@AmazonHelp Sir pls update ur page abt prizes !! Or it seems to be a gimmick for us..,Sir pls update ur page abt prizes !! Or it seems to be a gimmick for us..,28959,"@122371 Are you looking for the results of the iPhone Quiz? If yes, kindly tell us more on this. ^SG",Wed Nov 01 11:28:50 +0000 2017,122371,AmazonHelp,1,False,other
28958,28958,@115850 y there ll be quiz when u can't keep up with prizes @1843 and giving lengthy of explanation,y there ll be quiz when u can't keep up with prizes and giving lengthy of explanation,28956,"@122371 Sorry for any hassles, Kaushik. We do have prizes for the contests, could you elaborate on your concern? ^MS",Wed Nov 01 10:38:27 +0000 2017,122371,AmazonHelp,1,False,other
28958,28962,@AmazonHelp Sir tats should be updated in page pls make sure to update all winners regularly tat way it seems u can get trust more,Sir tats should be updated in page pls make sure to update all winners regularly tat way it seems u can get trust more,28963,"@122371 Thank you for your feedback, Kaushik. I will have it forwarded to the concerned team internally. ^KS",Wed Nov 01 14:35:37 +0000 2017,122371,AmazonHelp,1,False,other
28966,28966,"@115850 @115851 @1840 pathetic service for Amazon business, bihmsen service representative can't even put me touch with manager.","pathetic service for Amazon business, bihmsen service representative can't even put me touch with manager.",28964,@122372 Sorry for the trouble. Please share your details here: https://t.co/GIJyeYqKE0 &amp; we'll get in touch with you soon. ^BS,Wed Nov 01 10:36:45 +0000 2017,122372,AmazonHelp,1,False,service_complaint
29472,29471,"@AmazonHelp Thank you, I have just received a message for a re-delivery, so I presume that will be a different driver, I have also left extra instructions, thank you for your quick response and concern.","Thank you, I have just received a message for a re-delivery, so I presume that will be a different driver, I have also left extra instructions, thank you for your quick response and concern.",29473,@122478 Thank you very much for the update. Glad everything was sorted out. Hope you receive your order soon. Keep us posted. ^CO,Wed Nov 22 17:46:57 +0000 2017,122478,AmazonHelp,1,False,delivery_order_status
29472,29472,"tracked the @115830 driver going around in circles today, not able to find the Royal mail office with 50 bright red vans in the car park. got a ""failed to deliver"" message.","tracked the driver going around in circles today, not able to find the Royal mail office with 50 bright red vans in the car park. got a ""failed to deliver"" message.",29470,"@122478 I'm sorry we weren't able to deliver your parcel! We'd like to help! When you have the time, please reach out to us here: https://t.co/JzP7hlA23B for more assistance with this. ^TK",Wed Nov 22 17:28:52 +0000 2017,122478,AmazonHelp,1,False,delivery_order_status
29472,29474,"@AmazonHelp watching the driver drive away from the delivery point for the third time, this is unbelievable! other Amazon drivers have been there hundreds of times.,","watching the driver drive away from the delivery point for the third time, this is unbelievable! other Amazon drivers have been there hundreds of times.,",29475,@122478 We want our team to investigate this further with you. Please reach out to us using this secure link: https://t.co/dgeFlnJ2hP ^GR,Thu Nov 23 18:13:06 +0000 2017,122478,AmazonHelp,1,False,delivery_order_status
29483,29483,"OrderId 407-5786974-7485166
Ordered a washing machine and it was defected! No one came for taking it back. https://t.co/ZebNluoneI",OrderId 407-5786974-7485166 Ordered a washing machine and it was defected! No one came for taking it back.,29482,@122482 Please don't provide your order details as we consider it personal information. Our twitter page is visible to public.(2/2)^CB,Wed Nov 01 11:19:23 +0000 2017,122482,AmazonHelp,2,False,other
29493,29492,@AmazonHelp Et pourquoi il est réservé exclusivement aux membres Prime pendant un petit moment ?,Et pourquoi il est réservé exclusivement aux membres Prime pendant un petit moment ?,29494,@122484 Nous ne manquerons pas de remonter votre remarque au département concérné afin de contribuer à l'amélioration de nos services.^ARC,Wed Nov 01 11:32:20 +0000 2017,122484,AmazonHelp,1,False,other
29493,29493,C’est quoi ce favoritisme à 2 balles là ? Dc si je veux le film je dois prendre un abonnement à Amazon Prime pr 49€ environ ?? @120533 https://t.co/Dq9OGOHglh,C’est quoi ce favoritisme à 2 balles là ? Dc si je veux le film je dois prendre un abonnement à Amazon Prime pr 49€ environ ??,29491,"@122484 Bonjour, Il se peut qu'un article réservé exclusivement aux membres du programme Prime, redevienne disponible pour tous les clients.",Wed Nov 01 11:19:47 +0000 2017,122484,AmazonHelp,1,False,other
29493,29495,@AmazonHelp C’est pas ce que j’ai demandé.. mais merci quand même de votre part 😂😉👍,C’est pas ce que j’ai demandé.. mais merci quand même de votre part 😂😉👍,29496,@122484 Merci pour votre compréhension. ^FA,Wed Nov 01 11:44:38 +0000 2017,122484,AmazonHelp,1,False,other
29510,29498,@AmazonHelp I was told I would get a call back from Angelica who was dealing with my complaint on 28th October,I was told I would get a call back from Angelica who was dealing with my complaint on 28th October,29501,@122485 Feedback for your complaint can be directed to our leadership via the email survey form you received after the contact. ^EM,Wed Nov 01 11:26:09 +0000 2017,122485,AmazonHelp,1,False,service_complaint
29510,29500,@AmazonHelp Of course I have!,Of course I have!,29497,"@122485 Hi, did we provide a time line for when you should expect an update? ^TS",Wed Nov 01 11:23:13 +0000 2017,122485,AmazonHelp,1,False,other
29510,29502,@AmazonHelp I already completed that servey and provided poor feedback.,I already completed that servey and provided poor feedback.,29503,@122485 There would have been an option to receive another call back. Did you select that? ^PK,Wed Nov 01 11:46:41 +0000 2017,122485,AmazonHelp,1,False,other
29510,29504,@AmazonHelp Yes. I also emailed it and wrote it on the two feedback forms I received,Yes. I also emailed it and wrote it on the two feedback forms I received,29505,"@122485 Please give us another call, Amber. We would like to talk further with you about your complaint. ^EM",Wed Nov 01 11:53:32 +0000 2017,122485,AmazonHelp,1,False,service_complaint
29510,29510,Still waiting for @115830 to call me regarding my complaint about their poor Prime service. Was supposed to happen on 28/10/17... 😡,Still waiting for to call me regarding my complaint about their poor Prime service. Was supposed to happen on 28/10/17... 😡,29506,@122485 I'm sorry to hear this! Have you checked for any e-mails indicating they haven't been able to reach you? ^MJ,Wed Nov 01 11:10:00 +0000 2017,122485,AmazonHelp,1,False,service_complaint
29512,29512,"This is very sad to say that being a happy cust. this time had worst experience on returns. Yet not able to return.
@115850 @AmazonHelp",This is very sad to say that being a happy cust. this time had worst experience on returns. Yet not able to return.,29511,@122482 Could you please tell us more about the issue for better understanding? ^HN,Wed Nov 01 11:17:21 +0000 2017,122482,AmazonHelp,1,False,service_complaint
29516,29514,"@AmazonHelp Yes, try dialing 180030009009, select any option, IVR would say use the app the call will disconnect.","Yes, try dialing 180030009009, select any option, IVR would say use the app the call will disconnect.",29517,@122486 You can connect with our team using this link: https://t.co/vlvfJr4nN9 select the issue codes given and you 1/2 ^KH,Wed Nov 01 14:30:41 +0000 2017,122486,AmazonHelp,2,False,other
29516,29515,"@AmazonHelp Then try using the app, select language as English, IVR would state the unnecessary status info about the last the order, no further options","Then try using the app, select language as English, IVR would state the unnecessary status info about the last the order, no further options",29519,"@122486 Sorry to learn that, please contact us here: https://t.co/rS49hgaADF so that we can assist you accordingly. ^SU",Wed Nov 01 14:32:35 +0000 2017,122486,AmazonHelp,1,False,delivery_order_status
29516,29516,"@115850 WTF! IT'S NOT POSSIBLE TO CONNECT TO YOUR CS TEAM, EITHER ON 180030009009 OR THROUGH THE APP","WTF! IT'S NOT POSSIBLE TO CONNECT TO YOUR CS TEAM, EITHER ON 180030009009 OR THROUGH THE APP",29513,"@122486 That seems odd. Any particular error, you are seeing? Do let us know. ^CB",Wed Nov 01 11:16:43 +0000 2017,122486,AmazonHelp,1,False,other
29516,29522,"@AmazonHelp Using my own brain, I selected a different language and after multiple attempts I was able to reach a human voice.","Using my own brain, I selected a different language and after multiple attempts I was able to reach a human voice.",29523,@122486 Apologies for the trouble. We'll consider this instance as feedback and will work on it for improvements. ^SU,Wed Nov 01 16:07:49 +0000 2017,122486,AmazonHelp,1,False,other
29545,29545,@115850 bought #amazonprime subscription on 16.10.17 under 100% #cashback offer.nothing has been credited to my amazon a/c. pls. help,bought #amazonprime subscription on 16.10.17 under 100% #cashback offer.nothing has been credited to my amazon a/c. pls. help,29544,@122489 Sorry for the hassle. Please report this to our support team here: https://t.co/vlvfJr4nN9 and we'll check this. ^HN,Wed Nov 01 11:12:40 +0000 2017,122489,AmazonHelp,1,False,prime_membership
29568,29564,@AmazonHelp Hey guys! Just downloaded the #Alexa app but unable to finish the set up after this stage. I connected my phone to the Amazon wifi. 1/2 https://t.co/pvVYFKAVSx,Hey guys! Just downloaded the #Alexa app but unable to finish the set up after this stage. I connected my phone to the Amazon wifi. 1/2,29563,@122492 Sorry for the hassle. Please connect with our support team here: https://t.co/HQhpS2qeEd for a better assistance. ^MS,Wed Nov 01 11:00:34 +0000 2017,122492,AmazonHelp,1,False,device_digital_content
29568,29568,"Hey @115850 , since you have launched echo and tap in india. Time to get #alexa working too, please. @115821 @116935","Hey , since you have launched echo and tap in india. Time to get #alexa working too, please.",29565,@122492 The Alexa app will be available in the App Store / Play Store when the devices start shipping the week of Oct 30.^HR,Thu Oct 26 07:37:05 +0000 2017,122492,AmazonHelp,1,False,device_digital_content
29570,29570,@115850 wht do I understand by one-day delivery in office address when the time slot mentioned is 10 a.m - 5 p.m? Also get some trained CC,wht do I understand by one-day delivery in office address when the time slot mentioned is 10 a.m - 5 p.m? Also get some trained CC,29569,@122493 We would like to help you. Please share your details with us here: https://t.co/GIJyeYqKE0. We'll get in touch shortly.^CB,Wed Nov 01 11:05:07 +0000 2017,122493,AmazonHelp,1,False,delivery_order_status
29573,29572,@AmazonHelp Horrible response form your team still unable to solve the Issue....can someone call me on +91 9096377143...,Horrible response form your team still unable to solve the Issue....can someone call me on +91 9096377143...,29574,"@122494 Please don't provide your order details, we consider it to be personal information. Our page is visible to public. (2/2) ^RI",Wed Nov 01 13:22:35 +0000 2017,122494,AmazonHelp,2,False,service_complaint
29573,29573,@115850  Having issue with EMI  in my order..where to contact.kindly help..,Having issue with EMI in my order..where to contact.kindly help..,29571,@122494 Sorry about the issue with EMI. Please report this to our support team here: https://t.co/vlvfJr4nN9 &amp; we'll help you. ^BS,Wed Nov 01 10:44:44 +0000 2017,122494,AmazonHelp,1,False,delivery_order_status
29577,29577,@115850 Can you please deliver my order a little quick! Please!,Can you please deliver my order a little quick! Please!,29576,"@122495 Swaroop, we ship the items to meet the estimated date of the order, kindly wait till the estimates provided. ^MS",Wed Nov 01 10:58:10 +0000 2017,122495,AmazonHelp,1,False,delivery_order_status
29662,29661,@AmazonHelp Ya I've done that already and it's still telling me I need to link my account...,Ya I've done that already and it's still telling me I need to link my account...,29663,"@122516 OK try this:  ask ""Alexa Spotify connect""she will reply with  something like ""choose echo from Spotify connect list""  then you can go into your Spotify app and choose echo under device list. Let us know if this helps. I know it is not a link but it may help you! ^DJ",Thu Nov 30 19:49:16 +0000 2017,122516,AmazonHelp,1,False,other
29662,29662,@115833 my echo keeps telling me that I need to link my premium spotify account to play music from there but I have already done that. Can you help?,my echo keeps telling me that I need to link my premium spotify account to play music from there but I have already done that. Can you help?,29660,"@122516 We're here to help, Eric! Have you had the chance to review these helpful tips: https://t.co/KWtq9zzjUW? Please let us know if this helps! ^VB",Thu Nov 30 19:41:15 +0000 2017,122516,AmazonHelp,1,False,other
29662,29664,"@AmazonHelp thanks DJ, that did allow me to play music now using spotify as if it was a bluetooth speaker but I was really hoping to link it for voice control, etc. Could it be that my wife is the echo account owner? I feel like that shouldn't have an effect tho...","thanks DJ, that did allow me to play music now using spotify as if it was a bluetooth speaker but I was really hoping to link it for voice control, etc. Could it be that my wife is the echo account owner? I feel like that shouldn't have an effect tho...",29665,"@122516 Thanks for the additional information, Eric! We'd like to take a look into this with you. When you get a moment, please contact us via chat or phone: https://t.co/hApLpMlfHN ^SW",Thu Nov 30 20:15:58 +0000 2017,122516,AmazonHelp,1,False,other
29662,29666,"@AmazonHelp ok, I'll head over there. Thanks!","ok, I'll head over there. Thanks!",29667,@122516 You're welcome!😁 ^AX,Thu Nov 30 20:36:57 +0000 2017,122516,AmazonHelp,1,False,other
29944,29943,@AmazonHelp I was told I'd receive an email to reset my password since my account was hacked and 5 phone calls later nothing.,I was told I'd receive an email to reset my password since my account was hacked and 5 phone calls later nothing.,29945,@122588 Have you checked your junk/spam folders to make sure the e-mails aren't getting filtered out? ^MJ,Wed Nov 01 11:44:18 +0000 2017,122588,AmazonHelp,1,False,account_access
29944,29944,"2 months later, 5 phone calls, speaking to an upper level manager and I still haven't received access to my @115821 account. COOL GUYS.","2 months later, 5 phone calls, speaking to an upper level manager and I still haven't received access to my account. COOL GUYS.",29942,@122588 I'm sorry to hear that Heather. Have you been given any advice since the issue began? ^DC,Wed Nov 01 11:37:28 +0000 2017,122588,AmazonHelp,1,False,service_complaint
29944,29946,@AmazonHelp  https://t.co/b5RacHAicP,,29947,@122588 Please provide a few more details and a member of my team will personally look into this further: https://t.co/N3eoiSF1lL ^SD,Wed Nov 01 11:48:12 +0000 2017,122588,AmazonHelp,1,True,other
29944,29948,@AmazonHelp I can't log in to my account to even do that. That's the issue. I have Zero access cause it's been hacked.,I can't log in to my account to even do that. That's the issue. I have Zero access cause it's been hacked.,29949,"@122588 No problem, Heather! Below the Sign In button there is the option to Skip Sign In. Click on that since you don't have access.",Wed Nov 01 12:51:09 +0000 2017,122588,AmazonHelp,1,False,account_access
29944,29950,@AmazonHelp Sent.,Sent.,29951,"@122588 We just received the form, Heather! Someone will contact you soon! ^AD",Wed Nov 01 13:32:35 +0000 2017,122588,AmazonHelp,1,False,other
29961,29961,@AmazonHelp disponible au point relais oui mais lequel ? https://t.co/xCvcH3WQTE,disponible au point relais oui mais lequel ?,29960,"@122591 2/2 Pour des questions de sécurité, veuillez supprimer la capture d'écran avec le numéro de suivi. Le mur est public. ^ARC",Wed Nov 01 11:21:51 +0000 2017,122591,AmazonHelp,2,False,other
29969,29968,@AmazonHelp thanks for prompt response,thanks for prompt response,29970,@122593 You're most welcome. ^CB,Wed Nov 01 11:52:41 +0000 2017,122593,AmazonHelp,1,False,other
29969,29969,Order# 171-0392701-6255505 @115850 #Amazon product has to come on 31 October. but still not an update.,Order# 171-0392701-6255505 #Amazon product has to come on 31 October. but still not an update.,29967,@122593 Please don’t provide your order details as it is personal information. Our Twitter page is visible to the public. ^MS,Wed Nov 01 11:27:30 +0000 2017,122593,AmazonHelp,2,False,other
29975,29973,@AmazonHelp Tried everything &amp; it won't take duplicate out basket please help me,Tried everything &amp; it won't take duplicate out basket please help me,29976,@122594 My apologies Susan. Please get in touch: https://t.co/JzP7hlA23B and we'll be happy to look into this with you. ^DC,Wed Nov 01 11:42:32 +0000 2017,122594,AmazonHelp,1,False,other
29975,29974,@AmazonHelp Not using 'app' using desk top &amp; your webpage - leaves lot 2 be desired,Not using 'app' using desk top &amp; your webpage - leaves lot 2 be desired,29981,"@122594 Hi, you can change the quantity on the 'Review Your Order' page. https://t.co/Lh5OYypnOB",Wed Nov 01 11:45:32 +0000 2017,122594,AmazonHelp,1,False,other
29975,29975,"@AmazonHelp Given up will 2 live trying 2 place order as basket won't let me remove 1 item! FFS sort it out Amazon
Bad enough u not pay tax https://t.co/NzQn4TrQcE",Given up will 2 live trying 2 place order as basket won't let me remove 1 item! FFS sort it out Amazon Bad enough u not pay tax,29972,"@122594 Hi, are you using the app? You can click on the drop down arrow beside the quantity of items. ^TS",Wed Nov 01 11:33:04 +0000 2017,122594,AmazonHelp,1,False,other
29975,29977,"@AmazonHelp How? Have tried via rubbish website, emailed given up on order &amp; now playing Twitter","How? Have tried via rubbish website, emailed given up on order &amp; now playing Twitter",29979,"@122594 As we're unable to view your account via Twitter,pls contact here:https://t.co/zH8UlhTGcc so we can help you out. ^KM",Wed Nov 01 11:54:08 +0000 2017,122594,AmazonHelp,1,False,service_complaint
29975,29978,@AmazonHelp Thanks for help,Thanks for help,29980,@122594 Anytime! We are always here to help in any way we can. ^AL,Wed Nov 01 13:09:17 +0000 2017,122594,AmazonHelp,1,False,other
29984,29984,@115850 @122596 Bought in Oct a 10.0r E phone . Replaced once as it was getting dead. Replaced phone got dead 25 times 2day. What next?,Bought in Oct a 10.0r E phone . Replaced once as it was getting dead. Replaced phone got dead 25 times 2day. What next?,29983,"@122595 Sorry to know that, please connect with our support team here: https://t.co/HQhpS2qeEd to check all the options. ^MS",Wed Nov 01 11:26:06 +0000 2017,122595,AmazonHelp,1,False,other
29986,29986,Warum kann ich meinen #kindle oasis und Zubehör noch nicht bewerten? @116316 Angst vor schlechten Bewertungen? Zu recht!,Warum kann ich meinen #kindle oasis und Zubehör noch nicht bewerten? Angst vor schlechten Bewertungen? Zu recht!,29985,"@122597 Vielen Dank für den Hinweis, ich lasse das gleich mal von den Kollegen prüfen. Viele Grüße ^DW",Wed Nov 01 11:30:01 +0000 2017,122597,AmazonHelp,2,False,device_digital_content
29991,29991,@115850 dear rename ur company as Chutiyazone ! It was a mistake not to buy EPSON L361 from @118702 or @122599 !! @115850 SUCKS !!,dear rename ur company as Chutiyazone ! It was a mistake not to buy EPSON L361 from or !! SUCKS !!,29988,@122598 Could you please tell us more about your concern? We'd like to look into it. ^AM,Wed Nov 01 11:23:32 +0000 2017,122598,AmazonHelp,1,False,other
29991,29992,@AmazonHelp Bought printer to print didn't get on time had to spend  rs 1200 for printing 120 pages even after ordering printer !! Who will pay the loss,Bought printer to print didn't get on time had to spend rs 1200 for printing 120 pages even after ordering printer !! Who will pay the loss,29993,@122598 Truly sorry for the inconvenience. Kindly submit your details here:https://t.co/beaaDm0muc and we’ll contact you soon. ^GD,Wed Nov 01 11:38:37 +0000 2017,122598,AmazonHelp,1,False,other
29991,29994,"@AmazonHelp of no use dear Amazon, please change ur delivery partner as delhivery everyone in my city is pissed of with this service https://t.co/HgJfaOBvzB","of no use dear Amazon, please change ur delivery partner as delhivery everyone in my city is pissed of with this service",29995,"@122598 Sorry to learn that you had issues with our courier partner, I'll forward this feedback internally and we'll look into it.^SU",Wed Nov 01 12:27:06 +0000 2017,122598,AmazonHelp,1,False,delivery_order_status
29999,29997,@AmazonHelp Is it necessary to send fax ?? Can't we send email with supporting documents ??,Is it necessary to send fax ?? Can't we send email with supporting documents ??,29996,"@122600 Hi, the account specialists would require the information to be provided via fax. - Tara s",Wed Nov 01 11:31:33 +0000 2017,122600,AmazonHelp,1,False,other
29999,29999,"Have been following from 2 weeks to unhold my account
@115851 
@AmazonHelp",Have been following from 2 weeks to unhold my account,29998,@122600 Did you receive anything from an a/c specialist? Please also check your spam/junk folder. ^PK,Wed Nov 01 11:20:11 +0000 2017,122600,AmazonHelp,1,False,other
29999,30000,"@115851 @AmazonHelp Have send the details via fax .
@AmazonHelp 
@115851",Have send the details via fax .,41523,@122600 I understand your disappointment. We'd like to help. May I know if you replied the correspondence from the accounts team? ^BS,Wed Nov 01 15:13:51 +0000 2017,122600,AmazonHelp,1,False,other
30003,30002,@AmazonHelp Called them last night and was fobbed off with an email and no assistance whatsoever in actually getting my parcel. And that was the second time around as I got hung up on the first time. Terrible customer service!,Called them last night and was fobbed off with an email and no assistance whatsoever in actually getting my parcel. And that was the second time around as I got hung up on the first time. Terrible customer service!,30004,@122601 Oh no! I'm so sorry to hear about this. Were you provided with an updated delivery date? Please keep us posted! ^SD,Wed Nov 01 11:46:57 +0000 2017,122601,AmazonHelp,1,False,delivery_order_status
30003,30003,"Despite the fact that I don't actually have my delivery, @115830 insist on telling me that it's delivered and won't help me get it. Highly suspicious business practices going on, even by their standards!","Despite the fact that I don't actually have my delivery, insist on telling me that it's delivered and won't help me get it. Highly suspicious business practices going on, even by their standards!",30001,"@122601 I'm sorry you don't have your parcel! Have you had the chance to reach our phone support? If so, what info was provided? ^TK",Wed Nov 01 11:30:46 +0000 2017,122601,AmazonHelp,1,False,delivery_order_status
30026,30026,"@AmazonHelp bom dia! Agora que o serviço do prime vídeo pode ser pago em Reais, fica a dúvida: os outros canais extras do prime também?","bom dia! Agora que o serviço do prime vídeo pode ser pago em Reais, fica a dúvida: os outros canais extras do prime também?",30025,"@122603 Bom dia Vini, por favor contata a Suporte ao Cliente para que possam te informar sobre o pago: https://t.co/qGpkDwGRhX. ^DA",Wed Nov 01 11:28:27 +0000 2017,122603,AmazonHelp,1,False,other
30498,30498,"@115850 Pur 50""Led TV vth extd warranty frm Amazon wch is gvng prblm. Unable 2talk 2some1 in Amazon. Micromax is infmng us 2talk 2 Amazon.","Pur 50""Led TV vth extd warranty frm Amazon wch is gvng prblm. Unable 2talk 2some1 in Amazon. Micromax is infmng us 2talk 2 Amazon.",30497,@122715 Kindly elaborate your concern regarding the warranty. We would like to help you. ^CB,Wed Nov 01 11:37:21 +0000 2017,122715,AmazonHelp,1,False,item_quality_issue
30504,30504,"@AmazonHelp Your help pages don't reflect changes to the site, e.g. 'Change Account Settings' no longer exists:

https://t.co/WZngOaWQbr","Your help pages don't reflect changes to the site, e.g. 'Change Account Settings' no longer exists:",30503,@122717 Thanks for highlighting this. ^KM,Wed Nov 01 11:47:38 +0000 2017,122717,AmazonHelp,1,False,other
30506,30506,@AmazonHelp don't believe this. After having to cancel last order &amp; reorder for Amazon locker you've done exact same and sent from (cont),don't believe this. After having to cancel last order &amp; reorder for Amazon locker you've done exact same and sent from (cont),30505,@122718 Sorry to hear of the delay. Please get in touch and I'll have a specialist look into this for you: https://t.co/tkLCr7DNil. ^BM,Wed Nov 01 11:43:40 +0000 2017,122718,AmazonHelp,1,False,delivery_order_status
30544,30513,@AmazonHelp I have replied as well,I have replied as well,30515,@122720 Kindly share the asked details via the link shared. We'll check this for you. ^SG,Wed Nov 01 16:01:27 +0000 2017,122720,AmazonHelp,1,False,other
30544,30514,"@115850 No agent shows up on Mon, Wed get a call in the morning while the slot is for 1-4pm.  Now I get an SMS that pick up is cancelled. Why?","No agent shows up on Mon, Wed get a call in the morning while the slot is for 1-4pm. Now I get an SMS that pick up is cancelled. Why?",30512,@122720 We've responded to your DM. Request you to please check it. ^AM,Wed Nov 01 11:25:24 +0000 2017,122720,AmazonHelp,1,False,delivery_order_status
30544,30517,@AmazonHelp Sorry sir. I am not going to fill any details for something that has been brought upon by your system. I didn't ask for the rescheduling.,Sorry sir. I am not going to fill any details for something that has been brought upon by your system. I didn't ask for the rescheduling.,30518,"@122720 Kindly share your details using the link mentioned earlier, as we wouldn't be able to access your account over Twitter.^GD",Wed Nov 01 16:30:46 +0000 2017,122720,AmazonHelp,1,False,delivery_order_status
30544,30519,@AmazonHelp One can get so hassled filing up your forms that would want to give up on the issue at hand. Feels like a mistake to bring it up.,One can get so hassled filing up your forms that would want to give up on the issue at hand. Feels like a mistake to bring it up.,30522,@122720 I understand your concern. Please share your details in the link provided earlier and we'll get back to you. ^HD,Thu Nov 02 01:46:39 +0000 2017,122720,AmazonHelp,1,False,other
30544,30520,@AmazonHelp Your return pickup for 407-4463037-6609940 has been scheduled for 02-Nov between 1-4PM. Why am I called that it will be picked in next 1 hr?,Your return pickup for 407-4463037-6609940 has been scheduled for 02-Nov between 1-4PM. Why am I called that it will be picked in next 1 hr?,30523,"@122720 Please don't provide your order details, as we consider them to be personal info. Our page is visible to the public. ^GK",Thu Nov 02 03:17:33 +0000 2017,122720,AmazonHelp,2,False,refund_return
30544,30525,"@AmazonHelp But the real data is not visible to you. So you actually can’t do anything. Pointless, don’t u think ?","But the real data is not visible to you. So you actually can’t do anything. Pointless, don’t u think ?",30528,@122720 the link provided and we'll reach out to you. (2/2) ^GK,Thu Nov 02 03:36:12 +0000 2017,122720,AmazonHelp,2,False,other
30544,30527,@AmazonHelp How can the pick up be rescheduled again even before the pick up slot ? It was from 1-4 today and already have a SMS that it’s rescheduled,How can the pick up be rescheduled again even before the pick up slot ? It was from 1-4 today and already have a SMS that it’s rescheduled,30530,"@122720 In order to better assist you on this, please share your details here: https://t.co/GIJyeYqKE0. We'll contact you soon. ^PS",Thu Nov 02 06:20:55 +0000 2017,122720,AmazonHelp,1,False,delivery_order_status
30544,30531,@AmazonHelp have provided all the details in the link sent. Lets see what action is taken now.,have provided all the details in the link sent. Lets see what action is taken now.,30532,@122720 Thanks for the heads up. We'll check and reach out to you with an update soon. ^GS,Thu Nov 02 06:41:27 +0000 2017,122720,AmazonHelp,1,False,other
30544,30533,"@AmazonHelp so will the pickup, originally planned for today from 1-4 pm, actually happen or not?? I am more concerned abt that.","so will the pickup, originally planned for today from 1-4 pm, actually happen or not?? I am more concerned abt that.",30534,"@122720 Kindly wait, we'll be contacting you with an update soon. Appreciate your understanding. ^ZH",Thu Nov 02 07:40:21 +0000 2017,122720,AmazonHelp,1,False,delivery_order_status
30544,30536,@AmazonHelp Who decided to not pick it up today? I had to reinitiate the pick up. Now it’s changed. I won’t plan it again. U better get this sorted.,Who decided to not pick it up today? I had to reinitiate the pick up. Now it’s changed. I won’t plan it again. U better get this sorted.,30541,@122720 My apologies about the delay. Request you to respond to the correspondence that was sent to you by our team for assistance.^NK,Thu Nov 02 13:09:02 +0000 2017,122720,AmazonHelp,1,False,delivery_order_status
30544,30540,@AmazonHelp And the ritual continues. Once again a call now asking for pick up while pick up slot is 1-4.Iam sure the pick up will be rescheduled again,And the ritual continues. Once again a call now asking for pick up while pick up slot is 1-4.Iam sure the pick up will be rescheduled again,30543,@122720 The details are escalated to the team and we are working on your concern. We'll reach out to you once we have an update. ^GK,Fri Nov 03 02:33:06 +0000 2017,122720,AmazonHelp,1,False,delivery_order_status
30550,30549,@AmazonHelp Many sellers are affected by this!  We can't get our money disbursed from Amazon seller accounts.  It's been going on for a week !,Many sellers are affected by this! We can't get our money disbursed from Amazon seller accounts. It's been going on for a week !,30551,@122722 Seller Support is in the best position to help you: https://t.co/8ywYGA122j What options have they provided so far? ^AF,Wed Nov 01 15:19:31 +0000 2017,122722,AmazonHelp,1,False,seller_marketplace
30550,30550,"@115830 any chance of an update on these failed disbursements? No anouncement, every CS rep has different story.","any chance of an update on these failed disbursements? No anouncement, every CS rep has different story.",30548,"@122722 I'm so sorry for the trouble! Without including account/personal information, could you tell us more about what's going on? ^SD",Wed Nov 01 11:42:06 +0000 2017,122722,AmazonHelp,1,False,other
30555,30553,@AmazonHelp Alright g,Alright g,30552,"@122723 Glad to help, have a great day! 😊 - Tara S",Wed Nov 01 11:45:14 +0000 2017,122723,AmazonHelp,1,False,other
30555,30555,@AmazonHelp if I cancel an order do I get a refund? It hasn't been dispatched yet does that mean you haven't taken any money yet?,if I cancel an order do I get a refund? It hasn't been dispatched yet does that mean you haven't taken any money yet?,30554,"@122723 Hi, we charge on dispatch. So if you can cancel successfully you won't be charged. ^TS",Wed Nov 01 11:42:51 +0000 2017,122723,AmazonHelp,1,False,refund_return
31304,31303,@AmazonHelp Hi KJ! My order # is 114-4756629-6504233. Returning something and when it’s funded I will be re-ordering something similar. Help?,Hi KJ! My order # is 114-4756629-6504233. Returning something and when it’s funded I will be re-ordering something similar. Help?,31305,@122904 Hi. I'm afraid we can't view orders through social media. Is it being returned to us or a third party seller? ^DC,Wed Nov 01 12:46:12 +0000 2017,122904,AmazonHelp,1,False,delivery_order_status
31304,31304,Frustrated that @115821 is charging me HALF of what I paid for an item to return it. Confused as I used Amazon Prime for a reason....,Frustrated that is charging me HALF of what I paid for an item to return it. Confused as I used Amazon Prime for a reason....,31302,@122904 We'd like to help! Was your order shipped by Amazon or a third-party seller: https://t.co/Y5jpI9gRhE? Please let us know! ^KJ,Wed Nov 01 12:25:03 +0000 2017,122904,AmazonHelp,1,False,refund_return
31304,31306,"@AmazonHelp Hi DC. Looks like the return is to an Amazon Fulfillment Services in Saint Anne, IL. You are welcome to DM me if that is easier.","Hi DC. Looks like the return is to an Amazon Fulfillment Services in Saint Anne, IL. You are welcome to DM me if that is easier.",31307,@122904 Please reach out here so we can help you out  https://t.co/hApLpMlfHN ^KM,Wed Nov 01 12:50:21 +0000 2017,122904,AmazonHelp,1,False,service_complaint
31311,31311,@115850 I didn't receive my order yet. Delivery date is 30th Oct. Order I'd 408-2620150-2527537. Customer care commitment is not met.,I didn't receive my order yet. Delivery date is 30th Oct. Order I'd 408-2620150-2527537. Customer care commitment is not met.,31309,"@122905 Please don't provide your order details, we consider it to be personal information. Our page is visible to public. (2/2)^RI",Wed Nov 01 12:15:51 +0000 2017,122905,AmazonHelp,2,False,delivery_order_status
31311,31313,@AmazonHelp Form filled,Form filled,31314,@122905 Thanks for submitting your details. Our team will contact you at the earliest. ^GD,Wed Nov 01 12:32:52 +0000 2017,122905,AmazonHelp,1,False,other
31311,31316,@AmazonHelp Your team has contacted saying the same 24-48 hr delivery policy for order delivery. So I need to wait another 2 days. For prime your deliver fast but not for me even for your mistake.,Your team has contacted saying the same 24-48 hr delivery policy for order delivery. So I need to wait another 2 days. For prime your deliver fast but not for me even for your mistake.,31317,@122905 to you with an update shortly. (2/2) ^MO,Wed Nov 01 12:53:57 +0000 2017,122905,AmazonHelp,2,False,delivery_order_status
31333,31332,@AmazonHelp Saying arriving Friday,Saying arriving Friday,31334,@122906 Has the order shipped yet? We don't charge for an order until it ships. ^TH,Wed Nov 01 12:28:22 +0000 2017,122906,AmazonHelp,1,False,other
31333,31333,@115821 still hasn’t taken my money for my order! WHY,still hasn’t taken my money for my order! WHY,31331,@122906 Sorry for any troubles caused! What is the latest order status showing here: https://t.co/Y5jpI9gRhE ? ^TH,Wed Nov 01 12:11:58 +0000 2017,122906,AmazonHelp,1,False,delivery_order_status
31340,31337,"@AmazonHelp 
amazonから発送のぶんです。
3日に届くようにはなっているので！3日すぎても商品が届かなかったら問い合わせしてみます。Twitterで呟いてすみません😅",amazonから発送のぶんです。 3日に届くようにはなっているので！3日すぎても商品が届かなかったら問い合わせしてみます。Twitterで呟いてすみません😅,31335,@122907 とんでもないことでございます。ご心配をお掛けし申し訳ございません。どうぞよろしくお願いいたします。TN,Wed Nov 01 12:24:36 +0000 2017,122907,AmazonHelp,1,False,other
31346,31343,@AmazonHelp ちなみにダウンロードできなかったのはKindle for PCでした。,ちなみにダウンロードできなかったのはKindle for PCでした。,31342,@122908 お知らせありがとうございます。万が一同様の事象が発生した場合は、ご利用環境など詳細を確認した上でご案内させていただきますので、以下のリンクよりカスタマーサービスにお問い合わせください。https://t.co/J6YEizo6qC TN,Wed Nov 01 12:22:47 +0000 2017,122908,AmazonHelp,1,False,device_digital_content
31346,31345,@AmazonHelp ありがとうございます。ダウンロードははじまるのですがものすごく時間がかかっていました。こちらのWi-Fiが不安定なのが原因かもしれません。アメリカのアマゾンからダウンロードしたところ途中からスピードがでて無事ダウンロードできました。お騒がせしました。,ありがとうございます。ダウンロードははじまるのですがものすごく時間がかかっていました。こちらのWi-Fiが不安定なのが原因かもしれません。アメリカのアマゾンからダウンロードしたところ途中からスピードがでて無事ダウンロードできました。お騒がせしました。,31359,@122908 とんでもないことでございます。ごゆっくりお楽しみください♪ TN,Wed Nov 01 12:19:59 +0000 2017,122908,AmazonHelp,1,False,other
31346,31346,Kindleがダウンロードできないぞーーーー,Kindleがダウンロードできないぞーーーー,31344,@122908 失礼いたします。Kindleのダウロードができないとのことご不便をおかけしております。　サポートさせていただきたく存じますが、電子書籍がダウンロードできないとのことでしょうか？また、よろしければエラーの状況やご利用端末をお教えいただけませんでしょうか。　SM,Wed Nov 01 11:47:38 +0000 2017,122908,AmazonHelp,1,False,device_digital_content
31348,31348,"@115821 hey amazon, you guys really fucking suck","hey amazon, you guys really fucking suck",31347,"@122909 Terribly sorry for your previous experience w/ us! W/o sharing any personal info, what problems are you running into? ^JZ",Wed Nov 01 12:18:41 +0000 2017,122909,AmazonHelp,1,False,other
31358,31358,"@AmazonHelp I ordered something 3 months ago and haven’t received it, I’ve emailed the seller/you 4 times and haven’t heard a thing back??","I ordered something 3 months ago and haven’t received it, I’ve emailed the seller/you 4 times and haven’t heard a thing back??",31356,"@122911 I'm sorry about your order! Have you filed an A-to-z claim? For more info, visit us here: https://t.co/yuFkROHpQP ^TK",Wed Nov 01 12:17:22 +0000 2017,122911,AmazonHelp,1,False,seller_marketplace
31362,31361,@115821 @1145 @AmazonHelp You have not responded to your customer yet. @122869,You have not responded to your customer yet.,31360,@122912 I'm sorry to hear that. Have you tried reporting this to our support team here: https://t.co/vlvfJr4nN9 ? ^NK,Wed Nov 01 12:09:10 +0000 2017,122912,AmazonHelp,1,False,other
31365,31364,"@AmazonHelp Vendredi 3, la veille de mon anniv :) Vous m’offrez un jeu switch ? 😝😝🙈","Vendredi 3, la veille de mon anniv :) Vous m’offrez un jeu switch ? 😝😝🙈",31366,@122913 Ah super !! 😍 Joyeux anniversaire par anticipation ☺️^SB,Wed Nov 01 12:30:15 +0000 2017,122913,AmazonHelp,1,False,other
31365,31365,Nintendo Switch en promo sur @120533 = Commandée pour mon anniv 😍😍🤪,Nintendo Switch en promo sur = Commandée pour mon anniv 😍😍🤪,31363,@122913 😍 Quand est-ce que vous allez la recevoir ? ^FA,Wed Nov 01 12:11:45 +0000 2017,122913,AmazonHelp,1,False,other
31371,31368,@AmazonHelp I have shared details already but no one contact me..,I have shared details already but no one contact me..,31367,@122914 from us regarding it here: https://t.co/8DAc10S7ww 2/2 ^KH,Wed Nov 01 12:12:18 +0000 2017,122914,AmazonHelp,2,False,service_complaint
31371,31371,@115851 @AmazonHelp @115850 Improve your coustmer service You give me wrong information about my issue and Now I have to pay more money,Improve your coustmer service You give me wrong information about my issue and Now I have to pay more money,31370,@122914 if you've shared the required details on the link provided earlier? (2/2)^YP,Wed Nov 01 11:57:29 +0000 2017,122914,AmazonHelp,1,False,other
31375,31375,Hey @AmazonHelp does the Fire HD with Alexa do calling like the Echo devices?,Hey does the Fire HD with Alexa do calling like the Echo devices?,31373,"@122915 It does not have the same device-to-device calling as the Alexa. However, there are apps for text/calling features via Wi-Fi. ^MJ",Wed Nov 01 12:10:28 +0000 2017,122915,AmazonHelp,1,False,device_digital_content
31387,31386,"@AmazonHelp It’s becoming a typical scenario. Item says prime, in stock, place order and it takes a week to get it. I canceled an order this am.","It’s becoming a typical scenario. Item says prime, in stock, place order and it takes a week to get it. I canceled an order this am.",31388,@122918 Are the orders missing the estimated delivery date provided at check out? Have you noticed a trend in carriers? ^NM,Wed Nov 01 14:47:11 +0000 2017,122918,AmazonHelp,1,False,other
31387,31387,I don’t understand why @115821 Prime isn’t shipping promptly anymore. I spend tens of thousands a year with them. No two day service. 😬,I don’t understand why Prime isn’t shipping promptly anymore. I spend tens of thousands a year with them. No two day service. 😬,31385,@122918 Oh no! I'm sorry for the troubles. Are you currently having an issue with an expected delivery? ^AL,Wed Nov 01 12:15:35 +0000 2017,122918,AmazonHelp,1,False,delivery_order_status
31395,31391,"@AmazonHelp Hey, checked the package I think they don't Provide it","Hey, checked the package I think they don't Provide it",31390,@122919 I would recommend you to get in touch with the manufacturer for the charger if they don't sell it with the tracker. ^KS,Wed Nov 01 12:10:54 +0000 2017,122919,AmazonHelp,1,False,delivery_order_status
31395,31394,"@AmazonHelp Hey still didn't get the charging cable with it. Don't know how to charge it. please help!!!,this time I bought 2 of it","Hey still didn't get the charging cable with it. Don't know how to charge it. please help!!!,this time I bought 2 of it",31392,"@122919 My apologies about it, Aditya. Please reach out to our support team here: https://t.co/vlvfJr4nN9 and we'll assist you. ^NK",Wed Nov 01 11:46:04 +0000 2017,122919,AmazonHelp,1,False,payment_billing
31399,31399,@115850 y not ship Amazon pantry to all cities n towns.. v don't mind getting it in 3-4 days.,y not ship Amazon pantry to all cities n towns.. v don't mind getting it in 3-4 days.,31398,@122921 I'll be sure to share your comments on this as feedback with the team. ^OS,Wed Nov 01 12:07:31 +0000 2017,122921,AmazonHelp,1,False,other
31402,31402,"@115830 I've been waiting for a parcel that was meant to arrive on Monday, to log in to my orders today to find that it is being returned","I've been waiting for a parcel that was meant to arrive on Monday, to log in to my orders today to find that it is being returned",31400,@122922 Did you get any email confirmation about this return? ^KM,Wed Nov 01 12:12:18 +0000 2017,122922,AmazonHelp,1,False,account_access
31405,31405,"@116316 &amp; @122924
BTW: Die Bestellung/Bücher sind angekommen. Sogar an einem Ablageort ohne Rücksprache :)",&amp; BTW: Die Bestellung/Bücher sind angekommen. Sogar an einem Ablageort ohne Rücksprache :),31404,"@122923 Super, das freut mich! ^DW",Wed Nov 01 12:10:17 +0000 2017,122923,AmazonHelp,1,False,other
31417,31417,"Guys please deep this! I was ranting about the shit service I received from @115830 and this fake amazon account @21011 posed as them and asked for my card details, address etc then BLOCKED ME 😂😂😂😂😩😩😩😩

Beware guys ! https://t.co/m5LWeYB9vc","Guys please deep this! I was ranting about the shit service I received from and this fake amazon account posed as them and asked for my card details, address etc then BLOCKED ME 😂😂😂😂😩😩😩😩 Beware guys !",31415,@122926 Thanks for bringing this to our attention! I have reported this to the appropriate team. ^SW,Thu Nov 30 19:36:15 +0000 2017,122926,AmazonHelp,1,False,other
31817,31817,Decepcionante servicio de @116928. Los disfraces de Halloween de mis hijas llegarán con 7 días de retraso! Y ni una explicación,Decepcionante servicio de . Los disfraces de Halloween de mis hijas llegarán con 7 días de retraso! Y ni una explicación,31816,"@123023 Hola, lamentamos el inconveniente. ¿Te enviaron algún email con la explicación del atraso? ^MB",Wed Nov 01 12:33:08 +0000 2017,123023,AmazonHelp,1,False,other
31817,31818,@116928 A las 13:30h y tras varias llamadas al call center un agente me dijo que corría peligro. El mail llegó a las 18:50 sin margen de maniobra,A las 13:30h y tras varias llamadas al call center un agente me dijo que corría peligro. El mail llegó a las 18:50 sin margen de maniobra,33187,@123023 ¿Has intentado hablar con la empresa de transportes sobre esta entrega? ^VL,Wed Nov 01 12:44:44 +0000 2017,123023,AmazonHelp,1,False,other
31825,31825,@AmazonHelp it's been suggested I get a crime number from police for a missing parcel or no assistance. Are you crazy?!,it's been suggested I get a crime number from police for a missing parcel or no assistance. Are you crazy?!,31822,@123025 Did the e-mail suggest waiting 36 hours to allow the carrier to deliver? For more info: https://t.co/h6htxXEZeJ ^TK,Wed Nov 01 12:23:40 +0000 2017,123025,AmazonHelp,1,False,delivery_order_status
31828,31827,@AmazonHelp Obviously not or I wouldn’t still be complaining. I continue to be asked for documentation that doesn’t exist.,Obviously not or I wouldn’t still be complaining. I continue to be asked for documentation that doesn’t exist.,31829,@123026 We'd like to have a specialist on our team look into this with you. Please click here: https://t.co/l7t7OK3nuu so we can help^NM,Wed Nov 01 12:39:19 +0000 2017,123026,AmazonHelp,1,False,other
31828,31828,"If this Francisco Reyes guy even exists, it’d be great to get my @115821 account back. At this point, @115821 has the worst customer service","If this Francisco Reyes guy even exists, it’d be great to get my account back. At this point, has the worst customer service",31826,"@123026 Hi Laura, have you received any update from an account specialist about your account? ^TS",Wed Nov 01 12:32:10 +0000 2017,123026,AmazonHelp,1,False,service_complaint
31831,31831,"アマゾンから偽メールが届いた。

クレジットカード情報入れてくださいみたいな！

怖い。。。",アマゾンから偽メールが届いた。 クレジットカード情報入れてくださいみたいな！ 怖い。。。,31830,@123027 Amazonを騙るEメールやSMSを受信された場合、連絡したり個人情報を登録したりしないようご注意ください。当サイトからのEメールかどうかの識別方法については、リンクのヘルプページをご参照ください。https://t.co/xWXio7AP2Z TN,Wed Nov 01 12:21:07 +0000 2017,123027,AmazonHelp,1,True,other
31839,31834,"@AmazonHelp one order was suppose to be delivered by 30th october , still no tracking available for the same as on 1/11/17","one order was suppose to be delivered by 30th october , still no tracking available for the same as on 1/11/17",31840,@123028 team here: https://t.co/vlvfJr4nN9 and we'll sort this for you at the earliest. 2/2 ^KH,Wed Nov 01 12:40:18 +0000 2017,123028,AmazonHelp,2,False,delivery_order_status
31839,31839,"@115850 has become cheats and liars. Will avoid ordering from them in future. As orders are delayed, delivery boys lie , and customer care","has become cheats and liars. Will avoid ordering from them in future. As orders are delayed, delivery boys lie , and customer care",31832,"@123028 That's quite a remark, Sidharth. Did any of yours concerns regarding your recent  orders went unaddressed? ^NK",Wed Nov 01 12:30:08 +0000 2017,123028,AmazonHelp,1,False,delivery_order_status
31839,31842,@AmazonHelp i called customer care this morning and the rep doesnt even know and blurts out information without even knowing what customer asking for,i called customer care this morning and the rep doesnt even know and blurts out information without even knowing what customer asking for,31843,"@123028 My apologies about the hassle, Sidharth. Please fill this form: https://t.co/beaaDm0muc and we’ll contact you soon. ^NK",Wed Nov 01 12:54:47 +0000 2017,123028,AmazonHelp,1,False,service_complaint
31845,31845,@115821 my mobile not giving refund problem please help me,my mobile not giving refund problem please help me,31844,@123029 I was unable to comprehend your concern. Could you please elaborate on your issue so we could help you better? ^KH,Wed Nov 01 12:25:18 +0000 2017,123029,AmazonHelp,1,False,refund_return
31854,31854,@117086 você compra fone JBL e eles te mandam GENÉRICO isso mesmo PIRATA! Já começou bem!,você compra fone JBL e eles te mandam GENÉRICO isso mesmo PIRATA! Já começou bem!,31853,"@123033 Olá Magalhes, sentimos esta experiencia. O fone é vendido e gestionado por Amazon ou por um vendedor externo? ^DA",Wed Nov 01 12:16:32 +0000 2017,123033,AmazonHelp,1,False,other
31857,31856,@AmazonHelp It did! I received my  📦  👯‍♀️,It did! I received my 📦 👯‍♀️,31858,@123034 Yay! So glad we could get you your package! ^AD,Wed Nov 01 15:18:07 +0000 2017,123034,AmazonHelp,1,False,other
31857,31857,I thought I missed my Amazon 📦 yesterday but the driver came back 💃🏾,I thought I missed my Amazon 📦 yesterday but the driver came back 💃🏾,31855,@123034 Did everything work out ok? ^BM,Wed Nov 01 12:28:11 +0000 2017,123034,AmazonHelp,1,False,delivery_order_status
32310,32308,@AmazonHelp Which link?when will the pickup happen? I am frustrated talking to support person so finally came here. Would you be able to solve this plz?,Which link?when will the pickup happen? I am frustrated talking to support person so finally came here. Would you be able to solve this plz?,32307,@123157 Apologies for the delay. Kindly click on the link provided here: https://t.co/BWahOLdioH and submit your details. ^GD,Wed Nov 01 12:37:21 +0000 2017,123157,AmazonHelp,1,False,delivery_order_status
32310,32310,"@AmazonHelp It's pending since 1.5 months, every support person assuring pickup will be done, nothing happening! https://t.co/w8V6fdhvQu","It's pending since 1.5 months, every support person assuring pickup will be done, nothing happening!",32309,@123157 Did you happen to share your details using the secure link we had shared? (1/2)^CB,Wed Nov 01 11:50:04 +0000 2017,123157,AmazonHelp,1,False,delivery_order_status
32314,32314,@115850 Promotional cash back not credited even after refund date been crossed https://t.co/YxIGHWvVmb order# 404-4707947-1460330☹️😡,Promotional cash back not credited even after refund date been crossed order# 404-4707947-1460330☹️😡,32313,@123158 That's odd! I'd like to check. Could you please fill in the details here : https://t.co/beaaDm0muc 1/2 ^PR,Wed Nov 01 12:30:23 +0000 2017,123158,AmazonHelp,2,False,refund_return
32318,32317,@AmazonHelp ok i will change the address to somewhere your pick is available but by 12 nov. also it is not feasible for me to self-return as,ok i will change the address to somewhere your pick is available but by 12 nov. also it is not feasible for me to self-return as,32319,@123159 I am afraid that is not how it works. Request you to please self return the order. The Returns Support Centre will 1/2 ^RS,Fri Nov 03 11:16:32 +0000 2017,123159,AmazonHelp,2,False,refund_return
32318,32318,"@115850 don't you even bother the problem of customers,you send incomplete package then Leave customer on their own
Too bad ..","don't you even bother the problem of customers,you send incomplete package then Leave customer on their own Too bad ..",32316,"@123159 kindly self return the package. Further, I'll be sure to forward your feedback. (2/2) ^MO",Wed Nov 01 12:34:15 +0000 2017,123159,AmazonHelp,2,False,delivery_order_status
32323,32323,@AmazonHelp Das neue Style der Bestellhistorie hat noch Verbesserungspotenzial... https://t.co/ORy8Jubgd2,Das neue Style der Bestellhistorie hat noch Verbesserungspotenzial...,32322,@123160 Verbesserungspotential ist immer da ;) Aber der Text sollte trotzdem in die Felder passen. ^AN,Wed Nov 01 12:40:45 +0000 2017,123160,AmazonHelp,1,False,other
32332,32327,"@AmazonHelp To me as a customer, I felt that was a unacceptable answer. I can understand if there are shortages and whatnot but nobody's saying anything","To me as a customer, I felt that was a unacceptable answer. I can understand if there are shortages and whatnot but nobody's saying anything",32329,@123161 We're unable to provide any additional insight. Once we have a delivery date we'll notify you via e-mail. ^KP,Wed Nov 01 14:24:47 +0000 2017,123161,AmazonHelp,1,False,service_complaint
32332,32328,@115890 @115787 @15913 @115821 @AmazonHelp On launch day? Can someone explain this to me? This is wrong and deserves some sort of response,On launch day? Can someone explain this to me? This is wrong and deserves some sort of response,32325,"@123161 Sorry to hear about this. If it was pre ordered from us, I'd advise to reach out here: https://t.co/hApLpMlfHN ^PK",Wed Nov 01 12:44:03 +0000 2017,123161,AmazonHelp,1,False,other
32334,32334,"Dear @119625 Please add Shubh Mangal Savdhan Movie in your play list ,
Thanks in advance 
@2082 @2083","Dear Please add Shubh Mangal Savdhan Movie in your play list , Thanks in advance",32333,"@123162 We keep adding new content frequently, stay tuned to the Prime Video website. I'll forward your feedback internally. ^MS",Wed Nov 01 12:45:33 +0000 2017,123162,AmazonHelp,1,False,other
32338,32337,@AmazonHelp @115830 Received an email today saying my payment has been declined and Ive just checked my account and my new card was already added. Please advise,Received an email today saying my payment has been declined and Ive just checked my account and my new card was already added. Please advise,32335,@123163 Have you reached out to your bank about this declined charge? Learn more about declines here: https://t.co/3lnSQ50V5q ^TH,Wed Nov 01 12:33:29 +0000 2017,123163,AmazonHelp,1,False,other
32341,32341,"Mal was Nettes sagen: Dickes Lob an @116316 &amp; @AmazonHelp. Gestern ging ein Paket verloren, Nachts gemailt, heute das Geld auf dem Konto.","Mal was Nettes sagen: Dickes Lob an &amp; . Gestern ging ein Paket verloren, Nachts gemailt, heute das Geld auf dem Konto.",32340,"@123164 Schön, dass die Kollegen dir so schnell helfen konnten :) ^AN",Wed Nov 01 12:39:49 +0000 2017,123164,AmazonHelp,1,False,other
32345,32344,"@AmazonHelp Tried sending an email via that link , it doesn't seem to send","Tried sending an email via that link , it doesn't seem to send",32346,@123165 Are you receiving an error message when attempting to send the e-mail? E-mails are usually answered within 12 hours. ^TH,Wed Nov 01 12:51:32 +0000 2017,123165,AmazonHelp,1,False,other
32345,32345,@115821 How can I contact customer services without logging into Amazon?,How can I contact customer services without logging into Amazon?,32343,"@123165 You can contact us without logging in here: https://t.co/jzvkhdlrK5 Let us know if you need anything else, Gerard! ^AD",Wed Nov 01 12:41:57 +0000 2017,123165,AmazonHelp,1,False,service_complaint
32345,32347,@AmazonHelp It doesn't say message sent it doesn't seem to do anything... I imagine if it was sent I would get an automated reply via email,It doesn't say message sent it doesn't seem to do anything... I imagine if it was sent I would get an automated reply via email,32348,"@123165 You should get a confirmation on your screen that says ""Thank you! Your e-mail has been sent."" Do you get that message?  ^TH",Wed Nov 01 13:03:50 +0000 2017,123165,AmazonHelp,1,False,other
32345,32350,"@AmazonHelp It has sent now ,, thanks","It has sent now ,, thanks",32351,@123165 Not a problem! Let us know if you have any other questions or concerns. We're here to help any way we can! ^AL,Wed Nov 01 13:18:58 +0000 2017,123165,AmazonHelp,1,False,other
33170,33169,"@AmazonHelp Thanks for your help!
What happens if when I hold the home button I don't get a mirroring option? See photo https://t.co/zOhaYaV2yX",Thanks for your help! What happens if when I hold the home button I don't get a mirroring option? See photo,33171,@123340 Try using the steps that are shown for the different devices that can used. In this case; settings&gt;display&gt;display mirroring. ^EM,Thu Nov 02 19:24:18 +0000 2017,123340,AmazonHelp,1,False,other
33170,33170,Anyone know how you mirror on the new Amazon Fire TV? @116439 want to screen mirror #amazonfiretv #fireTV,Anyone know how you mirror on the new Amazon Fire TV? want to screen mirror #amazonfiretv #fireTV,33168,@123340 Sure do! You can find some helpful information on screen mirroring here: https://t.co/AwvcrMeql2 I hope this helps! ^AD,Wed Nov 01 13:09:16 +0000 2017,123340,AmazonHelp,1,False,device_digital_content
33170,33172,"@AmazonHelp Thanks again for your reply. Fire TV won't show up in mirroring on my Android. Chromecast mirroring will work though, so the phone is ok","Thanks again for your reply. Fire TV won't show up in mirroring on my Android. Chromecast mirroring will work though, so the phone is ok",33173,"@123340 We'd like to troubleshoot this with you in real-time, please give us a call here: https://t.co/JzP7hlA23B ^CO",Thu Nov 02 19:56:44 +0000 2017,123340,AmazonHelp,1,False,device_digital_content
33177,33177,@117795  I do not want to be an amazon prime member and how did u charge me 11.00 for my membership that I don't remember signing up,I do not want to be an amazon prime member and how did u charge me 11.00 for my membership that I don't remember signing up,33176,"@123341 I'm sorry! If no benefits have been used, canceling issues a full refund. You can do so here: https://t.co/GyqsN27GKY ^JZ",Wed Nov 01 13:10:29 +0000 2017,123341,AmazonHelp,1,False,account_access
31817,33182,"@AmazonHelp Una persona me dio largas, otro me dijo q confiara y otro me dijo sentir vergüenza y me recomendó comprar otros disfraces.","Una persona me dio largas, otro me dijo q confiara y otro me dijo sentir vergüenza y me recomendó comprar otros disfraces.",33184,@123023 ¿Podrías confirmarnos si es vendido y gestionado por Amazon o es vendido por un vendedor externo? ^DA,Wed Nov 01 13:12:17 +0000 2017,123023,AmazonHelp,1,False,other
31817,33183,@AmazonHelp ¡Ayer llamé al menos 7 veces! Tendrían q ser Vds los q contacten conmigo. Muy mala experiencia!!!!,¡Ayer llamé al menos 7 veces! Tendrían q ser Vds los q contacten conmigo. Muy mala experiencia!!!!,33181,"@123023 Lamento lo sucedido, ¿podrías informarme que respuesta recibiste por parte de nuestros agentes? ^AZ",Wed Nov 01 13:06:21 +0000 2017,123023,AmazonHelp,1,False,other
31817,33186,@AmazonHelp Sí y alegan que a ellos nunca les llegó! Más decepcionante aún q intenten responsabilizar a otros.,Sí y alegan que a ellos nunca les llegó! Más decepcionante aún q intenten responsabilizar a otros.,33185,@123023 ¿Has contactado a nuestros compañeros de Soporte al Cliente para reportar lo que indicas? ^DA,Wed Nov 01 12:57:08 +0000 2017,123023,AmazonHelp,1,False,other
33189,33189,merry Christmas to the bitch who stole my bank information and cashed out on amazon ❗️bitch you going to JAIL ❗️❗️❗️,merry Christmas to the bitch who stole my bank information and cashed out on amazon ❗️bitch you going to JAIL ❗️❗️❗️,33188,"@123342 Hi, have you had an issue with your Amazon account? Have you been in touch with us? ^TS",Wed Nov 01 13:06:45 +0000 2017,123342,AmazonHelp,1,False,other
33200,33200,"@115850 
HELP me with order no 171-2257132-6941919 which is not shipped yet.",HELP me with order no 171-2257132-6941919 which is not shipped yet.,33199,"@123344 needful. Please don't provide your order details, we consider it to be personal info. Our page is visible to the public. 2/2 ^PR",Wed Nov 01 12:56:07 +0000 2017,123344,AmazonHelp,2,False,delivery_order_status
33205,33203,"@AmazonHelp And you people fool your customers, very shameful.","And you people fool your customers, very shameful.",33206,@122493 to you with an update soon. Request you to wait. 2/2 ^NK,Wed Nov 01 13:26:52 +0000 2017,122493,AmazonHelp,2,False,other
33205,33205,"It's very shameful on your part @115850, promising a day delivery and not even giving the agent's number, just to fool the customers. https://t.co/11Xyzg0epQ","It's very shameful on your part , promising a day delivery and not even giving the agent's number, just to fool the customers.",33202,@122493 into it and get back to you soon. Appreciate your patience. (2/2) ^MO,Wed Nov 01 12:47:10 +0000 2017,122493,AmazonHelp,2,False,delivery_order_status
33211,33210,@AmazonHelp Got in touch with Piyush on Amazon chat. He resolved it quickly. Great team you got there! Keep it up and say thanks to that Piyush 👍,Got in touch with Piyush on Amazon chat. He resolved it quickly. Great team you got there! Keep it up and say thanks to that Piyush 👍,33212,@123345 We're glad to know your concern is resolved. Keep us posted for any further issues. ^YP,Wed Nov 01 13:49:24 +0000 2017,123345,AmazonHelp,1,False,other
33211,33211,"@115850 A ordered was cancelled on 30th october, by what time I can expect Amazon pay balance?","A ordered was cancelled on 30th october, by what time I can expect Amazon pay balance?",33209,@123345 We'd like to have a closer look. Could you please contact our support team through : https://t.co/2t6DQoUmNZ? ^PR,Wed Nov 01 12:49:34 +0000 2017,123345,AmazonHelp,1,False,other
33216,33216,".@115830 I calculate that the big box could have accommodated up to 100 batteries, not just the one I ordered. https://t.co/zZcpoFcxkD",". I calculate that the big box could have accommodated up to 100 batteries, not just the one I ordered.",33215,@123347 Hey there! We're always looking for ways to improve. You can also send packaging feedback here: https://t.co/fxgZ6hTrFA ^NM,Wed Nov 01 12:46:53 +0000 2017,123347,AmazonHelp,1,False,other
33220,33220,アマゾンが届け予定日３日過ぎても届かないなんてはじめてだ🙄,アマゾンが届け予定日３日過ぎても届かないなんてはじめてだ🙄,33219,@123348 ご迷惑をおかけしております。状況をお調べした上でご案内させていただきますので、恐れ入りますが、ご注文商品がAmazonが発送する商品の場合は、リンクよりカスタマーサービスにお問い合わせください。https://t.co/J6YEizo6qC TN,Wed Nov 01 12:56:37 +0000 2017,123348,AmazonHelp,1,True,other
33262,33261,@AmazonHelp I already dialed your CS team twice and as I am talking I just got the text below: what the hell is wrong with you people! I am waiting https://t.co/TzW6N8vKGH,I already dialed your CS team twice and as I am talking I just got the text below: what the hell is wrong with you people! I am waiting,33263,@123351 Please fill this form: https://t.co/beaaDm0muc and we'll contact you at the earliest. (2/2) ^MO,Wed Nov 01 13:12:16 +0000 2017,123351,AmazonHelp,2,False,other
33262,33262,@AmazonHelp @115850 Thanks a lot for not delivering my product even after promising. Fake promises! Two orders and both not dlvd. #prime https://t.co/Y9nT10k5Lj,Thanks a lot for not delivering my product even after promising. Fake promises! Two orders and both not dlvd. #prime,33260,"@123351 As the estimated delivery date is for today, I request you to allow us time til EOD, as deliveries are done until 8 PM. ^PR",Wed Nov 01 12:48:06 +0000 2017,123351,AmazonHelp,1,False,delivery_order_status
33262,33265,@AmazonHelp This is not going to help! I understand how you people work. Your delivery team don’t deliver and they say that customer not available! Lier https://t.co/gXQwLEuJJG,This is not going to help! I understand how you people work. Your delivery team don’t deliver and they say that customer not available! Lier,33266,@123351 Please share the required details on the link provided earlier and we'll check this for you. ^YP,Wed Nov 01 13:38:30 +0000 2017,123351,AmazonHelp,1,False,delivery_order_status
33262,33267,@AmazonHelp You are not asking any rocket science there! Tell me the status Ass!,You are not asking any rocket science there! Tell me the status Ass!,33268,@123351 your details through the link that was provided earlier so that we can assist your further. 2/2 ^NK,Wed Nov 01 13:58:51 +0000 2017,123351,AmazonHelp,2,False,other
33273,33271,@AmazonHelp It just got delivered and the delivery man had no idea what I was talking about so I guess it was resolved but wtf weird,It just got delivered and the delivery man had no idea what I was talking about so I guess it was resolved but wtf weird,33270,"@123352 Thanks for keeping us in the loop! If you have further questions or concerns, please be sure to let us know! ^TG",Wed Nov 01 13:01:40 +0000 2017,123352,AmazonHelp,1,False,delivery_order_status
33273,33273,Got a notification from @115821 that my package was delivered 2 my neighbour even tho I'm sat @ home waiting...neighbour didn't receive it?!,Got a notification from that my package was delivered 2 my neighbour even tho I'm sat @ home waiting...neighbour didn't receive it?!,33272,@123352 This is odd! Please reach out to us by phone or chat here: https://t.co/JzP7hlA23B so we can look into this! ^KJ,Wed Nov 01 12:57:34 +0000 2017,123352,AmazonHelp,1,False,delivery_order_status
33279,33278,@115821 Also 10/10 for packaging @115821 https://t.co/hEonzRj6cl,Also 10/10 for packaging,33277,@123354 We're always looking for ways to improve and we'd like to hear feedback on your experience here: https://t.co/CZABxwlQ4o ^KN,Wed Nov 01 10:17:22 +0000 2017,123354,AmazonHelp,1,False,other
33281,33281,"@AmazonHelp order no. 408-9613915-0161138
Just one question, what is my fault in all this and you are telling me policies @1840","order no. 408-9613915-0161138 Just one question, what is my fault in all this and you are telling me policies",33280,@123355 Please don’t provide your order details as we consider them to be personal info. Our page is visible to public. ^SG(2/2),Wed Nov 01 12:47:32 +0000 2017,123355,AmazonHelp,2,False,delivery_order_status
33285,33284,"@AmazonHelp Über meinen PC, Router sowie Pc mehrmals neugestartet.","Über meinen PC, Router sowie Pc mehrmals neugestartet.",33286,@123356 Uns ist da nix bekannt. Versuch mal einen anderen Browser. ^AN,Wed Nov 01 13:14:42 +0000 2017,123356,AmazonHelp,1,False,other
33285,33285,Hallo @AmazonHelp Kann es sein das eure Seite derzeit nicht abrufbar ist?,Hallo Kann es sein das eure Seite derzeit nicht abrufbar ist?,33283,@123356 Uns ist kein Problem bekannt. Auf welchem Gerät versuchst du es denn? Neustart schon einmal probiert? ^DW,Wed Nov 01 12:59:16 +0000 2017,123356,AmazonHelp,1,False,other
33285,33287,"@AmazonHelp Habe das Problem jetzt gefunden,es lag daran das mir einer aus der Familie einen Streich gespielt hatte.Derjenige hatte die Seite gesperrt 😅","Habe das Problem jetzt gefunden,es lag daran das mir einer aus der Familie einen Streich gespielt hatte.Derjenige hatte die Seite gesperrt 😅",33288,"@123356 Welche Strafe wurde hierfür verhängt? Nein, im Ernst: Freut mich, dass es wieder klappt. Liebe Grüße ^DW",Wed Nov 01 13:25:49 +0000 2017,123356,AmazonHelp,1,False,other
33285,33289,"@AmazonHelp Der Jenige bekommt erstmal 1 Woche keine Süßigkeiten mehr, ich hoffe dies ist Strafe genug 😊","Der Jenige bekommt erstmal 1 Woche keine Süßigkeiten mehr, ich hoffe dies ist Strafe genug 😊",33290,@123356 Du bist ja hart 🙈 Das ist ja fast noch schlimmer als 📱-Verbot 😳 Viele Grüße ^DS,Wed Nov 01 13:30:20 +0000 2017,123356,AmazonHelp,1,False,other
33293,33292,"@AmazonHelp Doing that right now. So I'll have to send it back if I want a replacement, right?","Doing that right now. So I'll have to send it back if I want a replacement, right?",33294,"@123357 Yes, you'll have 30 days to get the item back to us. We don't need to receive the return 1st before we ship the replacement. ^KN",Wed Nov 01 13:15:10 +0000 2017,123357,AmazonHelp,1,False,refund_return
33293,33293,Hello @AmazonHelp Don't send a special edition game like this in just a cardboard sleeve. It clearly got crushed b/c bad packaging. https://t.co/zoEmj23Hh5,Hello Don't send a special edition game like this in just a cardboard sleeve. It clearly got crushed b/c bad packaging.,33291,"@123357 Hi, sorry to see this! Have you been able to review your return/replacement options? ^TS",Wed Nov 01 12:59:56 +0000 2017,123357,AmazonHelp,1,False,other
33293,33295,"@AmazonHelp And I can use the original packaging, even if that's what caused the damage in the first place?","And I can use the original packaging, even if that's what caused the damage in the first place?",33296,@123357 You can definitely use the original packaging for your return! You could also get a return box from the carrier upon return. ^SD,Wed Nov 01 13:28:50 +0000 2017,123357,AmazonHelp,1,False,other
33293,33297,"@AmazonHelp Alright, thanks!","Alright, thanks!",33298,@123357 You're welcome! Please get in touch any time. ^TS,Wed Nov 01 13:41:14 +0000 2017,123357,AmazonHelp,1,False,other
33301,33300,@AmazonHelp I have already contacted them since two days but issue not yet solved.,I have already contacted them since two days but issue not yet solved.,33302,@123358 We'd like to help you with this. Kindly share your details here: https://t.co/beaaDm0muc and we'll contact you soon. ^MO,Wed Nov 01 13:09:17 +0000 2017,123358,AmazonHelp,1,False,service_complaint
33301,33301,My order number: 171-2623585-5777153 is not yet delivered. This is the third time I am facing the problem @115850,My order number: 171-2623585-5777153 is not yet delivered. This is the third time I am facing the problem,33299,"@123358 Truly sorry about that, Akshay. Please report this to our support team here: https://t.co/vlvfJr4nN9 and we'll assist you. ^NK",Wed Nov 01 12:59:03 +0000 2017,123358,AmazonHelp,1,False,delivery_order_status
33301,33303,@AmazonHelp My order is still not received. There is a huge problem in your delivery. This the 3rd day now. Being a prime member I am facing this. 😡😡😡,My order is still not received. There is a huge problem in your delivery. This the 3rd day now. Being a prime member I am facing this. 😡😡😡,33304,@123358 We have emailed you here: https://t.co/8DAc10S7ww Kindly check &amp; reply to it for further assistance. ^SY,Thu Nov 02 09:26:51 +0000 2017,123358,AmazonHelp,1,False,delivery_order_status
33310,33310,"@117086 19/10 fiz 2compras no site de vcs e tive problema com as 2. No site não conseguiram solucionar, 1 quebrado e 1 ainda não entregue.","19/10 fiz 2compras no site de vcs e tive problema com as 2. No site não conseguiram solucionar, 1 quebrado e 1 ainda não entregue.",33309,"@123361 Olá Nilo, sinto muito o acontecido, você já entrou em contato com nosso Serviço ao Cliente para informar o acontecido? ^AZ",Wed Nov 01 12:03:12 +0000 2017,123361,AmazonHelp,1,False,other
34467,34467,@116928 Hace medio año os compre un CPU AMD. Ya no funciona. ¿Qué hago?,Hace medio año os compre un CPU AMD. Ya no funciona. ¿Qué hago?,34466,"@123470 Hola Raul, sentimos el inconveniente. El producto ¿es vendido y gestionado por Amazon o es vendido por un vendedor externo?1/2",Wed Nov 01 13:22:43 +0000 2017,123470,AmazonHelp,2,False,other
34471,34470,"@AmazonHelp No, for this particular example the game releases on 3rd November but the delivery date is the 4th. I pre-ordered the game months ago","No, for this particular example the game releases on 3rd November but the delivery date is the 4th. I pre-ordered the game months ago",34472,@123471 Did you select Release Day Delivery at check-out: https://t.co/WULosJ4pBM?,Wed Nov 01 13:31:51 +0000 2017,123471,AmazonHelp,1,False,delivery_order_status
34471,34471,@115830 i've noticed recently all my game pre-orders are scheduled to be delivered a day late. Why is this? 🤔,i've noticed recently all my game pre-orders are scheduled to be delivered a day late. Why is this? 🤔,34469,@123471 We aim to meet the date given in your order confirmation e-mail: https://t.co/AV7avSDRdg. Has the delivery been missed? ^KJ,Wed Nov 01 13:22:15 +0000 2017,123471,AmazonHelp,1,False,delivery_order_status
34471,34473,@AmazonHelp Yep,Yep,34474,@123471 Please reach out to us here: https://t.co/JzP7hlA23B via phone or chat so we can take a closer look together. ^MT,Wed Nov 01 17:59:05 +0000 2017,123471,AmazonHelp,1,False,other
34476,34476,Hey @115830 I pre-ordered @123473 's book Slobberknocker on Sept 11th for release on Oct 19th and still nothing. Any status update?,Hey I pre-ordered 's book Slobberknocker on Sept 11th for release on Oct 19th and still nothing. Any status update?,34475,@123472 Oh no! We'd like to help in any way we can. What's the latest status for your order here: https://t.co/aaDyEz1VgE ^NM,Wed Nov 01 13:20:29 +0000 2017,123472,AmazonHelp,1,False,other
34483,34483,@115821 @115851 why do you continue to use @2150 I don’t get my items! How can “the door” sign for a package! Terrible service!,why do you continue to use I don’t get my items! How can “the door” sign for a package! Terrible service!,34481,@123475 Sorry for the poor experience! Have you spoken our customer service so we could escalate this feedback to the carrier? ^AD,Wed Nov 01 13:17:25 +0000 2017,123475,AmazonHelp,1,False,delivery_order_status
34500,34500,"@AmazonHelp I am getting ""We're sorry but we encountered an error when processing your request. Please try again"" When payi with 2 dif cards","I am getting ""We're sorry but we encountered an error when processing your request. Please try again"" When payi with 2 dif cards",34498,@123477 Oh no! We'd like to help troubleshoot with you. Do you mind telling us which Amazon site you use? (.com/.ca/.co.uk/.de) Thanks! ^NM,Wed Nov 01 13:15:00 +0000 2017,123477,AmazonHelp,1,False,other
34503,34502,"@AmazonHelp Comprei 9, trilogia Crônicas de Amor e Ódio, Fronteiras do Universos 1 e 3, Estamos Bem, Contos de Horror séc XIX, Carry On e A longa Viagem","Comprei 9, trilogia Crônicas de Amor e Ódio, Fronteiras do Universos 1 e 3, Estamos Bem, Contos de Horror séc XIX, Carry On e A longa Viagem",34504,@123478 O seu coração bate mais forte quando você passa na frente de uma livraria? 😊💞 ^VL,Wed Nov 01 13:42:00 +0000 2017,123478,AmazonHelp,1,False,other
34503,34503,"fico impressionado com a rapidez da @117086 nos envios dos pedidos, comprei ontem e já tá em transporte 💙 amo demais","fico impressionado com a rapidez da nos envios dos pedidos, comprei ontem e já tá em transporte 💙 amo demais",34501,@123478 Eitaa quais livros comprou 😍? ^MB,Wed Nov 01 13:02:34 +0000 2017,123478,AmazonHelp,1,False,other
34503,34505,@AmazonHelp Com certeza e é quase impossível eu não entrar hahah 💙,Com certeza e é quase impossível eu não entrar hahah 💙,34506,@123478 As pessoas costumam te perguntar quantos livros você já leu? 🙊 ^VL,Wed Nov 01 13:47:57 +0000 2017,123478,AmazonHelp,1,False,other
34503,34507,"@AmazonHelp Sim! Principalmente quando olham minha estante dizem ""nooossa você já leu quantos desses?""","Sim! Principalmente quando olham minha estante dizem ""nooossa você já leu quantos desses?""",34508,@123478 Nossa! manda uma foto dessa estante maravilhosa para gente 🤗. ^AZ,Wed Nov 01 14:02:27 +0000 2017,123478,AmazonHelp,1,False,other
34503,34509,@AmazonHelp Olha ela aí 💙 https://t.co/9I5Av2Lv7i,Olha ela aí 💙,34510,"@123478 Eita nossa, amei tanto que quero um igual! ❤ ^DA",Wed Nov 01 14:28:44 +0000 2017,123478,AmazonHelp,1,False,other
34515,34514,"@AmazonHelp Yes, it is","Yes, it is",34516,@123480 Happy to hear it. We'd like to document your experience and look into your options here: https://t.co/qy3J24VGxb ^AF,Wed Nov 01 15:58:21 +0000 2017,123480,AmazonHelp,1,False,other
34515,34515,@115830 I don’t think I ordered this with my headphone jack.. 🤢🤢 https://t.co/aJbEVjQO3y,I don’t think I ordered this with my headphone jack.. 🤢🤢,34513,@123480 I'm so sorry for the troubling experience! Is the product still in okay condition? Please let us know. ^MJ,Wed Nov 01 12:53:22 +0000 2017,123480,AmazonHelp,1,False,other
34518,34518,@1811 questa recensione e esattamente come deve essere o qualcuno non capisce inglese! https://t.co/22aoDFzNPf,questa recensione e esattamente come deve essere o qualcuno non capisce inglese!,34517,@123481 Segnala l'accaduto nostro Servizio Clienti cliccando qui: https://t.co/iRwLqR6RDW. A presto! ^GA,Wed Nov 01 13:11:36 +0000 2017,123481,AmazonHelp,1,False,other
34521,34520,@AmazonHelp Thanks ! PS4,Thanks ! PS4,34522,@123482 We don't have any information on the digital release times. Please keep an eye on your e-mail for any updates of the code. ^MJ,Wed Nov 01 13:25:20 +0000 2017,123482,AmazonHelp,1,False,other
34521,34521,@115830 will UK pre orders for cod ww2 get pre load codes soon ?,will UK pre orders for cod ww2 get pre load codes soon ?,34519,"@123482 Hello, Tom! We would love to hep! What system are you purchasing the game for? ^JZ",Wed Nov 01 13:14:10 +0000 2017,123482,AmazonHelp,1,False,other
34526,34525,"@AmazonHelp Pues tengo que mirar me suena externo, y no, no recibí correo sino en la web vi el cambio hoy","Pues tengo que mirar me suena externo, y no, no recibí correo sino en la web vi el cambio hoy",34527,"@123483 Entiendo, ¿has entrado en contacto con el transportista para verificar lo sucedido? ^AZ",Wed Nov 01 14:29:16 +0000 2017,123483,AmazonHelp,1,False,other
34526,34526,"@116928 que pasa últimamente?? un paquete que me llegaba el día 25, cambiaron la fecha al 31 y hoy marca el 11","que pasa últimamente?? un paquete que me llegaba el día 25, cambiaron la fecha al 31 y hoy marca el 11",34524,"@123483 Hola Josu, ¿el producto es vendido y enviado por Amazon o por un vendedor externo? ¿Recibiste un correo notificando el cambio? ^LG",Wed Nov 01 13:08:36 +0000 2017,123483,AmazonHelp,1,False,other
34526,34528,"@AmazonHelp Iba a eso en un rato, que no he podido en toda la mañana","Iba a eso en un rato, que no he podido en toda la mañana",34529,"@123483 Josu, puedes contactarlos mediante los dados que encuentras en este enlace: https://t.co/EaTko8rGOq. ^DA",Wed Nov 01 14:36:37 +0000 2017,123483,AmazonHelp,1,False,other
34537,34531,@AmazonHelp Dejo pantallazo https://t.co/hznJpkQVbg,Dejo pantallazo,34534,"@123484 Entiendo, por favor reportalo con nuestro Servicio al Cliente por medio de este enlace: https://t.co/OjvUxwnzPe . ^MB",Wed Nov 01 17:46:47 +0000 2017,123484,AmazonHelp,1,False,other
34537,34532,"@AmazonHelp Entiendo que es gestionado por Amazon, ya que me aparece que fue vendido por Amazon EU S.a.r.L.","Entiendo que es gestionado por Amazon, ya que me aparece que fue vendido por Amazon EU S.a.r.L.",34535,"@123484 Suarez, por favor entra en contacto con nuestros compañeros de Soporte al Cliente: https://t.co/OjvUxwnzPe. ^DA",Wed Nov 01 17:45:18 +0000 2017,123484,AmazonHelp,1,False,other
34537,34533,@AmazonHelp Intente llamar a seur y nada. Y aquí sigo esperando hoy. Siempre ha funcionado bien pero esta vez....,Intente llamar a seur y nada. Y aquí sigo esperando hoy. Siempre ha funcionado bien pero esta vez....,34530,"@123484 Entiendo, ¿el pedido era gestionado por Amazon o por un vendedor independiente? ^KS",Wed Nov 01 13:09:28 +0000 2017,123484,AmazonHelp,1,False,other
34537,34537,"@116928 tenía pedido prime para hoy, me quedé todo el día en casa... Y mis cositas?  Ahora tendré que entretenerme con otra cosa.","tenía pedido prime para hoy, me quedé todo el día en casa... Y mis cositas? Ahora tendré que entretenerme con otra cosa.",34536,"@123484 Lamento el inconveniente, ¿has entrado en contacto con la empresa de transportes para verificar lo sucedido? ^KS",Tue Oct 31 20:43:38 +0000 2017,123484,AmazonHelp,1,False,other
34544,34543,@AmazonHelp Meu kindle e mais alguns livros \o/ https://t.co/N7WuKp1AFi,Meu kindle e mais alguns livros \o/,34545,@123486 Felicidade mesmo! 😍 conta para gente qual é seu gênero literário favorito? ^AZ,Wed Nov 01 13:33:18 +0000 2017,123486,AmazonHelp,1,False,device_digital_content
34544,34544,"Tem coisa melhor do q receber encomenda no teu nome e ainda antes da data prevista??

@117086 te amo, namoral https://t.co/ydD9ZNF0U4","Tem coisa melhor do q receber encomenda no teu nome e ainda antes da data prevista?? te amo, namoral",34542,"@123486 A caixa da felicidade já chegou 🤗 Só amor para você, Roberto! O que você recebeu hoje? 🙊 ^LG",Wed Nov 01 13:09:01 +0000 2017,123486,AmazonHelp,1,False,other
34544,34546,"@AmazonHelp Tenho lido mais livros relacionados a política, mas tbm curto suspense policial","Tenho lido mais livros relacionados a política, mas tbm curto suspense policial",34547,@123486 As pessoas costumam te perguntar quantos livros você já leu? ^VL,Wed Nov 01 15:45:35 +0000 2017,123486,AmazonHelp,1,False,other
34558,34550,@AmazonHelp Not yet....,Not yet....,34549,"@123487 Sorry to learn that, I’d like to help you, please fill this form: https://t.co/beaaDm0muc and we’ll contact you soon. ^SU",Wed Nov 01 13:12:37 +0000 2017,123487,AmazonHelp,1,False,other
34558,34552,@AmazonHelp Order is dispatched yet Prime not activated.,Order is dispatched yet Prime not activated.,34551,"@123487 Please do not worry, you would receive a confirmation mail soon on the prime activation. Appreciate your patience ^BS",Mon Oct 30 15:45:58 +0000 2017,123487,AmazonHelp,1,False,delivery_order_status
34558,34554,@AmazonHelp Already requested. No resolution.,Already requested. No resolution.,34553,"@123487 Once the echo order is dispatched, the membership will be activated. Appreciate your patience. ^HR",Tue Oct 24 06:01:40 +0000 2017,123487,AmazonHelp,1,False,other
34558,34556,"@AmazonHelp My prime membership has expired &amp; the one bundled with echo purchase has not become effective. So no prime vid, amazon now &amp; fast shipping","My prime membership has expired &amp; the one bundled with echo purchase has not become effective. So no prime vid, amazon now &amp; fast shipping",34555,@123487 Please contact us here: https://t.co/vlvfJr4nN9 and we'll help you with this. ^SQ,Tue Oct 24 00:23:13 +0000 2017,123487,AmazonHelp,1,False,prime_membership
34558,34558,Day two without #AmazonIN #Prime.,Day two without #AmazonIN #Prime.,34557,@123487 I couldn't comprehend your concern. Could you elaborate the issue so that we can assist you accordingly? ^SQ,Tue Oct 24 00:05:47 +0000 2017,123487,AmazonHelp,1,False,other
34575,34575,"Sagt mal @116316, wann gibt es endlich Amazon Prime in der Schweiz?","Sagt mal , wann gibt es endlich Amazon Prime in der Schweiz?",34573,"@123489 Dazu haben wir keine Informationen. Wir bemühen uns natürlich, den Service für internationale Kunden weiter auszubauen. ^DS",Wed Nov 01 13:10:56 +0000 2017,123489,AmazonHelp,1,False,other
35141,35141,"@115850 
ORDER # 405-0563842-3521944.  When I ordered it, there was cashback of 10% on using icici card.  I did not get the cash back","ORDER # 405-0563842-3521944. When I ordered it, there was cashback of 10% on using icici card. I did not get the cash back",35140,@123651 Please don’t provide your order details as we consider them to be personal info. Our page is visible to public. ^SG(2/2),Wed Nov 01 13:18:01 +0000 2017,123651,AmazonHelp,2,False,other
35144,35144,@119625 please release Grand Tour on the same date as the global release. Waiting for it here!,please release Grand Tour on the same date as the global release. Waiting for it here!,35143,@123652 We don't have any announcement regarding it. Request you to please stay tuned to our website for updates. ^AM,Wed Nov 01 13:36:13 +0000 2017,123652,AmazonHelp,1,False,other
35147,35146,@AmazonHelp I am still waiting for the product to be picked up and refund,I am still waiting for the product to be picked up and refund,35148,@123653 Could you confirm if you've escalated this to our support team from the link provided earlier? ^SQ,Thu Nov 02 22:58:54 +0000 2017,123653,AmazonHelp,1,False,refund_return
35147,35147,@115850 This is quality of the grinder that was delivered just now.Broken grinder stone and scratched product all over.Mere refnd engh??? https://t.co/FyCq2DSjnE,This is quality of the grinder that was delivered just now.Broken grinder stone and scratched product all over.Mere refnd engh???,35145,@123653 here: https://t.co/rS49hgaADF so that we can assist you accordingly. (2/2) ^MO,Wed Nov 01 13:28:48 +0000 2017,123653,AmazonHelp,2,False,item_quality_issue
35147,35149,@AmazonHelp Yes many times since yesterday however am getting very little help and the return pick is getting rescheduled every time,Yes many times since yesterday however am getting very little help and the return pick is getting rescheduled every time,35150,@123653 We regret the inconvenience. Please fill in your details here: https://t.co/GIJyeYqKE0. We’ll look into it. ^SB,Fri Nov 03 09:27:21 +0000 2017,123653,AmazonHelp,1,False,delivery_order_status
35153,35153,You want BBC Radio 1? Alexa serves up BBC Radio Guernsey. Radio 2 - still Guernsey. Radio 3? Ditto. Amazon has 5000 people working on Echo… https://t.co/uJf1w1tpYF,You want BBC Radio 1? Alexa serves up BBC Radio Guernsey. Radio 2 - still Guernsey. Radio 3? Ditto. Amazon has 5000 people working on Echo…,35152,"@123654 Hi Stanley, we'd like to look into this for you. Please send us your details on this form: https://t.co/daqBYrjfiQ ^RS",Sun Oct 29 13:46:23 +0000 2017,123654,AmazonHelp,1,False,device_digital_content
35156,35155,@AmazonHelp Supposed to arrive Nov 2nd or 3rd now and I need the package no later than tomorrow night,Supposed to arrive Nov 2nd or 3rd now and I need the package no later than tomorrow night,35157,@123655 What was the original delivery date given in your order confirmation e-mail? ^MH,Wed Nov 01 13:43:20 +0000 2017,123655,AmazonHelp,1,False,delivery_order_status
35156,35156,First attempt at ordering an @115821 package to an Amazon Pickup Point and they are 3 days late on delivery. Why bother paying for prime?,First attempt at ordering an package to an Amazon Pickup Point and they are 3 days late on delivery. Why bother paying for prime?,35154,"@123655 Hi, sorry to hear there's been a delay. What's your parcel status: https://t.co/PCtircFm5C ^TS",Wed Nov 01 13:37:56 +0000 2017,123655,AmazonHelp,1,False,delivery_order_status
35156,35158,"@AmazonHelp Yesterday, Oct 31","Yesterday, Oct 31",35159,@123655 Please contact us via phone or chat here: https://t.co/hApLpMlfHN and we'll investigate this for you right away. ^RL,Wed Nov 01 13:49:54 +0000 2017,123655,AmazonHelp,1,False,other
35161,35161,What happened to my order #402-7818801-0665933 it's not moving since 28/10/17 @115850,What happened to my order #402-7818801-0665933 it's not moving since 28/10/17,35160,@123656 we consider them to be personal info. Our page is visible to public. ^SG(3/3),Wed Nov 01 13:17:46 +0000 2017,123656,AmazonHelp,3,False,delivery_order_status
35169,35169,"@115821, are you getting too big for great service? Amazon logistics is failing your company. Fed up with the lousy delivery service lately!",", are you getting too big for great service? Amazon logistics is failing your company. Fed up with the lousy delivery service lately!",35168,"@123658 I'm sorry for any poor delivery experiences you've had. Without account details, can you tell us more about what's happened? ^RA",Wed Nov 01 13:27:18 +0000 2017,123658,AmazonHelp,1,False,delivery_order_status
35172,35171,@AmazonHelp Just that the specialist team were investigating and this may take 48hrs (at time of email sent to me early hours of this morning).,Just that the specialist team were investigating and this may take 48hrs (at time of email sent to me early hours of this morning).,35173,@123659 I apologize for the troubling experience. Please let us know if you do not receive an email from us within 48 hours. ^MW,Wed Nov 01 13:40:25 +0000 2017,123659,AmazonHelp,1,False,other
35172,35172,"Ordered via @AmazonHelp, notified its been delivered. Get home, not delivered. Request them to investigate, their response.Salt in the wound https://t.co/AmxnePgcpF","Ordered via , notified its been delivered. Get home, not delivered. Request them to investigate, their response.Salt in the wound",35170,@123659 My apologies Andrew. Was any additional information provided? ^DC,Wed Nov 01 13:33:29 +0000 2017,123659,AmazonHelp,1,False,delivery_order_status
35176,35176,Maybe someone at @115821 can machine learn their way into telling someone at @117093 that bananas and cans don't go in the same bag?,Maybe someone at can machine learn their way into telling someone at that bananas and cans don't go in the same bag?,35174,@123660 So sorry for the poor experience! Please contact us here: https://t.co/hApLpMlfHN so we can look into this for you! ^AD,Wed Nov 01 13:30:25 +0000 2017,123660,AmazonHelp,1,False,other
35179,35179,@115821 my colleagues fashioned my packaging into a must have autumn accessory! What do you think? https://t.co/fVGBRwxZvC,my colleagues fashioned my packaging into a must have autumn accessory! What do you think?,35177,@123661 That's sooo much better than the skirt we made! Please drop your details here for some accessories: https://t.co/tkLCr7DNil 😍 ^TS,Wed Nov 01 13:29:40 +0000 2017,123661,AmazonHelp,1,False,other
35183,35183,"アマゾンジャパン（株）
ってところから SMS？きたんやけど
なにこれ？って検索したら
なんと 詐欺っぽい。
電話なんか怪しすぎてしてないから
安心してもいいんですよね…？",アマゾンジャパン（株） ってところから SMS？きたんやけど なにこれ？って検索したら なんと 詐欺っぽい。 電話なんか怪しすぎてしてないから 安心してもいいんですよね…？,35181,@123662 失礼いたします。ご存知かと存じますが、当サイトからSMSでメールをお送りすることはございません。アマゾンの名をかたるフィッシング行為が増えているようです。どうぞお気を付けくださいませ。https://t.co/k4jy2iTq1Y  SM,Wed Nov 01 13:32:14 +0000 2017,123662,AmazonHelp,1,False,other
35187,35186,@AmazonHelp I don’t think so - my understanding it was a deal for prime members and sold by Amazon and not 3rd party vendors. See email I received 👇🏼 https://t.co/lMQZ5mOqew,I don’t think so - my understanding it was a deal for prime members and sold by Amazon and not 3rd party vendors. See email I received 👇🏼,35188,@123663 The e-mail states the deal starts at a specific time for the release of the item. Pls let us know if it isn't available then! ^TG,Wed Nov 01 13:41:04 +0000 2017,123663,AmazonHelp,1,False,other
35187,35187,Signed up for @116090 Prime to buy a SNES today. Can’t find it! @AmazonHelp Is it there or am I now a person who can’t use websites? 🙈,Signed up for Prime to buy a SNES today. Can’t find it! Is it there or am I now a person who can’t use websites? 🙈,35185,"@123663 Hello, Kate! We're here to help. I'm sorry for the troubles. Is this the one you are looking for? https://t.co/RhgiyQru2k ^AL",Wed Nov 01 13:30:25 +0000 2017,123663,AmazonHelp,1,False,other
35187,35189,@AmazonHelp It wasn’t! That I could see!,It wasn’t! That I could see!,35190,@123663 I apologize for any inconvenience. I hope you will be able to take advantage of our future promotions. ^EB,Thu Nov 02 02:12:01 +0000 2017,123663,AmazonHelp,1,False,other
35197,35196,"@AmazonHelp Bonjour, il faudrait aussi mettre le livre en ""Football"" plutôt que ""Hockey"". La première requête a été exhaussée mais pas celle-ci. Merci.","Bonjour, il faudrait aussi mettre le livre en ""Football"" plutôt que ""Hockey"". La première requête a été exhaussée mais pas celle-ci. Merci.",35198,@123665 Je vais transmettre votre requête à la personne en charge de votre dossier. ^SM,Sat Nov 04 12:17:55 +0000 2017,123665,AmazonHelp,1,False,other
35197,35197,"@AmazonHelp Bonjour. On sort un livre demain : https://t.co/HVj0BLvFQZ
Il n'y a toujours pas la couv (et mon vrai nom). Comment changer ?",Bonjour. On sort un livre demain : Il n'y a toujours pas la couv (et mon vrai nom). Comment changer ?,35195,"@123665 Bonjour, je suis navrée pour cela. Pour vérifier cela, veuillez remplir le formulaire suivant : https://t.co/HtUowg2UGX ^SB",Wed Nov 01 13:10:31 +0000 2017,123665,AmazonHelp,1,False,other
35197,35199,"@AmazonHelp N'hésitez pas à insister, cela fait désormais plusieurs jours et c'est très pénalisant.","N'hésitez pas à insister, cela fait désormais plusieurs jours et c'est très pénalisant.",35200,@123665 Vous pouvez compter sur moi et merci pour votre patience et votre compréhension.,Mon Nov 06 23:00:23 +0000 2017,123665,AmazonHelp,1,False,other
35197,35201,@AmazonHelp Toujours pas (alors qu'on est théoriquement la meilleure vente de la catégorie foot). Je ne sais plus comment m'y prendre pour vous demander de changer de catégorie.,Toujours pas (alors qu'on est théoriquement la meilleure vente de la catégorie foot). Je ne sais plus comment m'y prendre pour vous demander de changer de catégorie.,35202,@123665 Je suis désolé pour cette situation et comprends votre commentaire. J'ai relancé le service pour changé cela rapidement.,Wed Nov 08 11:09:40 +0000 2017,123665,AmazonHelp,1,False,other
35197,35203,"@AmazonHelp Bonjour, voici mon point quotidien pour signaler que nous sommes toujours dans le top 300 (et en promo radio quotidienne) et pas dans la bonne catégorie. D'autant plus frustrant que vu de l'extérieur, ça ressemble à un truc solvable en 30 secondes.","Bonjour, voici mon point quotidien pour signaler que nous sommes toujours dans le top 300 (et en promo radio quotidienne) et pas dans la bonne catégorie. D'autant plus frustrant que vu de l'extérieur, ça ressemble à un truc solvable en 30 secondes.",35204,"@123665 Bonjour, nous avons bien remonté cela, notre service en charge est en train de vérifier votre dossier et reviendra vers vous. 
^KE",Thu Nov 09 18:51:34 +0000 2017,123665,AmazonHelp,1,False,other
35197,35205,@AmazonHelp Le dossier a l'air compliqué pour un livre qui a le nom du sport en guise de titre. N'y a-t-il pas un autre moyen de contacter le service qui gère ça ? La couverture avait été ajoutée en quelques heures donc 10 jours pour changer une catégorie...,Le dossier a l'air compliqué pour un livre qui a le nom du sport en guise de titre. N'y a-t-il pas un autre moyen de contacter le service qui gère ça ? La couverture avait été ajoutée en quelques heures donc 10 jours pour changer une catégorie...,35207,"@123665 Vous pouvez contacter le service en question, en envoyant un e-mail au service client via le lien suivant : https://t.co/qzuu0dgDXz ^ME",Sat Nov 11 12:54:34 +0000 2017,123665,AmazonHelp,1,False,other
35845,35844,@AmazonHelp It did not say on the tracking who was carrying it.  I did get contacted from Amazon and now they promised first thing in the morning.,It did not say on the tracking who was carrying it. I did get contacted from Amazon and now they promised first thing in the morning.,35846,@123811 Oh no! I'm sorry for the delay. Please keep us in the loop and let us know if you receive the package by the new date. ^TG,Wed Nov 01 18:43:50 +0000 2017,123811,AmazonHelp,1,False,delivery_order_status
35845,35845,Wow @115830 who do you use for delivery people.  Are they trained to lie?  I have been home all day.  This is shit.,Wow who do you use for delivery people. Are they trained to lie? I have been home all day. This is shit.,35843,@123811 What carrier is your order with? ^KM,Wed Nov 01 13:55:56 +0000 2017,123811,AmazonHelp,1,False,delivery_order_status
35845,35847,@AmazonHelp They said on he we site they tried to deliver at 853 last night.  Checked my video.  The delivery guy never showed.,They said on he we site they tried to deliver at 853 last night. Checked my video. The delivery guy never showed.,35848,@123811 Sorry to hear this - pls contact us so we can escalate to the carrier :  https://t.co/hApLpMlfHN ^TD,Thu Nov 02 09:43:45 +0000 2017,123811,AmazonHelp,1,False,delivery_order_status
35845,35849,@AmazonHelp I have twice.  This will not fix a stupid driver who cannot read the address or instructions correctly.,I have twice. This will not fix a stupid driver who cannot read the address or instructions correctly.,35850,@123811 What was advised when you spoke with us directly? ^NV,Thu Nov 02 10:17:19 +0000 2017,123811,AmazonHelp,1,False,delivery_order_status
35845,35851,@AmazonHelp they took additional details and verified my phone and still failed to deliver today.  I assume i need to stand out on the street waving.,they took additional details and verified my phone and still failed to deliver today. I assume i need to stand out on the street waving.,35852,@123811 Please give us a call: https://t.co/JzP7hlA23B to go over your available options. ^CO,Thu Nov 02 20:26:35 +0000 2017,123811,AmazonHelp,1,False,delivery_order_status
35926,35902,@AmazonHelp Replied... With details.. Lets see if you can help from birthday party being ruined,Replied... With details.. Lets see if you can help from birthday party being ruined,35904,@123814 Thanks for confirming. We'll check this and get back with an update shortly. ^YP,Wed Nov 01 14:00:43 +0000 2017,123814,AmazonHelp,1,False,other
35926,35903,@AmazonHelp Already did.. Even to your escalation team.. The courier number they gave was even incorrect.. This was present for today's bday.. Ruined...,Already did.. Even to your escalation team.. The courier number they gave was even incorrect.. This was present for today's bday.. Ruined...,35901,"@123814 Certainly unintended, Bunty. Please share your details here: https://t.co/GIJyeYqKE0 and we'll check this out. ^MS",Wed Nov 01 13:49:31 +0000 2017,123814,AmazonHelp,1,False,delivery_order_status
35926,35905,@AmazonHelp How short is your shortly? A response with an ETA would have been professional,How short is your shortly? A response with an ETA would have been professional,35906,"@123814 Once we receive the details, we'd get back to you the latest by 12 hours. Appreciate your patience. ^BS",Wed Nov 01 16:57:44 +0000 2017,123814,AmazonHelp,1,False,other
35926,35907,@AmazonHelp How long would be this 12 hours wait #AmazonIndia? Is already 14 hours from your last tweet... Or clocks working differently at your end,How long would be this 12 hours wait #AmazonIndia? Is already 14 hours from your last tweet... Or clocks working differently at your end,35908,@123814 I'm sorry for the stretch. We're working on the issue and will reach out to you end of the day today. ^AP,Thu Nov 02 06:26:53 +0000 2017,123814,AmazonHelp,1,False,other
35926,35909,@AmazonHelp #AmazonIndia what would reaching out that to end of day would do..Better try to get this atleast delivered today. That would be more helpful,#AmazonIndia what would reaching out that to end of day would do..Better try to get this atleast delivered today. That would be more helpful,35910,@123814 email ID. Kindly check it here: https://t.co/8DAc10S7ww. 2/2 ^RS,Thu Nov 02 06:45:50 +0000 2017,123814,AmazonHelp,2,False,delivery_order_status
35926,35912,"@AmazonHelp #AmazonIndia few more lies from #aramex . Incorrect address, time restricted, office,.. 

Is home not an office address. Stop lying https://t.co/dHO3eweRco","#AmazonIndia few more lies from #aramex . Incorrect address, time restricted, office,.. Is home not an office address. Stop lying",35913,@123814 Kindly check the correspondence sent to your registered email and reply to it. We'll help you further. ^ZH,Thu Nov 02 07:08:42 +0000 2017,123814,AmazonHelp,1,False,other
35926,35914,"@AmazonHelp Yeah got your 'at the earliest' response.. 

Can't you give a 100% sure answer by talking to your courier partner. Is it that hard ¡¡ https://t.co/nH1ziAugRH",Yeah got your 'at the earliest' response.. Can't you give a 100% sure answer by talking to your courier partner. Is it that hard ¡¡,35915,@123814 We're currently working on your issue. We'll contact you with an update soon. Request you to wait for an update. ^ZH,Thu Nov 02 07:28:03 +0000 2017,123814,AmazonHelp,1,False,delivery_order_status
35926,35916,@AmazonHelp When will this soon of your arrive? Nearing end of day 3 without any real update or solution #Amazon #AmazonIndia #Flipkart,When will this soon of your arrive? Nearing end of day 3 without any real update or solution #Amazon #AmazonIndia #Flipkart,35917,@123814 Apologies for the ordeal. We'll get back to you as soon as we have an update. ^PS,Thu Nov 02 10:09:37 +0000 2017,123814,AmazonHelp,1,False,delivery_order_status
35926,35918,"@AmazonHelp I'm hearing since 3 days.yet to receive update .. 
 How can't you track and give an ETA on your own deliverance #AmazonIndia #Amazon",I'm hearing since 3 days.yet to receive update .. How can't you track and give an ETA on your own deliverance #AmazonIndia #Amazon,35919,"@123814 I assure you, we're truly sorry for the stretch. Our team will get back to you with an update surely. ^RS",Thu Nov 02 10:33:30 +0000 2017,123814,AmazonHelp,1,False,delivery_order_status
35926,35920,@AmazonHelp #AmazonIndia i thought amazon had the best Service. Therefore ordered more than 100 items... But this incident lost my trust,#AmazonIndia i thought amazon had the best Service. Therefore ordered more than 100 items... But this incident lost my trust,35921,"@123814 Apologies for the unpleasant experience, this wasn't intended. We request your patience while we work on it ^BS",Thu Nov 02 10:56:12 +0000 2017,123814,AmazonHelp,1,False,other
35926,35922,@AmazonHelp No one intends on this.. However one reported than taking more than 3 days to resolve or even update.. Is bad customer service #AmazonIndia,No one intends on this.. However one reported than taking more than 3 days to resolve or even update.. Is bad customer service #AmazonIndia,35923,"@123814 I get your disappointment. As requested, please give us sometime to work and we'll get back to you with an update soon. ^NK",Thu Nov 02 11:31:26 +0000 2017,123814,AmazonHelp,1,False,service_complaint
35926,35926,"#AmazonIndia can't deliver in time and funny updates of timeline app..

Even customer care couldn't help in two days #Amazon https://t.co/vdUuTXp6KP",#AmazonIndia can't deliver in time and funny updates of timeline app.. Even customer care couldn't help in two days #Amazon,35925,@123814 I'm sorry for the delay in delivery. Please get in touch with us via https://t.co/TxK11znixD and we'll check this out. ^AM,Wed Nov 01 13:44:13 +0000 2017,123814,AmazonHelp,1,False,delivery_order_status
35929,35928,@AmazonHelp Muito obrigada de verdade,Muito obrigada de verdade,35930,"@123815 De nada. Caso precisar de informação adicional, é só perguntar 😉 ^LG",Wed Nov 01 13:56:15 +0000 2017,123815,AmazonHelp,1,False,other
35929,35929,"@117086 Bom dia, gostaria de saber se o livro da @2200 a vida sem filtro vai está à venda em Portugal?!","Bom dia, gostaria de saber se o livro da a vida sem filtro vai está à venda em Portugal?!",35927,"@123815 Olá, no momento não temos esta informação, mas fique de olho no site e midias socias para mais novidades. ❤ ^DA",Wed Nov 01 13:49:24 +0000 2017,123815,AmazonHelp,1,False,other
35936,35935,"@AmazonHelp I’m not sure, I ordered it at 8am this morning with 1 day shipping. I just got the email saying I will get an email when it’s been shipped","I’m not sure, I ordered it at 8am this morning with 1 day shipping. I just got the email saying I will get an email when it’s been shipped",35937,"@123816 2/2 For details on how shipping and delivery dates are calculated, please see here: https://t.co/zGyLuHMPgq ^CO",Wed Nov 01 16:12:46 +0000 2017,123816,AmazonHelp,2,False,delivery_order_status
35936,35936,@115821 how come the order I made today using amazon prime guarantee next day delivery says guaranteed delivery Nov 6? https://t.co/NZPhnTDEEW,how come the order I made today using amazon prime guarantee next day delivery says guaranteed delivery Nov 6?,35934,"@123816 Hi, sorry to see that. When is the order due to be dispatched: https://t.co/PyACxvY8Qo? ^JJ",Wed Nov 01 13:50:41 +0000 2017,123816,AmazonHelp,1,False,delivery_order_status
35936,35939,"@AmazonHelp Awesome, thank you!","Awesome, thank you!",35940,"@123816 You're welcome. Please let us know if you have any other questions or concerns, we're here for you! 😃 ^EB",Wed Nov 01 21:53:30 +0000 2017,123816,AmazonHelp,1,False,other
35942,35942,@118919 called Glen Service Center to install but thier response is very cool.Pls help https://t.co/eM5K7bkkw7,called Glen Service Center to install but thier response is very cool.Pls help,35941,"@123817 I'm sorry, I'm unable to comprehend your concern, could you please elaborate the issue. ^SU",Wed Nov 01 13:42:44 +0000 2017,123817,AmazonHelp,1,False,other
35946,35946,Amazon ギフト券が使えないorz,Amazon ギフト券が使えないorz,35945,@123818 失礼いたします。Amazonギフト券のご利用際しお困りの場合は、カスタマーサービスにて確認のうえご案内いたします。よろしければ、以下よりお問い合わせください。https://t.co/J6YEizo6qC　SM,Wed Nov 01 13:42:40 +0000 2017,123818,AmazonHelp,1,False,other
35949,35948,@AmazonHelp this is what the app says https://t.co/fQk98Cqk4u,this is what the app says,35950,"@123819 So sorry for the delay, Pam! Please contact us here: https://t.co/hApLpMlfHN so we can look into this for you. ^AD",Wed Nov 01 14:02:31 +0000 2017,123819,AmazonHelp,1,False,other
35949,35949,"Twin Peaks the Final Dossier was expected to arrive yesterday, the day it was released. Yay, preorder! Except @115821 hasn’t shipped it yet.","Twin Peaks the Final Dossier was expected to arrive yesterday, the day it was released. Yay, preorder! Except hasn’t shipped it yet.",35947,"@123819 Hi Pam, have we missed the date given in your order confirmation email? What info is visible here: https://t.co/PCtircFm5C ^TS",Wed Nov 01 13:48:18 +0000 2017,123819,AmazonHelp,1,False,delivery_order_status
35953,35952,@AmazonHelp Por favor! Assim eu que não aguento. Venha cá e me dê um abracinho! ❤️,Por favor! Assim eu que não aguento. Venha cá e me dê um abracinho! ❤️,35954,"@123820 Aaaah, que amor! Te mandamos um super abrazoo ❤ ^DA https://t.co/HhBAj6wri7",Wed Nov 01 14:11:19 +0000 2017,123820,AmazonHelp,1,False,other
35953,35953,"Quero declarar meu amor pela @117086. Melhor serviço! 
Entregam meus livros quase que de um dia para o outro. ❤️",Quero declarar meu amor pela . Melhor serviço! Entregam meus livros quase que de um dia para o outro. ❤️,35951,"@123820 Julianaaa, assim você abala nossos corações com tanto amor! ❤ ^DA https://t.co/3YCtBQLIyg",Wed Nov 01 13:47:11 +0000 2017,123820,AmazonHelp,1,False,other
35957,35957,"It is so much fun coming home after a day at work, entering the room &amp; simply saying ""Alexa, play some trance music"". @115821 @116935 https://t.co/ikIHSIvd7g","It is so much fun coming home after a day at work, entering the room &amp; simply saying ""Alexa, play some trance music"".",35955,"@123821 Hey Vishal, she can do a lot more than that. Trying saying ""Alexa, beatbox for me"". ^MP",Wed Nov 01 13:23:58 +0000 2017,123821,AmazonHelp,1,False,device_digital_content
35959,35959,@115850 why you sending puzzles.. https://t.co/SszwFG1c7r,why you sending puzzles..,35958,@123822 I'm sorry to know about that. Kindly connect with us here: https://t.co/vlvfJr4nN9 we'd like to help. ^SG,Wed Nov 01 13:44:07 +0000 2017,123822,AmazonHelp,1,False,other
35961,35961,@AmazonHelp Why is Amazon Prime Music stations repeating the first song? Every station I've tried does it.,Why is Amazon Prime Music stations repeating the first song? Every station I've tried does it.,35960,"@123823 Sorry for the trouble. We'd like to troubleshoot this with you in real-time, pls contact us: https://t.co/hApLpMlfHN ^CO",Wed Nov 01 13:38:35 +0000 2017,123823,AmazonHelp,1,False,other
35965,35964,"@AmazonHelp My original order was split into 2, the 1st 1 was charged properly &amp; already delivered but I got 3 charges for the 2nd 1 which is on it way.","My original order was split into 2, the 1st 1 was charged properly &amp; already delivered but I got 3 charges for the 2nd 1 which is on it way.",35966,"@123824 Thanks for clarifying. We'd like to help, contact us by phone or chat at anytime: https://t.co/hApLpMlfHN ^MG",Wed Nov 01 13:51:45 +0000 2017,123824,AmazonHelp,1,False,payment_billing
35965,35965,"@115821 charging me 3 times for the same purchase is unacceptable, as well as not having a customer svc phone # easily accessible online! 😠","charging me 3 times for the same purchase is unacceptable, as well as not having a customer svc phone # easily accessible online! 😠",35962,"@123824 Hi, sorry you've had trouble getting in touch! Do you see one order, or several here: https://t.co/PCtircFm5C ^TS",Wed Nov 01 13:45:57 +0000 2017,123824,AmazonHelp,1,False,payment_billing
35965,35967,"@AmazonHelp I just wanted to update you on my experience w/ your customer svc center. Carmina listen to my problem and successfully resolved it, thxs! 🙂","I just wanted to update you on my experience w/ your customer svc center. Carmina listen to my problem and successfully resolved it, thxs! 🙂",35968,@123824 Wonderful! Thanks so much for sharing your experience with us! 😊 Let us know if you have any other questions/concerns. ^WJ,Wed Nov 01 20:15:22 +0000 2017,123824,AmazonHelp,1,False,other
36483,36481,@AmazonHelp not available at my nearby distro center.. Says it comes today. Kinda horrible delivery times.,not available at my nearby distro center.. Says it comes today. Kinda horrible delivery times.,36484,"@123957 I know how frustrating this is. We ask that you allow until 8pm today to deliver. If the item's not received, let us know! ^AL",Wed Nov 01 14:15:00 +0000 2017,123957,AmazonHelp,1,False,delivery_order_status
36483,36483,"Amazon didn't even ship my in stock tools, until 11 days after I ordered. 9 days after it was promised to arrive. Wtf @AmazonHelp?","Amazon didn't even ship my in stock tools, until 11 days after I ordered. 9 days after it was promised to arrive. Wtf ?",36480,@123957 I'm sorry we missed our mark. Did you receive an e-mail about a delay? Have you called to report this? ^CO,Wed Nov 01 14:04:14 +0000 2017,123957,AmazonHelp,1,False,delivery_order_status
36488,36488,@AmazonHelp how do I cancel my amazon prime account? I don’t use it anymore as no longer need it.,how do I cancel my amazon prime account? I don’t use it anymore as no longer need it.,36487,"@123959 You can find information here on how to get this cancelled: https://t.co/zoEiIIan0o 

If you have questions, let us know! ^KN",Wed Nov 01 14:06:44 +0000 2017,123959,AmazonHelp,1,False,other
36497,36496,@AmazonHelp Kindergarten Unlimited website will not return any ebooks. Tried returning all 10 but keeps sayjng I have 10 out. Have closed out of browser on pc and reinstalled android app. Nothing helps on either platform. Help! :(,Kindergarten Unlimited website will not return any ebooks. Tried returning all 10 but keeps sayjng I have 10 out. Have closed out of browser on pc and reinstalled android app. Nothing helps on either platform. Help! :(,36498,@123961 Oh no! Please contact us here: https://t.co/hApLpMlfHN so we can look into this issue for you. ^AD,Wed Nov 01 14:31:38 +0000 2017,123961,AmazonHelp,1,False,other
36497,36497,@117634 Kindle Unlimited website and android app down?? Any ETA on fix?,Kindle Unlimited website and android app down?? Any ETA on fix?,36494,"@123961 Hi, sorry, can you tell us a bit more about the issue you're facing? ^JJ",Wed Nov 01 14:00:33 +0000 2017,123961,AmazonHelp,1,False,device_digital_content
36497,36500,"@AmazonHelp I did but while waiting for response can someone Please look into this. Tried calling kindergarten support and barely understood the CSR, which was extremely frustrating.","I did but while waiting for response can someone Please look into this. Tried calling kindergarten support and barely understood the CSR, which was extremely frustrating.",36501,@123961 We aren't able to see accounts w/ Twitter so thank you for e-mailing us! Please keep us posted on the results of your e-mail. ^DD,Wed Nov 01 15:07:51 +0000 2017,123961,AmazonHelp,1,False,other
3655,3655,"just noticed I paid £4.95 delivery on Amazon simply because I did not select the FREE delivery option, after I spent enough to qualify... what a RIP OFF, why is it not free automatically when qualifying @115830","just noticed I paid £4.95 delivery on Amazon simply because I did not select the FREE delivery option, after I spent enough to qualify... what a RIP OFF, why is it not free automatically when qualifying",3654,"@116586 Hi, you can edit your order at any time before it enters the dispatch process. To do this please check out our help page: https://t.co/wRa3FyXyBb ^KI",Wed Nov 22 10:02:47 +0000 2017,116586,AmazonHelp,1,False,delivery_order_status
36563,36563,@119625 when is Raja the great movie available in Telugu in prime,when is Raja the great movie available in Telugu in prime,36562,"@123965 We haven't made any announcement yet, please stay tuned for the update on this Sai. ^HN",Wed Nov 01 14:03:15 +0000 2017,123965,AmazonHelp,1,False,other
36565,36565,"@123967, @AmazonHelp: I tweeted both of your help pages but didn’t get a response. I want answers as to why my Fresh was abruptly canceled in my area. Amazon says they wouldn’t choose to stop so that leaves usps. Email says change in delivery route. ????? Doesn’t make sense.",", : I tweeted both of your help pages but didn’t get a response. I want answers as to why my Fresh was abruptly canceled in my area. Amazon says they wouldn’t choose to stop so that leaves usps. Email says change in delivery route. ????? Doesn’t make sense.",36564,"@123966 I'm sorry for this! Just to clarify, have you spoken with us via phone, so we may look into this? https://t.co/hApLpMlfHN ^AL",Wed Nov 01 13:53:22 +0000 2017,123966,AmazonHelp,1,False,delivery_order_status
36567,36567,@AmazonHelp Hi I’ve had a parcel go missing I’ve already informed Royal Mail but they said I have to let you know that’s it’s gone missing is order number 204-0980251-0540346                  do I have to do anything your end or nah??,Hi I’ve had a parcel go missing I’ve already informed Royal Mail but they said I have to let you know that’s it’s gone missing is order number 204-0980251-0540346 do I have to do anything your end or nah??,36566,@123968 Sorry to hear this! We'd like to look into some options with you.  Please reach out to us here: https://t.co/JzP7hlA23B ^TH,Wed Nov 01 13:53:34 +0000 2017,123968,AmazonHelp,1,False,delivery_order_status
36569,36569,got an @115821 notification that my package couldn’t reach my front door/turns out they were just lazy and never came to my house bc my gate guard said no one tried to get through so i really can’t trust anyone and delivery men are lazy @AmazonHelp i’m a freaking prime member,got an notification that my package couldn’t reach my front door/turns out they were just lazy and never came to my house bc my gate guard said no one tried to get through so i really can’t trust anyone and delivery men are lazy i’m a freaking prime member,36568,@123969 Sorry to hear this Caleigh!Pleasee get in touch here: https://t.co/hApLpMlfHN and we'll look into this for you. ^RL,Wed Nov 01 13:58:42 +0000 2017,123969,AmazonHelp,1,False,delivery_order_status
36582,36575,@AmazonHelp @115850 Pathetic service level of amazon,Pathetic service level of amazon,36574,@123971 provided earlier? 2/2 ^KH,Wed Nov 01 13:50:25 +0000 2017,123971,AmazonHelp,2,False,service_complaint
36582,36582,"@115850

When will the packet will get collected and refund sent back to account.. https://t.co/HlgruNCSDB",When will the packet will get collected and refund sent back to account..,36580,"@123971 Sorry the pick up hasn't been done. Please connect with us here: https://t.co/TK4yevTaND, we'll check it for you. ^NR",Mon Oct 30 17:39:30 +0000 2017,123971,AmazonHelp,1,False,refund_return
36582,36583,"@AmazonHelp Isn't applying for pick up in your app not good enough

@115850",Isn't applying for pick up in your app not good enough,36584,@123971 I'm sorry about that. Could you please confirm if you have submitted your details using the link mentioned earlier? ^GD,Wed Nov 01 16:04:51 +0000 2017,123971,AmazonHelp,1,False,delivery_order_status
36582,36586,"@AmazonHelp Please take whatever detail you need here..

Posting details on app is not enough

@115850",Please take whatever detail you need here.. Posting details on app is not enough,36605,@123971 share your details here: https://t.co/GIJyeYqKE0 appreciate your understanding. 2/2 ^MJ,Thu Nov 02 09:29:25 +0000 2017,123971,AmazonHelp,2,False,other
36582,36590,"@AmazonHelp Have started details @115850 

Why is it not happening now",Have started details Why is it not happening now,36591,"@123971 I get your concern, as informed earlier, kindly reply to the correspondence which you have already received from us. ^SS",Fri Nov 03 20:19:39 +0000 2017,123971,AmazonHelp,1,False,other
36582,36592,"@AmazonHelp @115850 

R u guys crazy..

I have already done that..",R u guys crazy.. I have already done that..,36593,"@123971 If you've replied to the email, our team will get back to you soon. ^AG",Sat Nov 04 10:08:11 +0000 2017,123971,AmazonHelp,1,False,other
36582,36594,"@AmazonHelp @115850

Sick of your post sales services., Decide to uninstall Amazon. And no more shopping from Amazon India.
Pathetic service level..","Sick of your post sales services., Decide to uninstall Amazon. And no more shopping from Amazon India. Pathetic service level..",36595,@123971 Sorry about your recent experience. Kindly contact us here: https://t.co/vlvfJr4nN9 &amp; we'll be glad to help you. ^SY,Tue Nov 07 10:59:57 +0000 2017,123971,AmazonHelp,1,False,service_complaint
36582,36597,"@AmazonHelp @115850
Pathetic software . Never receive call. Check snapshot..

Pathetic post sales service https://t.co/peqBNSVrZ2",Pathetic software . Never receive call. Check snapshot.. Pathetic post sales service,36598,@123971 Thanks a bunch for sharing your details. We shall reach out to you at the earliest. ^CB,Tue Nov 07 15:59:12 +0000 2017,123971,AmazonHelp,1,False,service_complaint
36582,36599,"@AmazonHelp #pathetic post sale service

@115850",#pathetic post sale service,36600,"@123971 That is quite a remark, Suryamani.  You must have received an email correspondence here: https://t.co/K40Gne7zUU. Please reply to the email sent for more information. ^KS",Thu Nov 09 17:09:23 +0000 2017,123971,AmazonHelp,1,False,service_complaint
36582,36601,"@AmazonHelp @115850

You guys have pathetic after sales service..

No doubt about it",You guys have pathetic after sales service.. No doubt about it,36604,@123971 I'm sorry the issue hasn't been resolved yet. I'd like to look into the issue and resolve it on priority. Please share your details here: https://t.co/XwyFJHn8N4 and I'll get back to you. ^SF,Fri Nov 10 04:57:18 +0000 2017,123971,AmazonHelp,1,False,service_complaint
36610,36608,"@AmazonHelp 先ほど修正されているのを確認致しました。
素早い対応ありがとうございました！ https://t.co/O88d3DpGtM",先ほど修正されているのを確認致しました。 素早い対応ありがとうございました！,36607,@123972 とんでもないことでございます。これからもhttps://t.co/st4oU5QbhPをどうぞよろしくお願いいたします。TN,Wed Nov 01 13:52:06 +0000 2017,123972,AmazonHelp,1,True,other
36610,36610,ねぇAmazonさん、何で岡崎体育がアダルト商品なん？ https://t.co/d3eoV1vM4y,ねぇAmazonさん、何で岡崎体育がアダルト商品なん？,36609,@123972 アマゾンです。こちら確認の上、適宜対応させていただきます。お知らせいただきありがとうございました。ET,Wed Nov 01 10:51:14 +0000 2017,123972,AmazonHelp,1,True,other
3726,3724,@AmazonHelp There was only one costing a lot more than £20 and  FBA -stating eligibility !,There was only one costing a lot more than £20 and FBA -stating eligibility !,3722,"@116610 We'd like to take a look into this with you. When you have a moment, please reach out to us here: https://t.co/qy3J24VGxb ^AC",Tue Oct 31 23:04:13 +0000 2017,116610,AmazonHelp,1,False,other
3726,3726,@115830 Why do you say that an article is eligible for free delivery then offer nothing but standard option at £4.75?,Why do you say that an article is eligible for free delivery then offer nothing but standard option at £4.75?,3725,@116610 Is everything in your basket eligible? You can find more info here: https://t.co/d1x19RiAXm Let us know if this helps! ^EB,Tue Oct 31 22:53:28 +0000 2017,116610,AmazonHelp,1,False,delivery_order_status
3729,3728,@AmazonHelp All of them,All of them,3730,@116611 Hmm.... Let's take a closer look into what's going on here: https://t.co/jzvkhdlrK5 ^ML,Tue Oct 31 23:12:06 +0000 2017,116611,AmazonHelp,1,False,other
3729,3729,@AmazonHelp i reset my password 3 times and it still says incorrect you gotta be shitting me,i reset my password 3 times and it still says incorrect you gotta be shitting me,3727,@116611 I'm sorry for the trouble! Have you tried the steps outlined here? https://t.co/POJ37mWiEk ^LA,Tue Oct 31 22:34:33 +0000 2017,116611,AmazonHelp,1,False,account_access
3733,3732,@AmazonHelp I can’t log in because it’s locked.,I can’t log in because it’s locked.,3734,"@116612 The link ^TN provided will allow you to contact us without signing in! Select ""skip log in"" and you'll be in touch in no time! ^VB",Tue Oct 31 23:29:03 +0000 2017,116612,AmazonHelp,1,False,account_access
3733,3733,"@AmazonHelp um, my account was locked as soon as I tried to login on desktop. I still haven’t received an email on how to get it unlocked...","um, my account was locked as soon as I tried to login on desktop. I still haven’t received an email on how to get it unlocked...",3731,@116612 I'm sorry your account is locked! Please reach out directly to us here: https://t.co/jzvkhdlrK5 so we can take a closer look. ^TN,Tue Oct 31 22:57:48 +0000 2017,116612,AmazonHelp,1,False,account_access
3740,3740,"@AmazonHelp na ultima atualização da entrega do meu pedido, consta que não foi possível localizar o meu endereço, poderia ajudar?","na ultima atualização da entrega do meu pedido, consta que não foi possível localizar o meu endereço, poderia ajudar?",3739,@116614 Olá Georgiano. Sinto muito em saber disso. Por favor entre em contato com o nosso SAC no seguinte link: https://t.co/ouAOLcNWp4 ^JJ,Tue Oct 31 22:49:24 +0000 2017,116614,AmazonHelp,1,False,other
3742,3742,Thanks @116090 for ruining #Halloween - still no sign of the costume I ordered in Sept. Guess Rosie will just have to sit this one out. https://t.co/1tVEv5DZuM,Thanks for ruining #Halloween - still no sign of the costume I ordered in Sept. Guess Rosie will just have to sit this one out.,3741,"@116615 Not what we like to hear at all, Ramya! Was this shipped by us or a seller? You can check here: https://t.co/PyACxvY8Qo ^BL",Tue Oct 31 22:59:06 +0000 2017,116615,AmazonHelp,1,False,other
37581,37576,"@AmazonHelp I have expressed my concerns on the phone the last time the delivery wasn't even attempted, but this time I haven't yet had the chance.","I have expressed my concerns on the phone the last time the delivery wasn't even attempted, but this time I haven't yet had the chance.",37578,"@124158 When you have a moment, pls reach out via phone so we can address this feedback: https://t.co/JzP7hlA23B Keep us posted! ^KN",Wed Nov 01 14:29:57 +0000 2017,124158,AmazonHelp,1,False,delivery_order_status
37581,37577,@AmazonHelp ... Leaves a rather sour taste in the mouth of a customer who pays for prime delivery. Not even like my house is hard to find... Unimpressed,... Leaves a rather sour taste in the mouth of a customer who pays for prime delivery. Not even like my house is hard to find... Unimpressed,37575,"@124158 I can understand why this is frustrating, Jonathan! Have you been able to contact us by phone &amp; express your concerns with us?^FR",Wed Nov 01 14:21:56 +0000 2017,124158,AmazonHelp,1,False,delivery_order_status
37581,37581,@AmazonHelp nice to see a parcel turn up after 2 non attempts at delivery with a giant hole in the box. #caredforbox,nice to see a parcel turn up after 2 non attempts at delivery with a giant hole in the box. #caredforbox,37579,@124158 I'm sorry your parcel arrived in this condition! Were any of the contents inside damaged? Please let us know! ^KJ,Wed Nov 01 14:16:04 +0000 2017,124158,AmazonHelp,1,False,delivery_order_status
37585,37583,"@AmazonHelp Geht gerade nicht um eine aktuelle Lieferung von euch, hatte in der Vergangenheit nur schon 3 mal negative Erfahrung gemacht und gemeldet :)","Geht gerade nicht um eine aktuelle Lieferung von euch, hatte in der Vergangenheit nur schon 3 mal negative Erfahrung gemacht und gemeldet :)",37582,@124159 Entschuldige das Missverständnis! ^MI,Wed Nov 01 14:22:11 +0000 2017,124159,AmazonHelp,1,False,other
37585,37585,"Gut zu wissen, dass nicht nur @116316 Logistics kein Bock hat bei mir zu klingeln, @5610 auch nicht. Ich war/bin anwesend -.- https://t.co/cJKJL2Wu68","Gut zu wissen, dass nicht nur Logistics kein Bock hat bei mir zu klingeln, auch nicht. Ich war/bin anwesend -.-",37584,"@124159 Melde dich am besten bei unserem Kundenservice, damit wir das reklamieren können: https://t.co/zaP5U8s49q Gruß ^MH",Wed Nov 01 14:11:36 +0000 2017,124159,AmazonHelp,1,False,other
37594,37587,@AmazonHelp Think you guys charged me twice for something im not aware of,Think you guys charged me twice for something im not aware of,37589,@124160 I'm sorry for the trouble! Was one of the items an authorisation? You can read more here: https://t.co/lS5ivdj7rw ^TG,Wed Nov 01 14:27:26 +0000 2017,124160,AmazonHelp,1,False,payment_billing
37594,37588,@AmazonHelp No rush,No rush,37586,"@124160 We'd like to try to help here if we can! Without giving account information, can you tell us what's going on? ^KJ",Wed Nov 01 14:24:41 +0000 2017,124160,AmazonHelp,1,False,other
3759,3759,@115830 you pay for prime expecting next day delivery. Then receive 2 emails half hr apart 'failed delivery' but your sitting at home 😡,you pay for prime expecting next day delivery. Then receive 2 emails half hr apart 'failed delivery' but your sitting at home 😡,3758,"@116619  I'm sorry your parcel wasn't delivered. Please reach us here: https://t.co/XRh1cqD2lT, so we can look into this with you. ^MO",Tue Oct 31 21:40:54 +0000 2017,116619,AmazonHelp,1,False,delivery_order_status
37594,37590,@AmazonHelp Yes but there are 2 different charges one is acceptable,Yes but there are 2 different charges one is acceptable,37591,"@124160 We'd be more than happy to research this w/ you! When you have a free moment, reach us via phone: https://t.co/hApLpMlfHN ^KN",Wed Nov 01 14:38:36 +0000 2017,124160,AmazonHelp,1,False,payment_billing
37594,37594,Yo we gotta talk on my lunch break @AmazonHelp,Yo we gotta talk on my lunch break,37593,"@124160 We're here for you! If you need immediate help, please reach out by phone or chat here: https://t.co/hApLpMlfHN ^KJ",Wed Nov 01 14:22:06 +0000 2017,124160,AmazonHelp,1,False,other
37597,37596,"@AmazonHelp I can’t DM you my order ID? Strange, have to login to my account &amp; send u details, then that I have already done n number of times via app","I can’t DM you my order ID? Strange, have to login to my account &amp; send u details, then that I have already done n number of times via app",37598,"@124161 Being Social Media platform, we can't access your account. Please fill in the details in the form provided earlier. ^JS",Wed Nov 01 16:19:16 +0000 2017,124161,AmazonHelp,1,False,account_access
37597,37597,@115850 Not interested to dispatch my product? Called customer care thrice yet the product not dispatched. Ordered @2261 power bank,Not interested to dispatch my product? Called customer care thrice yet the product not dispatched. Ordered power bank,37595,"@124161 Apologies, we'd like to help. Kindly drop your details here: https://t.co/beaaDm0muc and we'll contact you soon. ^MO",Wed Nov 01 14:14:44 +0000 2017,124161,AmazonHelp,1,False,delivery_order_status
37616,37616,@AmazonHelp I was signed up to Prime and it wasn’t me who did it. Did someone hack my account?,I was signed up to Prime and it wasn’t me who did it. Did someone hack my account?,37615,@124164 We'd like to take a better look into this with you. Please reach us via phone/chat here: https://t.co/JzP7hlA23B ^KP,Wed Nov 01 14:21:28 +0000 2017,124164,AmazonHelp,1,False,account_access
37623,37620,@AmazonHelp I filled this out yesterday right after you sent this and still no reply and no another package is late. I don't get it.,I filled this out yesterday right after you sent this and still no reply and no another package is late. I don't get it.,37617,"@124165 Upon review, It looks like your concern is being addressed. Thanks for reaching out! ^MT",Wed Nov 01 14:11:48 +0000 2017,124165,AmazonHelp,1,False,delivery_order_status
37623,37623,@115821 Amazon Logistics is again not delivering packages. It seems like a trend  and not being addressed.#AMZLFail https://t.co/n1Xq7w5wZR,Amazon Logistics is again not delivering packages. It seems like a trend and not being addressed.#AMZLFail,37621,@124165 This is not the experience we hope for! Please contact us here: https://t.co/Z6QSYpWP3i so we can investigate more for you. ^CS,Tue Oct 31 12:14:34 +0000 2017,124165,AmazonHelp,1,False,delivery_order_status
37625,37625,"Help @AmazonHelp! My Amazon Prime biz acct was hacked. Someone reset email address, and I can't sign in to report it.","Help ! My Amazon Prime biz acct was hacked. Someone reset email address, and I can't sign in to report it.",37624,"@124166 Oh no! So sorry for the frustration, Jennifer! You can contact us, without signing in, here: https://t.co/jzvkhdlrK5 ^AD",Wed Nov 01 14:18:58 +0000 2017,124166,AmazonHelp,1,False,account_access
37647,37647,"@2259 hey, you guys kinda took my money. Yall need to fix that.","hey, you guys kinda took my money. Yall need to fix that.",37645,@124171 We'd love to help sort this out if we can! Could you please elaborate so that we can provide the best help for you? ^KN,Wed Nov 01 14:11:10 +0000 2017,124171,AmazonHelp,1,False,other
38096,38095,@AmazonHelp They have not replied,They have not replied,38097,"@124274 If the seller doesn't respond within 2 business days, please see: https://t.co/648Qzw3XiR ^WJ",Wed Nov 01 14:55:49 +0000 2017,124274,AmazonHelp,1,False,other
38096,38096,Full day since@NursingTimes stole £80.15 from my bank via @115821. No reply from customer services,Full day since stole £80.15 from my bank via . No reply from customer services,38094,@124274 I'm sorry for any trouble! Have you been in touch with us regarding this issue? What about the seller? Did they give a reason? ^MT,Wed Nov 01 14:34:49 +0000 2017,124274,AmazonHelp,1,False,service_complaint
38100,38100,@115850 https://t.co/rtbg4QomSM,,38099,@124275 I'm sorry about the situation. Kindly share your details here: https://t.co/GIJyeYqKE0 and I'll look into this. ^SG,Wed Nov 01 14:33:13 +0000 2017,124275,AmazonHelp,1,True,other
38127,38126,@AmazonHelp £6 is a lot for me rn,£6 is a lot for me rn,38125,@124279 We'd like to take a closer look at this with you. Please reach us via phone/chat here: https://t.co/JzP7hlA23B ^KP,Wed Nov 01 14:35:26 +0000 2017,124279,AmazonHelp,1,False,other
38129,38129,"This is a public notification, that the online shop Amazon India is cheating me in returning the odd product.","This is a public notification, that the online shop Amazon India is cheating me in returning the odd product.",38128,"@124280 That's certainly not intended. Kindly elaborate your concern, we would like to help you. ^CB",Wed Nov 01 14:34:37 +0000 2017,124280,AmazonHelp,1,False,other
38143,38141,"@AmazonHelp Bloqué a ""en cours de livraison"" à la date de hier !!","Bloqué a ""en cours de livraison"" à la date de hier !!",38140,@124282 Nous tenons à regarder cela de plus près et vous aidez. S’il vous plaît contactez-nous ici: https://t.co/hgIrz98cdI ^BR,Wed Nov 01 14:35:06 +0000 2017,124282,AmazonHelp,1,False,other
38143,38143,"@AmazonHelp Bonjour, pas de nouvelles de ma commande censé arriver hier 402-7454769-1903530.. pouvez vous m'aider ?'","Bonjour, pas de nouvelles de ma commande censé arriver hier 402-7454769-1903530.. pouvez vous m'aider ?'",38142,"@124282 Bonjour, désolée d'apprendre cela :/ que dit le suivi de votre colis s'il vous plaît ? ^SN",Wed Nov 01 14:26:21 +0000 2017,124282,AmazonHelp,1,False,delivery_order_status
38145,38145,I thought @115821 was supposed to be a secure place to order from but they aren't. I have an issue every single time and they don't fix it.,I thought was supposed to be a secure place to order from but they aren't. I have an issue every single time and they don't fix it.,38144,"@124283 So sorry for your recent experience with us, Nicole! W/o sharing any personal info, what issues were you running into? ^JZ",Wed Nov 01 14:31:26 +0000 2017,124283,AmazonHelp,1,False,other
38148,38147,@AmazonHelp Was soll ich denn da auswählen? Es gibt keinen Menüpunkt für Beschwerden!,Was soll ich denn da auswählen? Es gibt keinen Menüpunkt für Beschwerden!,38149,"@124284 Du kannst die Kollegen gerne über ""Meine Bestellung"" -&gt; ""Andere Frage zur Bestellung"" -&gt; ""Sonstige Fragen"" informieren. ^SI",Wed Nov 01 14:39:54 +0000 2017,124284,AmazonHelp,1,False,other
38148,38148,So geht das nicht!!! @116316 @124285 https://t.co/WBR3vJYCuA,So geht das nicht!!!,38146,"@124284 Hi, gerne kannst du das über folgenden Link reklamieren: https://t.co/ohyvGrpvrY Gruß ^MI",Wed Nov 01 14:35:31 +0000 2017,124284,AmazonHelp,1,False,other
38165,38163,@AmazonHelp Haven't paid attention to the carrier. But it's been doing it recently..my last 5 purchases or so over the past few weeks.,Haven't paid attention to the carrier. But it's been doing it recently..my last 5 purchases or so over the past few weeks.,38166,@124290 That is odd! Let's find out who that carrier is so we can see about getting this sorted: https://t.co/Y5jpI9gRhE ^JZ,Wed Nov 01 14:42:06 +0000 2017,124290,AmazonHelp,1,False,other
38165,38165,"@AmazonHelp just so you know, your text alerts that a package has been delivered arrive now a day after the delivery. Weird.","just so you know, your text alerts that a package has been delivered arrive now a day after the delivery. Weird.",38162,@124290 I'm sorry for the trouble. Are you noticing any trends when this occurs? Does this occur with a specific carrier? ^CO,Wed Nov 01 14:24:10 +0000 2017,124290,AmazonHelp,1,False,delivery_order_status
38168,38168,@120540 Avrei bisogno di un aiuto,Avrei bisogno di un aiuto,38167,@124291 Ti abbiamo risposto in privato! A presto! ^GA,Wed Nov 01 14:29:11 +0000 2017,124291,AmazonHelp,1,False,other
38176,38176,"@AmazonHelp someone has used my email address for their amazon account, what do I do?","someone has used my email address for their amazon account, what do I do?",38174,@124294 Sorry for the trouble! Please reach out through the link and provide as much detail as possible: https://t.co/zYVX1Qi29G ^TG,Wed Nov 01 14:21:24 +0000 2017,124294,AmazonHelp,1,False,other
38185,38178,@AmazonHelp É só me enviarem que acaba o problema!,É só me enviarem que acaba o problema!,38186,"@124295 Bruno, os nossos pedidos são cobrados uma vez que entram em processo de envio, o valor que se apresenta no seu cartão 1/3",Wed Nov 01 14:40:28 +0000 2017,124295,AmazonHelp,3,False,other
38185,38185,"@117086 após 30 min no telefone com o atendente, não resolveu nada! #indignação","após 30 min no telefone com o atendente, não resolveu nada! #indignação",38177,"@124295 Olá Bruno, sinto muito. O que aconteceu? ^LG",Wed Nov 01 14:27:56 +0000 2017,124295,AmazonHelp,1,False,other
38185,38190,@AmazonHelp Compra posterior com o mesmo cartão utilizado!,Compra posterior com o mesmo cartão utilizado!,38191,"@124295 Bruno, gostaríamos de verificar com mais detalhes. Por favor encaminhe seus dados para nós aqui: https://t.co/kUkXHFkYWd. ^LG",Wed Nov 01 14:52:50 +0000 2017,124295,AmazonHelp,1,False,other
38185,38192,@AmazonHelp Encaminhado!,Encaminhado!,38193,"@124295 Agradecemos a informação, Bruno. Vamos conferir o caso. ^LG",Wed Nov 01 15:01:18 +0000 2017,124295,AmazonHelp,1,False,other
38195,38195,@117086 comprei um livro que se encontra em estoque atualmente e não me encaminharam até hoje. Entro em contato e só mentiras (...),comprei um livro que se encontra em estoque atualmente e não me encaminharam até hoje. Entro em contato e só mentiras (...),38194,"@124295 Olá Bruno, lamentamos o inconveniente. Você recebeu um e-mail de confirmação do pedido com data estimada? ^DA",Wed Nov 01 14:26:55 +0000 2017,124295,AmazonHelp,1,False,other
38197,38197,@115821 where my order at  Order number 112-3457637-0652212 https://t.co/hLZtaUwrDn,where my order at Order number 112-3457637-0652212,38196,@124296 Thanks for reaching out! What's the current delivery date and order status shown here: https://t.co/Y5jpI9gRhE? ^RA,Wed Nov 01 14:28:11 +0000 2017,124296,AmazonHelp,1,False,delivery_order_status
38200,38199,"@AmazonHelp I sent in the link and in 1""2-24 hours"" I expect to hear from @115821. I hope the scum that hacked my account isn't on a shopping spree!","I sent in the link and in 1""2-24 hours"" I expect to hear from . I hope the scum that hacked my account isn't on a shopping spree!",38201,"@124166 I'm glad you were able to get this process started, Jennifer! Our specialists will be in contact with you soon! ^FR",Wed Nov 01 14:41:28 +0000 2017,124166,AmazonHelp,1,False,account_access
38200,38200,"Can't! Acct hacked. Autoreply: This email address doesnt accept emails. 
contact Amazon customer service if you need assistance.@AmazonHelp",Can't! Acct hacked. Autoreply: This email address doesnt accept emails. contact Amazon customer service if you need assistance.,38198,@124166 Hmm. That is odd! Will it allow you to call using the link provided by AD? ^AL,Wed Nov 01 14:26:28 +0000 2017,124166,AmazonHelp,1,False,account_access
38554,38553,"@AmazonHelp Si, linee guida rispettate in entrambe le recensioni. Si vede che la foto è troppo scomoda.","Si, linee guida rispettate in entrambe le recensioni. Si vede che la foto è troppo scomoda.",38555,@124405 Alex mi spiace per l'inconveniente. Il nostro Servizio Clienti resta a tua disposizione! A presto! ^RP,Wed Nov 22 19:41:03 +0000 2017,124405,AmazonHelp,1,False,other
38554,38554,"Sono due giorni che Amazon censura la mia recensione e la mia foto allegata. Adesso la metto su Twitter, vediamo che succede.

@120540 @115821  #amazon #AmazonIT https://t.co/9EV4fEYSyE","Sono due giorni che Amazon censura la mia recensione e la mia foto allegata. Adesso la metto su Twitter, vediamo che succede. #amazon #AmazonIT",38552,"@124405 Hai verificato che la recensione rispettasse le nostre Linee guida: https://t.co/nNhmWPciB2? Mi spiace per la consegna, se non l'ha già fatto inoltra la segnalazione al nostro Servizio Clienti che è a tua completa disposizione: https://t.co/EfVpRhS0lN. A presto! ^FA",Wed Nov 22 19:16:34 +0000 2017,124405,AmazonHelp,1,False,other
38563,38557,@AmazonHelp Oui assez :) En tout cas j'attends le black friday avec impatience. Faites moi plaisir ;),Oui assez :) En tout cas j'attends le black friday avec impatience. Faites moi plaisir ;),38559,@124406 Restez connecté alors 😉 ^MA,Wed Nov 22 19:38:04 +0000 2017,124406,AmazonHelp,1,False,other
38563,38558,@AmazonHelp Si j’ai plusieurs idées mais mon choix principal c’est la Gear S3 😋,Si j’ai plusieurs idées mais mon choix principal c’est la Gear S3 😋,38556,@124406 Je vois que vous êtes un passionné des nouvelles technologies 😎 ^MA,Wed Nov 22 19:14:35 +0000 2017,124406,AmazonHelp,1,False,other
38563,38561,@AmazonHelp J’espère bien haha,J’espère bien haha,38560,@124406 C'est tout ce que votre liste de Noël contient cette année ? 😜 ^MA,Wed Nov 22 18:48:37 +0000 2017,124406,AmazonHelp,1,False,other
38563,38563,"Si je dois faire un achat pour le Black Friday, ça sera la montre Samsung Gear S3. Je compte sur vous @120533","Si je dois faire un achat pour le Black Friday, ça sera la montre Samsung Gear S3. Je compte sur vous",38562,"@124406 N'hésitez pas à scruter les promotions, peut-être qu'il y aura une surprise pour vous 😉 ^MA",Wed Nov 22 18:08:58 +0000 2017,124406,AmazonHelp,1,False,other
38574,38565,@AmazonHelp Amazon UK,Amazon UK,38567,@124407 What is the most recent delivery estimate shown: https://t.co/BQmcNXViiI? ^SJ,Wed Nov 22 19:32:32 +0000 2017,124407,AmazonHelp,1,False,other
38574,38566,@AmazonHelp Order has been delayed multiple times,Order has been delayed multiple times,38564,"@124407 Oh no! I'm so sorry for any inconvenience that may have caused. Just to confirm, which Amazon site did you use to place your order (https://t.co/nUUp5MLhYl, https://t.co/ykTUEmdsQA, Amazon.es, etc.)? We'd like to help in any way we can! ^BL",Wed Nov 22 19:28:30 +0000 2017,124407,AmazonHelp,1,False,delivery_order_status
38574,38568,@AmazonHelp It was supposed to be delivered today and now it's saying rescheduled due to customer request. And I have not request anything,It was supposed to be delivered today and now it's saying rescheduled due to customer request. And I have not request anything,38569,@124407 Thanks for the update; has the order already been dispatched? ^GS,Wed Nov 22 19:38:20 +0000 2017,124407,AmazonHelp,1,False,delivery_order_status
38574,38574,@AmazonHelp hey I need someone to solve my issue.,hey I need someone to solve my issue.,38573,@124407 Hi Sameer! We're here to help! Is this a current issue you're experiencing? ^WT,Wed Nov 22 19:06:55 +0000 2017,124407,AmazonHelp,1,False,other
38800,38799,@AmazonHelp No reply to my last tweet. Thank you for replying now tho :) https://t.co/fYVeqY9Quq,No reply to my last tweet. Thank you for replying now tho :),38801,"@124466 We don't have that information, but we’re working hard on an app for AppleTV, and expect it to launch later this year! ^FR",Wed Nov 01 14:58:46 +0000 2017,124466,AmazonHelp,1,False,service_complaint
38800,38800,Im starting to becoming very upset by @115821 :(,Im starting to becoming very upset by :(,38798,"@124466 This isn't what we like to hear! Without posting personal account information, can you tell us what's going on today? ^KP",Wed Nov 01 14:53:37 +0000 2017,124466,AmazonHelp,1,False,other
38804,38803,"@AmazonHelp Thanks! Yep, I checked there, and the books I checked out through OverDrive are not listed there (even though the last two I did are).","Thanks! Yep, I checked there, and the books I checked out through OverDrive are not listed there (even though the last two I did are).",38805,@124467 I'd recommend walking through these steps: https://t.co/6JszbxM6ST ^AF,Wed Nov 01 14:56:36 +0000 2017,124467,AmazonHelp,1,False,other
38804,38804,"@115821 @117634 @2352 Hi, claimed 2 books, but they aren't showing up on my Kindle. The last 2 I claimed did. Please help!","Hi, claimed 2 books, but they aren't showing up on my Kindle. The last 2 I claimed did. Please help!",38802,@124467 Hi there! We'd love to help out in any way we can! Are you able to locate the books here: https://t.co/6QNgPiW20K? ^WJ,Wed Nov 01 14:44:48 +0000 2017,124467,AmazonHelp,1,False,device_digital_content
38811,38810,@AmazonHelp I keep chasing u guys and finally ur reply https://t.co/wgHLRIVchr,I keep chasing u guys and finally ur reply,38812,@122363 Please don't provide your order details as we consider it personal information. Our twitter page is visible to public. (2/2)^SQ,Wed Nov 01 22:13:21 +0000 2017,122363,AmazonHelp,2,False,other
38811,38811,"@115851 @115850  Amazon India can be rated as ""0"" for its service! Taking 60 days for a refund.","Amazon India can be rated as ""0"" for its service! Taking 60 days for a refund.",38809,"@122363 I understand that this has not been a pleasant experience, Ramaseshan. Please reply to the email sent for more information. ^KS",Wed Nov 01 14:40:47 +0000 2017,122363,AmazonHelp,1,False,refund_return
38819,38819,"@AmazonHelp Buenos días.  Hace unos días encargue dos de estos productos https://t.co/vERnPL9zOk y uno de los marcadores no sirve, está seco","Buenos días. Hace unos días encargue dos de estos productos y uno de los marcadores no sirve, está seco",38818,"@124469 Hola Ana, lamento lo sucedido. Puedes verificar las opciones disponibles en este enlace: https://t.co/pEJFH3UWz5. ^LG",Wed Nov 01 14:46:31 +0000 2017,124469,AmazonHelp,1,False,other
38824,38824,"@115850 my order got cancelled from ur end, and inspite of notifying u guys still haven't refunded! Its been a week!!","my order got cancelled from ur end, and inspite of notifying u guys still haven't refunded! Its been a week!!",38823,@124470 I'm sorry about the trouble. Kindly report it to our support team here: https://t.co/vlvfJr4nN9 and 1/2 ^KH,Wed Nov 01 14:31:09 +0000 2017,124470,AmazonHelp,2,False,refund_return
38838,38838,"3rd @117093 order, 3rd delay email. Perhaps y'all aren't ready for this zip code yet? Trying free month, def not going to pay for this.","3rd order, 3rd delay email. Perhaps y'all aren't ready for this zip code yet? Trying free month, def not going to pay for this.",38836,@124473 Terribly sorry for those delays! Were any specific reason given in those e-mails? Carrier delay etc? ^JZ,Wed Nov 01 14:43:50 +0000 2017,124473,AmazonHelp,1,False,delivery_order_status
38840,38840,Qualcuno che sappia usare #Amazon per bene e mi aiuti urgentemente a capire una cosa per favore c’è?,Qualcuno che sappia usare #Amazon per bene e mi aiuti urgentemente a capire una cosa per favore c’è?,38839,"@124291 Abbiamo ricevuto il tuo post privato, a breve riceverai una risposta. A presto! ^GA",Wed Nov 01 14:24:59 +0000 2017,124291,AmazonHelp,1,False,other
38844,38844,I signed up for Amazon Student Prime JUST IN TIME for school and Christmas. https://t.co/FmgJw2NklJ,I signed up for Amazon Student Prime JUST IN TIME for school and Christmas.,38843,@124475 Perfect timing! 😎 What benefit so you think you'll use most? ^JJ,Wed Nov 01 14:38:15 +0000 2017,124475,AmazonHelp,1,False,other
38846,38846,"Hey @119625, subtitles for Rizzoli and Isles are all messed up. You should definitely fix that.","Hey , subtitles for Rizzoli and Isles are all messed up. You should definitely fix that.",38845,@124476 Thank you for flagging this. Click here: https://t.co/GIJyeYqKE0 and do the needful so we can find a fix. ^MP,Wed Nov 01 14:27:59 +0000 2017,124476,AmazonHelp,1,False,other
38852,38851,@AmazonHelp I have already fill this form... no updates,I have already fill this form... no updates,38853,"@124478 We've not received your details yet, Lokesh. Please fill in your details via the link provided to better assist you. ^KS",Wed Nov 01 14:54:47 +0000 2017,124478,AmazonHelp,1,False,other
38852,38852,@115850 order returned due to damage product.. on investigation got to know seller refused to receive from blue dart,order returned due to damage product.. on investigation got to know seller refused to receive from blue dart,38850,"@124478 My apologies, Lokesh. Please fill in your details here: https://t.co/Ref6emitUG and we will get back to you soon. ^KS",Wed Nov 01 14:36:15 +0000 2017,124478,AmazonHelp,1,False,seller_marketplace
39555,39554,@AmazonHelp Does sharing only work on the website? Seems unlike Dropbox you can't share a file through the mac finder by right clicking on it. 🤔,Does sharing only work on the website? Seems unlike Dropbox you can't share a file through the mac finder by right clicking on it. 🤔,39556,"@124646 Sharing is only possible via the menu icon. If this doesn't work, please inform my colleagues: https://t.co/ohyvGrpvrY ^SI",Wed Nov 01 15:21:00 +0000 2017,124646,AmazonHelp,1,False,other
39555,39555,@AmazonHelp I was wondering is there no finder integration in Amazon Drive client (e.g. right click to share) ? Is it coming?,I was wondering is there no finder integration in Amazon Drive client (e.g. right click to share) ? Is it coming?,39553,"@124646 Hi, Do you mean this function? https://t.co/2sDZNvx9xI Kind regards, ^SI",Wed Nov 01 14:50:41 +0000 2017,124646,AmazonHelp,1,False,other
39558,39558,"I got my refund from @115821 for my copy of odyssey, but was hit with a restocking fee because their delivery people can't do their job.","I got my refund from for my copy of odyssey, but was hit with a restocking fee because their delivery people can't do their job.",39557,@124647 We'd be happy to review this return. Please contact us here: https://t.co/EKXRLsnxJu  ^AF,Wed Nov 01 14:58:11 +0000 2017,124647,AmazonHelp,1,False,refund_return
39565,39564,@AmazonHelp Thank you very much for the speedy reply! Is US site the same as the UK site? I can't see what digital credit/ pantry credit I have sadly 😔,Thank you very much for the speedy reply! Is US site the same as the UK site? I can't see what digital credit/ pantry credit I have sadly 😔,39566,@124649 Sorry about that! You can find out how to view your credits in the UK here: https://t.co/dOCC80P082 ^DD,Wed Nov 01 15:26:31 +0000 2017,124649,AmazonHelp,1,False,other
39565,39565,@AmazonHelp hi! How do I check how much amazing pantry credit I have my my account? Thanks!,hi! How do I check how much amazing pantry credit I have my my account? Thanks!,39563,@124649 Hello Joyce! Hope your're having an awesome day! You can check that balance here: https://t.co/C8mcliR5uv ^JZ,Wed Nov 01 14:58:56 +0000 2017,124649,AmazonHelp,1,False,other
39568,39568,@AmazonHelp Hilfe? Warum läuft mein FireStick über den UK Store? 😅 https://t.co/pCXttx1VNp,Hilfe? Warum läuft mein FireStick über den UK Store? 😅,39567,"@120916 Hi, welcher Standort ist bei dir eingestellt? (https://t.co/Fu09cxTWPk -&gt; Einstellungen -&gt; Ländereinstellungen)? Gruß ^MI",Wed Nov 01 14:56:28 +0000 2017,120916,AmazonHelp,1,False,device_digital_content
39570,39570,Quanto amor pelo #Kindle da @117086  como fiquei tanto tempo sem um?,Quanto amor pelo #Kindle da como fiquei tanto tempo sem um?,39569,"@124650 O kindle é maravilhoso, você não vai se arrepender! 💞😊 ^VL",Wed Nov 01 15:02:22 +0000 2017,124650,AmazonHelp,1,False,device_digital_content
39574,39572,"Foram maravilhosos comigo, me deram reembolso em vale presente e vou conseguir comprar de novo com o mesmo preço da promoção 💕 @117086 ❤","Foram maravilhosos comigo, me deram reembolso em vale presente e vou conseguir comprar de novo com o mesmo preço da promoção 💕 ❤",39571,"@124651 Olá Júlia, coisa boa! ❤ Depois nós conta o que achou do seu Kindle! ^DA",Wed Nov 01 15:00:50 +0000 2017,124651,AmazonHelp,1,False,other
39577,39576,"@AmazonHelp I did. It keeps happening to me. I mostly buy books, and my books end up looking like old books or they come damaged.","I did. It keeps happening to me. I mostly buy books, and my books end up looking like old books or they come damaged.",39578,@124652 We'd like check this for you. Please fill this form: https://t.co/beaaDm0muc and we'll look into it. ^MO,Wed Nov 01 16:12:27 +0000 2017,124652,AmazonHelp,1,False,item_quality_issue
39577,39577,@115850 Thanks Amazon 😠 https://t.co/taP7Rqb3RT,Thanks Amazon 😠,39575,@124652 I'm sorry about this. Did you happen to escalate this to our support team here: https://t.co/T6y6Xlutbs? ^VN,Wed Nov 01 14:52:43 +0000 2017,124652,AmazonHelp,1,False,other
39577,39579,@AmazonHelp I've filled it out. Thank you.,I've filled it out. Thank you.,39580,@124652 Thank you for keeping us posted. We will get back to you soon with an update. ^KS,Thu Nov 02 14:48:50 +0000 2017,124652,AmazonHelp,1,False,other
39592,39592,"Argh, Hey Amazon! WHERE IS MY PACKAGE? Arriving between Nov 1&amp;3 doesn't mean shop Nov. 2 and maybe you'll get it the next day. WTF?","Argh, Hey Amazon! WHERE IS MY PACKAGE? Arriving between Nov 1&amp;3 doesn't mean shop Nov. 2 and maybe you'll get it the next day. WTF?",39591,"@124655 If your order doesn't arrive on the 3rd by 8:00, please contact us for options: https://t.co/EKXRLsnxJu ^AF",Wed Nov 01 14:53:08 +0000 2017,124655,AmazonHelp,1,False,delivery_order_status
40368,40366,@AmazonHelp Vocês já me ajudaram e muito ❤️,Vocês já me ajudaram e muito ❤️,40365,@124850 A gente fica felizão ao saber disso. Conte com a gente sempre 💞😊 ^VL,Wed Nov 01 15:24:23 +0000 2017,124850,AmazonHelp,1,False,other
40368,40368,A @117086 sempre se superando,A sempre se superando,40367,"@124850 Oi Ju, como podemos te ajudar hoje? ^VL",Wed Nov 01 15:21:34 +0000 2017,124850,AmazonHelp,1,False,other
40372,40370,"@116316 Ist ja nicht so, als würde es öfter vorkommen 😠 diesmal schön im Regen und Paket nicht unbeschädigt zu entnehmen! @AmazonHelp wieder #pinAG https://t.co/15qrpoRTA8","Ist ja nicht so, als würde es öfter vorkommen 😠 diesmal schön im Regen und Paket nicht unbeschädigt zu entnehmen! wieder #pinAG",40369,"@124851 Ohje ☹️ Bitte informiere unseren Kundenservice nochmals darüber, damit wir das prüfen können: https://t.co/zaP5U8s49q Gruß ^MH",Wed Nov 01 15:22:53 +0000 2017,124851,AmazonHelp,1,False,other
40377,40376,"@AmazonHelp Amazon. I got an email stating that my orders had been stopped and that I  had to enter info about the phone number, address, and card #.","Amazon. I got an email stating that my orders had been stopped and that I had to enter info about the phone number, address, and card #.",40378,"@124852 Thanks for the info! In the e-mail, there should be a secure fax line to send the info to. Do you see it listed in there? ^AL",Wed Nov 01 15:34:33 +0000 2017,124852,AmazonHelp,1,False,delivery_order_status
40377,40377,"@AmazonHelp really ticked, order wont ship. 200$ worth of stuff not being shipped. Can you please help me?","really ticked, order wont ship. 200$ worth of stuff not being shipped. Can you please help me?",40375,@124852 I'm sorry your order hasn't shipped as expected! Is the item being shipped by Amazon or a third party seller? ^AH,Wed Nov 01 15:22:23 +0000 2017,124852,AmazonHelp,1,False,delivery_order_status
40377,40381,"@AmazonHelp No, I do t see anything.","No, I do t see anything.",40382,@124852 Have you been prompted to log into your https://t.co/nUUp5MLhYl account to upload your billing information? ^TG,Wed Nov 01 15:46:07 +0000 2017,124852,AmazonHelp,1,False,other
40377,40383,"@AmazonHelp Yes, I tried to relog in, and it says my account is locked and they sent an email to help unlock it, but I got no email.","Yes, I tried to relog in, and it says my account is locked and they sent an email to help unlock it, but I got no email.",40384,@124852 Sorry for the trouble. I'd like for you to call our specialists for the login issue: https://t.co/jzvkhdlrK5 ^MG,Wed Nov 01 16:51:28 +0000 2017,124852,AmazonHelp,1,False,account_access
40386,40386,@AmazonHelp Recently had a number of orders that haven't been left in safe place despite this being requested. Why not? 1/2,Recently had a number of orders that haven't been left in safe place despite this being requested. Why not? 1/2,40385,@124853 We'd like to go over available options with you and submit feedback. Please contact us by phone or chat https://t.co/JzP7hlA23B ^MG,Wed Nov 01 15:14:14 +0000 2017,124853,AmazonHelp,1,False,delivery_order_status
40389,40388,"@AmazonHelp oh! nov 8 or 9, but it was released yesterday and hasnt shipped","oh! nov 8 or 9, but it was released yesterday and hasnt shipped",40390,@124854 I know the wait is terrible! Please let us know if you don't get the order by the delivery date given! ^JZ,Wed Nov 01 15:29:14 +0000 2017,124854,AmazonHelp,1,False,delivery_order_status
40389,40389,".@115821 STILL hasn’t shipped pre-ordered The Final Dossier, so filling the gap with some pre-Return #TwinPeaks crit. theory from @79409. https://t.co/hzVoUztm7V",". STILL hasn’t shipped pre-ordered The Final Dossier, so filling the gap with some pre-Return #TwinPeaks crit. theory from .",40387,"@124854 I'm sorry for the wait! According to the order, what is the delivery date: https://t.co/Y5jpI9gRhE ? ^DD",Wed Nov 01 15:14:00 +0000 2017,124854,AmazonHelp,1,False,delivery_order_status
40397,40397,@115850 finally you not agree with pick up your damage product and not mention any where in website for self returns. finally............,finally you not agree with pick up your damage product and not mention any where in website for self returns. finally............,40394,@120261 I'm afraid the resolution provided is the best we can offer. Kindly self return the order. ^SG,Wed Nov 01 15:11:15 +0000 2017,120261,AmazonHelp,1,False,refund_return
40408,40407,@120474 The only ones that are left are priced at £70  even though we had two processing at the rate of £40 each???,The only ones that are left are priced at £70 even though we had two processing at the rate of £40 each???,40406,@124858 We'd like to look into this with you further! Please reach out to us here: https://t.co/ijZFOlD9ju ^ME,Wed Nov 01 15:11:57 +0000 2017,124858,AmazonHelp,1,False,other
40410,40410,@AmazonHelp Hi I’ve had a suspicious looking email claiming to be from Amazon confirming prime which I haven’t bought. Can I dm screenshot?,Hi I’ve had a suspicious looking email claiming to be from Amazon confirming prime which I haven’t bought. Can I dm screenshot?,40409,@124859 Thanks for posting. Here's a link to our page that will help you identify and report fake emails. https://t.co/ReZKSclnRY ^EM,Wed Nov 01 15:00:33 +0000 2017,124859,AmazonHelp,1,False,other
40429,40429,"@AmazonHelp
ordered a product with delivery address j&amp;k....but ATS is trying to deliver it to Assam....track id-79244084290",ordered a product with delivery address j&amp;k....but ATS is trying to deliver it to Assam....track id-79244084290,40428,"@124860 Please don't provide your order details, we consider it personal information. Our Twitter page is visible to public. ^VN(2/2)",Wed Nov 01 14:48:06 +0000 2017,124860,AmazonHelp,2,False,delivery_order_status
41496,41496,@AmazonHelp --hi i want to lease out my place to amazon for PUDO pls suggest the concerned person,--hi i want to lease out my place to amazon for PUDO pls suggest the concerned person,41494,@125121 Hello! Kindly write to us here: https://t.co/aNk9t39CFd. ^HK,Sat Feb 04 07:23:20 +0000 2017,125121,AmazonHelp,1,False,other
41499,41498,@AmazonHelp My friend placed the order for me. He (Neil Dsouza) just filled the details in the redressal. Amazon's Jaya Pavani is looking into it.,My friend placed the order for me. He (Neil Dsouza) just filled the details in the redressal. Amazon's Jaya Pavani is looking into it.,41500,@125122 Do let us know if the issue still persists. Keep us posted. ^PS,Thu Nov 02 02:44:33 +0000 2017,125122,AmazonHelp,1,False,delivery_order_status
41499,41499,@115850 I'd like to get in touch with you wrt a purchase I've made. A small part is missing in it. Please help. Thanks.,I'd like to get in touch with you wrt a purchase I've made. A small part is missing in it. Please help. Thanks.,41497,@125122 Sorry to know about the problem with your order. You may reach out to our support team here: https://t.co/rS49hgaADF. ^MO,Wed Nov 01 15:23:47 +0000 2017,125122,AmazonHelp,1,False,other
41499,41501,@AmazonHelp Would be great if we could talk about it. I'd like to get the missing part. Or else I may have to buy the whole thing again.,Would be great if we could talk about it. I'd like to get the missing part. Or else I may have to buy the whole thing again.,41502,@125122 here: https://t.co/GIJyeYqKE0 and I'll reach out. (2/2) ^KA,Thu Nov 02 02:50:41 +0000 2017,125122,AmazonHelp,2,False,other
41511,41507,"@AmazonHelp This is the first time I've had this problem, so I haven't called them yet. Thank you for the information! I will give a call later today!","This is the first time I've had this problem, so I haven't called them yet. Thank you for the information! I will give a call later today!",41506,@125124 Keep us in the loop! We want to make sure this have been taken care of for you! ^FR,Wed Nov 01 15:38:17 +0000 2017,125124,AmazonHelp,1,False,other
41511,41509,@115821 Thanks for your amazing shipping times @115821 but I put some thought into this! 😂I'll have to see if Papa Kira (Papa Grinsha) can get it.,Thanks for your amazing shipping times but I put some thought into this! 😂I'll have to see if Papa Kira (Papa Grinsha) can get it.,41508,@125124 We'd like to help. Who's the carrier: https://t.co/Y5jpI9gRhE? Have you called them for options: https://t.co/XElP6cXQrb? ^CO,Wed Nov 01 15:06:50 +0000 2017,125124,AmazonHelp,1,False,delivery_order_status
29999,41522,@AmazonHelp Yes I have replied,Yes I have replied,41520,@122600 Thanks for the update. Our team will check and get back to you with an update soon. Request you to wait. ^NK,Wed Nov 01 15:31:52 +0000 2017,122600,AmazonHelp,1,False,other
29999,41525,@AmazonHelp N have mail the details with fax too,N have mail the details with fax too,41533,"@122600 I understand waiting could be tiresome but rest assured, the concerned team is working on a resolution for you.^SU",Wed Nov 01 15:32:26 +0000 2017,122600,AmazonHelp,1,False,other
41528,41528,@AmazonHelp dodgy email? https://t.co/yv06LLl184,dodgy email?,41527,"@125126 I'm sorry for the concern, Paul! To check If you have an active Prime subscription, visit here: https://t.co/LkMSLHpRg7 ^SD",Wed Nov 01 15:32:58 +0000 2017,125126,AmazonHelp,1,False,other
41532,41530,@AmazonHelp As of now the aspect ratio seems to be 1:1. Very irritating.,As of now the aspect ratio seems to be 1:1. Very irritating.,41529,@125127 I understand your concern. I've noted your comments and have forwarded your feedback internally. ^MO,Wed Nov 01 15:10:57 +0000 2017,125127,AmazonHelp,1,False,other
41535,41535,"@125129 @116316 sperrt Business Konto von Firma, weil ein Mitarbeiter (Besteller) negativen Saldo bei Amazon aufweist. Kein Scherz!","sperrt Business Konto von Firma, weil ein Mitarbeiter (Besteller) negativen Saldo bei Amazon aufweist. Kein Scherz!",41534,@125128 Bei Fragen kannst du dich gern an den Business Kundenservice wenden. Den Button findest du links: https://t.co/o5LGZCgnt7 Gruß ^MH,Wed Nov 01 15:26:59 +0000 2017,125128,AmazonHelp,1,False,other
42479,42472,I really got scammed on @115821,I really got scammed on,42470,@125385 I'm sorry for the mix-up! We have a return process that will provide your available options here: https://t.co/DDuMWyf8ro ^AD,Wed Nov 01 15:29:49 +0000 2017,125385,AmazonHelp,1,False,other
42479,42473,@AmazonHelp I was supposed to be credited my money back within the hour and I never got it.,I was supposed to be credited my money back within the hour and I never got it.,42474,@125385 Did we specify your refund was going to an Amazon Gift Card? ^TR,Wed Nov 01 19:05:44 +0000 2017,125385,AmazonHelp,1,False,refund_return
42479,42475,@AmazonHelp I talked to some “Pramod” that told me I’d have my money back in a hour and I never got it,I talked to some “Pramod” that told me I’d have my money back in a hour and I never got it,42476,@125385 What does the refund status show here: https://t.co/XBWSa9QDRR? ^BA,Wed Nov 01 19:35:31 +0000 2017,125385,AmazonHelp,1,False,refund_return
42479,42477,@AmazonHelp Nothing at all.,Nothing at all.,42478,"@125385 Our team would like to take a closer look at this for you, please send us your info via this link: https://t.co/QeZQd8r9dx ^SH",Wed Nov 01 20:37:46 +0000 2017,125385,AmazonHelp,1,False,other
42486,42486,"Really @115821 , this enormous box for a belt??? 😂😂😂 https://t.co/QyzxV6Ewak","Really , this enormous box for a belt??? 😂😂😂",42485,@125387 Oh my! We'd like to improve! Please share your packaging feedback with us here: https://t.co/fxgZ6hTrFA. Thank you! ^WJ,Wed Nov 01 15:52:33 +0000 2017,125387,AmazonHelp,1,False,other
42490,42488,@AmazonHelp There was an internal error in our system. We logged the problem and will investigate it later. Our apologies for the inconvenience.,There was an internal error in our system. We logged the problem and will investigate it later. Our apologies for the inconvenience.,42487,@125388 We'd like to take a closer look into this for you. Please reach out to us by phone at this link here: https://t.co/JzP7hlA23B ^VS,Wed Nov 01 15:53:47 +0000 2017,125388,AmazonHelp,1,False,other
42490,42490,@115830 Keep getting an error message when sending to different delivery addresses in one order? Prime member?,Keep getting an error message when sending to different delivery addresses in one order? Prime member?,42489,"@125388 I'm sorry for the trouble, Dan! Can you tell us the exact error message you are receiving? We want to help! ^SD",Wed Nov 01 15:44:04 +0000 2017,125388,AmazonHelp,1,False,delivery_order_status
42494,42492,@AmazonHelp Just the standard one! https://t.co/N0Z5up8AEu,Just the standard one!,42491,"@125389 Thanks for the info! Per the product description, it does state that this version comes with one of five poster designs. ^AL",Wed Nov 01 15:53:17 +0000 2017,125389,AmazonHelp,1,False,other
42494,42494,@AmazonHelp does the version of Reputation that you sell definitely come with the poster?,does the version of Reputation that you sell definitely come with the poster?,42493,@125389 Thanks for reaching out! We have a couple options of the album available. Can you send a link of the one your seeing? ^AH,Wed Nov 01 15:29:26 +0000 2017,125389,AmazonHelp,1,False,other
42496,42496,3 phone long calls later ... numerous times I repeated myself &amp; I finally have been issued a refund. Massive lack of support from @115830,3 phone long calls later ... numerous times I repeated myself &amp; I finally have been issued a refund. Massive lack of support from,42495,@125390 I'm sorry for the poor experience. Please help us improve by filling out our Customer Satisfaction Survey sent via e-mail. ^RA,Wed Nov 01 15:50:39 +0000 2017,125390,AmazonHelp,1,False,refund_return
42508,42498,@AmazonHelp I’m in UK - is call available?,I’m in UK - is call available?,42500,"@125391 Sorry for the incorrect link, Stu. It sure is! You can contact the UK team here: https://t.co/JzP7hlA23B. I hope this helps! ^AD",Wed Nov 01 16:00:12 +0000 2017,125391,AmazonHelp,1,False,other
42508,42499,@125392 @116439 See picture. Not showing in search. Any advice? https://t.co/WZxq9tCoCg,See picture. Not showing in search. Any advice?,42497,@125391 We'd like to investigate this with you by phone or chat! Please reach out at your convenience: https://t.co/hApLpMlfHN ^KJ,Wed Nov 01 15:51:38 +0000 2017,125391,AmazonHelp,1,False,other
42511,42510,"@AmazonHelp Kindle oasis. I return items on it, and on my account from my laptop, but the device still shows them as borrowed.","Kindle oasis. I return items on it, and on my account from my laptop, but the device still shows them as borrowed.",42512,"@125393 Thanks for the info, Lucy! Please contact us here:  https://t.co/hApLpMlfHN so we can look into the issue for you! ^AD",Wed Nov 01 16:09:20 +0000 2017,125393,AmazonHelp,1,False,device_digital_content
42511,42511,"@117634 Kindle Unlimited is not working for me - tried syncing, restarting, resetting. Is it a system problem?","Kindle Unlimited is not working for me - tried syncing, restarting, resetting. Is it a system problem?",42509,@125393 Sorry for the trouble. Will you pls tell us more about how Kindle Unlimited isn't working? What device are you using? ^CO,Wed Nov 01 15:51:14 +0000 2017,125393,AmazonHelp,1,False,device_digital_content
42527,42524,@AmazonHelp First one was second one was not,First one was second one was not,42520,@125395 Did you receive an updated delivery date? Two-Day Shipping refers to the transit time: https://t.co/cHWh7O2kSf ^WJ,Wed Nov 01 15:51:33 +0000 2017,125395,AmazonHelp,1,False,other
42527,42526,@115821 It took 80 hours to get here not 48,It took 80 hours to get here not 48,42525,@125395 Oh my! I'm sorry for the delay in delivery. Some items take longer to process. Was the expected delivery date missed? ^AL,Wed Nov 01 15:44:35 +0000 2017,125395,AmazonHelp,1,False,other
42530,42530,"@116316 @115825
Ich vermisse meine allmittwöchige Folge This is US. 
Weiß jemand, wann und wo ich sie finde? 😬","Ich vermisse meine allmittwöchige Folge This is US. Weiß jemand, wann und wo ich sie finde? 😬",42529,"@125397 Melde dich am besten bitte über https://t.co/MBAcWSvzBH bei unserem Kundenservice, damit wir das prüfen können. Gruß ^MH",Wed Nov 01 15:45:13 +0000 2017,125397,AmazonHelp,1,False,other
42535,42535,@115830 how can I change the shipping address on a pre order? Won’t let me edit it,how can I change the shipping address on a pre order? Won’t let me edit it,42534,"@125399 We'd like to take a look into why it won't let you change it and go over options, reach us via: https://t.co/JzP7hlA23B ^MG",Wed Nov 01 15:42:22 +0000 2017,125399,AmazonHelp,1,False,delivery_order_status
42538,42537,"@AmazonHelp was promised cashback in 48 hours, no results in 4 days. Disappointed","was promised cashback in 48 hours, no results in 4 days. Disappointed",42539,@125400 Kindly share your details here: https://t.co/GIJyeYqKE0 and I'll look into this. ^SG,Sun Nov 05 11:34:00 +0000 2017,125400,AmazonHelp,1,False,other
42538,42538,@115850 what about refund for order returned? Kindly initiate asap,what about refund for order returned? Kindly initiate asap,42536,@125400 Our support team would be happy to help you out! Please contact us from here: https://t.co/vlvfJr4nN9. ^MP,Wed Nov 01 15:37:32 +0000 2017,125400,AmazonHelp,1,False,refund_return
42538,42540,@AmazonHelp still no action. Disappointed,still no action. Disappointed,42541,@125400 Could you please confirm if you have provided your details through the link given below? ^VH,Tue Nov 07 10:37:27 +0000 2017,125400,AmazonHelp,1,False,other
42538,42542,"@AmazonHelp yes, yesterday itself","yes, yesterday itself",42543,"@125400 If you've shared your details with us, you can find our response here: https://t.co/DTSNmGldJf. ^SK",Tue Nov 07 13:00:06 +0000 2017,125400,AmazonHelp,1,False,other
42546,42545,@2445 @AmazonHelp @115821 The customer section in the amazon site is of no help.I can’t write any queries.So I’m bound to bring it to twitter.I hope someone responds,The customer section in the amazon site is of no help.I can’t write any queries.So I’m bound to bring it to twitter.I hope someone responds,42544,@125401 I'm sorry about the trouble with your order. We'd like to take a closer look into it here: https://t.co/hApLpMlfHN ^LI,Wed Nov 01 15:46:00 +0000 2017,125401,AmazonHelp,1,False,other
42558,42550,"@AmazonHelp No options were provided, happy to email the chat transcripts.Just told different stories.I re-ordered won't receive until Friday too late.","No options were provided, happy to email the chat transcripts.Just told different stories.I re-ordered won't receive until Friday too late.",42552,@125402 Did we mention that the package is being returned since it's damaged? ^WJ,Wed Nov 01 15:56:13 +0000 2017,125402,AmazonHelp,1,False,other
42558,42551,"@AmazonHelp I did not receive my order. I missed original delivery, cust service called me and I opted for later delivery.No delivery arrived.","I did not receive my order. I missed original delivery, cust service called me and I opted for later delivery.No delivery arrived.",42549,"@125402 Did we replace the order? When you spoke with us regarding your order, what options did we provide? ^CO",Wed Nov 01 15:48:34 +0000 2017,125402,AmazonHelp,1,False,delivery_order_status
42558,42553,@AmazonHelp I don't think the package is damaged.Rather carrier communication issue. Why else the changing stories ?found out about return from email.,I don't think the package is damaged.Rather carrier communication issue. Why else the changing stories ?found out about return from email.,42554,"@125402 Goodness, my apologies for the frustration! Please keep us posted on your new order. We want to help any way we can! ^KN",Wed Nov 01 16:10:07 +0000 2017,125402,AmazonHelp,1,False,item_quality_issue
42558,42558,"@amazonhelp so frustrated with your customer service. Out for delivery/resched then told packing slip torn, then package damaged.No solution","so frustrated with your customer service. Out for delivery/resched then told packing slip torn, then package damaged.No solution",42556,"@125402 Just to clarify, was the package returned because it was damaged or did you receive a damaged order? ^VS",Wed Nov 01 15:43:36 +0000 2017,125402,AmazonHelp,1,False,item_quality_issue
42562,42560,"@AmazonHelp Spent over an hour on phone yesterday/today. ""Check back with us tomorrow"" been the response since last week.","Spent over an hour on phone yesterday/today. ""Check back with us tomorrow"" been the response since last week.",42563,"@125403 Oh my! Just to clarify, what does the most recent tracking status show? https://t.co/aaDyEz1VgE ^AL",Wed Nov 01 16:05:29 +0000 2017,125403,AmazonHelp,1,False,other
42562,42562,"Ordering from @115821 - When it works it works great. When there is a problem (""prime"" delivery not delivered after 6 days) they fall apart.","Ordering from - When it works it works great. When there is a problem (""prime"" delivery not delivered after 6 days) they fall apart.",42559,"@125403 I'm sorry you don't have your order. Did we ask you to wait longer for it? If you need an update, call: https://t.co/JzP7hlA23B ^MG",Wed Nov 01 15:37:03 +0000 2017,125403,AmazonHelp,1,False,delivery_order_status
42566,42565,@117634 FIX it!. I can't get back to the library  in mine anymore,FIX it!. I can't get back to the library in mine anymore,42564,"@125404 I'm sorry about the troubles with our app, Antonia! Can you tell me what happens when you try to access your books? ^FR",Wed Nov 01 15:39:44 +0000 2017,125404,AmazonHelp,1,False,other
42573,42573,"Trying to cancel an order on @115821 but the website and app page come up blank when I hit ""cancel order"" @AmazonHelp","Trying to cancel an order on but the website and app page come up blank when I hit ""cancel order""",42572,"@125405 Oh no! We can help you with this, Annie! Just give us a quick call or chat here so we can assist: https://t.co/hApLpMlfHN ^JD",Wed Nov 01 15:43:15 +0000 2017,125405,AmazonHelp,1,False,other
42576,42576,"@115850 when you say cash on delivery is it home delivery or 'come-and-take-your-product' delivery 😏
Not happy with your service.",when you say cash on delivery is it home delivery or 'come-and-take-your-product' delivery 😏 Not happy with your service.,42574,@125406 Sorry for the hassle. Please report this to our support team here: https://t.co/vlvfJr4nN9 and we'll check this. ^HN,Wed Nov 01 15:44:27 +0000 2017,125406,AmazonHelp,1,False,delivery_order_status
42580,42578,@117086 Seção,Seção,42577,"@125407 Olá Anderson, a seção esta disponivel, fizemos um busca e nos apareceu estes resultados: https://t.co/9hpu48fvl7. 1/2",Wed Nov 01 15:38:42 +0000 2017,125407,AmazonHelp,2,False,other
42580,42581,@AmazonHelp Antes era um link exclusivo para quadrinhos e até alguns nem havia preço ainda.,Antes era um link exclusivo para quadrinhos e até alguns nem havia preço ainda.,42582,"@125407 Anderson, você pode conferir os livros em pré-venda neste link: https://t.co/IHTJI5czVs. ^LG",Wed Nov 01 16:00:14 +0000 2017,125407,AmazonHelp,1,False,other
42584,42584,Lolz @115850 @115821 this is such a wonderful discount. How did y'all ever ass your college years? @115851 https://t.co/OlcFnY0zgC,Lolz this is such a wonderful discount. How did y'all ever ass your college years?,42583,"@125408 Thanks for flagging, Neil. I will forward this to the concerned team internally and get this reviewed. ^NK",Wed Nov 01 15:36:41 +0000 2017,125408,AmazonHelp,1,False,other
42587,42586,"@AmazonHelp @115817 they even came to my apartment, called me then still proceeded to leave w/o delivering the package that day. Pathetic. Why even call?!","they even came to my apartment, called me then still proceeded to leave w/o delivering the package that day. Pathetic. Why even call?!",42589,@125409 Have you spoken with the carrier directly yet about cause of delay? Some helpful info found here: https://t.co/Qo50SqaQEn ^SD,Wed Nov 01 15:53:20 +0000 2017,125409,AmazonHelp,1,False,delivery_order_status
42587,42587,@115821 I normally love you but the last 3 packages have been late! Which in small business terms means “I’m losing money!” WTF bro?!,I normally love you but the last 3 packages have been late! Which in small business terms means “I’m losing money!” WTF bro?!,42585,@125409 I'm sorry your orders have been arriving late! Do you see this happening with a specific carrier: https://t.co/Y5jpI9gRhE? ^VS,Wed Nov 01 15:41:29 +0000 2017,125409,AmazonHelp,1,False,delivery_order_status
43248,43248,"@115821 I am very heart broken right now, makeup needs to have a fragile label on the box/envelope. https://t.co/g2zBdP40AN","I am very heart broken right now, makeup needs to have a fragile label on the box/envelope.",43247,@125583 I'm sorry your make up arrived damaged. You can view your available options here: https://t.co/Rgi9TmpZd1 ^CO,Wed Nov 01 16:10:25 +0000 2017,125583,AmazonHelp,1,False,item_quality_issue
43259,43258,"@AmazonHelp I called them, they fixed the location issue. I called again to get this download issue fixed&amp; been told that I'll get an email","I called them, they fixed the location issue. I called again to get this download issue fixed&amp; been told that I'll get an email",43257,@120916 We are sorry for the delay. We like to check this. Please call our support one more time:  https://t.co/MBAcWSvzBH ^MH,Wed Nov 01 15:56:36 +0000 2017,120916,AmazonHelp,1,False,other
43261,43261,"@AmazonHelp Why is the following item only preorderable?
Other sellers than amazon do ship already. https://t.co/SZTDDD7sUF",Why is the following item only preorderable? Other sellers than amazon do ship already.,43260,"@125585 Hi, I will forward it to the responsible department so they can take a look into that. Kind regards, ^SI",Wed Nov 01 15:55:26 +0000 2017,125585,AmazonHelp,1,False,seller_marketplace
43265,43265,"@79389 purchased these from @115830 and they don't come charged as advertised neither do the charge fully, only to 95%, shocking item https://t.co/zEpNnZg5Sk","purchased these from and they don't come charged as advertised neither do the charge fully, only to 95%, shocking item",43263,@125586 I'm sorry for the frustration! Have you looked into our return options? You can do so here: https://t.co/eAmHs9K1Ei ^AC,Wed Nov 01 16:04:37 +0000 2017,125586,AmazonHelp,1,False,payment_billing
43268,43267,@AmazonHelp Nope https://t.co/y3MPXV8brL,Nope,43269,@125587 Clicking the title of the item you've purchased will have the size listed under the 'Color' option on the product detail page. ^KP,Wed Nov 01 16:11:36 +0000 2017,125587,AmazonHelp,1,False,other
43268,43268,"@AmazonHelp I have no way of verifying the size/color selected after adding to cart...during checkout, conf email, or ""Your Orders"" :/ https://t.co/aZd4UP92ol","I have no way of verifying the size/color selected after adding to cart...during checkout, conf email, or ""Your Orders"" :/",43266,@125587 Can you verify these things by checking the order details via the order: https://t.co/Y5jpI9gRhE? ^WJ,Wed Nov 01 16:04:26 +0000 2017,125587,AmazonHelp,1,False,other
43272,43271,@AmazonHelp It was from a third party seller but fulfilled by Amazon.,It was from a third party seller but fulfilled by Amazon.,43273,@125588 We'd like to look into available options with you. Please reach out to us by phone here: https://t.co/hApLpMlfHN ^VS,Wed Nov 01 16:07:16 +0000 2017,125588,AmazonHelp,1,False,seller_marketplace
43272,43272,"@AmazonHelp I received an item today that has a tag on it saying it is new, but it very clearly isn't new. It's a present. Please help.","I received an item today that has a tag on it saying it is new, but it very clearly isn't new. It's a present. Please help.",43270,@125588 I'm sure this isn't what you expected to receive! Was this coming from Amazon or a seller on our site? Pls let us know! ^MT,Wed Nov 01 15:56:04 +0000 2017,125588,AmazonHelp,1,False,other
43276,43275,"@AmazonHelp It was all the stations, but I think I fixed it for now. Had to wipe my cache.","It was all the stations, but I think I fixed it for now. Had to wipe my cache.",43277,@125589 Glad to hear it's resolved. Let us know if there is anything else we may assist with. We're always here to help! ^TH,Wed Nov 01 16:08:44 +0000 2017,125589,AmazonHelp,1,False,other
43276,43276,"@116935 @AmazonHelp for some reason all my ""stations"" are only playing one song on loop. Win 7/Chrome 62.0.3202.75","for some reason all my ""stations"" are only playing one song on loop. Win 7/Chrome 62.0.3202.75",43274,@125589 I'm sorry for the troubles! We'd like to help if we can. Have you tried to close out the station and go back into it? ^AL,Wed Nov 01 15:57:06 +0000 2017,125589,AmazonHelp,1,False,other
43283,43283,@115850 @AmazonHelp How come products without being delivered getting marked delivered. Same is being communicated through mail n msg 1,How come products without being delivered getting marked delivered. Same is being communicated through mail n msg 1,43280,@125591 Sorry for the hassle. Please report this to our support team here: https://t.co/vlvfJr4nN9 and we'll check this. ^HN,Wed Nov 01 15:57:46 +0000 2017,125591,AmazonHelp,1,False,delivery_order_status
43285,43285,"When the job keeps you busy, but you can order a pumpkin from amazon prime now in an hour and… https://t.co/oTMgZg186n","When the job keeps you busy, but you can order a pumpkin from amazon prime now in an hour and…",43284,@125592 Well I'll be a monkey's uncle! That is a spooktacularly creative jack'o'lantern! But is that the trick or the treat? ^JD,Wed Nov 01 15:56:03 +0000 2017,125592,AmazonHelp,1,False,other
43301,43294,@AmazonHelp No one besides me has access to my account,No one besides me has access to my account,43296,@125594 Hmm. Can you tell us what apps are linked to your account? https://t.co/PtGDfbjWsb. You may also change your password. ^AL,Wed Nov 01 16:52:58 +0000 2017,125594,AmazonHelp,1,False,other
43301,43295,"@115821 And this is the review that was posted. I, Leshai Johnson, can confirm that I did not buy or review this item https://t.co/1ZQaXlkNZ4","And this is the review that was posted. I, Leshai Johnson, can confirm that I did not buy or review this item",43293,@125594 How odd!? Do you have any family or friends that have access to your account? We'd like to help! ^KJ,Wed Nov 01 15:23:12 +0000 2017,125594,AmazonHelp,1,False,other
43301,43297,@AmazonHelp Only Facebook is linked and I rarely use Facebook. I will be changing my password and unblinking Facebook just in case,Only Facebook is linked and I rarely use Facebook. I will be changing my password and unblinking Facebook just in case,43298,"@125594 I'm sorry this is happening. If the problem persists, you can contact us here: https://t.co/hApLpMlfHN via phone or chat. ^AY",Wed Nov 01 22:28:47 +0000 2017,125594,AmazonHelp,1,False,account_access
43303,43303,"You know what sucks, @115821? When you pre-order something to guarantee an arrival on the day of release only to find out you gotta wait https://t.co/mrqoj4FmiI","You know what sucks, ? When you pre-order something to guarantee an arrival on the day of release only to find out you gotta wait",43302,@125595 I'm sorry for the troubles with your order! Please contact us by Phone/Chat: https://t.co/hApLpMlfHN &amp; we'll be glad to help!^FR,Wed Nov 01 15:54:32 +0000 2017,125595,AmazonHelp,1,False,other
43305,43305,"hi @115821 
please explain https://t.co/IDAVBg0NE8",hi please explain,43304,@125596 We'd like to make sure this is escalated for you. Please reach out to us by phone at this link here: https://t.co/JzP7hlA23B ^VS,Wed Nov 01 15:35:44 +0000 2017,125596,AmazonHelp,1,False,other
43308,43308,@115850 “Delivery refused by customer msg” Text received today even nobody call me for delivery. Customer care also given false statement https://t.co/KQAS6ELsUM,“Delivery refused by customer msg” Text received today even nobody call me for delivery. Customer care also given false statement,43307,"@125597 soon. Please don't provide your order details, as Our Twitter page is public.​ 2/2 ^NK",Wed Nov 01 15:42:36 +0000 2017,125597,AmazonHelp,2,False,delivery_order_status
43637,43637,I’ve fucking moved and I still can’t get a package in time. This time the lazy @118706 said my mailbox is blocked. Total bullshit https://t.co/I8geIIy36F,I’ve fucking moved and I still can’t get a package in time. This time the lazy said my mailbox is blocked. Total bullshit,43636,@125680 I'm sorry for the trouble! We'd like to help if we can. Please reach out to us here so we can look into this together: https://t.co/hApLpMlfHN ^MO,Sun Nov 26 00:52:40 +0000 2017,125680,AmazonHelp,1,False,delivery_order_status
43640,43640,@AmazonHelp hi! i was sent a replacement for an item but i wanted 2 chnge the dropoff location but cant cause shipping label was sent from u guys can ya help,hi! i was sent a replacement for an item but i wanted 2 chnge the dropoff location but cant cause shipping label was sent from u guys can ya help,43638,"@125681 Hey! We'd love to help but are unable to access your Amazon account through Twitter. When you have a moment, reach us by phone or chat and we'll be happy to assist: https://t.co/hApLpMlfHN ^LR",Sun Nov 26 00:54:10 +0000 2017,125681,AmazonHelp,1,False,refund_return
43643,43642,"@AmazonHelp Tracking ID = 936128__credit_card__ by USPS, and no email updates. The only thing I've gotten is what I sent in a screenshot. Thanks!","Tracking ID = 936128__credit_card__ by USPS, and no email updates. The only thing I've gotten is what I sent in a screenshot. Thanks!",43644,@125682 Mhm that is interesting! We would like to review your options in real-time. Please contact us via phone or chat here: https://t.co/hApLpMlfHN ^LS,Sun Nov 26 00:58:16 +0000 2017,125682,AmazonHelp,1,False,delivery_order_status
43643,43643,"@AmazonHelp Does this mean my package won't be delivered today or will it, since I had paid for one day shipping? https://t.co/HIKm41JcyP","Does this mean my package won't be delivered today or will it, since I had paid for one day shipping?",43641,@125682 We always aim to meet the estimated delivery date provided. Have you received any updates regarding your order? Who is the carrier? You can check both here: https://t.co/Y5jpI9gRhE ^FD,Sun Nov 26 00:51:30 +0000 2017,125682,AmazonHelp,1,False,delivery_order_status
43646,43646,Heard a loud bang on the door of my 2nd-floor apartment. Went outside -- an @115821 delivery guy had thrown a package full of Christmas presents from the ground. He was taking a picture of our door (?). Said hello and ran off. I guess this is life after the retail apocalypse?,Heard a loud bang on the door of my 2nd-floor apartment. Went outside -- an delivery guy had thrown a package full of Christmas presents from the ground. He was taking a picture of our door (?). Said hello and ran off. I guess this is life after the retail apocalypse?,43645,@125683 Sorry for the disturbance. Richard! We'd like our team to look into this. Please provide us with your details here: https://t.co/vrsuSy7UjA ^JP,Sun Nov 26 00:51:02 +0000 2017,125683,AmazonHelp,1,False,delivery_order_status
43650,43648,@AmazonHelp Hola. La única notificación que recibí es que estaba en tránsito. El transportista son ustedes (AMZMX),Hola. La única notificación que recibí es que estaba en tránsito. El transportista son ustedes (AMZMX),43647,@125684 Gracias por la información Edgar.  Puedes contactar con nuestro Servicio al Cliente para realizar las acciones adecuadas y reportar lo que ha sucedido. Puedes contactar a través del siguiente enlace: https://t.co/beR78zMMYB  ^PC,Sun Nov 26 00:50:40 +0000 2017,125684,AmazonHelp,1,False,other
43650,43650,".@116875 me prometió que mi paquete llegaba en 13 horas garantizado. Lo compré a las 10 PM de ayer, y no ha llegado. Me siento traicionado. Y luego me dicen esto: https://t.co/PLhtSMJk0I",". me prometió que mi paquete llegaba en 13 horas garantizado. Lo compré a las 10 PM de ayer, y no ha llegado. Me siento traicionado. Y luego me dicen esto:",43649,"@125684 ¡Hola Edgar! Sentimos los inconvenientes con tu pedido. Sin compartir información personal ni confidencial, ¿Podrías indicarnos si has recibido alguna otra notificación por parte del transportista o si les has contactado?  ^PC",Sun Nov 26 00:41:11 +0000 2017,125684,AmazonHelp,1,False,other
43654,43653,"@117086 E tipo, se fosse o volume 1 até que dava pra dar de presente pra alguém.... MAS É O VOLUME 3!!!!","E tipo, se fosse o volume 1 até que dava pra dar de presente pra alguém.... MAS É O VOLUME 3!!!!",43651,@125685 Olá PedroO! No seguinte link você vai encontrar informações sobre como cancelar um pedido: https://t.co/zNAr3irhHI  ^JJ,Sun Nov 26 00:47:50 +0000 2017,125685,AmazonHelp,1,False,other
43660,43660,アマゾンでーす https://t.co/1It4kNyPJe,アマゾンでーす,43659,"@125687 |ω・)
Amazonでーーーす！！
何やら、箱からカワイイのがチラ見してますね～(^^♪TY",Sun Nov 26 00:19:40 +0000 2017,125687,AmazonHelp,1,True,other
43668,43662,@AmazonHelp Olha aí!!! https://t.co/ftd2uK475D,Olha aí!!!,43664,@125688 Que legal! Te desejamos uma leitura maravilhosa Ishmael! ^JJ,Sun Nov 26 00:54:23 +0000 2017,125688,AmazonHelp,1,False,other
43668,43663,"@AmazonHelp Foi pouco, mas valeu muito!","Foi pouco, mas valeu muito!",43661,@125688 Fala para a gente o que você comprou. Ficamos curiosos! 🎁😍 ^JJ,Sun Nov 26 00:44:29 +0000 2017,125688,AmazonHelp,1,False,other
43668,43667,"@117804 Obrigado, zerei a minha lista de desejos!!! https://t.co/mBczqOGs8V","Obrigado, zerei a minha lista de desejos!!!",43666,@125688 Olá! Que felicidade Ishmael! Você comprou muita coisa? 😃🎁🎁❤️ ^JJ,Sun Nov 26 00:37:42 +0000 2017,125688,AmazonHelp,1,False,other
43679,43678,@AmazonHelp Muchas cosas de entrenamiento para running y accesorios de cama 😍 https://t.co/HzoSToeqwf,Muchas cosas de entrenamiento para running y accesorios de cama 😍,43680,"@116874 ¡Qué emoción, Quirino! ¿Qué consejos nos das para alguien que quiere empezar a correr? 🤔^LC",Sun Nov 26 00:52:48 +0000 2017,116874,AmazonHelp,1,False,other
43679,43679,TE AMO POR SIEMPRE @116875 https://t.co/aEcopzKt6Z,TE AMO POR SIEMPRE,43677,"@116874 ¡También te amamos, Quirino! 😍 Nos alegra que tu pedido haya llegado hoy. Cuéntanos, ¿qué has recibido? ^LC https://t.co/q019mpi3W2",Sun Nov 26 00:44:39 +0000 2017,116874,AmazonHelp,1,False,other
43679,43681,"@AmazonHelp Sin duda es empezar poco a poco. Primero 10min caminando, 5 trotando; luego 15 y 10 y así hasta lograr correr 30min seguidos","Sin duda es empezar poco a poco. Primero 10min caminando, 5 trotando; luego 15 y 10 y así hasta lograr correr 30min seguidos",43682,"@116874 Gracias por los consejos, Quirino. ¿Cuál ha sido tu mayor logro como corredor? 🤗🤗 ^LC",Sun Nov 26 01:07:48 +0000 2017,116874,AmazonHelp,1,False,other
43679,43683,@AmazonHelp Un ultra maratón de 55K y varios maratones,Un ultra maratón de 55K y varios maratones,43684,"@116874 Wow 😱 Ruperto es el que quiere empezar a correr, está buscando algunas cosas, ¿para ti qué es lo esencial en una carrera? ^LC https://t.co/yCqqEe9s5l",Sun Nov 26 01:18:32 +0000 2017,116874,AmazonHelp,1,False,other
43687,43687,@AmazonHelp what’s the chances of getting my package (same day delivery) by 9 when it hasn’t even been shipped? 😞 🤷🏼‍♀️,what’s the chances of getting my package (same day delivery) by 9 when it hasn’t even been shipped? 😞 🤷🏼‍♀️,43685,"@125690 I'm sorry it hasn't arrived! Typically, the cutoff time for Same-Day Delivery is noon, however, this may change depending on the product. What is the delivery date shown in the e-mail confirmation: https://t.co/L9Xapf1v25? ^SJ",Sun Nov 26 00:40:21 +0000 2017,125690,AmazonHelp,1,False,delivery_order_status
43700,43700,"Just love it when @81 says they attempted an @115821 delivery to my place, yet I did not hear my door knock or receive a buzz on my intercom or get a phone call. Oh and no 'We Missed You' notice left. 

Thanks for trying....NOT.","Just love it when says they attempted an delivery to my place, yet I did not hear my door knock or receive a buzz on my intercom or get a phone call. Oh and no 'We Missed You' notice left. Thanks for trying....NOT.",43699,@125692 I'm so sorry for the trouble with your package delivery. Have you reached out to FedEx to discuss this delivery attempt? ^ST,Sun Nov 26 00:45:29 +0000 2017,125692,AmazonHelp,1,False,delivery_order_status
43702,43702,Amazonさん仕事早すぎる…。次からも利用しますね(o^^o) https://t.co/sHYblH5sEE,Amazonさん仕事早すぎる…。次からも利用しますね(o^^o),43701,"@125693 ( ´∀｀)bｸﾞｯ! 
Amazonをご利用いただき、ありがとうございます！
またのご利用お待ちしております(*´︶`*) TY",Sun Nov 26 00:19:32 +0000 2017,125693,AmazonHelp,1,False,other
43704,43704,"入ってよかった、Amazonプライム。
ダンバインにエルガイムが全話観れるなんて。 https://t.co/6gSoaeETMN",入ってよかった、Amazonプライム。 ダンバインにエルガイムが全話観れるなんて。,43703,"@125694 Amazonプライムのご登録ありがとうございます(＾◇＾)
お喜びいただけて、何よりです(*^o^*)
色々なコンテンツをご準備しておりますので、是非存分にお楽しみください♪TY",Sat Nov 25 13:24:06 +0000 2017,125694,AmazonHelp,1,True,other
43706,43706,"@AmazonHelp Hi Amazon, do you have an e-mail address I could send an e-mail to regarding a return?","Hi Amazon, do you have an e-mail address I could send an e-mail to regarding a return?",43705,@125695 Thanks for reaching out to us! You can do returns here: https://t.co/Y5jpI9gRhE Please let us know if any other assistance is needed. ^MO,Sun Nov 26 00:39:15 +0000 2017,125695,AmazonHelp,1,False,other
43708,43708,アマゾンプライムビデオ有能 https://t.co/QvEgdgeta0,アマゾンプライムビデオ有能,43707,"@125696 |ω・)
嬉しいお言葉、ありがとうございます！！
これからも有能と言われるようにがんばります d(๑¯꒳¯๑)b TY",Sat Nov 25 16:29:38 +0000 2017,125696,AmazonHelp,1,True,other
43710,43710,"@117086 oi gente, vcs lançaram um valor indevido no meu cartão, gostaria de saber como faço pra ter meu dinheiro de volta","oi gente, vcs lançaram um valor indevido no meu cartão, gostaria de saber como faço pra ter meu dinheiro de volta",43709,"@125697 Oi Klinscarpo! Sinto muito pelo inconveniente. Por este meio nós não temos acesso a sua conta. Por gentileza entre em contato com o nosso SAC pelo seguinte link: https://t.co/ouAOLcNWp4
  ^JJ",Sun Nov 26 00:37:31 +0000 2017,125697,AmazonHelp,1,False,other
43712,43712,Amazonプライムめっちゃ凄いやないか、いつでもどこでもガンダムSEED見れるやないか、なんで今まで気づかなかったのか… https://t.co/l8ENe25Eua,Amazonプライムめっちゃ凄いやないか、いつでもどこでもガンダムSEED見れるやないか、なんで今まで気づかなかったのか…,43711,"@125698 |ω・)
気付いていただけて良かったです！！！
是非！いつでもどこでも見ちゃってください( *• ̀ω•́ )b TY",Sat Nov 25 14:25:54 +0000 2017,125698,AmazonHelp,1,False,other
43720,43720,"Le dedicaré este fin al catálogo de @123813, a ver qué tal. 😎📺","Le dedicaré este fin al catálogo de , a ver qué tal. 😎📺",43718,@125701 ¡Hola Gustavo! Esperamos que encuentres excelentes opciones✨😀 ¡Saludos!  ^PC,Sun Nov 26 00:37:03 +0000 2017,125701,AmazonHelp,1,False,other
43725,43725,"Thanks to Amazon's new, experimental, delivery-gig system, we just had yet another package chucked into our yard, left out in the open next to a city sidewalk. A city sidewalk, you dolts!!! Driver sped away. @115821 Prime members since 1995.","Thanks to Amazon's new, experimental, delivery-gig system, we just had yet another package chucked into our yard, left out in the open next to a city sidewalk. A city sidewalk, you dolts!!! Driver sped away. Prime members since 1995.",43723,"@125703 I'm sorry to hear your package was handled so poorly! We'd like to escalate this to our transportation department for you. With as much detail as you can, please provide your order information for us here: https://t.co/Z6okMgrlHS ^BV",Sun Nov 26 00:29:45 +0000 2017,125703,AmazonHelp,1,False,delivery_order_status
43742,43736,@AmazonHelp https://t.co/gu1CLsiExC,,43738,@125706 What were you advised from our email response ?  ^CR,Sun Nov 26 06:25:52 +0000 2017,125706,AmazonHelp,1,True,other
43742,43737,@AmazonHelp I already did but no response,I already did but no response,43735,@125706 Was the order placed on Amazon.in or https://t.co/nUUp5MLhYl ? ^MK,Sun Nov 26 00:22:32 +0000 2017,125706,AmazonHelp,1,False,service_complaint
43742,43740,@AmazonHelp I have already shared my details few days back but you guys were also incapable to resolve my issue,I have already shared my details few days back but you guys were also incapable to resolve my issue,43739,@125706 You should've received an email in response to the details you shared earlier from the social media team. Kindly reply to it for further queries and we'll assist you. ^NR,Sat Nov 25 20:17:06 +0000 2017,125706,AmazonHelp,1,False,other
43742,43742,"@115821 I ordered $100 visa gift card on Nov 19th using prime membership, whose delivery date was 21st and since then I am waiting for my product. When I am calling at amazon they are either transferring my call or giving me false promises. I want answer. SHAMEFUL","I ordered $100 visa gift card on Nov 19th using prime membership, whose delivery date was 21st and since then I am waiting for my product. When I am calling at amazon they are either transferring my call or giving me false promises. I want answer. SHAMEFUL",43741,"@125706 I'm sorry for the inconvenience, Arushi. Please share your details here: https://t.co/GIJyeYqKE0 and I'll get in touch with you. ^MK",Sat Nov 25 19:38:39 +0000 2017,125706,AmazonHelp,1,False,prime_membership
44499,44498,"@AmazonHelp Ich hab euch mal gemailed :)
Laut Tracking Nr ist das Paket bei einem Nachbarn (im selben Haus) gelandet, welchen ich nicht finden kann.","Ich hab euch mal gemailed :) Laut Tracking Nr ist das Paket bei einem Nachbarn (im selben Haus) gelandet, welchen ich nicht finden kann.",44500,"@125875 Vielen lieben Dank für deine Mühen! Ich hoffe sehr, dass du deine Lieferung bald in deinen Händen halten kannst. :) ^SI",Wed Nov 01 16:33:15 +0000 2017,125875,AmazonHelp,1,False,delivery_order_status
44499,44499,"Hey @AmazonHelp 
Ich war an dem gesamten Tag nicht zuhause und habe in meinem Briefkasten auch keine Benachrichtigungskarte... https://t.co/GYS9FcakT6",Hey Ich war an dem gesamten Tag nicht zuhause und habe in meinem Briefkasten auch keine Benachrichtigungskarte...,44497,"@125875 Hi, bitte informiere die Kollegen darüber: https://t.co/ohyvGrpvrY Diese überprüfen gerne, wo dein Paket abgeblieben ist. ^SI",Wed Nov 01 16:19:36 +0000 2017,125875,AmazonHelp,1,False,other
44499,44501,"@AmazonHelp Ich auch.
Ich mag diese Bonbons verdammt gerne und ich habe keine mehr! :&lt;",Ich auch. Ich mag diese Bonbons verdammt gerne und ich habe keine mehr! :&lt;,44502,"@125875 Ohne meine tägliche Süßigkeitenration werde ich zum bösen Gremlin. 🍪 Jetzt hast du mich neugierig gemacht, welche Bonbons? 😁 ^SI",Wed Nov 01 16:36:04 +0000 2017,125875,AmazonHelp,1,False,other
44499,44503,"@AmazonHelp https://t.co/uepE9W0fzy
Die Bonbons die jede(r) Vielbahnfahrer(in) kennt! :3",Die Bonbons die jede(r) Vielbahnfahrer(in) kennt! :3,44504,"@125875 Jetzt kann ich die Dringlichkeit noch besser nachvollziehen. 🍬😍 Ich hoffe, dein Zuckerschock-Pegel ist noch im grünen Bereich? 😅 ^SI",Wed Nov 01 16:41:31 +0000 2017,125875,AmazonHelp,1,False,other
44499,44505,@AmazonHelp Die letzte Packung ist so gut wie leer... X.x https://t.co/GFc8xWKovA,Die letzte Packung ist so gut wie leer... X.x,44506,"@125875 Nein! Ich habe es fast geahnt. 😱 Vielleicht können wir, vom Amazon.de Social Media Team, dir aushelfen: https://t.co/cUDnC8mjd7 ^SI",Wed Nov 01 17:02:02 +0000 2017,125875,AmazonHelp,1,False,other
44499,44507,"@AmazonHelp Ich hab sie gefunden!
Alles gut! :3 https://t.co/YpJPngK1kl",Ich hab sie gefunden! Alles gut! :3,44508,@125875 Juhu! Da ist der Abend gerettet. 🎊 Zur Feier des Tages kannst du dich gerne trotzdem über obigen Link melden. Trau dich. 😄 Grüße ^SI,Wed Nov 01 18:45:28 +0000 2017,125875,AmazonHelp,1,False,other
44499,44509,"@AmazonHelp Gerne, aber erst morgen wenn ok.
Muss jetzt erstmal mind. 1 stange bonbons Essen!:3","Gerne, aber erst morgen wenn ok. Muss jetzt erstmal mind. 1 stange bonbons Essen!:3",44510,"@125875 Klar, versteh ich. 😄 Iss mindestens eine für mich mit! 😊 ^SI",Wed Nov 01 19:02:19 +0000 2017,125875,AmazonHelp,1,False,other
44514,44513,@AmazonHelp Like how y’all play me like that my dog has skin issues shampoo for her ain’t cheap 😭,Like how y’all play me like that my dog has skin issues shampoo for her ain’t cheap 😭,44512,@125876 I'm sorry your order arrived damaged. You can view your available options here: https://t.co/hFcqqCCHyd ^CO,Wed Nov 01 16:18:46 +0000 2017,125876,AmazonHelp,1,False,other
44517,44516,@AmazonHelp Merci le soucis c'est que contacter votre SAV il faut être connecté à priori :-),Merci le soucis c'est que contacter votre SAV il faut être connecté à priori :-),44518,@125877 Vous pouvez les joindre directement sur le numéro suivant: 08 05 10 14 20 ^BR,Wed Nov 01 16:27:59 +0000 2017,125877,AmazonHelp,1,False,other
44517,44517,"@2600 Bjr, une idée pour me co à mon compte protégé par la double authent. quand j'ai plus  l'authenticator et plus le num de tel ?","Bjr, une idée pour me co à mon compte protégé par la double authent. quand j'ai plus l'authenticator et plus le num de tel ?",44515,"@125877 Bjr, d'autres options sont possibles, je vous invite à contacter notre SAV pour vous assister : https://t.co/qzuu0dgDXz . ^ASZ",Wed Nov 01 16:08:30 +0000 2017,125877,AmazonHelp,1,False,other
44523,44522,"@AmazonHelp OK, let me wait till tomorrow, hope that problem will be solved by then, anyway request u to keep the communication channel open, 1/2","OK, let me wait till tomorrow, hope that problem will be solved by then, anyway request u to keep the communication channel open, 1/2",44524,@125591 Appreciate your understanding. We will get this sorted at the earliest! ^PR,Wed Nov 01 16:29:28 +0000 2017,125591,AmazonHelp,1,False,other
44523,44523,@115850 @AmazonHelp my OD ID is 4__credit_card__ &amp; Tracking ID is 213112426556 It was a replacement of faulty product,my OD ID is 4__credit_card__ &amp; Tracking ID is 213112426556 It was a replacement of faulty product,44520,@125591 Please don’t provide your order details as we consider them to be personal info. Our page is visible to public. ^SG(2/2),Wed Nov 01 16:02:04 +0000 2017,125591,AmazonHelp,2,False,refund_return
44523,44525,@AmazonHelp Thanks a LOT,Thanks a LOT,44526,@125591 You're welcome. :) ^NK,Wed Nov 01 16:59:43 +0000 2017,125591,AmazonHelp,1,False,other
44530,44529,@AmazonHelp It’s not downloading any of the books I have and it won’t delete the ones I’ve returned,It’s not downloading any of the books I have and it won’t delete the ones I’ve returned,44531,"@125878 We'd like to look into this with you. When you have a moment, please reach out to us here: https://t.co/EKXRLsnxJu ^AC",Wed Nov 01 17:30:51 +0000 2017,125878,AmazonHelp,1,False,other
44530,44530,Why isn’t my kindle unlimited working @AmazonHelp,Why isn’t my kindle unlimited working,44528,"@125878 Oh no! What specific errors are you running into when trying to access Kindle Unlimited? Please let us know, Breana! ^FD",Wed Nov 01 16:16:13 +0000 2017,125878,AmazonHelp,1,False,device_digital_content
44533,44533,Es gibt noch einen bescheideneren Logistiker als @124285. @AmazonHelp ist noch viel besser. Ihr gebt Euch echt die Klinke in die Hand.,Es gibt noch einen bescheideneren Logistiker als . ist noch viel besser. Ihr gebt Euch echt die Klinke in die Hand.,44532,"@125879 Hi, bitte informiere direkt die Kollegen vom Kundenservice darüber: https://t.co/ohyvGrpvrY Vielen Dank! ^SI",Wed Nov 01 16:00:47 +0000 2017,125879,AmazonHelp,1,False,other
44544,44544,Was it really necessary @115830 to send 3 x safety posters to my office in 3 separate boxes? https://t.co/cj5vohuqAh,Was it really necessary to send 3 x safety posters to my office in 3 separate boxes?,44543,"@125882 We're always looking to improve! When you have a moment please, submit your packing feedback here: https://t.co/fxgZ6hTrFA ^JE",Wed Nov 01 15:16:18 +0000 2017,125882,AmazonHelp,1,False,other
44548,44546,@AmazonHelp The home listening on my phone. I pay the $3 a month for unlimited i believe?,The home listening on my phone. I pay the $3 a month for unlimited i believe?,44549,"@125883 If you have the Echo Unlimited subscription, then you can only listen through your Echo or your phone, one at a time. ^JD",Wed Nov 01 16:20:18 +0000 2017,125883,AmazonHelp,1,False,other
44548,44548,@AmazonHelp can u listen to amazon music on more than one device at a time?,can u listen to amazon music on more than one device at a time?,44545,"@125883 Great question! Just to clarify, are you speaking of Prime Music or Amazon Music Unlimited? ^AC",Wed Nov 01 16:11:38 +0000 2017,125883,AmazonHelp,1,False,device_digital_content
44548,44550,@AmazonHelp That needs to be fixed. If a household has one prime account but a husband/wife want to listen on different devices they cant. 😡😡😡,That needs to be fixed. If a household has one prime account but a husband/wife want to listen on different devices they cant. 😡😡😡,44551,@125883 We do have the option for Amazon Music Unlimited Family Plan. For more info visit here: https://t.co/J2qs1wZQTx ^AC,Wed Nov 01 16:35:01 +0000 2017,125883,AmazonHelp,1,False,other
44548,44552,@AmazonHelp And nowhere does it say how much a family plan is?,And nowhere does it say how much a family plan is?,44554,"@125883 The different plans and prices are on a different page, at the bottom of: https://t.co/7XsNXBzvES. I hope this helps. ^MG",Wed Nov 01 16:49:49 +0000 2017,125883,AmazonHelp,1,False,other
44928,44927,@AmazonHelp Item no longer needed. I have spoken to someone at your end earlier and they agreed a full redund.,Item no longer needed. I have spoken to someone at your end earlier and they agreed a full redund.,44929,"@125940 Thanks for the additional information, Tim! We'd like another chance to look into this further with you. Please reach out to us in real-time via phone or chat here: https://t.co/hApLpMlfHN ^ML",Wed Nov 22 21:14:36 +0000 2017,125940,AmazonHelp,1,False,other
44928,44928,@AmazonHelp I was promised a full refund for an item but I have been not refunded postage,I was promised a full refund for an item but I have been not refunded postage,44926,"@125940 Thanks for reaching out, Tim- I'm sorry for any trouble! We'd like to look into this with you. What was the reason for the return? Let us know! ^BL",Wed Nov 22 21:10:44 +0000 2017,125940,AmazonHelp,1,False,refund_return
45526,45525,@AmazonHelp Yep. Original estimate 27 October. New estimate 31 October. It's been 'in transit' since Friday....,Yep. Original estimate 27 October. New estimate 31 October. It's been 'in transit' since Friday....,45527,"@126077 We'd like to take a closer look at the delivery with you. When you have a moment, contact us here: https://t.co/JzP7hlA23B ^RA",Wed Nov 01 16:53:57 +0000 2017,126077,AmazonHelp,1,False,other
45526,45526,"@115830 Hi, my 'next day' delivery has so far taken a week. Any chance you can speed it up a bit? #NotImpressed","Hi, my 'next day' delivery has so far taken a week. Any chance you can speed it up a bit? #NotImpressed",45524,@126077 I'm sorry for the delay! We aim to deliver by the date given in your order confirmation e-mail. Have we missed that? ^TK,Wed Nov 01 16:40:54 +0000 2017,126077,AmazonHelp,1,False,delivery_order_status
45529,45529,@AmazonHelp Your amazon.in Order #402-0091077-1944373,Your amazon.in Order #402-0091077-1944373,45528,@126078 be personal information. Our page is visible to the public. (3/3)^SU,Wed Nov 01 16:21:25 +0000 2017,126078,AmazonHelp,3,False,other
45535,45533,@AmazonHelp Thanks! I need to use the item tomorrow so I can't really return the rest of it. Is there any way to get a partial refund?,Thanks! I need to use the item tomorrow so I can't really return the rest of it. Is there any way to get a partial refund?,45532,@126079 We'd like to take a look into some available options with you. Please reach out to us here: https://t.co/hApLpMlfHN ^TH,Wed Nov 01 16:32:46 +0000 2017,126079,AmazonHelp,1,False,refund_return
45535,45535,@AmazonHelp my order is missing two pieces of the value pack. I don't want to return what I received but can I get those pieces?,my order is missing two pieces of the value pack. I don't want to return what I received but can I get those pieces?,45534,@126079 I'm so sorry your order is missing two pieces! The available refund/replace options can be found here: https://t.co/2e4srIbpQk ^WJ,Wed Nov 01 16:26:28 +0000 2017,126079,AmazonHelp,1,False,delivery_order_status
45537,45537,@115850 when fire stick tv skill for alexa will be available? Seems it can not be done from app at this time.,when fire stick tv skill for alexa will be available? Seems it can not be done from app at this time.,45536,"@126080 We don't have any announcement for Fire TV on the Alexa yet. But, stay tuned as we add more content to Alexa App. ^GD",Wed Nov 01 16:08:50 +0000 2017,126080,AmazonHelp,1,False,device_digital_content
45539,45539,@AmazonHelp just wanted to confirm that call of duty will ship tomorrow if I chose 2 day shipping like it said to do. Currently says friday,just wanted to confirm that call of duty will ship tomorrow if I chose 2 day shipping like it said to do. Currently says friday,45538,"@126081 Happy to help, Brian! Orders can ship at any time. The most accurate estimated delivery date will be provided at checkout! ^SD",Wed Nov 01 16:30:27 +0000 2017,126081,AmazonHelp,1,False,delivery_order_status
45544,45541,"@AmazonHelp As always, I’ve done exactly that. All they do is tell me I have to return the package or pay to have it dropped off elsewhere.","As always, I’ve done exactly that. All they do is tell me I have to return the package or pay to have it dropped off elsewhere.",45543,@126082 Have you had the chance to reach out to us so we can leave carrier feedback on these orders: https://t.co/hApLpMlfHN? ^VS,Wed Nov 01 16:36:11 +0000 2017,126082,AmazonHelp,1,False,refund_return
45544,45542,@115821 @115817 The saga of @115817 and their extreme incompetence continues. Why can’t they just figure out how to ring my doorbell?!,The saga of and their extreme incompetence continues. Why can’t they just figure out how to ring my doorbell?!,45540,@126082 Touching base with UPS directly is best for immediate resolution. Have you tried reaching out to them? ^MW,Wed Nov 01 16:33:00 +0000 2017,126082,AmazonHelp,1,False,other
45547,45546,@AmazonHelp I did. The only solution I got was a discount on a new device. Absolutely pathetic no concern abt service/repair #Kindle (1/2),I did. The only solution I got was a discount on a new device. Absolutely pathetic no concern abt service/repair #Kindle (1/2),45548,@126083 I get you being upset. I'll ensure to forward your feedback to the concerned team internally for a review. ^NK,Wed Nov 01 17:52:14 +0000 2017,126083,AmazonHelp,1,False,device_digital_content
45547,45547,@AmazonHelp #Kindle is basically trash once the screen starts fading as there's no repair services anywhere in the world Pathetic! #Amazon,#Kindle is basically trash once the screen starts fading as there's no repair services anywhere in the world Pathetic! #Amazon,45545,@126083 Apologies for the inconvenience. Have you reported this to our support team here: https://t.co/vlvfJr4nN9 for assistance? ^GD,Wed Nov 01 16:08:30 +0000 2017,126083,AmazonHelp,1,False,device_digital_content
45552,45552,@115850 they purached only goods and not response to customer in diwali iboughtredmi4notverywellsomanytimeputmailamazonis a ambak one.,they purached only goods and not response to customer in diwali iboughtredmi4notverywellsomanytimeputmailamazonis a ambak one.,45551,@126085 Sorry about that! I'd like to check. Could you please fill in the details here : https://t.co/beaaDm0muc? ^PR,Wed Nov 01 16:16:22 +0000 2017,126085,AmazonHelp,1,False,other
45555,45554,@AmazonHelp Je vais donc les contacter. Merci beaucoup!,Je vais donc les contacter. Merci beaucoup!,45556,"@126086 Je vous en prie, avec plaisir :). ^BR",Wed Nov 01 16:49:00 +0000 2017,126086,AmazonHelp,1,False,other
45555,45555,"@AmazonHelp Bonjour! Je voudrais passer une commande sur Amazon UK, 2 articles sont des précommandes pour 2 dates différentes... 1/2","Bonjour! Je voudrais passer une commande sur Amazon UK, 2 articles sont des précommandes pour 2 dates différentes... 1/2",45553,"@126086 Bonjour, pour toutes questions sur Amazon.uk veuillez joindre leur service client via: https://t.co/baKrEwW6v9 ^BR",Wed Nov 01 16:24:54 +0000 2017,126086,AmazonHelp,1,False,other
45558,45558,So I still don't have my @115830 order I was supposed to get on Monday. No explanation as to why. Probably been stolen!,So I still don't have my order I was supposed to get on Monday. No explanation as to why. Probably been stolen!,45557,@118232 Sorry you don't have your order! We'd like to see how we can help so please reach us by phone here: https://t.co/JzP7hlA23B ^DD,Wed Nov 01 16:24:26 +0000 2017,118232,AmazonHelp,1,False,delivery_order_status
45560,45560,@AmazonHelp Amiunt not refunded,Amiunt not refunded,45559,@126087 we can assist you accordingly. (2/2)^SU,Wed Nov 01 16:07:44 +0000 2017,126087,AmazonHelp,2,False,refund_return
46476,46476,@115850 can I get 2000 Diwali discount on Lenovo k8 note,can I get 2000 Diwali discount on Lenovo k8 note,46475,@126316 I'm afraid we wouldn't be able to provide you the discount you requested. You may check our website for more offers. ^GD,Wed Nov 01 16:34:36 +0000 2017,126316,AmazonHelp,1,False,other
46484,46480,@AmazonHelp I have used the form at least 3 times &amp;not had any response (hence use of Twitter). Order not showing as delivered yet so can't log issue.,I have used the form at least 3 times &amp;not had any response (hence use of Twitter). Order not showing as delivered yet so can't log issue.,46479,"@126318 (1/2) Using the link ^VS provided, select the options ""An order I placed &gt; Other order issues &gt; Something else""",Wed Nov 01 16:49:20 +0000 2017,126318,AmazonHelp,2,False,delivery_order_status
46484,46484,@115830 Have you stopped putting 'safe places' on parcels? Are drivers ignoring them? Orders keep going to neighbours&amp;it's driving me mad.,Have you stopped putting 'safe places' on parcels? Are drivers ignoring them? Orders keep going to neighbours&amp;it's driving me mad.,46482,@126318 I'm sorry your order's not being delivered properly. Have you had the chance to reach out to us: https://t.co/JzP7hlA23B? ^VS,Wed Nov 01 16:42:29 +0000 2017,126318,AmazonHelp,1,False,delivery_order_status
46486,46486,She’s here! Thanks @115850 hope it’s as good as I hear! #Alexa https://t.co/vvR1ENwFni,She’s here! Thanks hope it’s as good as I hear! #Alexa,46485,@126319 Glad to know that you have received the order. I'm positive that you will be happy with the product. ^JS,Wed Nov 01 16:37:22 +0000 2017,126319,AmazonHelp,1,False,device_digital_content
46489,46488,@AmazonHelp No not @ all! I was hung up on x2 by CS &amp; was not told why/how they tried 2 deliver. Bad service &amp; Amazon basically washed there hands of me,No not @ all! I was hung up on x2 by CS &amp; was not told why/how they tried 2 deliver. Bad service &amp; Amazon basically washed there hands of me,46490,@126320 Were you able to eventually receive your order? Did you provide feedback on the survey received after your phone call w/us? ^AN,Mon Nov 06 22:36:00 +0000 2017,126320,AmazonHelp,1,False,delivery_order_status
46489,46489,@115830 paid 4 nextday delivery only 2 b told after notifications all day saying that they r delivering 2day only 2 b told they cant deliv,paid 4 nextday delivery only 2 b told after notifications all day saying that they r delivering 2day only 2 b told they cant deliv,46487,@126320 I'm sorry you didn't receive your order. Did we specify why we were unable to deliver your order? ^CO,Wed Nov 01 16:11:43 +0000 2017,126320,AmazonHelp,1,False,delivery_order_status
46492,46492,@AmazonHelp For my return amazon has issued refund amount on 29th oct 2017 but this is still not credited into my bank account,For my return amazon has issued refund amount on 29th oct 2017 but this is still not credited into my bank account,46491,@126321 Sorry for any troubles caused! Have you contacted your bank to review their refund policies? ^TH,Wed Nov 01 16:48:05 +0000 2017,126321,AmazonHelp,1,False,refund_return
46508,46507,@AmazonHelp Great! Thank you!,Great! Thank you!,46509,@126325 You're welcome! Please let us know if there's anything else we can assist you with from here. We're always here to help. ^HC,Wed Nov 01 16:57:59 +0000 2017,126325,AmazonHelp,1,False,other
46508,46508,@115830 been waiting for my 3 packages to come all day and the app just said that they all have been delivered and I have not got any.,been waiting for my 3 packages to come all day and the app just said that they all have been delivered and I have not got any.,46506,"@126325 I'm sorry you don't have your packages, Ritchie! Please try these steps: https://t.co/3lyf2CsEsB ^WJ",Wed Nov 01 16:50:01 +0000 2017,126325,AmazonHelp,1,False,delivery_order_status
46511,46511,@AmazonHelp order #202-2318203-8613961 why was this order returned? I just want my items not a refund!!!!!!,order #202-2318203-8613961 why was this order returned? I just want my items not a refund!!!!!!,46510,@126326 I'm sorry! We don't have access to order info via Twitter. Please reach out here: https://t.co/JzP7hlA23B and we can help. ^TK,Wed Nov 01 16:52:28 +0000 2017,126326,AmazonHelp,1,False,refund_return
46513,46513,"@119625 When is episode 5 of Lethal Weapon Season 2 dropping?
#lethalweapon #amazonprime",When is episode 5 of Lethal Weapon Season 2 dropping? #lethalweapon #amazonprime,46512,@126327 We haven't made any announcement on this yet. Kindly stay tuned to https://t.co/Oc4q8KxtdZ for updates. ^VN,Wed Nov 01 16:36:38 +0000 2017,126327,AmazonHelp,1,False,other
46519,46518,"@AmazonHelp Out for delivery 
GB
Carrier: Amazon Shipping, Tracking #: H60076836814","Out for delivery GB Carrier: Amazon Shipping, Tracking #: H60076836814",46520,@126330 How odd! We'd like to look into that with you in real time. Please reach us via phone or chat here: https://t.co/JzP7hlA23B ^BL,Wed Nov 01 17:04:06 +0000 2017,126330,AmazonHelp,1,False,delivery_order_status
46519,46519,@115830 where is my parcel that should have been delivered yesterday?,where is my parcel that should have been delivered yesterday?,46517,@126330 I'm sorry about the delay! What information is provided on your tracking? You can see that here: https://t.co/aaDyEz1VgE ^TR,Wed Nov 01 16:49:34 +0000 2017,126330,AmazonHelp,1,False,delivery_order_status
46526,46524,@AmazonHelp Fiancé. Told by customer service to wait 24 hours. My fiancé has no presents to open when he gets home from work,Fiancé. Told by customer service to wait 24 hours. My fiancé has no presents to open when he gets home from work,46527,@126332 Have you already tried a few of these troubleshooting steps for locating these parcels: https://t.co/fNj2BBBncC? ^WM,Wed Nov 01 16:54:44 +0000 2017,126332,AmazonHelp,1,False,service_complaint
46526,46526,Very unimpressed with @115830 customer services today!,Very unimpressed with customer services today!,46523,"@126332 Truly sorry, this isn't what we intend! Without personal or account info could you tell us a bit about what's happened? ^JE",Wed Nov 01 16:12:30 +0000 2017,126332,AmazonHelp,1,False,service_complaint
46526,46528,"@AmazonHelp Yes I have, did those before contacting customer services","Yes I have, did those before contacting customer services",46529,"@126332 Please keep us posted on your deliveries, Elanor. ^KN",Wed Nov 01 17:03:35 +0000 2017,126332,AmazonHelp,1,False,service_complaint
46526,46530,"@AmazonHelp The investigation I was told to wait 24hrs for, said that “the carrier has confirmed it has been delivered” obviously it hasn’t been","The investigation I was told to wait 24hrs for, said that “the carrier has confirmed it has been delivered” obviously it hasn’t been",46531,"@126332 When you reached out, were we able to offer any other options like a refund or replacement? Were you asked to wait? ^VS",Wed Nov 01 18:42:27 +0000 2017,126332,AmazonHelp,1,False,delivery_order_status
46526,46532,@AmazonHelp I was asked to wait 24hrs whilst you investigated. Replacement offered and said I’d receive an email about it which I haven’t had.,I was asked to wait 24hrs whilst you investigated. Replacement offered and said I’d receive an email about it which I haven’t had.,46533,"@126332 If you don't receive correspondence after the 24-hour waiting period, please let us know. ^SB",Wed Nov 01 18:51:18 +0000 2017,126332,AmazonHelp,1,False,refund_return
46555,46555,@115850 totally Fucked up from ur process now I would never prefer to @115850 for any kind of process,totally Fucked up from ur process now I would never prefer to for any kind of process,46554,@126339 Sorry about that. Request you to fill in the details here :https://t.co/beaaDm0muc so that I'd contact you right away. ^PR,Wed Nov 01 16:23:24 +0000 2017,126339,AmazonHelp,1,False,other
46557,46557,@115850 @AmazonHelp @115821 help I have done the payment but in my order section it showing this 🤔 https://t.co/ikDDKZgrI0,help I have done the payment but in my order section it showing this 🤔,46556,@126340 We would advise you to place a fresh order.(2/2)^CB,Wed Nov 01 16:33:16 +0000 2017,126340,AmazonHelp,2,False,delivery_order_status
46561,46561,@AmazonHelp You sent the wrong edition of a book I pre-ordered. This is the 2nd screwup in as many days. I want the correct edition.,You sent the wrong edition of a book I pre-ordered. This is the 2nd screwup in as many days. I want the correct edition.,46559,"@126341 I'm sorry for the frustration! When you have a moment, please reach out to us by phone/chat here: https://t.co/EKXRLsnxJu ^AC",Wed Nov 01 16:40:29 +0000 2017,126341,AmazonHelp,1,False,other
46564,46564,Huge thank you to 😁@AmazonHelp   my new remote for my Firestick ❤ arrived...it worked and I'm back in business  #HappyWeeyin,Huge thank you to 😁 my new remote for my Firestick ❤ arrived...it worked and I'm back in business #HappyWeeyin,46562,"@126342 We weren't ""remotely"" worried! LOL! 😁 So glad you are now back in business now! ^FR",Wed Nov 01 16:43:39 +0000 2017,126342,AmazonHelp,1,False,device_digital_content
46566,46566,@115850 I am unable to pay thr Kindle Unlimited request for  account  (Dr. Pawan Mathur) with login id __email__. Please help,I am unable to pay thr Kindle Unlimited request for account (Dr. Pawan Mathur) with login id __email__. Please help,46565,@126343 please contact us here: https://t.co/rS49hgaADF so that we can assist you accordingly. (2/2)^SU,Wed Nov 01 16:29:31 +0000 2017,126343,AmazonHelp,2,False,account_access
47847,47846,@AmazonHelp Não recebi nada no e-mail,Não recebi nada no e-mail,47848,"@126700 Pode falar com o SAC (https://t.co/Qzzg8y1LhY), eles te ajudam! ^VL",Wed Nov 01 17:21:14 +0000 2017,126700,AmazonHelp,1,False,other
47847,47847,@117086 a data estimada de entrega para os meus livros era até dia 30/10 e não chegaram até hoje.,a data estimada de entrega para os meus livros era até dia 30/10 e não chegaram até hoje.,47845,"@126700 Sinto muito o atraso Ana, você recebeu um e-mail lhe informando se houve algum inconveniente na entrega? ^AZ",Wed Nov 01 17:08:52 +0000 2017,126700,AmazonHelp,1,False,other
47847,47849,@117086 Obrigada,Obrigada,49955,"@126700 Oi Ana! Sentimos muito o acontecido! Me diga, seu pedido é vendido pela Amazon ou um vendedor externo do nosso site? ^HC",Wed Nov 01 17:29:34 +0000 2017,126700,AmazonHelp,1,False,other
47859,47857,@AmazonHelp Vendido y enviado por Amazon.,Vendido y enviado por Amazon.,47856,"@126702 Gracias por la información, por favor reporta la incidencia con nuestro Servicio al Cliente: https://t.co/beR78zMMYB. ^KS",Wed Nov 01 17:05:25 +0000 2017,126702,AmazonHelp,1,False,other
47859,47859,"Oye @116875 hace 2 semanas llegó un producto equivocado, lo devolví y volví a pedir. Acaba de llegar lo mismo de la vez pasada. NO MAMEN!","Oye hace 2 semanas llegó un producto equivocado, lo devolví y volví a pedir. Acaba de llegar lo mismo de la vez pasada. NO MAMEN!",47858,"@126702 Hola Jonathan, lamento mucho lo que nos comentas. ¿El producto era vendido y enviado por Amazon o por un vendedor externo? ^LG",Wed Nov 01 17:00:24 +0000 2017,126702,AmazonHelp,1,False,other
47868,47866,"@AmazonHelp Yes, of course. Now need to claim from @126705 but need proof of posting from seller, which is impossible to obtain.","Yes, of course. Now need to claim from but need proof of posting from seller, which is impossible to obtain.",47865,@126704 Let's look into this with you in real time. Please click here: https://t.co/JzP7hlA23B so we can further assist. Thanks! ^NM,Wed Nov 01 17:07:28 +0000 2017,126704,AmazonHelp,1,False,seller_marketplace
47868,47868,@115830 Recent Prime order not received. @126705 says delivered. How to obtain proof of posting needed to claim from @126705? Thx.,Recent Prime order not received. says delivered. How to obtain proof of posting needed to claim from ? Thx.,47867,@126704 I'm sorry for the poor delivery experience! Have you tried the steps listed here: https://t.co/sMu51SlSdj? Let us know! ^TG,Wed Nov 01 16:58:21 +0000 2017,126704,AmazonHelp,1,False,delivery_order_status
47871,47871,Any account specialist @115821.ca willing to help??? #callingforhelp #amazoncanada #9yroldgift #davidsmithfromamazon???,Any account specialist .ca willing to help??? #callingforhelp #amazoncanada #9yroldgift #davidsmithfromamazon???,47869,"@126706 Thank you for reaching out to us here on social media! Without giving account info, will you let us know what's going on? ^TG",Wed Nov 01 17:07:37 +0000 2017,126706,AmazonHelp,1,False,other
47874,47873,@AmazonHelp All it shows is the company I ordered from...I'm assuming third party. When I checked their profile on return policy. It says they follow,All it shows is the company I ordered from...I'm assuming third party. When I checked their profile on return policy. It says they follow,47875,@126707 Have you been able to resize the image? ^NM,Wed Nov 01 17:14:01 +0000 2017,126707,AmazonHelp,1,False,seller_marketplace
47874,47874,@115821 I'm getting the run around on a return. I keep trying to email and your MB limit is making it impossible. A photo was requested by,I'm getting the run around on a return. I keep trying to email and your MB limit is making it impossible. A photo was requested by,47872,"@126707 I'm so sorry! Was the item shipped by Amazon, or by one of our third-party sellers? Check it here: https://t.co/Y5jpI9gRhE ^TK",Wed Nov 01 17:03:31 +0000 2017,126707,AmazonHelp,1,False,other
47874,47876,"@AmazonHelp Yes. I actually have had to send it to them twice already. The first time it went through fine. Second time, I sent the resized photo.","Yes. I actually have had to send it to them twice already. The first time it went through fine. Second time, I sent the resized photo.",47877,@126707 I'm glad you were able to get the photos sent out! Have you heard anything back from the seller? ^AR,Wed Nov 01 17:37:43 +0000 2017,126707,AmazonHelp,1,False,other
47874,47878,@AmazonHelp Just that they will either refund me 50% of what I paid for the coat or they send me another. When I asked if I'd be paying for another,Just that they will either refund me 50% of what I paid for the coat or they send me another. When I asked if I'd be paying for another,47879,@126707 We'd like to help you get this sorted out! Please get in touch with us by phone or chat: https://t.co/hApLpMlfHN ^KJ,Wed Nov 01 17:51:39 +0000 2017,126707,AmazonHelp,1,False,refund_return
47874,47880,@AmazonHelp Tried that. Just asks me to contact seller first. That's why I came to twitter. But different people keep responding so I'm getting nowhere.,Tried that. Just asks me to contact seller first. That's why I came to twitter. But different people keep responding so I'm getting nowhere.,47882,@126707 When you go to contact us via  link provided by ^KJ check the check box to the left of the item to get more contact options. ^AJ,Wed Nov 01 18:31:53 +0000 2017,126707,AmazonHelp,1,False,seller_marketplace
47874,47881,@AmazonHelp My issue was handle and refund granted through your AZGuarantee but no mention of what I'm suppose to do with the coat. Will a tag be sent so that I can return it or do I just keep it? Thanks,My issue was handle and refund granted through your AZGuarantee but no mention of what I'm suppose to do with the coat. Will a tag be sent so that I can return it or do I just keep it? Thanks,47883,"@126707 If an A-to-Z claim was granted, feel free to discard or donate the coat. What you do with it is up to you. ^ZW",Sat Nov 11 20:52:23 +0000 2017,126707,AmazonHelp,1,False,refund_return
47874,47884,@AmazonHelp Ok thank you! I just didn't want to assume.,Ok thank you! I just didn't want to assume.,47885,@126707 You're very welcome! I hope you have a great weekend! ^BV,Sat Nov 11 20:58:30 +0000 2017,126707,AmazonHelp,1,False,other
47887,47887,"@AmazonHelp 
I have transacted first time using Amazon pay on BookMyShow but still did not got cashback https://t.co/asVD3jtGi3",I have transacted first time using Amazon pay on BookMyShow but still did not got cashback,47886,@126708 I'm sorry to know this. Our team would be happy to help you out! Please contact us from here: https://t.co/vlvfJr4nN9. ^MP,Wed Nov 01 16:54:27 +0000 2017,126708,AmazonHelp,1,False,other
47889,47889,order id #403-5637109-7077146 has been cancelled or is on time pls help. @AmazonHelp @115850,order id #403-5637109-7077146 has been cancelled or is on time pls help.,47888,"@126709 Please don't provide your order details, we consider it to be personal information. Our page is visible to the public. 2/2 ^PR",Wed Nov 01 16:49:33 +0000 2017,126709,AmazonHelp,2,False,delivery_order_status
47893,47892,@AmazonHelp but what if the digital game is for the PlayStation 4,but what if the digital game is for the PlayStation 4,47894,"@126710 For a console version, the code is stored in Your Games and Software Library. Here is more info: https://t.co/AkrIAMb7a2 ^AC",Wed Nov 01 17:10:26 +0000 2017,126710,AmazonHelp,1,False,other
47893,47893,@AmazonHelp what happens if you buy a digital copy of a game on amazon?,what happens if you buy a digital copy of a game on amazon?,47891,@126710 Great question! Your game can only be installed on a compatible computer. For more info visit here: https://t.co/bL6J7d2ji5 ^AC,Wed Nov 01 16:58:46 +0000 2017,126710,AmazonHelp,1,False,other
47893,47895,@AmazonHelp what happens if i buy this? https://t.co/N8ehDN3mkh,what happens if i buy this?,47896,@126710 This would be sent to Your Games and Software Library once the order completes. ^ME,Wed Nov 01 17:36:27 +0000 2017,126710,AmazonHelp,1,False,other
47899,47898,@AmazonHelp  I can’t sign back in.,I can’t sign back in.,47900,@126711 I'm sorry you can't sign in! Have you tried resetting your password? For more information: https://t.co/PN7wM319HV ^TK,Wed Nov 01 17:10:40 +0000 2017,126711,AmazonHelp,1,False,other
47899,47899,@117634 hey my app not working &amp; I’m trying read.,hey my app not working &amp; I’m trying read.,47897,@126711 I'm sorry for the trouble! Have you tried the steps listed here: https://t.co/NEXk38YYSD? Let us know if this helps! ^TG,Wed Nov 01 16:59:14 +0000 2017,126711,AmazonHelp,1,False,other
47902,47902,"@119625 Library needs an update,new collections of movies is what is urgently needs.","Library needs an update,new collections of movies is what is urgently needs.",47901,@126712 Thank you for the feedback. I'll surely pass this to the team internally! ^PR,Wed Nov 01 16:54:40 +0000 2017,126712,AmazonHelp,1,False,other
47905,47904,"@AmazonHelp customer support ( u have recorfings) said nothing they can do , was given wrong no to call too! lol","customer support ( u have recorfings) said nothing they can do , was given wrong no to call too! lol",47906,"@126706 Typically, a response is given 12-24hrs; at this time please review your inbox, as well as your spam/junk e-mail. ^WM",Wed Nov 01 17:11:19 +0000 2017,126706,AmazonHelp,1,False,service_complaint
47905,47905,"blocked from @115821.ca account, given wrong no. call ""account specialist"" customer-service person waste of life form!!!!","blocked from .ca account, given wrong no. call ""account specialist"" customer-service person waste of life form!!!!",47903,@126706 I'm sorry for the account issues. Have you received an e-mail about this? Did you reach us here: https://t.co/LGsFoZKHYO? ^VS,Wed Nov 01 17:00:46 +0000 2017,126706,AmazonHelp,1,False,other
47905,47907,"@AmazonHelp thanks for trying at least u were more helpful, thanks 😩","thanks for trying at least u were more helpful, thanks 😩",47908,"@126706 If you don't receive an e-mail from an Account Specialist by the 24-hour mark, let us know. ^MG",Wed Nov 01 17:18:26 +0000 2017,126706,AmazonHelp,1,False,other
47910,47910,Is this a joke! Resealed by DPD with care? I think @122232 took it out and jumped on it! @115830 - @126714 https://t.co/hHor0yBCYX,Is this a joke! Resealed by DPD with care? I think took it out and jumped on it! -,47909,@126713 I'm sorry your order arrived damaged. You can view your available options here: https://t.co/s5xKyvjvVw ^CO,Wed Nov 01 17:00:49 +0000 2017,126713,AmazonHelp,1,False,other
47913,47912,"@AmazonHelp 
I do I know if this even true ?
Could it be a fake email? How do I know if I do indeed have prime ?",I do I know if this even true ? Could it be a fake email? How do I know if I do indeed have prime ?,47914,@126715 The above link will tell you have Prime. The following has tips to see if an email is from us: https://t.co/OOtv1Opb43 ^TR,Wed Nov 01 17:06:30 +0000 2017,126715,AmazonHelp,1,False,other
47913,47913,"@AmazonHelp I've recieved an email reciept for purchasing a year prime gold membership @ £79
I have made no such order.",I've recieved an email reciept for purchasing a year prime gold membership @ £79 I have made no such order.,47911,@126715 I'm sorry you're seeing a charge for Prime! Here is how you can cancel Prime: https://t.co/uGdTRlKSql ^DD,Wed Nov 01 16:49:20 +0000 2017,126715,AmazonHelp,1,False,other
47919,47916,"@AmazonHelp i will look,where do i go to see if it's being sent USPS or UPS/FEDEX? I have Prime so it's delivered to my door!","i will look,where do i go to see if it's being sent USPS or UPS/FEDEX? I have Prime so it's delivered to my door!",47918,"@126716 I'm sorry for the frustration! Currently, carriers can't be selected. Our carriers are here: https://t.co/utsyQIlg35 ^SJ",Wed Nov 01 17:12:24 +0000 2017,126716,AmazonHelp,1,False,delivery_order_status
47922,47921,@115850 Customer care as unprofessional as the courier partners.,Customer care as unprofessional as the courier partners.,47920,@126717 That's quite a remark. I’d like to help you. Please fill this form: https://t.co/beaaDm0muc and I’ll contact you soon. ^JS,Wed Nov 01 16:56:26 +0000 2017,126717,AmazonHelp,1,False,delivery_order_status
47927,47926,"@AmazonHelp exp 10.27 arrived in PR 10.25 returned 10.28
no new tracking info by @115817 even after inquiring to @AmazonHelp about it within the time frame",exp 10.27 arrived in PR 10.25 returned 10.28 no new tracking info by even after inquiring to about it within the time frame,47928,@126719 I'm so sorry for the frustrating experience. Have you received a confirmation of the refund request via e-mail? ^MJ,Wed Nov 01 17:23:10 +0000 2017,126719,AmazonHelp,1,False,delivery_order_status
47927,47927,"Furious with @AmazonHelp &amp; @115817. Why does the customer have to pay for their lack of communication?
#WhereIsMyPackage? 😡😡😡😡😡",Furious with &amp; . Why does the customer have to pay for their lack of communication? #WhereIsMyPackage? 😡😡😡😡😡,47925,"@126719 So sorry for the frustration! Without providing any account information, can you tell us more about the issue? ^AD",Wed Nov 01 16:59:06 +0000 2017,126719,AmazonHelp,1,False,delivery_order_status
47942,47941,@AmazonHelp It's been 9 days now.,It's been 9 days now.,47943,"@126321 Sorry to know you're yet to receive your refund, kindly connect with us here: https://t.co/HQhpS2qeEd. We'll look into it. ^PS",Mon Nov 06 05:50:20 +0000 2017,126321,AmazonHelp,1,False,other
47942,47942,@119356 For my return amazon has issued refund amount on 29th oct 2017 but this is still not credited into my bank account.,For my return amazon has issued refund amount on 29th oct 2017 but this is still not credited into my bank account.,47940,@126321 Usually it will take 3-5 business days for the refund to be reflected in your bank account as per the bank's regulations. ^SU,Wed Nov 01 16:45:14 +0000 2017,126321,AmazonHelp,1,True,refund_return
47942,47944,@AmazonHelp Contacted my bank and they were unable to track the refund using the refund reference code given by Amazon.,Contacted my bank and they were unable to track the refund using the refund reference code given by Amazon.,47945,@126321 Kindly share your details here: https://t.co/GIJyeYqKE0 and I'll look into this. ^SG,Fri Nov 17 10:06:00 +0000 2017,126321,AmazonHelp,1,False,refund_return
47947,47947,how could u do this to me @115830 https://t.co/fj3Q3hnIX7,how could u do this to me,47946,"@126721 I'm sorry this happened! When you have a moment, please reach out to us by phone or chat here: https://t.co/qy3J24VGxb ^AC",Wed Nov 01 16:22:18 +0000 2017,126721,AmazonHelp,1,False,other
47953,47953,@115850 Why is the Indian Amazon Echo skill set limited? Ewelink is not showing up in the skill set!,Why is the Indian Amazon Echo skill set limited? Ewelink is not showing up in the skill set!,47952,@126724 I understand your concern. I've noted your comments and have forwarded your feedback internally. ^MO,Wed Nov 01 16:19:02 +0000 2017,126724,AmazonHelp,1,False,device_digital_content
4829,4829,@115830  website impossible to navigate - all I want to do is email about a faulty item - 20 min going round in circles. Infuriating 😡😡😡,website impossible to navigate - all I want to do is email about a faulty item - 20 min going round in circles. Infuriating 😡😡😡,4828,"@116845 I'm sorry for the trouble! Let's go over your available options here:  https://t.co/JzP7hlA23B
^LL",Tue Oct 31 22:59:05 +0000 2017,116845,AmazonHelp,1,False,item_quality_issue
4835,4834,@115821 Apparently if you preorder something then move and update your address the preorder doesn't update automagically.  #lessonlearned?,Apparently if you preorder something then move and update your address the preorder doesn't update automagically. #lessonlearned?,4832,"@116847 Uh oh! If you can't recover it, please reach out to us here and we'll see what options are available: https://t.co/VoPytkt92p ^MB",Tue Oct 31 23:12:07 +0000 2017,116847,AmazonHelp,1,False,other
4840,4838,"@116313 注文した覚えのないものが届きました。
家族も誰も何もしていません。
勝手にレビューも書いてたり、ギフト券も購入してる様子。
今パニック状態なのですが、どこに連絡すればよいのでしょうか？",注文した覚えのないものが届きました。 家族も誰も何もしていません。 勝手にレビューも書いてたり、ギフト券も購入してる様子。 今パニック状態なのですが、どこに連絡すればよいのでしょうか？,4836,"@116848 アマゾンです。重ねてのご案内となりますが、カスタマーサービスにて状況を確認させていただきます。こちらからお問い合わせください。https://t.co/NtNAX2Qh2u  
サインインが出来ない場合は、フリーダイヤル：0120-999-373へ直接ご連絡ください。ET",Wed Nov 22 10:30:10 +0000 2017,116848,AmazonHelp,1,True,other
4840,4843,"@116313 AmazonPrime発送で詐欺の恐れはありますか？
Nintendo Switchを購入したいんですが
親にAmazon販売.発送じゃないという事を理由に断られました

AmazonPrimeは安心なのでしょうか

AmazonPrimeの商品はAmazonが責任を持って自宅に届けてもらえるのでしょうか？
それとも販売ショップからの発送ですか？",AmazonPrime発送で詐欺の恐れはありますか？ Nintendo Switchを購入したいんですが 親にAmazon販売.発送じゃないという事を理由に断られました AmazonPrimeは安心なのでしょうか AmazonPrimeの商品はAmazonが責任を持って自宅に届けてもらえるのでしょうか？ それとも販売ショップからの発送ですか？,11348,@118168 発送元が「Amazon」とある商品は、Amazonの配送センターから発送される商品でございます。＊販売元は「Amazon」と「出品者」の場合がございます。なお、万が一お届けした商品に問題があった場合は、カスタマーサービスにて対応させていただきますので、いつでもお問い合わせください。TN,Wed Nov 22 12:48:05 +0000 2017,118168,AmazonHelp,1,False,other
4861,4861,"To the person or persons that stole that big, heavy Amazon box of my porch today: enjoy 200 13 gallon garbage bags!","To the person or persons that stole that big, heavy Amazon box of my porch today: enjoy 200 13 gallon garbage bags!",4860,"@116850 Oh no! Have you had a chance to report this to us: https://t.co/CYqkdUakWJ? If so, what options and insight did we provide? ^GM",Tue Oct 31 23:11:36 +0000 2017,116850,AmazonHelp,1,False,other
4868,4868,Ordered one simple camera from @115821 3x and all the 3x it’s been lost in transit. Ha you’ve got to be kidding me.. 😒😒😒😒😒,Ordered one simple camera from 3x and all the 3x it’s been lost in transit. Ha you’ve got to be kidding me.. 😒😒😒😒😒,4867,"@116852 I'm very sorry about your lost package, Lodi! We'd like to help! Please reach out to us here: https://t.co/hApLpMlfHN ^HM",Tue Oct 31 23:05:09 +0000 2017,116852,AmazonHelp,1,False,other
49118,49118,"Was nützt Amazon Prime Versand, wenn der DHL Fahrer ohne zu klingeln direkt ein Kärtchen einwirft? @AmazonHelp","Was nützt Amazon Prime Versand, wenn der DHL Fahrer ohne zu klingeln direkt ein Kärtchen einwirft?",49117,"@126970 Hi, so sollte deine Zustellung natürlich nicht ablaufen. Bitte melde dich direkt hier: https://t.co/ohyvGrpvrY Gruß ^SI",Wed Nov 01 17:25:52 +0000 2017,126970,AmazonHelp,1,False,other
49123,49123,@115821 @Amazonhelp Active unauth user on my account.  Support not responsive.  Company at risk.  No access.  Please HELP! SOS!!!,Active unauth user on my account. Support not responsive. Company at risk. No access. Please HELP! SOS!!!,49122,@126973 I'm so sorry! Have you tried contacting us via phone? You can do so by visiting us here: https://t.co/hApLpMlfHN ^TK,Wed Nov 01 17:16:13 +0000 2017,126973,AmazonHelp,1,False,other
49127,49126,"@AmazonHelp 2/2 carrier who delivered my previous item which i never received, to a random address. Will be disappointed if this happens again tomorrow","2/2 carrier who delivered my previous item which i never received, to a random address. Will be disappointed if this happens again tomorrow",49124,@126974 I'm sorry your order was delivered to the wrong address! We'd like to make sure you get the new order so keep us posted! ^DD,Wed Nov 01 17:17:05 +0000 2017,126974,AmazonHelp,1,False,delivery_order_status
49129,49129,"So frustrating @115830 I wanted to pick up my parcel tonight, it’s been returned? “Pickup window ended tomorrow” ! https://t.co/0HsiDIPHnf","So frustrating I wanted to pick up my parcel tonight, it’s been returned? “Pickup window ended tomorrow” !",49128,"@126975 Oh no! I'm very sorry for the troubles with this Locker pickup, Leigh! Have you been in touch with us for real-time help? ^FR",Wed Nov 01 17:21:34 +0000 2017,126975,AmazonHelp,1,False,delivery_order_status
49134,49133,@AmazonHelp the sellers are ur responsibility as they are using ur pltfrm,the sellers are ur responsibility as they are using ur pltfrm,49135,@126976 yours as it helps us continue to improve the service and selection we provide. (2/2) ^JS,Wed Nov 01 17:26:53 +0000 2017,126976,AmazonHelp,2,False,seller_marketplace
49134,49134,@AmazonHelp how can u sell something higher than MRP?? https://t.co/9LblRhGcWp,how can u sell something higher than MRP??,49132,"@126976 and our efforts to offer you the lowest price, may result in fluctuations in our prices over time.2/2^HN",Wed Nov 01 17:20:26 +0000 2017,126976,AmazonHelp,2,False,other
49139,49139,dear .@115850 then why the hell i am subscribed to .@119625 if you proudly promote trailer instead of the actual show #facepalm https://t.co/iKSrHyI6Xi,dear . then why the hell i am subscribed to . if you proudly promote trailer instead of the actual show #facepalm,49138,@126977 The Grand Tour Season 2 will be available on the website from December 8. Click here for more info :https://t.co/O4OOcCevpP ^PR,Wed Nov 01 17:04:49 +0000 2017,126977,AmazonHelp,1,False,other
49144,49144,Can you help me? My account unlock because my billing address. I sented every day my bank statement but noone answer and fix it! @AmazonHelp,Can you help me? My account unlock because my billing address. I sented every day my bank statement but noone answer and fix it!,49142,@126979 I'm sorry for the account issues! Have you received any further e-mails from an account specialist? ^TR,Wed Nov 01 17:19:35 +0000 2017,126979,AmazonHelp,1,False,payment_billing
49147,49146,"@115850 @AmazonHelp @AmazonHelp Got my product 5 days when ordered by Amazon prime, where you promise 1-2 days delivery. Bad experience, false promises.","Got my product 5 days when ordered by Amazon prime, where you promise 1-2 days delivery. Bad experience, false promises.",49145,"@126980 We apologize for the delay. Surely I'll update this to the team internally, so that we work on it. ^PR",Wed Nov 01 17:09:14 +0000 2017,126980,AmazonHelp,1,False,delivery_order_status
49159,49159,@115830 stop with the crazy excess packaging.  #waste #environment https://t.co/24Ph7eyF6M,stop with the crazy excess packaging. #waste #environment,49158,@126982 So sorry! Our packaging team would love to hear your feedback! You can complete that here: https://t.co/BPG47gr0q7 ^LS,Wed Nov 01 17:16:59 +0000 2017,126982,AmazonHelp,1,False,other
49163,49163,@117795 Just got a great text about an order and delivery but I didn’t order- what do I do?,Just got a great text about an order and delivery but I didn’t order- what do I do?,49162,@126984 I'm sorry for any concern! We'd like to help. Please reach out to us here for assistance: https://t.co/vchjZz6MCt ^WT,Wed Nov 01 17:07:42 +0000 2017,126984,AmazonHelp,1,False,delivery_order_status
49175,49175,@115830 stupid amount of packaging for 1 small flask https://t.co/FRwcHolxxD,stupid amount of packaging for 1 small flask,49174,@126986 We're always looking for ways to improve! Please submit your Packaging Feedback here: https://t.co/MUPehTYzRV ^AC,Wed Nov 01 17:15:36 +0000 2017,126986,AmazonHelp,1,False,other
49177,49177,@AmazonHelp I cannot believe such a small item was sent in such a wasteful box. I thought it was a joke. https://t.co/6SqyU7ffDr,I cannot believe such a small item was sent in such a wasteful box. I thought it was a joke.,49176,@126987 I see what you mean! Have you been able to pass your feedback through this link: https://t.co/MyGkLbaKSl? ^BL,Wed Nov 01 17:12:09 +0000 2017,126987,AmazonHelp,1,False,other
4952,4946,@AmazonHelp Excelente servicio! Recibí mis paquetes hace un par de minutos!,Excelente servicio! Recibí mis paquetes hace un par de minutos!,4948,@116874 ¡Nos alegra saberlo Quirino! Te agradecemos que nos hayas contactado y esperamos que puedas disfrutar de tu compra. Quedamos a tu servicio. ¡Saludos!  ^PC,Sun Nov 26 00:44:09 +0000 2017,116874,AmazonHelp,1,False,other
4952,4947,@AmazonHelp Solo dice “en reparto” pero no tiene un número de contacto con el repartidor que es de Amazon Services 😩,Solo dice “en reparto” pero no tiene un número de contacto con el repartidor que es de Amazon Services 😩,4945,"@116874 Gracias por la información, Quirino.
Por favor, contacta con nuestros colegas de Servicio al Cliente para una atención personalizada y puedan darte información precisa sobre tu paquete.
Lo puedes hacer a través del siguiente enlace: https://t.co/beR78zMMYB
^LC",Sun Nov 26 00:25:49 +0000 2017,116874,AmazonHelp,1,False,other
4952,4950,@AmazonHelp No. Como puedo contactarlo,No. Como puedo contactarlo,4949,@116874 Quirino al ingresar al correo de confirmación de compra te aparecerá un enlace en el cual esta el número de guía de tu pedido. También puedes utilizar la siguiente información para contactar con el transportista:  https://t.co/mEKBC5rf63 ^PC,Sun Nov 26 00:20:06 +0000 2017,116874,AmazonHelp,1,False,other
4952,4952,@116875 ¿como puedo trackear si esta próximo a ser entregado un paquete que tiene fecha de hoy? Gracias,¿como puedo trackear si esta próximo a ser entregado un paquete que tiene fecha de hoy? Gracias,4951,"@116874 ¡Hola, Quirino! Lamentamos cualquier confusión generada, ¿te has puesto en contacto con el transportista asignado a la entrega? ^LC",Sun Nov 26 00:16:48 +0000 2017,116874,AmazonHelp,1,False,other
4954,4954,"Got 2 packages delivered today from @115821 via their AMZL service. One package gets dumped at Leasing Office, which is not the address on package &amp; 1 package gets delivered to address on package, which is my apartment. 2 drivers, different results. I was home all day.","Got 2 packages delivered today from via their AMZL service. One package gets dumped at Leasing Office, which is not the address on package &amp; 1 package gets delivered to address on package, which is my apartment. 2 drivers, different results. I was home all day.",4953,@116876 I'm sorry for the frustration! We'd like to investigate and escalate this to the correct team. Please send us your details here: https://t.co/z3ZEuyUDXX ^JP,Sun Nov 26 00:17:44 +0000 2017,116876,AmazonHelp,1,False,delivery_order_status
4957,4956,@AmazonHelp I have no option but to see if my delivery arrives on the scheduled date. But I will contact customer services if it doesn't arrive on time.,I have no option but to see if my delivery arrives on the scheduled date. But I will contact customer services if it doesn't arrive on time.,4958,@116877 Thanks for the additional information. Keep us posted on the arrival of your packages! Let us know if you have any further questions. ^SW,Sun Nov 26 00:54:28 +0000 2017,116877,AmazonHelp,1,False,delivery_order_status
4957,4957,"I swear Amazon are trying to annoy me, I've just ordered another package and had a shipped to wrong carrier facility message again and my order may be delayed. 1st echo dot and then 3 packages lost and now another echo dot possibly delayed.","I swear Amazon are trying to annoy me, I've just ordered another package and had a shipped to wrong carrier facility message again and my order may be delayed. 1st echo dot and then 3 packages lost and now another echo dot possibly delayed.",4955,"@116877 I'm sorry for the ongoing trouble with your deliveries! Have you had a chance to contact us about this: https://t.co/JzP7hlA23B? If so, what information or options were we able to offer? ^SB",Sun Nov 26 00:20:16 +0000 2017,116877,AmazonHelp,1,False,device_digital_content
49895,49893,@AmazonHelp That is the problem! I cant access on my account because still on hold! I dont know why! Have a chat for customer service?,That is the problem! I cant access on my account because still on hold! I dont know why! Have a chat for customer service?,49892,@126979 I'm sorry! Use this instead: https://t.co/jzvkhdlrK5 Our phone # will populate when you choose the reason for calling. ^KN,Wed Nov 01 17:34:51 +0000 2017,126979,AmazonHelp,1,False,service_complaint
49895,49895,Address verification?Anyone fix it! My billing address is correct and I sended already my bank statemend but nothing happens @115821,Address verification?Anyone fix it! My billing address is correct and I sended already my bank statemend but nothing happens,49894,"@126979 We'd like to look into this further with you! When you have a chance, please reach out to us here: https://t.co/hApLpMlfHN ^VB",Wed Nov 01 17:23:48 +0000 2017,126979,AmazonHelp,1,False,payment_billing
49901,49897,@AmazonHelp no UPS says it's On Time b/c you shipped it VIA UPS GROUND not UPS overnight!!!,no UPS says it's On Time b/c you shipped it VIA UPS GROUND not UPS overnight!!!,49899,@127175 Oh my! We don't have acct access via Twitter. Pls reach us via phone so we can take a look together: https://t.co/hApLpMlfHN ^KN,Wed Nov 01 17:42:09 +0000 2017,127175,AmazonHelp,1,False,delivery_order_status
49901,49898,@AmazonHelp it has shipped already VIA UPS GROUND not via 1 day shipping #Fraud,it has shipped already VIA UPS GROUND not via 1 day shipping #Fraud,49896,@127175 Has UPS provided a reason for this delay? You can find contact info here: https://t.co/tgcVcNykSE. Please keep us posted! ^SD,Wed Nov 01 17:35:10 +0000 2017,127175,AmazonHelp,1,False,delivery_order_status
49901,49901,"@115821 #Amazon shipping #fraud not limited 2 #prime, paid for 1-day shipping on Mon, package scheduled to arrive next Mon. UPS says on time","#Amazon shipping #fraud not limited 2 #prime, paid for 1-day shipping on Mon, package scheduled to arrive next Mon. UPS says on time",49900,@127175 One-Day Shipping refers to transit time once the item ships! You can learn more about shipping here: https://t.co/dNN4JZF2ku ^ME,Wed Nov 01 17:15:34 +0000 2017,127175,AmazonHelp,1,False,delivery_order_status
49904,49904,@115830  what happens when you receive this on your door but the bin is empty? Apparently nothing! 😡 https://t.co/6sT0Og8Fsd,what happens when you receive this on your door but the bin is empty? Apparently nothing! 😡,49902,@127176 Oh no! We'd like to see what options are available for your order. Please call/chat with us here: https://t.co/6PqkNySc2Q ^MB,Wed Nov 01 17:36:19 +0000 2017,127176,AmazonHelp,1,False,other
49917,49917,"@121284 I got my dot today, but prime member is not active. How do I activate it.
Can't play songs from Saavn on dot.","I got my dot today, but prime member is not active. How do I activate it. Can't play songs from Saavn on dot.",49916,@127180 Sorry for the trouble with membership. We'd like to take a closer look. Please connect with us here: https://t.co/TdDksLo6Mf. ^HD,Wed Nov 01 17:37:29 +0000 2017,127180,AmazonHelp,1,False,other
49922,49921,"@AmazonHelp Over 50 orders. More than a hundred books. Not a single free bookmark. I'm heartbroken, Amazon! :(","Over 50 orders. More than a hundred books. Not a single free bookmark. I'm heartbroken, Amazon! :(",49923,"@127182 I get your disappointment, Jenny. As mentioned earlier, I will forward your feedback to our team internally for a review. ^NK",Wed Nov 01 17:39:50 +0000 2017,127182,AmazonHelp,1,False,item_quality_issue
49922,49922,"Ok @115850 let's get it sorted today. I've bought over a 100 books from u, never received a single free bookmark. 😢
Mujhe Insaf chaiye! 😢","Ok let's get it sorted today. I've bought over a 100 books from u, never received a single free bookmark. 😢 Mujhe Insaf chaiye! 😢",49920,@127182 to provide a better shopping experience. (3/3) ^JS,Wed Nov 01 17:26:21 +0000 2017,127182,AmazonHelp,3,False,other
49922,49924,@AmazonHelp That should do.,That should do.,49925,@127182 Appreciate your understanding. :) ^NK,Wed Nov 01 17:50:30 +0000 2017,127182,AmazonHelp,1,False,other
49922,49928,"@115850 I mean, almost everybody else is recieving free bookmarks. But not me. Even though I always buy from verified sellers.
Why? 😢","I mean, almost everybody else is recieving free bookmarks. But not me. Even though I always buy from verified sellers. Why? 😢",50794,@127182 We constantly strive to improve our services and we'll consider your feedback to provide a better shopping experience.(2/2)^BS,Wed Nov 01 17:27:50 +0000 2017,127182,AmazonHelp,2,False,seller_marketplace
49932,49930,@AmazonHelp Desde el 11-9. He cumplido TODO lo que me pedísteis. El hartazgo es total. Mirad mi historial desde ese día.,Desde el 11-9. He cumplido TODO lo que me pedísteis. El hartazgo es total. Mirad mi historial desde ese día.,49929,"@127183 Juan, por este medio no contamos con acceso a tu cuenta. ¿Podrías comentarnos más sobre lo que ha ocurrido? ^DA",Wed Nov 01 17:35:33 +0000 2017,127183,AmazonHelp,1,False,other
49932,49932,@115821 Creía que compraba y era atendido por una empresa seria. Mi paciencia ha sido ilimitada. Por favor RT,Creía que compraba y era atendido por una empresa seria. Mi paciencia ha sido ilimitada. Por favor RT,49931,"@127183 Lamento este inconveniente Juan, ¿has entrado en contacto con nuestro Servicio al Cliente para reportar lo sucedido? ^AZ",Wed Nov 01 17:21:34 +0000 2017,127183,AmazonHelp,1,False,other
49939,49934,@AmazonHelp How do I know? I've been out since 7am so no idea how long it's been sat in full view of the street.,How do I know? I've been out since 7am so no idea how long it's been sat in full view of the street.,49936,@127184 That information can be found on your order page. You can access that via this link:  https://t.co/aaDyEz1VgE ^MW,Wed Nov 01 17:37:41 +0000 2017,127184,AmazonHelp,1,False,other
49939,49935,@115830 Please tell me how finding my delivery outside my front door reconciles with 'handed to resident' https://t.co/02Sxs3Bas4,Please tell me how finding my delivery outside my front door reconciles with 'handed to resident',49933,"@127184 Oh my! I'm sorry about the poor delivery experience! Just to clarify, can you tell us who the courier was for this order? ^AL",Wed Nov 01 17:33:34 +0000 2017,127184,AmazonHelp,1,False,delivery_order_status
49939,49937,@AmazonHelp Does this help? https://t.co/maMZLnsdfv,Does this help?,49938,@127184 Thanks! We'd like to look into this with you in real time. Please contact us via phone/chat here: https://t.co/JzP7hlA23B ^AJ,Wed Nov 01 18:02:45 +0000 2017,127184,AmazonHelp,1,False,other
49942,49941,@AmazonHelp Danke für die schnelle Info. Ihr seit super!,Danke für die schnelle Info. Ihr seit super!,49943,@127185 Gerne! :) ^MI,Wed Nov 01 18:58:12 +0000 2017,127185,AmazonHelp,1,False,other
49942,49942,@115825 Hallo ihr Lieben! Frage: Gibt es eine Prognose wann die Amazon App für Apple TV verfügbar sein wird? Danke für die Info.,Hallo ihr Lieben! Frage: Gibt es eine Prognose wann die Amazon App für Apple TV verfügbar sein wird? Danke für die Info.,49940,"@127185 Hi, Amazon Prime Video wird im Laufe des Jahres in der TV App und auf allen Apple TVs nutzbar sein. Gruß ^SI",Wed Nov 01 17:16:45 +0000 2017,127185,AmazonHelp,1,False,other
49994,49993,@AmazonHelp Where?! https://t.co/BLEFUMCL0t,Where?!,49995,@127188 Kindly connect with us here: https://t.co/vlvfJr4nN9 we'd like to check this. ^SG,Wed Nov 01 17:32:33 +0000 2017,127188,AmazonHelp,1,False,other
49994,49994,@115850 THIS DEAL DIDN'T START -_- https://t.co/ZEVYiMP1CE,THIS DEAL DIDN'T START -_-,49992,@127188 I've cross checked and the deal is currently active. Please check again. ^JS,Wed Nov 01 16:52:38 +0000 2017,127188,AmazonHelp,1,False,other
49999,49999,"@115830 Been waiting for a PRIME parcel for a couple of days now and when i go to track it, says been a delivery attempt, no proof of that","Been waiting for a PRIME parcel for a couple of days now and when i go to track it, says been a delivery attempt, no proof of that",49998,@127190 I'm sorry for the delay! Please reach out to us via phone/chat here: https://t.co/JzP7hlRCV9 and we can help. ^TK,Wed Nov 01 17:23:00 +0000 2017,127190,AmazonHelp,1,False,delivery_order_status
50439,50439,@AmazonHelp vocês não aceitam pagamento por boleto?,vocês não aceitam pagamento por boleto?,50438,"@127317 Olá, Ana! Atualmente aceitamos cartões de crédito pré-pago, você pode carregá-lo usando boleto bancário e, em seguida, usá-lo para fazer compras na https://t.co/m5ibk4bEQU. Para mais informações acesse no seguinte link: https://t.co/H514FXJNVu. ^NB",Wed Nov 22 22:37:12 +0000 2017,127317,AmazonHelp,1,False,other
50451,50451,"@120533 Un peu cher le détachant, non ? https://t.co/kUsdlmpLDf","Un peu cher le détachant, non ?",50450,"@127321 Bonsoir, il s'agit, en effet, d'une erreur qui a déjà été remonté au service concerné pour résolution. Merci pour votre intérêt. ^BR",Wed Nov 22 22:06:33 +0000 2017,127321,AmazonHelp,1,False,other
50749,50749,@115850 thanks for 5180770843835. Will never forget this... will buy my next product from a roadside vendor but #amazon ever...go to hell,thanks for 5180770843835. Will never forget this... will buy my next product from a roadside vendor but #amazon ever...go to hell,50748,@127384 Apologies for any ordeal. Could you let us know what went wrong? We'd like to look into it. 1/2 ^HD,Wed Nov 01 17:55:28 +0000 2017,127384,AmazonHelp,2,False,other
50752,50752,Seriously thinking of dropping @115821 since I've had so many issues! Order is supposed to be delivered tomorrow but still hasn't shipped.,Seriously thinking of dropping since I've had so many issues! Order is supposed to be delivered tomorrow but still hasn't shipped.,50751,"@127385 Items can ship the day of delivery and still get there on time. We want to help any way we can, so keep us posted! ^KN",Wed Nov 01 17:53:43 +0000 2017,127385,AmazonHelp,1,False,delivery_order_status
50757,50754,"@AmazonHelp By Artist, what's the minimum number of characters required to produce results? I'll try Album &amp; Song when I get home and send the results.","By Artist, what's the minimum number of characters required to produce results? I'll try Album &amp; Song when I get home and send the results.",50756,"@127386 If it doesn't work, we would like to troubleshoot with you in real-time! Contact us here: https://t.co/JzP7hlA23B ^LS",Wed Nov 01 20:00:58 +0000 2017,127386,AmazonHelp,1,False,other
50757,50755,@AmazonHelp @115833 @115830 It's also stopped playing after the 1st song,It's also stopped playing after the 1st song,50753,@127386 I'm sorry for the tech trouble you're having; are you only searching by song or by album/artist name for these results? ^WM,Wed Nov 01 17:44:39 +0000 2017,127386,AmazonHelp,1,False,other
50760,50760,"@AmazonHelp hey, struggling to get in touch with you via any other method. Can you help with a query regarding an order made yesterday?","hey, struggling to get in touch with you via any other method. Can you help with a query regarding an order made yesterday?",50758,"@127387 As we don't have access to order information or account details on Twitter, we'd still like to help! Can you tell us more? ^KJ",Wed Nov 01 17:51:54 +0000 2017,127387,AmazonHelp,1,False,other
50763,50762,@AmazonHelp No not yet it’s just usually dispatched very quickly and I’m hoping you haven’t run out of stock as I need them by Saturday 🤞🏽,No not yet it’s just usually dispatched very quickly and I’m hoping you haven’t run out of stock as I need them by Saturday 🤞🏽,50764,@127388 Definitely keep us posted! We want to be sure you receive it. ^MT,Wed Nov 01 18:00:20 +0000 2017,127388,AmazonHelp,1,False,delivery_order_status
50763,50763,Why hasn’t my Amazon order been dispatched yet 😩📦 @AmazonHelp,Why hasn’t my Amazon order been dispatched yet 😩📦,50761,@127388 Sorry for the delay! We aim to deliver by the date given in your order confirmation e-mail. Have we missed that date? ^TK,Wed Nov 01 17:52:14 +0000 2017,127388,AmazonHelp,1,False,delivery_order_status
50777,50777,"@AmazonHelp Hi, do you know if there are phishing emails doing the rounds regarding ""amazon prime gold"" membership?","Hi, do you know if there are phishing emails doing the rounds regarding ""amazon prime gold"" membership?",50776,"@127392 Thanks for asking, Penny. Here's a link to our help page that helps identify phishing attempts. https://t.co/vK8B77gYGp ^EM",Wed Nov 01 17:48:32 +0000 2017,127392,AmazonHelp,1,False,other
50783,50783,‘@120533 je ne suis pas dispo pour répondre. Merci de ne pas me harceler... https://t.co/FtoeqdvWEg,‘ je ne suis pas dispo pour répondre. Merci de ne pas me harceler...,50782,"@127395 Afin d'effectuer de plus amples vérifications, merci de compléter le formulaire suivant : https://t.co/HtUowg2UGX. ^MA",Wed Nov 01 17:32:36 +0000 2017,127395,AmazonHelp,1,False,other
50790,50789,@AmazonHelp I have called and emailed....no response in 4 days! #AmazonEcho dot is a Rs 3000 paperweight for me right now! Please help!,I have called and emailed....no response in 4 days! #AmazonEcho dot is a Rs 3000 paperweight for me right now! Please help!,50791,"@127397 Apologies for the experience, Avinash. Please share your details here: https://t.co/GIJyeYqKE0 I'll reach &amp; assist. ^SV",Sat Nov 04 01:43:26 +0000 2017,127397,AmazonHelp,1,False,device_digital_content
50790,50790,@121284 just got the echo dot. Setup isn't happening... Frustrating!,just got the echo dot. Setup isn't happening... Frustrating!,50788,"@127397 I'm sorry about that, Avinash. Kindly connect with our support team here: https://t.co/vlvfJr4nN9 and we'll be glad to help you.^GD",Wed Nov 01 17:38:45 +0000 2017,127397,AmazonHelp,1,False,device_digital_content
50793,50793,@AmazonHelp do you take Bitcoin?,do you take Bitcoin?,50792,@127398 Hi there! That is a great question. Currently Amazon does not accept Bitcoin as a form of currency. We hope this helps! ^JD,Wed Nov 01 17:42:16 +0000 2017,127398,AmazonHelp,1,False,other
5119,5117,"@AmazonHelp I would like it replaced not refunded. But the sale is over, and doesn’t look like you have it in stock at the site. What are my other options?","I would like it replaced not refunded. But the sale is over, and doesn’t look like you have it in stock at the site. What are my other options?",5116,"@116912 Thanks for reaching back out to us! If your item is not eligible for replacement, you can still return the item for a full refund instead. You can view your replacement and/or return options here: https://t.co/TGLNUK2VHy ^BN",Sun Nov 26 00:21:42 +0000 2017,116912,AmazonHelp,1,False,refund_return
5119,5119,#Amazon who packages these games. Ordered to games and both came rattling inside their cases. One is broken. Games may have suffered scratches. @115821 https://t.co/KqpOkpLeP8,#Amazon who packages these games. Ordered to games and both came rattling inside their cases. One is broken. Games may have suffered scratches.,5118,@116912 I'm sorry your items arrived in these conditions. Let's explore your return or replacement options here: https://t.co/RbboDygtAu ^GG,Sun Nov 26 00:14:48 +0000 2017,116912,AmazonHelp,1,False,item_quality_issue
5125,5121,@AmazonHelp It's now a police matter. You could check the police report.,It's now a police matter. You could check the police report.,5120,"@116913 I'd like to have a member of our team ensure this is escalated to the correct teams for investigation. When you have a moment, please send us as many details as possible here: https://t.co/DFWr7dqiz5 ^SB",Sun Nov 26 00:20:55 +0000 2017,116913,AmazonHelp,1,False,other
5125,5124,Amazon delivery guy refused to give the police his ID and suddenly started sounding like an attorney. Good grief,Amazon delivery guy refused to give the police his ID and suddenly started sounding like an attorney. Good grief,5123,"@116913 We'd like to make sure this is addressed, Eric. Would you tell us more about what happened? ^AM",Sat Nov 25 23:50:03 +0000 2017,116913,AmazonHelp,1,False,delivery_order_status
5131,5127,@AmazonHelp And you guys have officially lost me as a customer. Was promised today...was never shipped. Give me my refund please so I may take my business else where. https://t.co/69tW0B5r9H,And you guys have officially lost me as a customer. Was promised today...was never shipped. Give me my refund please so I may take my business else where.,5129,@116914 I'm truly sorry for the inconvenience! We don't have access to your account via Twitter. We'd like to help if we can. Please connect with us here so we can assist you: https://t.co/hApLpMlfHN ^MO,Wed Nov 29 05:56:23 +0000 2017,116914,AmazonHelp,1,False,refund_return
5131,5128,"@AmazonHelp AMZL US Tracking ID TBA566517950000 it says delivered to mail room, I checked the mail and the front offce, the driver listed 1 package, in that one package was my XLR cables...I'm missing the controller.","AMZL US Tracking ID TBA566517950000 it says delivered to mail room, I checked the mail and the front offce, the driver listed 1 package, in that one package was my XLR cables...I'm missing the controller.",5126,"@116914 I understand your frustration! Our team would like a chance to address this concern. At your convenience, include your details here: https://t.co/hKZOmv3DMU ^SJ",Sun Nov 26 00:17:31 +0000 2017,116914,AmazonHelp,1,False,delivery_order_status
5131,5131,"@115821 the more I order from you guys, the more I'm going to stop being a customer....YOUR DRIVERS ARE USELESS. Once again they marked a package delivered when it clearly wasn't. I received one of two packages, yet they were both marked delivered. 3 times in 1 month! https://t.co/9UYVHPVWtE","the more I order from you guys, the more I'm going to stop being a customer....YOUR DRIVERS ARE USELESS. Once again they marked a package delivered when it clearly wasn't. I received one of two packages, yet they were both marked delivered. 3 times in 1 month!",5130,"@116914 I'm so sorry to hear your order was scanned as delivered when it wasn't. We'd like to help if we can. Just to confirm, who's the carrier shown on your order here: https://t.co/wBHsNpkyQZ? ^CC",Sat Nov 25 22:53:46 +0000 2017,116914,AmazonHelp,1,False,delivery_order_status
5134,5133,"@AmazonHelp No, I can't check. It shows nothing. And customer service rep was NO help.","No, I can't check. It shows nothing. And customer service rep was NO help.",5135,"@116915 If you would like to contact our support team via phone, please give us a call so we can review these details with you: 1-866-216-1072. ^WM",Sun Nov 26 00:26:52 +0000 2017,116915,AmazonHelp,1,False,service_complaint
5134,5134,@115821 still don't know if my order has shipped or not.. BUT at least I'm a good person! https://t.co/hzYEL3qL7r,still don't know if my order has shipped or not.. BUT at least I'm a good person!,5132,"@116915 I'm sorry for the frustration! We'd love to help but are unable to access your Amazon account via Twitter. You can view the latest tracking information for your order, including if it has shipped, here: https://t.co/Y5jpI9gRhE ^LR",Sun Nov 26 00:17:05 +0000 2017,116915,AmazonHelp,1,False,delivery_order_status
5139,5139,Just ordered @115877. Let’s see what gets here first. My package from @115821 which has been “On It’s Way” since 1:22am or the food. #TheRaceIsOn,Just ordered . Let’s see what gets here first. My package from which has been “On It’s Way” since 1:22am or the food. #TheRaceIsOn,5138,@116917 I'm sorry for this wait. Has the tracking information on your order updated: https://t.co/Y5jpI9gRhE? Deliveries continue through to 8PM so please keep us in the loop on your order's arrival. Thank you. ^DO,Sun Nov 26 00:19:39 +0000 2017,116917,AmazonHelp,1,False,delivery_order_status
5149,5149,@AmazonHelp Trying to get a friend's playlist on my Amazon music app but it keeps giving me the following message https://t.co/o6zINm6HBC,Trying to get a friend's playlist on my Amazon music app but it keeps giving me the following message,5148,@116919 Very strange! Is your friend able to replicate the issue on his app? You might also need to try uninstalling and reinstalling the app.  ^JP,Sun Nov 26 00:13:22 +0000 2017,116919,AmazonHelp,1,False,device_digital_content
51574,51573,@AmazonHelp I’ve waited til past 8 o’clock now-here are the references: 67303131113645 &amp; 73303231558729 EVERY Hermes delivery gets delayed. No fun!,I’ve waited til past 8 o’clock now-here are the references: 67303131113645 &amp; 73303231558729 EVERY Hermes delivery gets delayed. No fun!,51575,@127574 Please send us the tracking ids via the link above. We have no access to your orders via Twitter. ^MH,Wed Nov 01 19:12:20 +0000 2017,127574,AmazonHelp,1,False,delivery_order_status
51574,51574,Lol ever since @116316 started working with @122924 the service has gotten ridiculously bad. Prime on time- doesn’t happen anymore!!😤😤😤,Lol ever since started working with the service has gotten ridiculously bad. Prime on time- doesn’t happen anymore!!😤😤😤,51572,"@127574 Sorry to hear that. Do you have a recent example of a delayed order? If yes, let us know here: https://t.co/5RHhEVutwe ^MI",Wed Nov 01 17:55:53 +0000 2017,127574,AmazonHelp,1,False,other
51578,51578,"Email: ""your Amazon order is out for delivery ...

Another email: ... it may also be in someone's hedge by the time you read this"" https://t.co/wVBPZpXeMC","Email: ""your Amazon order is out for delivery ... Another email: ... it may also be in someone's hedge by the time you read this""",51577,@127575 I'm sorry your order was delivered like this! Please reach out to us by phone or chat here: https://t.co/qy3J24VGxb ^AC,Wed Nov 01 17:45:33 +0000 2017,127575,AmazonHelp,1,False,delivery_order_status
51581,51580,@115821 What’s the point of prime if I get 10+ day shipping?,What’s the point of prime if I get 10+ day shipping?,51579,@127576 I'm so sorry for the delay! Please reach out to us here: https://t.co/hApLpMlfHN and we can help with this. ^TK,Wed Nov 01 18:02:41 +0000 2017,127576,AmazonHelp,1,False,delivery_order_status
51584,51583,@AmazonHelp That's great 😊keep growing 🤗,That's great 😊keep growing 🤗,51585,@127577 Thank you for your continued support. Do keep us posted for any further assistance. ^SV,Thu Nov 02 00:49:19 +0000 2017,127577,AmazonHelp,1,False,other
51584,51584,@119625 any new movie coming ??,any new movie coming ??,51582,@127577 We do not have any announcements yet. Keep checking our website as we continue to add new content to our library. ^GD,Wed Nov 01 17:56:38 +0000 2017,127577,AmazonHelp,1,False,other
51587,51587,This is the 2nd time I've ordered THIS ORDER And got something completely different I'm sick of paying for what I'm not getting . @115821 https://t.co/87htjOHKf2,This is the 2nd time I've ordered THIS ORDER And got something completely different I'm sick of paying for what I'm not getting .,51586,@127578 I'm sorry you received the wrong item! Have you reached out to the seller for more insight: https://t.co/PyACxvGxrO? ^ME,Wed Nov 01 17:46:42 +0000 2017,127578,AmazonHelp,1,False,other
51593,51592,@AmazonHelp Haven't received anything!,Haven't received anything!,51594,@127580 It's not uncommon for items to ship and deliver on the same day. Let us know if you don't receive your order by 9:00pm. ^TK,Wed Nov 01 18:03:18 +0000 2017,127580,AmazonHelp,1,False,other
51593,51593,"Ordered a book from @115821 over a week ago. Hasn't even shipped yet, but it's supposedly arriving in a couple of hours. 🤔","Ordered a book from over a week ago. Hasn't even shipped yet, but it's supposedly arriving in a couple of hours. 🤔",51591,"@127580 Oh no, Dylan! Have we sent you any e-mails showing there may be a possible delay? Check your spam/junk folders as well. ^SK",Wed Nov 01 17:58:28 +0000 2017,127580,AmazonHelp,1,False,delivery_order_status
51593,51595,@AmazonHelp Still no book 😔 https://t.co/5MSDjN3MPa,Still no book 😔,51596,"@127580 I'm sorry you haven't received your book yet, we appreciate your patience. Have you received any e-mail updates? ^EB",Thu Nov 02 04:35:22 +0000 2017,127580,AmazonHelp,1,False,other
51599,51598,@AmazonHelp I checked again. I have uploaded the video to youtube. Its playing here. Is their any location restriction.,I checked again. I have uploaded the video to youtube. Its playing here. Is their any location restriction.,51600,@127581 Thanks for flagging this. We'll have this reviewed internally. ^SQ,Wed Nov 01 18:23:55 +0000 2017,127581,AmazonHelp,1,False,other
51599,51599,"@115850 I am facing a price bug. Not expected. What kind of scam is this.
https://t.co/b7CRKc2Hzt",I am facing a price bug. Not expected. What kind of scam is this.,51597,@127581 We're unable to access the link you've provided. Kindly help us with a correct link. ^SU,Wed Nov 01 17:39:22 +0000 2017,127581,AmazonHelp,1,False,other
51603,51602,"@AmazonHelp Going to have to call support as it wont let me change my password, same thing happened less than two weeks ago.","Going to have to call support as it wont let me change my password, same thing happened less than two weeks ago.",51604,"@127582 Oh no! I'm sorry about this inconvenience, Alex! You can reach out to us here: https://t.co/zYVX1Qi29G ^HM",Wed Nov 01 18:19:10 +0000 2017,127582,AmazonHelp,1,False,account_access
51603,51603,Just tried to order from @115821 for the first time since my account was unlocked annnnnnnnnnnd it's now locked again and my order has been cancelled. FFS,Just tried to order from for the first time since my account was unlocked annnnnnnnnnnd it's now locked again and my order has been cancelled. FFS,51601,@127582 I'm sorry to hear this! Have you received an email from our Account Specialists? Be sure to check your junk/spam folder! ^ME,Wed Nov 01 17:56:31 +0000 2017,127582,AmazonHelp,1,False,delivery_order_status
51603,51605,@AmazonHelp I've called support and it's been moved to an 'account specialist' just like last time as apparently I didn't call when this happened before (which I did three times). Just very frustrated this happens whenever I try and place an order.,I've called support and it's been moved to an 'account specialist' just like last time as apparently I didn't call when this happened before (which I did three times). Just very frustrated this happens whenever I try and place an order.,51606,@127582 I'm sorry for the frustration. Please keep an eye on your e-mail for a response from the account specialist.  ^HM,Wed Nov 01 18:32:41 +0000 2017,127582,AmazonHelp,1,False,other
51609,51608,@AmazonHelp I'm not sure where it is. I'm still waiting for it so i can return it because I don't need it anymore,I'm not sure where it is. I'm still waiting for it so i can return it because I don't need it anymore,51610,@127583 What does the tracking info state? You can find that here: https://t.co/Y5jpI9gRhE ^TR,Wed Nov 01 18:01:50 +0000 2017,127583,AmazonHelp,1,False,refund_return
51609,51609,All now I still don't get our Amazon Prime cat in the hat order that was supposed to be delivered on Monday,All now I still don't get our Amazon Prime cat in the hat order that was supposed to be delivered on Monday,51607,"@127583 So sorry for your order, Nikki! W/o sharing any personal info, please let us know what's going on with it. ^JZ",Wed Nov 01 17:20:12 +0000 2017,127583,AmazonHelp,1,False,delivery_order_status
50749,51615,@AmazonHelp Not providing anything..already order my product from  @118702 never ever buying from #Amazon  again.u guys are an embarrassment,Not providing anything..already order my product from never ever buying from #Amazon again.u guys are an embarrassment,51616,"@127384 Apologies for the experience, Raj. I'll be sure to share your comments with internal teams to improve our services. ^SV",Wed Nov 01 18:04:36 +0000 2017,127384,AmazonHelp,1,False,other
52143,52143,Amazonの梱包の無駄さに笑ったw https://t.co/gqjGdNazt8,Amazonの梱包の無駄さに笑ったw,52142,@127724 申し訳ございません。不適切な梱包と感じられた際は、よろしければ以下のURLからご意見をお寄せください。いただいたご意見は、梱包についてのサービス向上のご参考にさせていただいております。https://t.co/DjuLz3GskQ YM,Wed Nov 22 14:16:44 +0000 2017,127724,AmazonHelp,1,True,other
52157,52153,@AmazonHelp I am pretty certain your frontline customer service reps are just providing stock answers and responses and providing assurances that a problem is taken care of to make their quotas or incentive levels and leaving the fallout to your escalation tier. They just need to be honest.,I am pretty certain your frontline customer service reps are just providing stock answers and responses and providing assurances that a problem is taken care of to make their quotas or incentive levels and leaving the fallout to your escalation tier. They just need to be honest.,52151,"@127727 Thank you for being a Prime member Agasicles! I know I may be asking too much, but could you please arrange for a return by using the UPS pick up option under your order, so the package can be returned, check your order here: htp://amzn.to/NAYourOrders? ^SY https://t.co/1XyLaGkcaN",Wed Nov 22 23:05:50 +0000 2017,127727,AmazonHelp,1,False,service_complaint
52157,52157,"Just wanted to say, maybe stop worrying about grocery delivery and buying Whole Foods, and get back to just delivering packages on time. Third item dorked in two consecutive orders. Trying to give you guys 2nd chances, but I think I'm gonna be out @115821 @115851 https://t.co/RHjCU0C6Ig","Just wanted to say, maybe stop worrying about grocery delivery and buying Whole Foods, and get back to just delivering packages on time. Third item dorked in two consecutive orders. Trying to give you guys 2nd chances, but I think I'm gonna be out",52154,"@127727 I'm very sorry for the recent delivery issues. Without sharing personal or account details, will you let us know what information or options were we able to provide when you contacted us about this? ^CL",Wed Nov 22 22:49:07 +0000 2017,127727,AmazonHelp,1,False,delivery_order_status
52171,52161,@AmazonHelp Una pregunta hasta a que hora dejan de entregar los pedidos,Una pregunta hasta a que hora dejan de entregar los pedidos,52160,"@127729 Alejandro, ese depende del transportista encargado de entregar tu paquete y del horario de reparto que tenga. ^ES",Wed Nov 22 23:11:01 +0000 2017,127729,AmazonHelp,1,False,other
52171,52163,@AmazonHelp No tengo herramienta para mandar un fax,No tengo herramienta para mandar un fax,52162,"@127729 En este caso intenta contactarnos por este enlace: 
https://t.co/GnWucHfgbs    ^JJ",Wed Nov 22 21:30:37 +0000 2017,127729,AmazonHelp,1,False,other
52171,52165,@AmazonHelp Lo que me preocupa es el pedido y mas que nada el dinero si en dado caso de que no llegue :c,Lo que me preocupa es el pedido y mas que nada el dinero si en dado caso de que no llegue :c,52164,"@127729 Alejandro, comprendemos tu preocupación y queremos que se solucione lo más rápido posible. Nuestros especialistas en cuentas te brindaran más detalles en cuando envíes tu información. ^NP",Wed Nov 22 21:14:07 +0000 2017,127729,AmazonHelp,1,False,other
52171,52167,@AmazonHelp No puedo por que tengo mi cuenta aun bloqueada y ya llame al servicio al cliente para arreglar eso pero aun sigue bloqueada,No puedo por que tengo mi cuenta aun bloqueada y ya llame al servicio al cliente para arreglar eso pero aun sigue bloqueada,52166,"@127729 Te recomendamos revisar la carpeta de correo no deseado para que verifiques si has recibido el correo. Si no lo has recibido, por favor contacta al correo electrónico que encontraras en el siguiente enlace: https://t.co/7LuYcqyN8d. ^AA",Wed Nov 22 20:56:03 +0000 2017,127729,AmazonHelp,1,False,other
52171,52169,"@AmazonHelp Eso lo hice el dia lunes por que supuestamente hubo un problema con mi pago y me mandaron ese correo ese mismo dia, y se supone que me llegaria hoy y por el momento aun no llego y mi cuenta sigue bloqueada, marque para la solucion del pago y si lo resolvieron","Eso lo hice el dia lunes por que supuestamente hubo un problema con mi pago y me mandaron ese correo ese mismo dia, y se supone que me llegaria hoy y por el momento aun no llego y mi cuenta sigue bloqueada, marque para la solucion del pago y si lo resolvieron",52168,@127729 Comprendo. ¿Has logrado ponerte en contacto con el transportista encargado de realizar la entrega para confirmar los datos de seguimiento? ^DB,Wed Nov 22 20:39:20 +0000 2017,127729,AmazonHelp,1,False,other
52171,52171,"@116875 me mandaron este correo el dia lunes y aun no me llega mi pedido y mi cuenta esta bloqueada, hable con sus compañeros de servicio al cliente para ver lo de mi pedido y cuenta y lo del pedido se soluciono ese es el correo que me mandaron pero la cuenta sigue bloqueada https://t.co/6yBK3JbFwF","me mandaron este correo el dia lunes y aun no me llega mi pedido y mi cuenta esta bloqueada, hable con sus compañeros de servicio al cliente para ver lo de mi pedido y cuenta y lo del pedido se soluciono ese es el correo que me mandaron pero la cuenta sigue bloqueada",52170,"@127729 Alejandro, por motivos de seguridad te recomiendo eliminar la imagen con la información personal de tu cuenta y pedido. En este caso por favor entra en contacto con nuestro Servicio al Cliente, accesando en el siguiente enlace: https://t.co/bPnxm0cKwb. ^NB",Wed Nov 22 20:28:17 +0000 2017,127729,AmazonHelp,1,False,other
52198,52197,@AmazonHelp His parcels keep going next door as the previous owner was using his adress as hers,His parcels keep going next door as the previous owner was using his adress as hers,52199,@127738 Have you noticed this issue with a specific carrier? They may be able to provide more help with your brother's address. ^TK,Wed Nov 01 18:39:53 +0000 2017,127738,AmazonHelp,1,False,delivery_order_status
52198,52198,"@AmazonHelp hello when my brother is trying to order from you ,when typing in his adress its coming up with next doors adress which is wrong","hello when my brother is trying to order from you ,when typing in his adress its coming up with next doors adress which is wrong",52196,@127738 That is strange! Your brother should be able to save his address without using the neighbor's: https://t.co/dODjwBCyVV ^FD,Wed Nov 01 18:23:38 +0000 2017,127738,AmazonHelp,1,False,other
52198,52200,@AmazonHelp No it's with all carriers on your website he has tried to change it and it keeps coming up wrong,No it's with all carriers on your website he has tried to change it and it keeps coming up wrong,52201,"@127738 Have you tried reaching out to us via phone here: https://t.co/hApLpMlfHN? If so, what information or options were given? ^KP",Wed Nov 01 18:44:55 +0000 2017,127738,AmazonHelp,1,False,other
52198,52202,@AmazonHelp I'm not sure wether or not he has tried calling you he works nights so sleeps during the day so will get him to phone in the morning,I'm not sure wether or not he has tried calling you he works nights so sleeps during the day so will get him to phone in the morning,52203,@127738 Alright! Please keep us updated! ^WT,Wed Nov 01 18:59:36 +0000 2017,127738,AmazonHelp,1,False,other
52211,52210,"@115830 The porch was open &amp; the parcel could have been left in there, but you just couldn’t be bothered to drive out to the countryside could you?","The porch was open &amp; the parcel could have been left in there, but you just couldn’t be bothered to drive out to the countryside could you?",52209,@127740 I'm sorry your parcel wasn't delivered. Please contact us so we get this fixed for you:  https://t.co/JzP7hlA23B ^EM,Wed Nov 01 18:22:41 +0000 2017,127740,AmazonHelp,1,False,delivery_order_status
52211,52212,@115830 Substandard customer service for rural areas again. What exactly did I pay extra for? Very disappointed child here - thanks.,Substandard customer service for rural areas again. What exactly did I pay extra for? Very disappointed child here - thanks.,52905,"@127740 When you spoke with us, what information or insight was provided? ^KP",Wed Nov 01 18:24:17 +0000 2017,127740,AmazonHelp,1,False,service_complaint
52222,52219,"@AmazonHelp -""A complaint has been made"" which is great except it does nothing to actually rectify the issue. They have my number but never call","-""A complaint has been made"" which is great except it does nothing to actually rectify the issue. They have my number but never call",52218,@127742 We'd like to investigate this with you! When you've a moment pls offer as much info as possible: https://t.co/hpDJA0mJXu ^TG,Wed Nov 01 18:13:12 +0000 2017,127742,AmazonHelp,1,False,service_complaint
52222,52222,For the 5th time I've called @AmazonHelp after their carriers have failed to give a disable customer [me] enough time to reach the door,For the 5th time I've called after their carriers have failed to give a disable customer [me] enough time to reach the door,52221,@127742 I'm sorry to hear about the delivery trouble! We'd like to help the best we can. Who's the carrier listed for your order? ^HC,Wed Nov 01 18:06:38 +0000 2017,127742,AmazonHelp,1,False,other
52225,52224,@AmazonHelp it has entered the dispatch process just today and email says sending to old address even though I made the address change days ago!,it has entered the dispatch process just today and email says sending to old address even though I made the address change days ago!,52226,@127743 So sorry about that! Have you tried reaching out to us via phone or chat so we can leave the driver delivery instructions? ^LS,Wed Nov 01 18:32:45 +0000 2017,127743,AmazonHelp,1,False,delivery_order_status
52225,52225,"@AmazonHelp hi, I moved homes last week, updated my address and my preorder is still going to be sent to my old address on Friday. Help!","hi, I moved homes last week, updated my address and my preorder is still going to be sent to my old address on Friday. Help!",52223,"@127743 Hi! If the order hasn't entered the dispatch process, you can change the address. More here: https://t.co/OpdJy5HMwc ^BL",Wed Nov 01 18:19:25 +0000 2017,127743,AmazonHelp,1,False,other
52225,52227,@AmazonHelp How can I reach out to you guys via phone or chat?,How can I reach out to you guys via phone or chat?,52228,@127743 You can reach us via phone or chat here: https://t.co/JzP7hlA23B. Hope this helps! ^SK,Wed Nov 01 18:57:56 +0000 2017,127743,AmazonHelp,1,False,other
52240,52240,"@117086 e meu kindle?? Envie logo, criatura, cure meu desassossego","e meu kindle?? Envie logo, criatura, cure meu desassossego",52239,"@127746 Olá Julhana, qual é a data estimada de entrega do seu Kindle? ❤ ^DA",Wed Nov 01 18:11:09 +0000 2017,127746,AmazonHelp,1,False,device_digital_content
52243,52242,"@AmazonHelp This Monday, and no, I had no answers","This Monday, and no, I had no answers",52244,@127747 Have you received any e-mails to your spam or junk folder? ^DD,Wed Nov 01 18:19:09 +0000 2017,127747,AmazonHelp,1,False,other
52243,52243,@AmazonHelp I have my account blocked. I have already sent the fax you have requested (twise) but still got no aswer. What should I do?,I have my account blocked. I have already sent the fax you have requested (twise) but still got no aswer. What should I do?,52241,@127747 I'm sorry for the trouble with your account. When did you fax this information? Have you received any e-mail updates recently? ^RA,Wed Nov 01 18:14:04 +0000 2017,127747,AmazonHelp,1,False,account_access
52246,52246,"@127748 @115850  @AmazonHelp @115821 @121899  Never purchase TCL led . Worst services after sales.
Amazon didn't help me even.",Never purchase TCL led . Worst services after sales. Amazon didn't help me even.,52245,"@121898 As informed earlier, request you to please get back to us with a service denial letter and we'll definitely look into this. ^MK",Wed Nov 01 18:12:42 +0000 2017,121898,AmazonHelp,1,True,service_complaint
52249,52249,"@115850 ordred headphns 28Oct, markd as dlvrd bt nvr recivd d prdct, called Mon wait 24hr,Tue wait 24hr,Wed wait 24hr,poor service no info","ordred headphns 28Oct, markd as dlvrd bt nvr recivd d prdct, called Mon wait 24hr,Tue wait 24hr,Wed wait 24hr,poor service no info",52248,@127749 Apologies for this experience. Please fill this form: https://t.co/GIJyeYqKE0 and we'll contact you shortly. ^MP,Wed Nov 01 17:59:56 +0000 2017,127749,AmazonHelp,1,False,delivery_order_status
52251,52251,@AmazonHelp Having some issues with your jobs portal using social login with LinkedIn.,Having some issues with your jobs portal using social login with LinkedIn.,52250,@127750 Thanks for reaching out! You can report technical issues by clicking Give Us Feedback at the bottom of the site page. ^TK,Wed Nov 01 18:08:47 +0000 2017,127750,AmazonHelp,1,False,account_access
52254,52253,@AmazonHelp The form I filled out said that someone would call me within 12 hours. No one has rang...,The form I filled out said that someone would call me within 12 hours. No one has rang...,52255,"@127751 Hi, so that would normally be within 12 business hours, we'll be in touch soon ^AS",Thu Nov 02 08:54:27 +0000 2017,127751,AmazonHelp,1,False,service_complaint
52254,52254,@115830 Thank you to your logistics team for smashing our stuff and not leaving a note! Not impressed! https://t.co/ffzdpUacRx,Thank you to your logistics team for smashing our stuff and not leaving a note! Not impressed!,52252,@127751 I'm so sorry! We'd like to investigate this with you! Please leave as much info as possible here: https://t.co/Hq3OvobXTo ^TG,Wed Nov 01 18:00:29 +0000 2017,127751,AmazonHelp,1,False,other
5282,5282,Okay amazon lost my package gr8,Okay amazon lost my package gr8,5280,"@116922 Oh no! I'm sorry to hear your order hasn't arrived! Have you had a chance to contact us about this issue? If so, what options were we able to provide? We want to make sure this issue has been resolved for you! ^BN",Sun Nov 26 00:15:17 +0000 2017,116922,AmazonHelp,1,False,delivery_order_status
5285,5284,@AmazonHelp I’m looking to reroute all my packages (except 1) to a nearby Amazon locker. I’ll DM you now :),I’m looking to reroute all my packages (except 1) to a nearby Amazon locker. I’ll DM you now :),5286,@116923 Thanks for the information. We've responded to your DM. ^GG,Sun Nov 26 00:31:15 +0000 2017,116923,AmazonHelp,1,False,delivery_order_status
5285,5285,@AmazonHelp hey amazon - please help me :( i hVe tried calling and chatting with y’all but keep hitting walls. DM?,hey amazon - please help me :( i hVe tried calling and chatting with y’all but keep hitting walls. DM?,5283,"@116923 We'd like to help in any way we can, Juan! I've enabled direct messaging. Without providing personal or account information, please tell us a little more about what's going on. ^FD https://t.co/1XyLaGkcaN",Sun Nov 26 00:03:17 +0000 2017,116923,AmazonHelp,1,False,other
52904,52904,"Dear @115821. Lucky my wife wasn’t home, otherwise she would have seen her Christmas present waiting on the door step. Did not come in box.","Dear . Lucky my wife wasn’t home, otherwise she would have seen her Christmas present waiting on the door step. Did not come in box.",52903,@127912 We don't want to spoil the surprise! Keep an eye out for the option of choosing to ship items in an Amazon box at checkout. ^KJ,Wed Nov 01 18:34:17 +0000 2017,127912,AmazonHelp,1,False,other
52909,52907,"@AmazonHelp Its my neighbour, but i know they will deny recieving it, so looks like ive lost out 😂","Its my neighbour, but i know they will deny recieving it, so looks like ive lost out 😂",52906,"@127913 If you're unable to retrieve your parcel, we can review your available options here: https://t.co/JzP7hlA23B ^RA",Wed Nov 01 18:36:44 +0000 2017,127913,AmazonHelp,1,False,delivery_order_status
52909,52909,"@AmazonHelp that awkward moment you’ve recently moved 🏠 and you get your delivery sent to the wrong address (correct street, wrong number)","that awkward moment you’ve recently moved 🏠 and you get your delivery sent to the wrong address (correct street, wrong number)",52908,@127913 If the address is outdated the parcel will usually be returned to us by the carrier. See more here https://t.co/5y0YxfgfSX ^TG,Wed Nov 01 18:28:04 +0000 2017,127913,AmazonHelp,1,False,delivery_order_status
5291,5291,@115850 का एकाउंट परमानेंटली डिलीट कैसे करते है?,का एकाउंट परमानेंटली डिलीट कैसे करते है?,5289,@116925 Kindly reach out our support team here: https://t.co/TdDksLo6Mf for more details on account closure. ^MK,Sun Nov 26 00:13:20 +0000 2017,116925,AmazonHelp,1,True,other
52911,52911,@115850 My refund is pending for over 1 month. I think I will shift my loyalty to @118702,My refund is pending for over 1 month. I think I will shift my loyalty to,52910,"@127914 I'm sorry to know that you didn't receive the refund yet, Write to us here: https://t.co/TEL3kH2xt5 &amp; we'll help you. ^OS",Wed Nov 01 18:35:36 +0000 2017,127914,AmazonHelp,1,False,refund_return
52915,52915,"@AmazonHelp once again @916 @127917 can't deliver.  No reason just ""could not attempt delivery"".  Stayed home 4 the delivery","once again can't deliver. No reason just ""could not attempt delivery"". Stayed home 4 the delivery",52914,"@127916 I'm sorry for the frustration! When you have a moment, please reach out to us by phone or chat here: https://t.co/dNXwBZPiM6 ^AC",Wed Nov 01 18:31:21 +0000 2017,127916,AmazonHelp,1,False,delivery_order_status
52923,52923,@115821 If I cancel my prime membership early do I get some money refunded?,If I cancel my prime membership early do I get some money refunded?,52922,@127920 Refund eligibility depends on how many benefits have been used. We can confirm your eligibility here: https://t.co/hApLpMlfHN ^RA,Wed Nov 01 18:33:01 +0000 2017,127920,AmazonHelp,1,False,prime_membership
52926,52925,@AmazonHelp @AmazonHelp - Info sent 2 Amazon link. Response time is up too 12 business days. lol WOW,- Info sent 2 Amazon link. Response time is up too 12 business days. lol WOW,52927,@127921 You'll be receiving a response within 12 hours! ^KP,Wed Nov 01 19:11:25 +0000 2017,127921,AmazonHelp,1,False,other
52926,52926,AMZL US - @115821 shipping carrier is awful - Multiple items weren't delivered. 5+ yrs Prime Mmbr. Take us back 2 @115817. #AMZLDriverLost,AMZL US - shipping carrier is awful - Multiple items weren't delivered. 5+ yrs Prime Mmbr. Take us back 2 . #AMZLDriverLost,52924,"@127921 I'd like a member of my team to investigate this directly. Please, provide us details here: https://t.co/WpKvTVlO7C ^JE",Wed Nov 01 18:32:40 +0000 2017,127921,AmazonHelp,1,False,delivery_order_status
52929,52929,"Vino un repartidor de @116875 y, ¿qué creen que hizo? Me pidió dinero a cambio de entregarme el paquete.","Vino un repartidor de y, ¿qué creen que hizo? Me pidió dinero a cambio de entregarme el paquete.",52928,"@127922 Atención al Cliente, por favor, ingresa a: https://t.co/beR78zMMYB (2/2) ^HC",Wed Nov 01 18:20:44 +0000 2017,127922,AmazonHelp,2,False,other
5296,5293,@AmazonHelp Solicitud (foto del estado de cuenta),Solicitud (foto del estado de cuenta),5292,@116926 Puedes también comunicarte a través del siguiente enlace de contacto para que se revise tu caso: https://t.co/hWMtJrYuBU    ^PC,Sun Nov 26 00:12:58 +0000 2017,116926,AmazonHelp,1,False,other
52943,52933,"@AmazonHelp There is no option there, just says my refund has been issued as i requested - i did not request a refund!","There is no option there, just says my refund has been issued as i requested - i did not request a refund!",52935,@127923 Please give us a call at: 0 800 279 7234. Keep us posted.  ^CO,Wed Nov 01 20:30:51 +0000 2017,127923,AmazonHelp,1,False,refund_return
52943,52934,"@AmazonHelp I didn't return it (never received it) and I dont want a refund, I want the book. :)","I didn't return it (never received it) and I dont want a refund, I want the book. :)",52932,"@127923 I'm sorry for the trouble, Daniela! Have you been able to view available resolution options here?: https://t.co/aaDyEz1VgE ^SD",Wed Nov 01 18:10:27 +0000 2017,127923,AmazonHelp,1,False,refund_return
52943,52936,"@AmazonHelp I am in Norway, is that an american number? Wow, been shopping a lot at Amazon lately, but i must say this time it was a letdown!","I am in Norway, is that an american number? Wow, been shopping a lot at Amazon lately, but i must say this time it was a letdown!",52938,"@127923 We can be reached at 1-206-266-2992, charges may apply. We're also available toll free here: https://t.co/hApLpMlfHN ^LR",Wed Nov 01 20:39:40 +0000 2017,127923,AmazonHelp,1,False,other
52943,52939,"@AmazonHelp So i will just accept the refund i did not ask for and buy the book in another place, thank you.","So i will just accept the refund i did not ask for and buy the book in another place, thank you.",52940,"@127923 We don't have access to your account, on Twitter. You'll want to contact us using the info above to explore that option. ^AF",Wed Nov 01 20:54:10 +0000 2017,127923,AmazonHelp,1,False,refund_return
52946,52945,"@AmazonHelp Since lollipop android is based on material design, so maybe using a material theme would be nice. Hint: use AppCompat theme https://t.co/BWhthvFnFp","Since lollipop android is based on material design, so maybe using a material theme would be nice. Hint: use AppCompat theme",52947,@127924 Thanks for your feedback and for letting us know about your experience with our app! ^GD,Wed Nov 01 18:35:42 +0000 2017,127924,AmazonHelp,1,False,other
52946,52946,"@115821 please update your app, these dialogs are OLD. https://t.co/PSM3eXuVIf","please update your app, these dialogs are OLD.",52944,@127924 Hi! What would you like to edit? ^GD,Wed Nov 01 18:25:26 +0000 2017,127924,AmazonHelp,1,False,other
52955,52955,.@115830 being prime for years and being treated like this. get you shit together amazon. #awefullcustumerservice #shame #whocares,. being prime for years and being treated like this. get you shit together amazon. #awefullcustumerservice #shame #whocares,52954,"@127927 I'm sorry for the trouble you're having, Jay. Can you let us know more about what's going on? ^EM",Wed Nov 01 18:26:16 +0000 2017,127927,AmazonHelp,1,False,other
5296,5296,Jamas volvere a comprar en @116875 :'v,Jamas volvere a comprar en :'v,5294,"@116926 ¡Hola! Lamentamos cualquier molestia ocasionada, ¿puedes contarnos lo sucedido? ^LC",Sun Nov 26 00:06:54 +0000 2017,116926,AmazonHelp,1,False,other
5300,5300,Just had my first @115821 Prime Now delivery. 2 hours flat 👏👏,Just had my first Prime Now delivery. 2 hours flat 👏👏,5299,@116929 Awesome! Enjoy! ^BL,Sun Nov 26 00:07:57 +0000 2017,116929,AmazonHelp,1,False,delivery_order_status
5302,5302,"砂来のウィッグ コロネロの使える思ってのんびりしてたら、家が引越し荷物だらけで探せなかったんは焦ったわぁ
(Amazonで頼んで昨日届いたありがとうprime)",砂来のウィッグ コロネロの使える思ってのんびりしてたら、家が引越し荷物だらけで探せなかったんは焦ったわぁ (Amazonで頼んで昨日届いたありがとうprime),5301,"@116930 Amazonをご利用いただき、ありがとうございます！
またのご利用お待ちしております(*´︶`*) TY",Sat Nov 25 23:47:19 +0000 2017,116930,AmazonHelp,1,False,other
5304,5304,"I have 2 echos and set up multi room music playback. How do you switch back and forth between multi room audio and playing on only one? Sometimes I like whole house, sometimes I don't want to wake up my wife.
@115833 #echo #alexa","I have 2 echos and set up multi room music playback. How do you switch back and forth between multi room audio and playing on only one? Sometimes I like whole house, sometimes I don't want to wake up my wife. #echo #alexa",5303,"@116931 Please try asking Alexa to stop playing your music, and then ask her to play your music again, but without referencing the ""Multi-Room Music group"" you were previously using: https://t.co/gR1MEFl0If ^JR",Sat Nov 25 23:59:44 +0000 2017,116931,AmazonHelp,1,False,device_digital_content
5315,5308,@AmazonHelp 10 hours ago.,10 hours ago.,5306,@116932 Gotcha- Let us know if you haven't heard back from them on Tuesday. ^BL,Sun Nov 26 00:13:29 +0000 2017,116932,AmazonHelp,1,False,other
5315,5312,"@AmazonHelp Still not working.  They sent me a link to reset the password, try and sign in with new password and still locked out.","Still not working. They sent me a link to reset the password, try and sign in with new password and still locked out.",5311,@116932 Did information get sent to our Accounts Specialists to look into when you contacted in? ^DO,Sat Nov 25 23:42:41 +0000 2017,116932,AmazonHelp,1,False,account_access
5315,5315,@AmazonHelp Someone keeps trying to buy playstation cards on my account.  Having a hard time getting customer service,Someone keeps trying to buy playstation cards on my account. Having a hard time getting customer service,5313,"@116932 Thanks for letting us know about this, Jon. We're here to help! We can be reached 24/7 here: https://t.co/hApLpMlfHN. Please do keep us in the loop. ^BL",Sat Nov 25 14:48:43 +0000 2017,116932,AmazonHelp,1,False,service_complaint
5319,5317,"@AmazonHelp Danke für die schnelle Antwort... ja, ich werde mal nachfragen, was da schiefgelaufen sein soll. Ihnen auch einen schönen Abend noch.","Danke für die schnelle Antwort... ja, ich werde mal nachfragen, was da schiefgelaufen sein soll. Ihnen auch einen schönen Abend noch.",5316,@116933 Danke :-),Sun Nov 26 00:07:40 +0000 2017,116933,AmazonHelp,1,False,other
5319,5319,"Ach schau an. Meine Bestellung war unzustellbar... @AmazonHelp, was ist da denn passiert? Bekomme ich mein Geld nun wieder?","Ach schau an. Meine Bestellung war unzustellbar... , was ist da denn passiert? Bekomme ich mein Geld nun wieder?",5318,@116933 Bei unzustellbaren Sendungen wird gewöhnlich nach Bearbeitung der Retoure eine Erstattung veranlasst. Den Grund können wir von hier aus leider nicht einsehen. Bei Fragen hierzu kannst du dich gerne per E-mail/Telefon an unseren Kundenservice wenden. Schönen Abend ^MH,Sat Nov 25 23:54:36 +0000 2017,116933,AmazonHelp,1,False,other
5331,5327,@AmazonHelp But why has every item got  3+ days processing time when it's usually next day,But why has every item got 3+ days processing time when it's usually next day,5329,@116936 Some deliveries may take slightly longer than usual. You can read more information on here: https://t.co/VrNzEOwawt ^KI,Sun Nov 26 09:54:28 +0000 2017,116936,AmazonHelp,1,False,other
5331,5328,@AmazonHelp Trying to place an order this happened before and deleting and rentering my address fixed it but now it's across multiple prime accounts to the same address,Trying to place an order this happened before and deleting and rentering my address fixed it but now it's across multiple prime accounts to the same address,5326,"@116936 Prime shipping refers to transit time after your orders ship, in working days. Some orders require additional processing and handling. The delivery date shown at checkout is the most accurate.  ^LR",Sun Nov 26 00:06:14 +0000 2017,116936,AmazonHelp,1,False,other
5331,5331,@AmazonHelp live chat down in the UK and as a prime member I cannot t get any items delivered before Tuesday whats going on?,live chat down in the UK and as a prime member I cannot t get any items delivered before Tuesday whats going on?,5330,"@116936 Hi there, I'm sorry for the delivery troubles! Just to confirm, are you trying to place an order right now, or is this an ongoing issue? Are we missing the promised delivery dates here: https://t.co/aaDyEz1VgE? ^DW",Sat Nov 25 19:49:27 +0000 2017,116936,AmazonHelp,1,False,delivery_order_status
53431,53431,えぇ…なんでサインインできないねん…8回ほど注文して代金も払ってるし、垢BANされる所が見当たらないんだけど…注文してないと垢BANされんの？ふざけてんの？ #Amazon,えぇ…なんでサインインできないねん…8回ほど注文して代金も払ってるし、垢BANされる所が見当たらないんだけど…注文してないと垢BANされんの？ふざけてんの？ #Amazon,53430,@128063 パスワードを変更いただいても問題が解決しない場合は、お手数ですがカスタマーサービスまでお問い合わせください。パスワード変更＞https://t.co/3lqcg5mn85　お問い合わせ＞https://t.co/J6YEizo6qC　MH,Wed Nov 22 19:28:03 +0000 2017,128063,AmazonHelp,1,False,other
53492,53492,@AmazonHelp Your company canceled an order for a child’s bday present that was to arrive 10/31 - no one called and support not helping,Your company canceled an order for a child’s bday present that was to arrive 10/31 - no one called and support not helping,53491,"@127951 Sorry about your gift, Daniel! A specialist from my team would like to reach out: https://t.co/KgRu93uPET ^JZ",Wed Nov 01 18:44:39 +0000 2017,127951,AmazonHelp,1,False,delivery_order_status
53494,53494,I didn't sign up for Amazon prime to get my order a day late of when I need it. 😒,I didn't sign up for Amazon prime to get my order a day late of when I need it. 😒,53493,@128084 Hey Morgan! I'm sorry for the frustration. We'd like to help if we can! Are you currently waiting on an order to come? ^AJ,Wed Nov 01 18:56:07 +0000 2017,128084,AmazonHelp,1,False,delivery_order_status
53496,53496,What is going on with @115830 delivery ? Item was due on Sunday and still hasn’t arrived! That’s 3 items late ! Why am I paying for Prime?,What is going on with delivery ? Item was due on Sunday and still hasn’t arrived! That’s 3 items late ! Why am I paying for Prime?,53495,"@128085 This isn't the experience we want you to have! Please reach out here, and we'll look into this: https://t.co/JzP7hlA23B ^WT",Wed Nov 01 18:52:25 +0000 2017,128085,AmazonHelp,1,False,delivery_order_status
53499,53498,@AmazonHelp is the prime video app available for Android devices,is the prime video app available for Android devices,53500,@128086 You can view all available platforms for Amazon Video here: https://t.co/4ZeDCLRlyK ^VB,Wed Nov 01 18:56:16 +0000 2017,128086,AmazonHelp,1,False,device_digital_content
53499,53499,@115821 @AmazonHelp Why cant we watch prime content on mobile devices,Why cant we watch prime content on mobile devices,53497,@128086 I'm sorry for the frustration! Are you trying to watch from the Prime Video app? ^AC,Wed Nov 01 18:52:33 +0000 2017,128086,AmazonHelp,1,False,other
53506,53506,Nunca había tenido tan mala experiencia con @116875,Nunca había tenido tan mala experiencia con,53504,"@128088 Hola Albert, ¿podrías comentarnos más sobre lo que ha ocurrido sin publicar detalles de tu cuenta? ^DA",Wed Nov 01 18:50:38 +0000 2017,128088,AmazonHelp,1,False,other
53506,53507,@AmazonHelp Si llega dañado de nuevo.,Si llega dañado de nuevo.,53508,@128088 Siento mucho que tuviste una mala experiencia. Puedes reportar esto al siguiente enlace: https://t.co/beR78zMMYB  ^JJ,Wed Nov 01 19:12:04 +0000 2017,128088,AmazonHelp,1,False,other
53513,53513,"@amazonhelp Hey there. I pre-ordered Xbox One X as soon as it became available, but no indication of delivery ETA yet and need to know asap.","Hey there. I pre-ordered Xbox One X as soon as it became available, but no indication of delivery ETA yet and need to know asap.",53511,"@128090 We'll deliver by the date listed here: https://t.co/Y5jpI9gRhE If it's pending, we'll e-mail you once we have an update. ^RA",Wed Nov 01 18:46:33 +0000 2017,128090,AmazonHelp,1,False,delivery_order_status
53513,53515,"@AmazonHelp OK, is there a way to change the shipping address to an Amazon locker then? My saved locker is not showing when I attempt this.","OK, is there a way to change the shipping address to an Amazon locker then? My saved locker is not showing when I attempt this.",53516,"@128090 We'd be happy to look into available options with you. Please reach us by phone or chat here: https://t.co/hApLpMlfHN
^CC",Wed Nov 01 21:24:05 +0000 2017,128090,AmazonHelp,1,False,delivery_order_status
53519,53519,. @115830 can you please justify why you accept this delivery as being 'handed to resident' and falsifying my signature? https://t.co/JjOUpatBV4,. can you please justify why you accept this delivery as being 'handed to resident' and falsifying my signature?,53518,@128091 I'm sorry for the trouble! Please provide your info within the link so we may properly assist you: https://t.co/ngl6hbvWn8 ^WM,Wed Nov 01 18:44:46 +0000 2017,128091,AmazonHelp,1,False,delivery_order_status
53522,53521,@115821 @AmazonHelp Why do I even pay for amazon prime,Why do I even pay for amazon prime,53520,@128092 I'm sorry about the delay! Please reach out to us via phone/chat here: https://t.co/hApLpMlfHN for more assistance with this. ^TK,Wed Nov 01 18:45:22 +0000 2017,128092,AmazonHelp,1,False,other
52929,53524,@128093 @116875 Hace un mes eran una maravilla. Y se suponía que Amazon Logistics era confiable.,Hace un mes eran una maravilla. Y se suponía que Amazon Logistics era confiable.,53523,"@127922 Queremos verificar tu caso más detalladamente, por favor, ingresa en el siguiente enlace: https://t.co/lFwwV5Aa8g ^HC",Wed Nov 01 18:39:32 +0000 2017,127922,AmazonHelp,1,False,other
54364,54364,Right just cancel the order @AmazonHelp December the 5th was not the agreed date it was today! @118373 @128305 3rd time this month it's joke!,Right just cancel the order December the 5th was not the agreed date it was today! 3rd time this month it's joke!,54363,"@128304 I'm terribly sorry your package was delayed! We'd like to look into this for you! When your packages are delayed, do you see a trend in the carrier?  ^AR",Thu Nov 30 20:34:59 +0000 2017,128304,AmazonHelp,1,False,delivery_order_status
54377,54375,"@AmazonHelp i hav replied 2 that email. no response. talked to chat support, they telling me to get replacement from @3073","i hav replied 2 that email. no response. talked to chat support, they telling me to get replacement from",54374,"@128307 I get your concern, Harshad. Apologies for the experience. Please reply to the email sent by our team. We'll assist you. ^SV",Wed Nov 01 19:05:41 +0000 2017,128307,AmazonHelp,1,False,refund_return
54377,54377,@115850 I am disappointed with @128308 and their no response to my problem with  @128308 Remote that has stopped working,I am disappointed with and their no response to my problem with Remote that has stopped working,54376,"@128307 I'm sorry for the inconvenience, Harshad. Please reply to the same email for further assistance and we'll look into this. ^MK",Wed Nov 01 18:00:52 +0000 2017,128307,AmazonHelp,1,False,service_complaint
54380,54379,@AmazonHelp Normalement c'était entre 2 et 5 semaines après le 6 août. Et toujours rien..,Normalement c'était entre 2 et 5 semaines après le 6 août. Et toujours rien..,54381,@128309 Nous tenons à regarder cela de plus près et vous aidez. S’il vous plaît contactez-nous ici: https://t.co/hgIrz98cdI ^BR,Wed Nov 01 19:18:11 +0000 2017,128309,AmazonHelp,1,False,other
54380,54380,@120533 C'est normal que je n'ai toujours pas reçu un colis qui devait arriver il y a 2-3 semaines minimum ?,C'est normal que je n'ai toujours pas reçu un colis qui devait arriver il y a 2-3 semaines minimum ?,54378,"@128309 Bonjour, navrée pour ce retard, quelle est la date de livraison indiquée dans le mail de confirmation de commande ? ^ASZ",Wed Nov 01 19:08:06 +0000 2017,128309,AmazonHelp,1,False,delivery_order_status
54380,54382,"@AmazonHelp Et bien je ne peux pas accéder à mon compte, il a été bloqué","Et bien je ne peux pas accéder à mon compte, il a été bloqué",54383,"@128309 Je vous comprend et j'en suis navrée, veuillez nous joindre directement ici: https://t.co/MBTDQi7u2J . ^ASZ",Wed Nov 01 19:26:36 +0000 2017,128309,AmazonHelp,1,False,other
54385,54385,"@116875 Hice una devolución hace más de 2 semanas, y aún no tengo noticias del reembolso o el reemplazo. Dónde puedo consultar el status?","Hice una devolución hace más de 2 semanas, y aún no tengo noticias del reembolso o el reemplazo. Dónde puedo consultar el status?",54384,"@128310 Hola, lamentamos el inconveniente. ¿Has verificado esta información? : https://t.co/A0iF7DeSJc . ^MB",Wed Nov 01 19:02:14 +0000 2017,128310,AmazonHelp,1,False,other
54388,54387,@AmazonHelp Não estou conseguindo sincronizar os livros que baixei pelo serviço Unlimited no meu aparelho. Aparece uma mensagem de que está pendente,Não estou conseguindo sincronizar os livros que baixei pelo serviço Unlimited no meu aparelho. Aparece uma mensagem de que está pendente,54389,@128311 Olá Thalyta! Sinto muito em saber do inconveniente! Por gentileza acesse o seguinte link: https://t.co/GnA4dCmKdN   ^JJ,Wed Nov 01 19:25:00 +0000 2017,128311,AmazonHelp,1,False,other
54388,54388,.@117804 respondam meu email. Quero passar o feriado lendo meus livros. Agradecida!,. respondam meu email. Quero passar o feriado lendo meus livros. Agradecida!,54386,"@128311 Oi Talyta! Sem compartilhar informações pessoais como número de pedido, poderia nos fornecer mais detalhes do acontecido? ^HC",Wed Nov 01 19:01:43 +0000 2017,128311,AmazonHelp,1,False,other
54388,54390,"@AmazonHelp Meu aparelho é a 7ª edição, não consegui resolver o meu problema. :(","Meu aparelho é a 7ª edição, não consegui resolver o meu problema. :(",54391,"@128311 Thalyta, você tentou os seguintes passos: https://t.co/oPQjuhAicE? ^LG",Wed Nov 01 20:22:55 +0000 2017,128311,AmazonHelp,1,False,other
54388,54392,"@AmazonHelp Consegui resolver o problema, mas precisei redefinir o aparelho. Obrigada!","Consegui resolver o problema, mas precisei redefinir o aparelho. Obrigada!",54393,@128311 Nada Thalyta! Estamos para ajudar! 😃💟📚 ^JJ,Wed Nov 01 20:42:33 +0000 2017,128311,AmazonHelp,1,False,other
54401,54401,@AmazonHelp ive signed up to prime student about a week ago with 6 months free so why is it saying theres a problem with my card? https://t.co/EvBkqR1APB,ive signed up to prime student about a week ago with 6 months free so why is it saying theres a problem with my card?,54400,@128313 I'm sorry for the trouble! Please reach out to us here: https://t.co/JzP7hlA23B so we can look into this with you. ^AH,Wed Nov 01 19:03:38 +0000 2017,128313,AmazonHelp,1,False,prime_membership
54403,54403,@115821 trying desperately 2 use reward points-not recognizing that have almost 9K 2 use. Using the Message Center is a joke...help please!,trying desperately 2 use reward points-not recognizing that have almost 9K 2 use. Using the Message Center is a joke...help please!,54402,@128314 We can help! Can you tell us more about what's going on without posting account information or order details? ^KJ,Wed Nov 01 18:49:21 +0000 2017,128314,AmazonHelp,1,False,other
54406,54405,"@AmazonHelp «COLIS PRIVE» il  y a écrit sur le suivi de colis. 
à savoir que j'ai un deuxième colis qui devait arriver hier mais celui-ci, pas d'avis","«COLIS PRIVE» il y a écrit sur le suivi de colis. à savoir que j'ai un deuxième colis qui devait arriver hier mais celui-ci, pas d'avis",54407,@128315 Je vous invite à contacter notre SAV pour signaler cela et remonter cet incident au service en charge des transporteurs. ^ASZ,Wed Nov 01 19:15:11 +0000 2017,128315,AmazonHelp,1,False,delivery_order_status
54406,54406,"Euh. @120533 c'est quoi vos avis de passage ?
Le livreur il à dechirer mon carton pour le faire ? https://t.co/UZGYNmXO1d",Euh. c'est quoi vos avis de passage ? Le livreur il à dechirer mon carton pour le faire ?,54404,"@128315 Bonjour, je suis navrée pour cet incident, quel est le transporteur qui prend en charge votre livraison ? ^ASZ",Wed Nov 01 19:06:33 +0000 2017,128315,AmazonHelp,1,False,other
54406,54408,@AmazonHelp et pour l'avis de passage ? j'en fais quoi ? la poste peut me filer mon colis avec ce petit bout bois ?,et pour l'avis de passage ? j'en fais quoi ? la poste peut me filer mon colis avec ce petit bout bois ?,54409,@128315 Vous présentez juste votre pièce d’identité pour pouvoir retirer votre commande. ^BR,Wed Nov 01 19:29:20 +0000 2017,128315,AmazonHelp,1,False,other
54406,54410,@AmazonHelp merci,merci,54411,"@128315 Je vous prie, très bonne soirée. ^ASZ",Wed Nov 01 19:41:31 +0000 2017,128315,AmazonHelp,1,False,other
54424,54424,Really? @AmazonHelp why would someone fold computer paper in half to be shipped in a package that would have fit it anyways... https://t.co/8uSmob1ufC,Really? why would someone fold computer paper in half to be shipped in a package that would have fit it anyways...,54423,"@128318 I'm so sorry about that, Rene! We'd like to look at a few options with you. Please reach us here: https://t.co/hApLpMlfHN ^BL",Wed Nov 01 18:52:52 +0000 2017,128318,AmazonHelp,1,False,delivery_order_status
55035,55035,@115850 worst customer support and escalation team. You guys will never change. Always provide wrong information to your clients.,worst customer support and escalation team. You guys will never change. Always provide wrong information to your clients.,55034,@128476 Sorry about the inconvenience. Could you please tell us what went wrong so we can help you? ^NR,Wed Nov 01 19:15:32 +0000 2017,128476,AmazonHelp,1,False,service_complaint
55037,55037,@AmazonHelp When will my pre-order for CoD: WWII arrive? Does it arrive Thursday night for the midnight release or must we wait until Fri?,When will my pre-order for CoD: WWII arrive? Does it arrive Thursday night for the midnight release or must we wait until Fri?,55036,@128477 When you placed your pre-order we would have sent you an order confirmation email. What delivery info is given in the e-mail? ^AR,Wed Nov 01 19:06:06 +0000 2017,128477,AmazonHelp,1,False,delivery_order_status
55041,55039,@AmazonHelp It says by November 3rd at 8 pm. I am just getting worried because that’s 2 days away now.,It says by November 3rd at 8 pm. I am just getting worried because that’s 2 days away now.,55038,@128478 It's not uncommon for items to ship and arrive the same day. Please keep an eye on your inbox for a shipping notification. ^RA,Wed Nov 01 19:15:24 +0000 2017,128478,AmazonHelp,1,False,other
55041,55041,@AmazonHelp My order still says “Preparing for shipment” and I ordered it October 25. 😔,My order still says “Preparing for shipment” and I ordered it October 25. 😔,55040,"@128478 Have we missed our expected delivery date here: https://t.co/Y5jpI9gRhE Please do let us know, we're here for you! ^JE",Wed Nov 01 19:12:08 +0000 2017,128478,AmazonHelp,1,False,delivery_order_status
55044,55044,"where my AR view at @amazonhelp 

https://t.co/CicLry8lTc https://t.co/cQtfqifZSj",where my AR view at,55042,"@128479 Have you had a chance to check for updates on the app? If this doesn't work, please try to uninstall and reinstall the app. ^GR",Wed Nov 01 19:12:57 +0000 2017,128479,AmazonHelp,1,False,other
55049,55048,@AmazonHelp DM,DM,55050,"@127283 Thank you for reaching out today. I've responded to the DM you sent us, please let us know if you'd prefer that we reply here! ^GR",Wed Nov 01 19:27:51 +0000 2017,127283,AmazonHelp,1,False,other
55049,55049,".@115821 wants 6.99 for one day shipping but are unreliable, second time this has happened. Where's my order?",". wants 6.99 for one day shipping but are unreliable, second time this has happened. Where's my order?",55047,@127283 I'm sorry that we've let you down. What's the tracking information state here: https://t.co/Y5jpI9gRhE? ^TR,Wed Nov 01 19:16:03 +0000 2017,127283,AmazonHelp,1,False,delivery_order_status
55052,55052,@115850 Order ID: 171-7504339-9867535. return is complete and refund has issued. But i haven't received any amount till now.,Order ID: 171-7504339-9867535. return is complete and refund has issued. But i haven't received any amount till now.,55051,"@128481 Please don't provide your order details, we consider it personal info. Our Twitter page is visible to public. (3/3) ^SV",Wed Nov 01 19:04:27 +0000 2017,128481,AmazonHelp,3,False,refund_return
55059,55058,"@AmazonHelp yes I have been through all of the steps. I will check with nighbours further down the street tomorrow, but no notification of delivery 1/2","yes I have been through all of the steps. I will check with nighbours further down the street tomorrow, but no notification of delivery 1/2",55060,"@128483 Sorry for the frustration. When you have time, give us a shout here: https://t.co/JzP7hlA23B. We can assist in real-time. ^SK",Wed Nov 01 20:08:21 +0000 2017,128483,AmazonHelp,1,False,delivery_order_status
55059,55059,@115830 @AmazonHelp I have an order that says delivered yesterday by amazon shipping but it hasn’t been delivered. What can I do?,I have an order that says delivered yesterday by amazon shipping but it hasn’t been delivered. What can I do?,55057,"@128483 We're here to help! Have you explored all steps to locate your parcel here: https://t.co/8i2HpyhtwC ? Let us know, please! ^JE",Wed Nov 01 19:12:37 +0000 2017,128483,AmazonHelp,1,False,delivery_order_status
56830,56829,@AmazonHelp why not help . us here? Your seller support is kind of dumb robots and not expecting any help or resolution from them! So better ans here.,why not help . us here? Your seller support is kind of dumb robots and not expecting any help or resolution from them! So better ans here.,56831,@128875 We're unable to access your account details over Twitter. Kindly share them on the link above and we'll contact you soon. ^PS,Thu Nov 02 04:13:54 +0000 2017,128875,AmazonHelp,1,False,seller_marketplace
56830,56830,#Hearusamazon @115850 @115821 @115851 @3161 @128876 https://t.co/qjx5nccDLO,#Hearusamazon,56828,@128875 here: https://t.co/GIJyeYqKE0 and I'll look into this for you. (2/2)^SQ,Wed Nov 01 19:36:26 +0000 2017,128875,AmazonHelp,2,False,other
56830,56832,@AmazonHelp seller name: ECellStreet Global (India Division) Tell us what more you need?,seller name: ECellStreet Global (India Division) Tell us what more you need?,56833,@128875 our specific team once we receive your details here: https://t.co/GIJyeYqKE0 appreciate your understanding. 2/2 ^MJ,Thu Nov 02 05:06:42 +0000 2017,128875,AmazonHelp,2,False,seller_marketplace
56830,56835,@AmazonHelp 4 days since form filled! no updates since then. Shows how much you guys are concerned! Y waste our time by filling dse forms then?,4 days since form filled! no updates since then. Shows how much you guys are concerned! Y waste our time by filling dse forms then?,56836,"@128875 If you've shared your details, you should've received a correspondence from us. Kindly check here: https://t.co/8DAc10S7ww ^AK",Mon Nov 06 06:43:59 +0000 2017,128875,AmazonHelp,1,False,other
56830,56837,@AmazonHelp Only received a scripted copy&gt;pasted reply on this. 5 days ago. No actions or updates since then.,Only received a scripted copy&gt;pasted reply on this. 5 days ago. No actions or updates since then.,56838,@128875 Please reply to the email for further insight on it. We cannot your order/account on social platform. ^RW,Mon Nov 06 07:14:30 +0000 2017,128875,AmazonHelp,1,False,other
56830,56840,@AmazonHelp we have been hearing that since 2 years. Almost 60k monthly is being chewed on wrong shipping updates! Still no actions. #HearUsAmazon,we have been hearing that since 2 years. Almost 60k monthly is being chewed on wrong shipping updates! Still no actions. #HearUsAmazon,56841,@128875 I understand your concern. Request you to share your details in the link provided earlier and we'll help you with this. ^SQ,Wed Nov 01 20:35:30 +0000 2017,128875,AmazonHelp,1,False,delivery_order_status
56851,56851,@120474 Morrissey presale allowing buying 2 tickets  for 2 venues(altho email said 1 venue only).Will 2nd order be ok or cancelled?,Morrissey presale allowing buying 2 tickets for 2 venues(altho email said 1 venue only).Will 2nd order be ok or cancelled?,56849,@128879 Hi! We'll be best-equipped to provide insight about this if you reach out to us here: https://t.co/5BkTaIxWoU ^WT,Wed Nov 01 19:53:57 +0000 2017,128879,AmazonHelp,1,False,other
56854,56853,@AmazonHelp UPS surepost,UPS surepost,56855,"@128880 We'd like to look into this for you. Please, contact us here: https://t.co/hApLpMlfHN for help. ^BT",Wed Nov 01 21:38:29 +0000 2017,128880,AmazonHelp,1,False,other
56854,56854,@115821 what do you mean my package can't be delivered. I've had packages dropped off at the address before,what do you mean my package can't be delivered. I've had packages dropped off at the address before,56852,@128880 I'm sorry for the trouble! What does the tracking say who the carrier is? https://t.co/Y5jpI9gRhE ^MH,Wed Nov 01 19:50:21 +0000 2017,128880,AmazonHelp,1,False,delivery_order_status
56859,56859,.@115821 why is my account being hacked like every week now...! https://t.co/zToW3sG9CC,. why is my account being hacked like every week now...!,56856,"@128881 I'm sorry for the account issues, Liza! Have you received an e-mail from our Account Specialists? ^WT",Wed Nov 01 19:49:01 +0000 2017,128881,AmazonHelp,1,False,account_access
56862,56861,@AmazonHelp I’ve called to customer service @115821 and they were very helpful and solved the situation to perfection. Thank you!,I’ve called to customer service and they were very helpful and solved the situation to perfection. Thank you!,56863,@128882 Thanks for the feedback! Glad we could provide awesome service for you! Be sure to fill out the survey sent to your e-mail! ^KN,Thu Nov 02 16:17:31 +0000 2017,128882,AmazonHelp,1,False,service_complaint
56862,56862,"My friend bought stuff @115821 to deliver to me, the order was incomplete. they say it was signed by HER who was in Brazil.","My friend bought stuff to deliver to me, the order was incomplete. they say it was signed by HER who was in Brazil.",56860,@128882 I'm sorry about the trouble with your order. We'd like to look into all available options here: https://t.co/hApLpMlfHN ^LI,Wed Nov 01 19:46:16 +0000 2017,128882,AmazonHelp,1,False,delivery_order_status
56865,56865,@115821 what a load of bullshit no one tried to deliver it!!! https://t.co/Q3fkD877yI,what a load of bullshit no one tried to deliver it!!!,56864,@128883 I'm sorry for any inconvenience! Most delayed deliveries arrive the next business day. Please keep us posted! ^KJ,Wed Nov 01 19:47:37 +0000 2017,128883,AmazonHelp,1,False,delivery_order_status
56872,56871,@AmazonHelp &amp; y is It so?,&amp; y is It so?,56873,@128885 the availability of the item to your pincode. 2/2 ^SH,Thu Nov 02 02:48:32 +0000 2017,128885,AmazonHelp,2,False,other
56872,56872,Hey @115850 being resident of Maharashtra (1 of Indian states). M I eligible to buy/avail today's exclusive redmi 4a sell starting 12pm?,Hey being resident of Maharashtra (1 of Indian states). M I eligible to buy/avail today's exclusive redmi 4a sell starting 12pm?,56870,"@128885 If your pin code is eligible, you'll be able to place the order. ^MK",Wed Nov 01 19:43:40 +0000 2017,128885,AmazonHelp,1,False,other
56872,56875,@AmazonHelp Well I'm gonna try certain pin codes from Pune or Kolhapur. Hope it's enough to grab one of those very few,Well I'm gonna try certain pin codes from Pune or Kolhapur. Hope it's enough to grab one of those very few,56876,@128885 address and proceed to the Pay method page. (2/2) ^GK,Thu Nov 02 03:23:53 +0000 2017,128885,AmazonHelp,2,False,other
56872,56879,"@AmazonHelp Or any other from Maharashtra state, then probably need to mention it's not for Maharashtra state. We won't bother checking it 2nd time 2/n","Or any other from Maharashtra state, then probably need to mention it's not for Maharashtra state. We won't bother checking it 2nd time 2/n",56881,@128885 Kindly help us with your pincode and we'll let you know if the item can be delivered to it. ^SH,Thu Nov 02 03:50:36 +0000 2017,128885,AmazonHelp,1,False,other
56872,56883,"@AmazonHelp 416 003 or 416 012 are my first choice of pin codes..
If it's not eligible then I'm going with 416030 which is pune based pin code.",416 003 or 416 012 are my first choice of pin codes.. If it's not eligible then I'm going with 416030 which is pune based pin code.,56884,@128885 416003 or 416012 are eligible for delivery in your location. Stay tuned to place the order soon. ^VM,Thu Nov 02 04:14:33 +0000 2017,128885,AmazonHelp,1,False,other
56872,56885,@AmazonHelp Thank you very much for addressing my concern this short notice.,Thank you very much for addressing my concern this short notice.,56886,@128885 You're welcome! ^GK,Thu Nov 02 04:36:37 +0000 2017,128885,AmazonHelp,1,False,other
56894,56894,"&gt;Die Lieferung wurde verzögert, da kein Schließfach frei war. 
Damit ist das Experiment ""Amazon Locker"" für mich gescheitert. 
@116316","&gt;Die Lieferung wurde verzögert, da kein Schließfach frei war. Damit ist das Experiment ""Amazon Locker"" für mich gescheitert.",56892,@128887 Sehr ärgerlich. Dein Feedback gebe ich gerne weiter. Liebe Grüße ^MI,Wed Nov 01 19:48:20 +0000 2017,128887,AmazonHelp,1,False,delivery_order_status
56898,56897,"@AmazonHelp The measure of a company, is how it responds when it gets it wrong. When @115830 cocks up, it rubs salt into any wounds it has opened.","The measure of a company, is how it responds when it gets it wrong. When cocks up, it rubs salt into any wounds it has opened.",56899,"@128888 We can't see account information on Twitter. So, without giving sensitive information, what options were you provided with? -DA",Thu Nov 02 12:10:19 +0000 2017,128888,AmazonHelp,1,False,other
56898,56898,"On call to @115830 for 4th time. None will collect damaged TV. Told @116324 will, but dimension and weight limits mean only unboxed. Mad","On call to for 4th time. None will collect damaged TV. Told will, but dimension and weight limits mean only unboxed. Mad",56895,"@128888 I'm sorry for the trouble with this! Please keep us posted on the outcome of your call, we want to ensure this is resolved! ^SB",Wed Nov 01 19:48:12 +0000 2017,128888,AmazonHelp,1,False,item_quality_issue
56898,56900,@AmazonHelp Just had even more damaged replacement TV delivered. You overpackage unbreakable items and add no packaging to TVs. Muppets. now 31 min wait,Just had even more damaged replacement TV delivered. You overpackage unbreakable items and add no packaging to TVs. Muppets. now 31 min wait,56901,"@128888 Sorry to hear, if you are currently speaking to an agent they should be able to rectify this. Please keep us updated. ^JJ",Thu Nov 02 14:06:41 +0000 2017,128888,AmazonHelp,1,False,refund_return
56911,56908,@AmazonHelp 2/2 what time do you stop delivering?,2/2 what time do you stop delivering?,56906,"@128889 Orders can still be delivered up to 21:00. If not delivered by then, please call or chat here: https://t.co/JzP7hlA23B ^MH",Wed Nov 01 19:42:22 +0000 2017,128889,AmazonHelp,1,False,delivery_order_status
56911,56911,"@AmazonHelp so, email to say package out for delivery today....just got home, no package, no note, no email? What’s going on?! Not next day!","so, email to say package out for delivery today....just got home, no package, no note, no email? What’s going on?! Not next day!",56909,@128889 I'm sorry for the trouble! Have you tried these troubleshooting steps to locate your parcel: https://t.co/yc2ajS0uMe? ^WM,Wed Nov 01 19:34:59 +0000 2017,128889,AmazonHelp,1,False,delivery_order_status
56923,56917,"@AmazonHelp 1/2 Safe to say won't be delivered this evening How long do I have to wait? If I have to reorder which seems highly likely, Friday delivery","1/2 Safe to say won't be delivered this evening How long do I have to wait? If I have to reorder which seems highly likely, Friday delivery",56921,@128891 I'm sorry for this delay. We'd like to have someone look into this w/ you. Please contact us here: https://t.co/hApLpMlfHN ^HS,Thu Nov 02 01:40:09 +0000 2017,128891,AmazonHelp,1,False,delivery_order_status
56923,56918,"@115821 Sounds like it's been delivered to the wrong address... No building on my block has a ""Mail Room""","Sounds like it's been delivered to the wrong address... No building on my block has a ""Mail Room""",56915,"@128891 At times, a package can be mis-scanned. In most cases packages arrive within 24 hours. If not, please contact us back. ^AF",Wed Nov 01 19:34:28 +0000 2017,128891,AmazonHelp,1,False,delivery_order_status
56927,56925,"@AmazonHelp Today, I have a Prime order that should have been delivered yesterday that I had to file a formal complaint over in order to get it.","Today, I have a Prime order that should have been delivered yesterday that I had to file a formal complaint over in order to get it.",56929,@128892 We understand our choice of carrier reflects on our business. Please let us know if you have any further issues with UPS. ^MB,Wed Nov 01 19:48:34 +0000 2017,128892,AmazonHelp,1,False,delivery_order_status
56927,56927,"How much would I have to spend on @115821 Prime to have the ability to choose my own carrier over UPS? After today's fiasco, done w/them.","How much would I have to spend on Prime to have the ability to choose my own carrier over UPS? After today's fiasco, done w/them.",56924,"@128892 Sorry about any delivery trouble. Without posting account info, can you tell us more? Are you currently having trouble? ^LI",Wed Nov 01 19:41:18 +0000 2017,128892,AmazonHelp,1,False,other
56932,56932,@115850 How can refunds this my money https://t.co/vzd9YnpQ6U,How can refunds this my money,56931,"@125123 Please don't provide your details, we consider it personal information. Our Twitter page is visible to public. 3/3 ^HD",Wed Nov 01 19:28:41 +0000 2017,125123,AmazonHelp,2,False,refund_return
57309,57309,娘が誕生日にペロペロキャンディが欲しいと言うのでAmazonで買ったらプチプチ封筒にそのまま入れられてポスト投函って‥これは割れるの前提って事なの‥？ https://t.co/8980ADtEY5,娘が誕生日にペロペロキャンディが欲しいと言うのでAmazonで買ったらプチプチ封筒にそのまま入れられてポスト投函って‥これは割れるの前提って事なの‥？,57308,@128986 せっかく誕生日のお祝いとしてご注文いただきました商品に損傷があり、大変ご迷惑をおかけしております。ご注文商品を確認のうえ対応させていただきますびで、お手数ですがリンクよりお問い合わせください。https://t.co/J6YEizo6qC　MH,Thu Nov 23 00:56:51 +0000 2017,128986,AmazonHelp,1,True,other
57421,57421,"#HearUsAmazon

Fed up with garbage returns / No Track on our returns @115850 @115851 @128876 https://t.co/DgIvsmyaKT",#HearUsAmazon Fed up with garbage returns / No Track on our returns,57420,@129022 Sorry about the trouble with the returns. Please connect with us here: https://t.co/isRjP4ZiBn and we'll get this checked. ^HD,Wed Nov 01 20:06:09 +0000 2017,129022,AmazonHelp,1,False,other
57425,57424,@AmazonHelp Ive done that but it only gives me the option of the 1 months free trial and then £9.99 a month after. No way of clicking on the linkyousent,Ive done that but it only gives me the option of the 1 months free trial and then £9.99 a month after. No way of clicking on the linkyousent,57426,@129023 Hmm.. Let's look into this together. Reach out via phone or chat here: https://t.co/JzP7hlA23B ^MT,Wed Nov 01 20:15:20 +0000 2017,129023,AmazonHelp,1,False,prime_membership
57425,57425,@AmazonHelp hi I have an echo plus  and cannot use the £3.99 echo only music option. Can you tell me how? Only gives option for £9.99version,hi I have an echo plus and cannot use the £3.99 echo only music option. Can you tell me how? Only gives option for £9.99version,57423,"@129023 Hey, Ben! Please try saying ""Alexa, try Amazon Music Unlimited."" You can find more information here: https://t.co/RxoeZALk2j ^LA",Wed Nov 01 19:13:37 +0000 2017,129023,AmazonHelp,1,False,device_digital_content
57430,57428,"@AmazonHelp It say's ""Could not set your address. Please ensure you have correctly entered a complete address"" when I am entering my India address","It say's ""Could not set your address. Please ensure you have correctly entered a complete address"" when I am entering my India address",57427,"@129024 Sorry for the inconvenience, Karna. Please report this to our team here: https://t.co/TdDksLo6Mf and we'll look into this. ^MK",Wed Nov 01 20:07:14 +0000 2017,129024,AmazonHelp,1,False,other
57430,57430,"@115833   Finally got Echo in India. However, unable to update my location to Mumbai India.","Finally got Echo in India. However, unable to update my location to Mumbai India.",57429,"@129024 That is unusual, Could you please let us know the error that you are receiving ? ^KS",Wed Nov 01 19:56:06 +0000 2017,129024,AmazonHelp,1,False,other
57432,57432,Viendo el primer episodio de @3238 en @123813. Quedé enganchado. Altamente recimendable la #Serie. #AmericanGods. 🎬,Viendo el primer episodio de en . Quedé enganchado. Altamente recimendable la #Serie. #AmericanGods. 🎬,57431,@129025 ¡Genial Dannicius! ¿Qué es lo que más te ha gustado? 😄📺 ^KS,Wed Nov 01 19:58:37 +0000 2017,129025,AmazonHelp,1,False,other
57438,57434,@AmazonHelp Perfect thank you!,Perfect thank you!,57433,"@129026 You're very welcome, Louise! Please let us know if you ever have any other questions or concerns. ^WJ",Wed Nov 01 20:06:16 +0000 2017,129026,AmazonHelp,1,False,other
57438,57436,@AmazonHelp Yeah it’s this https://t.co/H8nMUU538E,Yeah it’s this,57435,"@129026 Does the book appear in your library: https://t.co/GbJiMPWR8d? If so, select the book and click deliver to send to Kindle. ^MB",Wed Nov 01 19:53:15 +0000 2017,129026,AmazonHelp,1,False,other
57438,57438,@AmazonHelp preordered a book on kindle in September. It says the release date was 21st Sept but it’s still not on my kindle. Can you help?,preordered a book on kindle in September. It says the release date was 21st Sept but it’s still not on my kindle. Can you help?,57437,@129026 I'm sorry you haven't received the book yet! Would you be able to link us to the book you pre-ordered? ^DD,Wed Nov 01 19:35:05 +0000 2017,129026,AmazonHelp,1,False,device_digital_content
57441,57441,Another great @115821 packaging moment. I order two identical items and they post them in separate packages. Really? https://t.co/gHlO86g2Tg,Another great packaging moment. I order two identical items and they post them in separate packages. Really?,57439,@129027 We'd appreciate your feedback! You can leave packaging feedback here: https://t.co/IO9j3ENEGR ^BA,Wed Nov 01 20:03:17 +0000 2017,129027,AmazonHelp,1,False,delivery_order_status
57444,57444,Looking for a new trackball mouse and found this one for $324.  @115821 I’m not sure it should be that much. https://t.co/SorK80J3KC,Looking for a new trackball mouse and found this one for $324. I’m not sure it should be that much.,57442,@129028 Thank you for letting us know! I've reported this to the correct team for review. ^SB,Wed Nov 01 19:56:37 +0000 2017,129028,AmazonHelp,1,False,other
57446,57446,Look how @115821 decided to ship my $350 Graphics Card. You can't be serious🤦‍♂️. https://t.co/y5QF6vGK9G,Look how decided to ship my $350 Graphics Card. You can't be serious🤦‍♂️.,57445,"@129030 Some items will ship in the manufacture packaging to prevent this, please see here: https://t.co/zQmVweovSp ^CO",Wed Nov 01 19:25:22 +0000 2017,129030,AmazonHelp,1,False,other
57448,57448,Seriously though @115830 I paid for next day delivery yesterday morning at 7 o’clock It’s 35 hours later and my order still hasn’t arrived,Seriously though I paid for next day delivery yesterday morning at 7 o’clock It’s 35 hours later and my order still hasn’t arrived,57447,"@129031 So sorry for the delay, Lewis! We want to help! What is the current order status shown here: https://t.co/aaDyEz1VgE ^AD",Wed Nov 01 20:01:22 +0000 2017,129031,AmazonHelp,1,False,delivery_order_status
57448,57449,@115830 The order status says it’s out for delivery and was expected to be delivered by 9pm. It’s now 9:15om and I still don’t have it,The order status says it’s out for delivery and was expected to be delivered by 9pm. It’s now 9:15om and I still don’t have it,61048,"@129031 Thanks for keeping us posted, Lewis! Please contact us by Phone or Chat: https://t.co/JzP7hlA23B . Keep us posted! ^FR",Wed Nov 01 21:13:53 +0000 2017,129031,AmazonHelp,1,False,delivery_order_status
57464,57462,@AmazonHelp I appreciate this go wrong but your support teams (until today) would only read the contents of my order page to me and not help,I appreciate this go wrong but your support teams (until today) would only read the contents of my order page to me and not help,57465,@129033 I'm really sorry for this experience! Please keep us posted on your replacement delivery. ^HS,Wed Nov 01 20:05:21 +0000 2017,129033,AmazonHelp,1,False,delivery_order_status
57464,57464,"Pretty terrible experience with @115830, ordered with prime Friday and still no package, policies over customers is their new approach :(","Pretty terrible experience with , ordered with prime Friday and still no package, policies over customers is their new approach :(",57461,@129033 I'm sorry for the wait! What is the delivery date shown in Your Orders here: https://t.co/BQmcNXViiI? Has this date passed? ^SJ,Wed Nov 01 19:46:11 +0000 2017,129033,AmazonHelp,1,False,delivery_order_status
57472,57467,"@AmazonHelp This'll be the second return in as many days, what guarantee have I got that I'm going to get an undamaged record...3rd time lucky?!","This'll be the second return in as many days, what guarantee have I got that I'm going to get an undamaged record...3rd time lucky?!",57469,@129034 We are here for you! Please let us know if you have any further issues with your vinyl. ^BA,Wed Nov 01 20:23:46 +0000 2017,129034,AmazonHelp,1,False,item_quality_issue
57472,57468,"@AmazonHelp Another day, another bent vinyl from @115830. Do you have any quality control before sending out damaged products? https://t.co/ya9NAHI827","Another day, another bent vinyl from . Do you have any quality control before sending out damaged products?",57466,@129034 Hey Benno! I'm sorry your vinyl came that way. You can see all refund/replacement options here: https://t.co/UM6Pb0q0lx ^AJ,Wed Nov 01 19:57:44 +0000 2017,129034,AmazonHelp,1,False,item_quality_issue
57472,57472,After all this packaging for two items from @115830 and yet my vinyl is still bent! https://t.co/ybZhsvSKYF,After all this packaging for two items from and yet my vinyl is still bent!,57471,@129034 Oh no! I'm sorry your vinyl arrived damaged. Let's look into return/replace options here: https://t.co/2rHXNihdzY ^ZW,Fri Oct 27 12:42:19 +0000 2017,129034,AmazonHelp,1,False,other
57475,57475,Hey @117634 my kindle starting advancing left to right instead of right to left. How do I fix that?,Hey my kindle starting advancing left to right instead of right to left. How do I fix that?,57473,@129035 Great question! Have you tried any of these troubleshooting steps: https://t.co/phofknSjeE? Please let us know! ^KJ,Wed Nov 01 19:53:54 +0000 2017,129035,AmazonHelp,1,False,device_digital_content
57477,57477,Pay for @115821 prime and I’ve order 2 items in the last 2 days both I’ve had issues with delivery! Fuming!,Pay for prime and I’ve order 2 items in the last 2 days both I’ve had issues with delivery! Fuming!,57476,@129036 So sorry for the issues! Without sharing personal account information can you please provided additional information? ^LS,Wed Nov 01 19:56:27 +0000 2017,129036,AmazonHelp,1,False,delivery_order_status
5779,5778,@AmazonHelp Pago para tener el Prime con vosotros para que me tarden en llegar 10 dias? Reembolsadme la compra y lo compro en cualquier otro sitio,Pago para tener el Prime con vosotros para que me tarden en llegar 10 dias? Reembolsadme la compra y lo compro en cualquier otro sitio,5776,"@117084 Zainda, nos comentarías, ¿ya entraste en contacto con nuestro Servicio de Atención al Cliente? ^HC",Tue Oct 31 23:17:28 +0000 2017,117084,AmazonHelp,1,False,other
5782,5782,@117086 tem previsao para liberar a terceira temporada de #mrrobot no #amazonprimebrasil ?,tem previsao para liberar a terceira temporada de #mrrobot no #amazonprimebrasil ?,5780,"@117085 Olá, H.o! No momento não temos previsão, mas qualquer novidade será anunciada diretamente no nosso site e redes sociais. ^CR",Tue Oct 31 23:35:25 +0000 2017,117085,AmazonHelp,1,False,other
5789,5789,"@115850 I have stopped ordering from your site, Amazon courier guys are very rude. I have given similar complaints to u no of tyms.","I have stopped ordering from your site, Amazon courier guys are very rude. I have given similar complaints to u no of tyms.",5788,@117088 Please share your details here: https://t.co/GIJyeYqKE0 and I'll get in touch with you. 2/2 ^HD,Tue Oct 31 23:38:29 +0000 2017,117088,AmazonHelp,2,False,delivery_order_status
5801,5801,"I lost my signal while searching something in @115821 and since the page didn't load, this shows up...I am not even mad. #DogsForLife https://t.co/QhdOmksrrY","I lost my signal while searching something in and since the page didn't load, this shows up...I am not even mad. #DogsForLife",5800,"@117091 We know not having service is ruff, but dogs make everything better! 🐶  ^HM",Tue Oct 31 23:10:55 +0000 2017,117091,AmazonHelp,1,False,other
5803,5803,@117093 #HappyHalloween2017 from your biggest fan. Thank you for creating #efficient and #healthy households nationwide! https://t.co/06sKXnGayh,#HappyHalloween2017 from your biggest fan. Thank you for creating #efficient and #healthy households nationwide!,5802,"@117092 Thank YOU, Alisondra, for being one of our amazing customers! ^BE",Tue Oct 31 23:11:22 +0000 2017,117092,AmazonHelp,1,False,other
5806,5805,@117095 @115821 My audiobook hasn’t shipped (but the site still says I’ll get it by 8PM 🙄),My audiobook hasn’t shipped (but the site still says I’ll get it by 8PM 🙄),5804,@117094 I'm sorry for the wait! Please let us know if it does not arrive by 8PM. We want to make sure you receive the order. ^DD,Tue Oct 31 23:22:05 +0000 2017,117094,AmazonHelp,1,False,delivery_order_status
58082,58081,"@AmazonHelp I have not been emailed any status updates at all since I preordered the item over 2 months ago. so no, this is not true.","I have not been emailed any status updates at all since I preordered the item over 2 months ago. so no, this is not true.",58083,"@118081 We'd like to help! What's the current status of your order, shown here: https://t.co/Y5jpI9gRhE? ^AG",Wed Nov 01 20:32:53 +0000 2017,118081,AmazonHelp,1,False,service_complaint
58082,58082,I highly encourage everyone to NEVER preorder things from @115821 they can't provide an update on an item that i should have in 6 days.,I highly encourage everyone to NEVER preorder things from they can't provide an update on an item that i should have in 6 days.,58080,@118081 You will be e-mailed with any status updates. You can view communication here: https://t.co/GTzsyuWkmz ^AF,Wed Nov 01 20:24:38 +0000 2017,118081,AmazonHelp,1,False,other
58087,58087,@AmazonHelp can I DM you instead?,can I DM you instead?,58085,"@129186 I've just replied to your DM, thank you for your patience! ^LA",Wed Nov 01 19:58:05 +0000 2017,129186,AmazonHelp,1,False,other
58091,58090,"@AmazonHelp If it's in stock, why wouldn't it ship today or tomorrow?","If it's in stock, why wouldn't it ship today or tomorrow?",58093,@129187 I'm sorry for the trouble! Some items take additional time to process for shipping. ^LJ,Wed Nov 01 21:06:41 +0000 2017,129187,AmazonHelp,1,False,other
58091,58091,What does this mean? @amazonhelp https://t.co/GDuvaTLKKL,What does this mean?,58088,@129187 Free Two-Day shipping is based off when the order is shipped. You can find more info here: https://t.co/OI7JwAQ5Dq ^BA,Wed Nov 01 20:15:51 +0000 2017,129187,AmazonHelp,1,False,other
58097,58097,"@115830 terrible experience today with Prime delivery. Ended being told 'sorry Mr Garner, there's no complaints procedure'. Please DM me","terrible experience today with Prime delivery. Ended being told 'sorry Mr Garner, there's no complaints procedure'. Please DM me",58096,"@129190 Sorry for the trouble, Stephen! Without providing account/personal info, could you tell us more about the issue at hand? ^VB",Wed Nov 01 20:23:29 +0000 2017,129190,AmazonHelp,1,False,delivery_order_status
58100,58099,@118706 @115821 Package Ripped halfway thru just to see whats inside smh,Package Ripped halfway thru just to see whats inside smh,58098,"@129191 Oh no! If anything is damaged or missing, please reach out to us here to review our options: https://t.co/hApLpMlfHN ^WT",Wed Nov 01 20:22:35 +0000 2017,129191,AmazonHelp,1,False,delivery_order_status
58106,58102,@AmazonHelp ¡Muchas gracias! Igualmente para ustedes 🎉😙,¡Muchas gracias! Igualmente para ustedes 🎉😙,58104,@129192 Muchísimas gracias Ivana. 😍💕 ^KS,Wed Nov 01 20:41:27 +0000 2017,129192,AmazonHelp,1,False,other
58106,58103,@AmazonHelp Jajajaja hacer un reembolso que estaba esperando desde hace 1 mes 🙌,Jajajaja hacer un reembolso que estaba esperando desde hace 1 mes 🙌,58101,"@129192 Nos llena de felicidad saber de tu alegría Ivana. ¡Que tengas una feliz tarde! 😍☕️
^JJ https://t.co/xrYLKri9tJ",Wed Nov 01 20:19:04 +0000 2017,129192,AmazonHelp,1,False,other
58106,58106,Te amo @115821 💙,Te amo 💙,58105,"@129192 Nosotros a ti, Ivana. ¿Qué hemos hecho para merecer tu amor? 😍😄 ^KS",Wed Nov 01 20:10:31 +0000 2017,129192,AmazonHelp,1,False,other
58131,58130,@AmazonHelp tonight before 800pm,tonight before 800pm,58132,@129195 What does tracking say who the carrier is? You can find that information here: https://t.co/aaDyEz1VgE ^MH,Wed Nov 01 20:24:10 +0000 2017,129195,AmazonHelp,1,False,other
58131,58131,@115830 been told my parcel was out for delivery since 630 now I'm told not to expect it till tomorrow. What is going on? It's prime,been told my parcel was out for delivery since 630 now I'm told not to expect it till tomorrow. What is going on? It's prime,58129,@129195 I'm so sorry for the wait! What does the order confirmation say the delivery date is? ^MH,Wed Nov 01 20:13:20 +0000 2017,129195,AmazonHelp,1,False,delivery_order_status
58137,58135,@AmazonHelp Ahh no worries. Thanks for the help. Have a good day :),Ahh no worries. Thanks for the help. Have a good day :),58134,@129196 No problem! Just remember we are always here to help! ^LS,Wed Nov 01 20:15:54 +0000 2017,129196,AmazonHelp,1,False,other
58137,58137,@AmazonHelp my book came like this? :( https://t.co/YXO3XhNvhj,my book came like this? :(,58136,@129196 I'm sorry to see it is bent. We can look into your options with you here: https://t.co/qy3J24VGxb ^AF,Wed Nov 01 20:09:18 +0000 2017,129196,AmazonHelp,1,False,other
58146,58145,"@115821 Yesterday I got an Amazon package for the third floor, and the fifth floor got mine - why is this so hard?","Yesterday I got an Amazon package for the third floor, and the fifth floor got mine - why is this so hard?",58144,"@129199 I'm so sorry that we didn't get your order to the right address, Jackie! Who was the carrier? https://t.co/Y5jpI9gRhE ^FR",Wed Nov 01 20:10:38 +0000 2017,129199,AmazonHelp,1,False,delivery_order_status
58148,58148,Such a poor services of your Amazon customer services @115850 your  representative told me that i would be eligible for the cashback,Such a poor services of your Amazon customer services your representative told me that i would be eligible for the cashback,58147,@129200 Please share your details here: https://t.co/GIJyeYqKE0 and I'll get in touch with you. 2/2 ^HD,Wed Nov 01 20:12:55 +0000 2017,129200,AmazonHelp,2,False,service_complaint
58153,58152,@AmazonHelp Seller Support is helpless &amp; we can only get template copy+paste replies from them. Genuine concerned are being ignored like Garbages,Seller Support is helpless &amp; we can only get template copy+paste replies from them. Genuine concerned are being ignored like Garbages,58154,@129201 I understand your concern. Request you to share your details in the link provided earlier and we'll help you with this. ^SQ,Thu Nov 02 01:17:07 +0000 2017,129201,AmazonHelp,1,False,seller_marketplace
58153,58153,No matter how loud you cry @115850 is not gonna hear sellers. A blind eye approach. Stopping all Ads @128876 @115851 #HearUsAmazon https://t.co/jeCP6SD7C6,No matter how loud you cry is not gonna hear sellers. A blind eye approach. Stopping all Ads #HearUsAmazon,58151,@129201 please contact our seller support team here: https://t.co/hITbmQzz2y. We'll look into it. (2/2)^SQ,Wed Nov 01 20:01:09 +0000 2017,129201,AmazonHelp,2,False,seller_marketplace
58158,58158,"I hate Amazon’s delivery supplier (AMZL US), they ALWAYS deliver my packages late, always. Smh.","I hate Amazon’s delivery supplier (AMZL US), they ALWAYS deliver my packages late, always. Smh.",58157,"@129202 I'm sorry that we've let you down, Manny! Have you contacted us to voice your concerns about the carrier? If so, what was advised?^FR",Wed Nov 01 20:11:21 +0000 2017,129202,AmazonHelp,1,False,delivery_order_status
58153,58159,"@AmazonHelp Everything went wrong in last 1 year.  Every genuine concern is ignored with a Blind Eye.  Seller Support, Escalation Support all failed.","Everything went wrong in last 1 year. Every genuine concern is ignored with a Blind Eye. Seller Support, Escalation Support all failed.",58160,@129201 We'd like to take a closer look into this. Please fill in this form: https://t.co/GIJyeYqKE0 and we'll look into it. ^SQ,Thu Nov 02 01:08:40 +0000 2017,129201,AmazonHelp,1,False,seller_marketplace
58203,58199,"@AmazonHelp I checked and but there is no proper response, thing is if you are not delivering products with provided data and time in amazon.in why you are attracting customers by putting false time https://t.co/zw42buT5jH are cheating Customers.","I checked and but there is no proper response, thing is if you are not delivering products with provided data and time in amazon.in why you are attracting customers by putting false time are cheating Customers.",58198,@129216 Sorry about the miss of estimated delivery date. We never intended this delay. Please share your details here: https://t.co/GIJyeYqKE0 I'll reach out to you with further assistance. ^SV,Thu Nov 23 01:42:23 +0000 2017,129216,AmazonHelp,1,False,delivery_order_status
58203,58201,"@AmazonHelp Yes, products never delivered with promise time.","Yes, products never delivered with promise time.",58200,@129216 Sorry to know about the miss of estimates shared with you. Please reach us from here: https://t.co/rS49hgaADF we'll check your details and assist you further. ^SV,Thu Nov 23 01:24:26 +0000 2017,129216,AmazonHelp,1,False,delivery_order_status
58203,58203,@115851 @115850 products r not delivering with commitment time as mentioned in amazon site.No proper response from CS. if u r not delivering with in time don't mention time frame in website.,products r not delivering with commitment time as mentioned in amazon site.No proper response from CS. if u r not delivering with in time don't mention time frame in website.,58202,@129216 That's quite a remark. Could you please let us know if any of your orders are yet to be delivered? We'd like to help you. ^MN,Wed Nov 22 17:30:45 +0000 2017,129216,AmazonHelp,1,False,delivery_order_status
58763,58763,#HearUsAmazon when an prime residential address is stated as address not found and sales are returned. Thats @115850 for sellers.,#HearUsAmazon when an prime residential address is stated as address not found and sales are returned. Thats for sellers.,58762,"@129377 Apologies for the experience, Deepak. Please reach us our support team from here: https://t.co/VkRCX0ipGi We'll assist. ^SV",Wed Nov 01 20:32:41 +0000 2017,129377,AmazonHelp,1,False,seller_marketplace
58765,58765,"@AmazonHelp o pedido 702-1325129-7490644 foi cancelado sob alegação de “problemas técnicos”, porém não foi estornardo o valor até o momento","o pedido 702-1325129-7490644 foi cancelado sob alegação de “problemas técnicos”, porém não foi estornardo o valor até o momento",58764,@127179 Olá joseph. Por favor acesse o seguinte link para informações de reembolsos: https://t.co/XBopfnUbqK  ^JJ,Wed Nov 01 20:29:01 +0000 2017,127179,AmazonHelp,1,False,other
58778,58778,Hey @115821 there should be no reason why my items should keep arriving bent and bruised up. Please package things more carefully. https://t.co/6YR1Xf7Aym,Hey there should be no reason why my items should keep arriving bent and bruised up. Please package things more carefully.,58777,@129379 So sorry Lana! Our packaging team would love to hear your feedback. Please provided that here: https://t.co/EfZQw8kWI5 ^LS,Wed Nov 01 20:29:50 +0000 2017,129379,AmazonHelp,1,False,delivery_order_status
59143,59143,"アマゾンジャパン相談係から何か来ました。どうしようどうしよう(/_;)
#アマゾンジャパン相談係 #amazon
#詐欺メール https://t.co/P7qhZeYWlk",アマゾンジャパン相談係から何か来ました。どうしようどうしよう(/_;) #アマゾンジャパン相談係 #amazon #詐欺メール,59142,@129474 ご承知のとおり、残念ながら悪質な詐欺が増加しているようですので引き続きお気を付けください。https://t.co/st4oU5QbhP を装った詐欺と思われる連絡を受け取った際はこちらをご覧ください。→ https://t.co/AoZ8jWhYQl SK,Thu Nov 23 02:08:25 +0000 2017,129474,AmazonHelp,1,True,other
59145,59145,アマゾンプライムの会費4000円きてて笑うわ,アマゾンプライムの会費4000円きてて笑うわ,59144,@129475 お手続き済みかと存じますが、会費請求後にプライム特典のご利用がない場合は登録解除手続き時に返金されます。手続き後にお送りするＥメールでもご案内しておりますので内容をご確認ください。ご不明な点がございましたらご遠慮なくご質問ください。SK,Thu Nov 23 01:50:18 +0000 2017,129475,AmazonHelp,1,False,other
59516,59516,Ho ordinato sia il vinile che il cd autografato! Non vedo l’ora! Muoviti tempo che non posso aspettare +! @43723 @120540 #duets https://t.co/Efi01hi8PF,Ho ordinato sia il vinile che il cd autografato! Non vedo l’ora! Muoviti tempo che non posso aspettare +! #duets,59515,@129575 Manca poco ormai! 😉 ^GD,Wed Nov 01 20:47:06 +0000 2017,129575,AmazonHelp,1,False,other
59520,59519,@AmazonHelp are you going to keep the availability to limited pincodes like flipkart? They have the device available to buy.,are you going to keep the availability to limited pincodes like flipkart? They have the device available to buy.,59521,"@129576 You'll be able to see the availability of that particular to your pincode once it is back in stock, Karan. ^HD",Wed Nov 01 21:02:58 +0000 2017,129576,AmazonHelp,1,False,other
59520,59520,@115850 When will iPhone X will be back in stock?,When will iPhone X will be back in stock?,59518,@129576 on the product page and you'll receive an email once the item is back in stock. 2/2 ^HD,Wed Nov 01 20:53:49 +0000 2017,129576,AmazonHelp,2,False,other
59524,59524,@115850 have cheated &amp; delivered a duplicate product of @7166 which is different from the original product as displayed. https://t.co/MnarBn5yN0,have cheated &amp; delivered a duplicate product of which is different from the original product as displayed.,59523,@129577 Sorry about this experience. Please report this to our team here: https://t.co/TdDksLo6Mf and we'll look into this. ^MK,Wed Nov 01 20:55:23 +0000 2017,129577,AmazonHelp,1,False,delivery_order_status
59533,59532,"@AmazonHelp local Amazon driver, not a mail carrier.","local Amazon driver, not a mail carrier.",59534,"@129580 Our team would like to escalate this for you, Matt. Please provide us with your details here: https://t.co/GPjfIIa4u7 ^BE",Wed Nov 01 21:05:48 +0000 2017,129580,AmazonHelp,1,False,delivery_order_status
59533,59533,"4 years later and @115821 still hasn't retained instructions on how to leave packages at my apartment for me.
👏👏👏",4 years later and still hasn't retained instructions on how to leave packages at my apartment for me. 👏👏👏,59531,"@129580 So sorry about this, Matt! We're here to help! Could you tell us the carrier for delivery?: https://t.co/Y5jpI9gRhE ^VB",Wed Nov 01 20:49:19 +0000 2017,129580,AmazonHelp,1,False,delivery_order_status
59537,59536,@AmazonHelp I got it sorted. Thanks for the help.,I got it sorted. Thanks for the help.,59535,@129581 Anytime! We're here to help! ^HS,Wed Nov 01 20:47:56 +0000 2017,129581,AmazonHelp,1,False,other
59554,59554,Hey @AmazonHelp I need some help with Drive. Nowhere to get help on the site? Thanks.,Hey I need some help with Drive. Nowhere to get help on the site? Thanks.,59552,@129584 We'd like to try to help in any way we can. Will you please tell us more about what's going on? ^CO,Wed Nov 01 20:46:54 +0000 2017,129584,AmazonHelp,1,False,other
59559,59558,@AmazonHelp thanks! I've just sent an email :),thanks! I've just sent an email :),59560,"@129586 For the quickest assistance, we recommend phone or chat. Please keep us posted; we'd like to know this is taken care of! ^KL",Wed Nov 01 21:26:44 +0000 2017,129586,AmazonHelp,1,False,other
59559,59559,@115830 my order still hasn't arrived and deliver said it was due today. Please can you help.,my order still hasn't arrived and deliver said it was due today. Please can you help.,59557,"@129586 If your parcel doesn't arrive by 21:00, Becca. Give us a shout here: https://t.co/JzP7hlA23B. We'd be happy to help. ^SK",Wed Nov 01 20:43:59 +0000 2017,129586,AmazonHelp,1,False,delivery_order_status
59559,59561,@AmazonHelp still no delivery or sign of refund. Absolute joke!,still no delivery or sign of refund. Absolute joke!,59562,"@129586 Have you received a reply to the message you sent yesterday? If so, what information were we able to provide? ^RA",Thu Nov 02 20:31:07 +0000 2017,129586,AmazonHelp,1,False,refund_return
59559,59563,@AmazonHelp it's being investigated. I've tried to cancel and heard nothing else. Don't get how a gift card has taken this long! 😔,it's being investigated. I've tried to cancel and heard nothing else. Don't get how a gift card has taken this long! 😔,59564,@129586 I certainly understand! Were you given a time frame for when you're suppose to hear something again? ^HC,Thu Nov 02 20:49:28 +0000 2017,129586,AmazonHelp,1,False,payment_billing
59567,59567,"This is how I receive my parcels back from ATS, they literally treat these as garbages
#HearUsAmazon @115850 @115851 @127586 @2896 https://t.co/QuP8vX4MQh","This is how I receive my parcels back from ATS, they literally treat these as garbages #HearUsAmazon",59566,@129587 Please connect with us here: https://t.co/dLwuvfKO4S and we'll look into it. 2/2 ^HD,Wed Nov 01 20:34:48 +0000 2017,129587,AmazonHelp,2,False,delivery_order_status
59571,59571,@119625 have u taken down don’t breath (2016)movie?,have u taken down don’t breath (2016)movie?,59569,"@129588 We have this title available on our prime website, Dhruv. Please refer here: https://t.co/rUydSqiAhm Do keep u sposted. ^SV",Wed Nov 01 20:37:04 +0000 2017,129588,AmazonHelp,1,False,other
59573,59573,"@115821 ""Package left in a secure location."" Really? My house is about 400' down the road. That's a ditch they're sitting in. https://t.co/gEtyDDG3iJ","""Package left in a secure location."" Really? My house is about 400' down the road. That's a ditch they're sitting in.",59572,@129589 Oh no! We'd like to help. Please click here: https://t.co/ACYX3he73O so a specialist can further assist.  ^NM,Wed Nov 01 20:32:22 +0000 2017,129589,AmazonHelp,1,False,delivery_order_status
59581,59575,@AmazonHelp https://t.co/eny26p6KKa,,59577,"@129590 As for the order, please keep us updated on the delivery. We want to ensure your package arrives. (2/2) ^DG",Wed Nov 01 20:57:24 +0000 2017,129590,AmazonHelp,2,True,other
59581,59576,@AmazonHelp Yes and if I would have known it wouldn’t be here today I wouldn’t have ordered,Yes and if I would have known it wouldn’t be here today I wouldn’t have ordered,59574,@129590 We'd like to help! What's the current tracking and carrier shown here: https://t.co/Y5jpI9gRhE?  ^AG,Wed Nov 01 20:41:09 +0000 2017,129590,AmazonHelp,1,False,other
59581,59581,I expected something TODAY and now my delivery is for tomorrow by 8PM @AmazonHelp,I expected something TODAY and now my delivery is for tomorrow by 8PM,59580,@129590 Oh no! Did we miss the delivery date given on the confirmation email when order was placed? ^BA,Wed Nov 01 19:27:02 +0000 2017,129590,AmazonHelp,1,False,delivery_order_status
59585,59584,"@AmazonHelp So I logged on from another pc to ensure safety &amp; couldn't find this link, nor any way to communicate w ur customer svc.","So I logged on from another pc to ensure safety &amp; couldn't find this link, nor any way to communicate w ur customer svc.",59586,@129591 Hover over Need More Help and select Contact Us. (2/2) ^DG,Thu Nov 02 04:13:43 +0000 2017,129591,AmazonHelp,2,False,other
59585,59585,".@115821 you have ppl calling for personal info, that comes off as fraudulent. And rude, she hung up when asked to verify herself.",". you have ppl calling for personal info, that comes off as fraudulent. And rude, she hung up when asked to verify herself.",59582,@129591 Give us a shout here: https://t.co/hApLpMlfHN. We can look into your account and verify if that was us contacting you. ^SK,Wed Nov 01 20:36:40 +0000 2017,129591,AmazonHelp,1,False,other
60229,60229,Yoooo my free trial for amazon ended and they charged me $54! I’m sick.,Yoooo my free trial for amazon ended and they charged me $54! I’m sick.,60228,@129771 I'm sorry for the unexpected charge! You may cancel your Prime membership via the following link: https://t.co/2tXsb4mRbe ^WM,Wed Nov 01 21:07:11 +0000 2017,129771,AmazonHelp,1,False,prime_membership
60232,60232,@115830 @@AmazonHelp @129773 just spent 40mins on sos to your agent and no closer am i to using a service you are charging me for,@ just spent 40mins on sos to your agent and no closer am i to using a service you are charging me for,60230,"@129772 I'm sorry for the frustrating experience! Without providing personal information, what is the issue you are experiencing? ^TN",Wed Nov 01 21:01:54 +0000 2017,129772,AmazonHelp,1,False,payment_billing
60232,60234,@AmazonHelp I can't watch prime content on a AMAZON product but i can sideload kodi and watch anything for free 🤔🤔🤔 Are you people for real.,I can't watch prime content on a AMAZON product but i can sideload kodi and watch anything for free 🤔🤔🤔 Are you people for real.,60235,@129772 You can see all compatible Amazon Video devices here: https://t.co/HyrAzF0NW9 ^AF,Thu Nov 02 17:43:24 +0000 2017,129772,AmazonHelp,1,False,other
60232,60237,"@AmazonHelp Cast to the firestick.
So can you tell me how im suppose to watch content on the tv?",Cast to the firestick. So can you tell me how im suppose to watch content on the tv?,60238,@129772 When you attempt to play Amazon Video on your Fire Stick what happens? Are you getting an error message? ^VS,Thu Nov 02 17:56:13 +0000 2017,129772,AmazonHelp,1,False,device_digital_content
60232,60239,@AmazonHelp  https://t.co/RgXjQzVzpI,,60241,"@129772 To clarify, is this the same error you're seeing on the Video app on your mobile? Are both devices connected to Wifi? ^TK",Thu Nov 02 19:23:52 +0000 2017,129772,AmazonHelp,1,True,other
60232,60242,@AmazonHelp No im just seeing this on the firestick. I can play content on the mobile app but can no longer cast it to the firestick.,No im just seeing this on the firestick. I can play content on the mobile app but can no longer cast it to the firestick.,60243,@129772 I'm sorry. The video benefits included with an Amazon Prime membership are only available within the UK. ^WT,Thu Nov 02 19:55:56 +0000 2017,129772,AmazonHelp,1,False,device_digital_content
60232,60245,@AmazonHelp Well how am i able to watch on my tablet or phone? And why are you advertising here? And why was i sold a firestick here that is no good,Well how am i able to watch on my tablet or phone? And why are you advertising here? And why was i sold a firestick here that is no good,60246,@129772 We'd like to look into this with you! Please be sure to reach out via phone or chat here: https://t.co/JzP7hlA23B ^MT,Thu Nov 02 20:21:37 +0000 2017,129772,AmazonHelp,1,False,device_digital_content
60259,60256,"@AmazonHelp Ahhh y la mensajería no lo entregó en mano, nomás lo aventó por encima del portón....","Ahhh y la mensajería no lo entregó en mano, nomás lo aventó por encima del portón....",60260,"@129775 Para reportar lo ocurrido en la entrega del paquete, entra en contacto con nuestro Servicio al Cliente https://t.co/beR78zMMYB ^CR",Thu Nov 02 01:08:01 +0000 2017,129775,AmazonHelp,2,False,other
60259,60259,@116875 así de maltratado llegó mi paquete... que onda?? Espero que funcione... #amazonmx https://t.co/Vs61ZiKr1H,así de maltratado llegó mi paquete... que onda?? Espero que funcione... #amazonmx,60255,@129775 Hola Lu. Lo siento mucho. ¿Tu producto fue vendido y gestionado por Amazon México o por un vendedor externo? ^JJ,Wed Nov 01 20:58:28 +0000 2017,129775,AmazonHelp,1,False,other
60273,60269,@AmazonHelp Day 3....STILL NO DELIVERY! Anyone else think this is pathetic? #Retailfail #EpicFail #PoorExperience #AmazonFail @115830,Day 3....STILL NO DELIVERY! Anyone else think this is pathetic? #Retailfail #EpicFail #PoorExperience #AmazonFail,60267,"@129777 I'm sorry we let you down. Have you called us to report the delivery issue? If so, what options did we provide? ^CO",Wed Nov 01 20:54:18 +0000 2017,129777,AmazonHelp,1,False,delivery_order_status
60273,60273,LOL @115830 by far THE WORST experience! Waited all day for a delivery to be told...'yeah it's not coming...ah well' #EpicFail #Retailfail,LOL by far THE WORST experience! Waited all day for a delivery to be told...'yeah it's not coming...ah well' #EpicFail #Retailfail,60271,"@129777 Sorry for the wait! Typically, late orders arrive the next day. If yours doesn't contact us here: https://t.co/JzP7hlA23B ^NN",Mon Oct 30 21:51:22 +0000 2017,129777,AmazonHelp,1,False,delivery_order_status
61007,61007,"仕事中にSMSでAmazonの登録料金未払いとかいうのが来たが、架空請求なんだね
初めて詐欺メール届いたわ",仕事中にSMSでAmazonの登録料金未払いとかいうのが来たが、架空請求なんだね 初めて詐欺メール届いたわ,61006,"@129962 アマゾンです。企業を装い個人情報を取得しようとする詐欺が発生しているようです。メールの識別方法についてのヘルプページがございますので、ご参照くださいませ。https://t.co/bb8fhhqpMr
なお、当サイトではSMSにてご請求をすることはございません。ET",Thu Nov 23 03:17:38 +0000 2017,129962,AmazonHelp,1,False,other
61021,61012,@AmazonHelp Voll vergessen 🙈 aber wie soll das Spiel den pünktlich ankommen sonst braucht nen Paket 1-3 Tage :/ :o,Voll vergessen 🙈 aber wie soll das Spiel den pünktlich ankommen sonst braucht nen Paket 1-3 Tage :/ :o,61014,@122220 Manchmal auch nur 1 Tag 😃 Den aktuellen Stand deiner Bestellung findest du im Kundenkonto. Gruß ^MH,Wed Nov 01 21:27:57 +0000 2017,122220,AmazonHelp,1,False,other
61021,61013,@AmazonHelp Ich warte ganze Zeit das Spiel versendet wurden ist es wird langsam knapp Amazon 🙈😢,Ich warte ganze Zeit das Spiel versendet wurden ist es wird langsam knapp Amazon 🙈😢,61011,@122220 Erscheinungsdatum ist der 3. November - in manchen Bundesländern ist heute Feiertag. ^MI,Wed Nov 01 21:24:21 +0000 2017,122220,AmazonHelp,1,False,other
61021,61015,@AmazonHelp Gleiche stand wie Montag nur das es da steht wird in kurze versendet 🙈😂,Gleiche stand wie Montag nur das es da steht wird in kurze versendet 🙈😂,61016,@122220 Generell kann es ausreichen wenn die Sendung morgen Abend bzw. Nacht rausgeht. Das ist abhängig von der Strecke zu dir. 😃 ^MH,Wed Nov 01 21:35:19 +0000 2017,122220,AmazonHelp,1,False,other
61021,61019,@AmazonHelp Wo ich es vorbestellt habe war das Game für 67.98 Euro und jetzt bezahle ich 62 Euro bekomme aber Rabatt dank Prime 2 Euro?,Wo ich es vorbestellt habe war das Game für 67.98 Euro und jetzt bezahle ich 62 Euro bekomme aber Rabatt dank Prime 2 Euro?,61018,@122220 Das lässt sich über Twitter schwer beantworten - du müsstest aber alle relevanten Informationen per E-Mail erhalten haben. ^MI,Wed Nov 01 21:17:43 +0000 2017,122220,AmazonHelp,1,False,other
61021,61021,@AmazonHelp habt ihr dem Preis von Call of Duty WW2 angepasst?! Weil bei mir steht das ich Geld zurück bekomme?!,habt ihr dem Preis von Call of Duty WW2 angepasst?! Weil bei mir steht das ich Geld zurück bekomme?!,61020,@122220 Alles Wissenswerte findest du hier: https://t.co/uIp62U6iXe Hast du diesbezüglich eine E-Mail bekommen? Gruß ^MI,Wed Nov 01 21:08:21 +0000 2017,122220,AmazonHelp,1,False,other
61025,61023,@AmazonHelp The problem is not the service itself the problem is that you don't communicate this is gonna happen! 😡 I lost 4 months of membership.,The problem is not the service itself the problem is that you don't communicate this is gonna happen! 😡 I lost 4 months of membership.,61026,@129964 (1/2) Other Amazon sites offer separate memberships to Amazon Prime for benefits at that particular site.,Wed Nov 01 21:35:52 +0000 2017,129964,AmazonHelp,2,False,other
61025,61025,So I change my country of residence &amp; I get charged again for prime services without mentioning that before?!  #NotCool #UX 🤬  @116316,So I change my country of residence &amp; I get charged again for prime services without mentioning that before?! #NotCool #UX 🤬,61022,"@129964 Hi, the membership is renewing until you end it. You can manage your prime membership here: https://t.co/LyyyCwX4aK Regards ^MI",Wed Nov 01 21:20:29 +0000 2017,129964,AmazonHelp,1,False,payment_billing
61030,61030,"@116875 por qué usas un servicio tan pésimo como @118923 ? 
Si quieres que dejemos de comprar mejor usa  @129966 #malservicio",por qué usas un servicio tan pésimo como ? Si quieres que dejemos de comprar mejor usa #malservicio,61029,"@129965 Hola Aldo, ¿tienes algún pedido pendiente de entrega actualmente con @118923? ^LG",Wed Nov 01 21:20:23 +0000 2017,129965,AmazonHelp,1,False,other
61035,61033,@AmazonHelp Can you find out if I’m getting my parcel today please?,Can you find out if I’m getting my parcel today please?,61036,@129967 What is the latest tracking scan? Have you reached out to the courier for an update on the current status or your parcel? ^AX,Thu Nov 02 11:25:35 +0000 2017,129967,AmazonHelp,1,False,delivery_order_status
61035,61035,"Cried for 2 hrs straight this evening ‘cause neither @122232 or @AmazonHelp could be bothered to deliver to me. So yes, I am still pregnant.","Cried for 2 hrs straight this evening ‘cause neither or could be bothered to deliver to me. So yes, I am still pregnant.",61031,@129967 I'm so sorry you didn't receive your package! Did we miss the date confirmed in the e-mail: https://t.co/AeITQOg79U? ^DG,Wed Nov 01 20:56:15 +0000 2017,129967,AmazonHelp,1,False,delivery_order_status
61035,61037,@AmazonHelp I don’t know who the courier is. It says it’s coming today but it said that yesterday and the day before,I don’t know who the courier is. It says it’s coming today but it said that yesterday and the day before,61038,"@129967 As we're unable to view your account via Twitter,pls contact here:https://t.co/JzP7hlA23B so we can look into this.^KM",Thu Nov 02 11:31:26 +0000 2017,129967,AmazonHelp,1,False,delivery_order_status
61045,61045,Shoutout to whoever stole my Amazon package I hope you enjoy your kitty litter and tapestry ☹️☹️☹️,Shoutout to whoever stole my Amazon package I hope you enjoy your kitty litter and tapestry ☹️☹️☹️,61044,@129969 I'm sorry for the missing order! Please reach out to us here and we'll be glad to investigate: https://t.co/hApLpMlfHN ^FJ,Wed Nov 01 21:06:03 +0000 2017,129969,AmazonHelp,1,False,delivery_order_status
61047,61047,#AmazonIndia worst service. Almost a month has passed but my refund still not processed. Executive are giving fake assurance every time when I call them. They say that I am handling your concern from now and  when I call next time the new one say may I know your problem.,#AmazonIndia worst service. Almost a month has passed but my refund still not processed. Executive are giving fake assurance every time when I call them. They say that I am handling your concern from now and when I call next time the new one say may I know your problem.,61046,@129970 I’m sorry about this experience. Please share your details here: https://t.co/GIJyeYqKE0 and I'll get in touch with you. ^MK,Wed Nov 01 21:10:46 +0000 2017,129970,AmazonHelp,1,False,refund_return
61054,61054,"I know I make this complaint regularly, but why is there a direct path from @176 to @115821 but not the other way around?","I know I make this complaint regularly, but why is there a direct path from to but not the other way around?",61052,@129972 Hi Matthew! Are you requesting a direct path to Good Reads via the website or an Amazon device? ^SH,Wed Nov 01 20:42:25 +0000 2017,129972,AmazonHelp,1,False,service_complaint
621,621,@115823 I want my amazon payments account CLOSED.  dm me please.,I want my amazon payments account CLOSED. dm me please.,620,"@115822 I am unable to affect your account via Twitter. For real time support, phone or chat use this link: https://t.co/hApLpMlfHN ^CH",Tue Oct 31 22:19:34 +0000 2017,115822,AmazonHelp,1,False,account_access
62162,62158,@AmazonHelp Amazon.ca,Amazon.ca,62160,@130236 Please reach out directly to us here: https://t.co/Q7Ftz6nj80 we'd like to take a closer look. ^TN,Wed Nov 01 21:39:09 +0000 2017,130236,AmazonHelp,1,False,other
62162,62159,@AmazonHelp Tuesday but i got an email saying it was delivered on monday and ive asked everyone in my household but they all confirmed nothing came in,Tuesday but i got an email saying it was delivered on monday and ive asked everyone in my household but they all confirmed nothing came in,62157,"@130236 I'm sorry about the trouble with this! We'd like to help. Just to confirm, which Amazon marketplace did you order from? ^HC",Wed Nov 01 21:32:21 +0000 2017,130236,AmazonHelp,1,False,delivery_order_status
62164,62164,"Despite the massive sticker on the box that says: EXPLODES INTO FLAMES IF DAMAGED, the @115821 delivery dude still gave it a good toss. https://t.co/Y0OXVQC3wA","Despite the massive sticker on the box that says: EXPLODES INTO FLAMES IF DAMAGED, the delivery dude still gave it a good toss.",62163,@130237 I'm sorry your package was tossed! I'd like to report this to Amazon Logistics. Please give details: https://t.co/tDraNk7QeZ ^WJ,Wed Nov 01 21:26:50 +0000 2017,130237,AmazonHelp,1,False,item_quality_issue
62170,62167,@AmazonHelp Und wann OmU? ;) https://t.co/Vd7jAVNE5y hier ist nämlich nur bis 4 aufgeführt,Und wann OmU? ;) hier ist nämlich nur bis 4 aufgeführt,62165,"@130238 Hi, ich weiß nicht, ob du es schon gesehen hast, aber die Folge ist online. :) Viele liebe Grüße ^SI",Sat Oct 28 13:56:04 +0000 2017,130238,AmazonHelp,1,False,other
62170,62170,@115825 Ab wann ist denn Folge 5 der sechsten Staffel von @42143 bei euch verfügbar? :),Ab wann ist denn Folge 5 der sechsten Staffel von bei euch verfügbar? :),62169,"@130238 Hi, Folge  (in OV) ist bereits verfügbar, schau mal hier: https://t.co/2lLvBQv69T Gruß ^MI",Sat Oct 28 13:33:07 +0000 2017,130238,AmazonHelp,1,False,other
62172,62172,@AmazonHelp muchas gracias por resolver el problemilla que hubo con el envío. Así da gusto,muchas gracias por resolver el problemilla que hubo con el envío. Así da gusto,62171,"@123484 Nos alegra saber que hemos podido brindarte asistencia, Suarez. Cuenta con nosotros siempre 😊  ^LG",Wed Nov 01 21:34:13 +0000 2017,123484,AmazonHelp,1,False,other
62181,62181,@115821 Any word on Amazon Video for Apple TV? Bit silly a gaming console gets it first...,Any word on Amazon Video for Apple TV? Bit silly a gaming console gets it first...,62180,@130240 We’re working on it now and expect it later this year. We don’t have any specifics to share regarding a date. 🍿 ^JO,Wed Nov 01 21:23:24 +0000 2017,130240,AmazonHelp,1,False,other
62184,62183,"@AmazonHelp One agent says they'll do one thing, to then not, for someone else to say it's not possible","One agent says they'll do one thing, to then not, for someone else to say it's not possible",62185,"@130241 Oh no, Sam! Can you tell us more about what information you were provided by our agents? ^NS",Wed Nov 01 21:35:09 +0000 2017,130241,AmazonHelp,1,False,other
62184,62184,"@AmazonHelp your customer service is a joke, worst agents out there","your customer service is a joke, worst agents out there",62182,"@130241 I'm sorry for the poor experience! Without giving account/personal details, can you tell us what's going on? ^AC",Wed Nov 01 21:30:57 +0000 2017,130241,AmazonHelp,1,False,service_complaint
62195,62193,@AmazonHelp Usually they bring the boxes up no matter how big or small they are :(,Usually they bring the boxes up no matter how big or small they are :(,62196,@130243 Thanks for letting us know! We'd like to take a closer look into this with you here: https://t.co/hApLpMlfHN ^QJ,Wed Nov 01 22:25:59 +0000 2017,130243,AmazonHelp,1,False,other
62195,62195,@115821 I'm home alone with a two year old. Delivery person left these downstairs ? Mind you they're heavy and there's an elevator! https://t.co/e44bZxEPhn,I'm home alone with a two year old. Delivery person left these downstairs ? Mind you they're heavy and there's an elevator!,62192,"@130243 I'm sorry for the frustration! We'd like to better understand what happened, is this an apartment hallway or mail room? ^CC",Wed Nov 01 21:05:34 +0000 2017,130243,AmazonHelp,1,False,delivery_order_status
62198,62198,Wtf @115821 no deliveries being done in Atlanta since Saturday? #unprofessional,Wtf no deliveries being done in Atlanta since Saturday? #unprofessional,62197,@130244 I'm sorry for the wait! Is there a current order that's missed its delivery date here: https://t.co/Y5jpI9gRhE? ^LL,Tue Oct 31 23:15:53 +0000 2017,130244,AmazonHelp,1,False,delivery_order_status
62201,62201,@115821 your Brant locker is broken AGAIN! I say again assuming you actually fix it. So tired of not being able to pick up my orders!,your Brant locker is broken AGAIN! I say again assuming you actually fix it. So tired of not being able to pick up my orders!,62199,@130245 We are truly sorry! Can you provide more details about the issues you're having when accessing the Brant locker? ^SH,Wed Nov 01 21:20:03 +0000 2017,130245,AmazonHelp,1,False,item_quality_issue
62303,62297,@AmazonHelp It has just arrived. This is not the first time something has been out for delivery all day only to be delivered the next day or very late.,It has just arrived. This is not the first time something has been out for delivery all day only to be delivered the next day or very late.,62300,"@130272 Thanks for the update, Lynn! I'm glad to hear your delivery has arrived! ^SW",Sun Nov 26 01:13:32 +0000 2017,130272,AmazonHelp,1,False,delivery_order_status
62303,62299,@AmazonHelp It’s now 8:03. I’ve yet to see the packages that were promised by 8. The gps tracking says there is one delivery before mine. I️ LIVE LESS THAN 10 MILES FROM THE WAREHOUSE. Can I️ just pick them up there next time,It’s now 8:03. I’ve yet to see the packages that were promised by 8. The gps tracking says there is one delivery before mine. I️ LIVE LESS THAN 10 MILES FROM THE WAREHOUSE. Can I️ just pick them up there next time,62296,@130272 I'm sorry for this delay. Most late orders arrive the following business day. Please keep us updated on the delivery. We want to ensure it arrives. ^RR,Sun Nov 26 01:05:12 +0000 2017,130272,AmazonHelp,1,False,delivery_order_status
624,623,"@AmazonHelp Okay, danke für die Info","Okay, danke für die Info",625,@115824 Wir haben zu danken. Schönen Abend noch. ^JS,Tue Oct 31 22:32:07 +0000 2017,115824,AmazonHelp,1,False,other
62303,62303,My @115821 packages have been “out for delivery” since 11am. Means I’m probably not going to get it today...,My packages have been “out for delivery” since 11am. Means I’m probably not going to get it today...,62301,@130272 Thank you for contacting us. We'd like to help is we can. Have we missed the delivery date on your confirmation e-mail? Please keep us posted. ^CC,Sun Nov 26 00:08:06 +0000 2017,130272,AmazonHelp,1,False,delivery_order_status
62308,62307,@AmazonHelp Within the last few minutes it has now changed to within the next 3 days. Pretty disappointing. Obviously someo5knew it wouldn't be on time well before the deadline. Should have notified me then. Could have made other plans/arrangements.,Within the last few minutes it has now changed to within the next 3 days. Pretty disappointing. Obviously someo5knew it wouldn't be on time well before the deadline. Should have notified me then. Could have made other plans/arrangements.,62309,@130274 I'm sorry for the disappointment. Please keep us updated on the delivery. ^RR,Sun Nov 26 01:21:07 +0000 2017,130274,AmazonHelp,1,False,other
62308,62308,"Not sure what time you have @115821 but it's 8:00 and no delivery, which was guaranteed.","Not sure what time you have but it's 8:00 and no delivery, which was guaranteed.",62306,@130274 I'm sorry the order hasn't been delivered yet! What's the most recent tracking update on the order: https://t.co/Y5jpI9gRhE? Has a new delivery date been provided? ^EP,Sun Nov 26 01:01:22 +0000 2017,130274,AmazonHelp,1,False,delivery_order_status
62384,62378,"@AmazonHelp you will in 30 minutes.

But that's irrelevant.

It's showing that it shipped ground. That should be enough to reship.

But no.",you will in 30 minutes. But that's irrelevant. It's showing that it shipped ground. That should be enough to reship. But no.,62380,@117946 I'm sorry for any trouble! We don't have access to your account via Twitter. We'd like to help if we can. Please reach out to us here: https://t.co/hApLpMlfHN ^MO,Sun Nov 26 01:31:17 +0000 2017,117946,AmazonHelp,1,False,delivery_order_status
62384,62379,"@AmazonHelp next day was shipped ground, and you refuse to reship","next day was shipped ground, and you refuse to reship",62377,@117946 I can certainly understand your frustration. Have we missed the guaranteed delivery date shown here: https://t.co/Y5jpI9gRhE? ^DW,Sun Nov 26 00:57:09 +0000 2017,117946,AmazonHelp,1,False,delivery_order_status
62384,62384,"@AmazonHelp you guys seriously need to get customer service reps w/ some semblance of common sense.

You royally screwed up my order!

@115821",you guys seriously need to get customer service reps w/ some semblance of common sense. You royally screwed up my order!,62383,"@117946 Oh no, I'm so sorry to hear about this! Without providing any personal or account details, can you tell us more about what's going on? ^NS",Sat Nov 25 23:41:34 +0000 2017,117946,AmazonHelp,1,False,delivery_order_status
62389,62389,Amazonで毎回思うけどダンボールでかすぎだとおもうよ。 https://t.co/rJ0iIGj1J4,Amazonで毎回思うけどダンボールでかすぎだとおもうよ。,62388,"@130294 ツイート拝見させていただきました。Amazonです。
お届けした商品の梱包状態について適切ではないとお感じになられた場合は、今後の改善のため以下のリンクから「梱包についてのご意見」より感想やご意見をお送りください。https://t.co/KtF9HIYvh9 TY",Sun Nov 26 00:35:12 +0000 2017,130294,AmazonHelp,1,True,other
62391,62391,@AmazonHelp ordered last Tuesday still not here and cust svc has NO IDEA WHERE IT IS!,ordered last Tuesday still not here and cust svc has NO IDEA WHERE IT IS!,62390,"@130295 Hello Lori, we've responded to your DM. ^AM",Sun Nov 26 00:56:18 +0000 2017,130295,AmazonHelp,1,False,other
62399,62399,Amazonから届くダンボールに、ここを押すとテープがはがせます　って書いてるけど、はがせたことがないニャw https://t.co/zhBzN7XPeE,Amazonから届くダンボールに、ここを押すとテープがはがせます って書いてるけど、はがせたことがないニャw,62398,"@130296 ご指摘ありがとうございます。
今回のご指摘を含め、今後の梱包の改善に努めてまいります。TY",Sun Nov 26 00:31:40 +0000 2017,130296,AmazonHelp,1,False,other
624,624,"@115825 also, beim Addams Family-Film in Prime sind Bild und Ton nicht wirklich synchron. Wie kommt's?","also, beim Addams Family-Film in Prime sind Bild und Ton nicht wirklich synchron. Wie kommt's?",622,"@115824 Hi, wir erhalten die Filme/Serien so vom jeweiligen Studio. Gebe ich aber direkt als Feedback dorthin weiter. Gruß ^JS",Tue Oct 31 22:12:37 +0000 2017,115824,AmazonHelp,1,False,other
62415,62409,"@AmazonHelp não faço ideia, é uma escolha muito difícil essa kkk","não faço ideia, é uma escolha muito difícil essa kkk",62411,"@130298 Com certeza é difícil, são muitos livros. 📚😅📚 ^NB",Sun Nov 26 01:11:37 +0000 2017,130298,AmazonHelp,1,False,other
62415,62410,"@AmazonHelp siiim, tava querendo ele já faz anos 💕💕💕","siiim, tava querendo ele já faz anos 💕💕💕",62408,"@130298 Verô, você sabe qual deles vai ler primeiro?. 📚😍📚 ^NB",Sun Nov 26 00:56:41 +0000 2017,130298,AmazonHelp,1,False,other
62415,62413,@AmazonHelp todos esses lindos aqui https://t.co/fiGHZMlHtR,todos esses lindos aqui,62412,@130298 Que lindooooooo o box do Sherlock Holmes! 😍📚 ^JJ,Sat Nov 25 23:10:12 +0000 2017,130298,AmazonHelp,1,False,other
62415,62415,@117086 EU TE VENEROOOOOO MEUS LIVROS JÁ CHEGARAM SCRR,EU TE VENEROOOOOO MEUS LIVROS JÁ CHEGARAM SCRR,62414,"@130298 Oi verô, que felicidade! 😍 Quais livros você comprou? ^AZ",Sat Nov 25 16:28:38 +0000 2017,130298,AmazonHelp,1,False,other
62420,62420,"朝からショックです！

amazonで購入したZEROGRAVITY のスクリーン を
取り付けようと開封したら割れとクラックが‼️

楽しみにしていただけに残念です‼️ https://t.co/0XesuJ2dtm",朝からショックです！ amazonで購入したZEROGRAVITY のスクリーン を 取り付けようと開封したら割れとクラックが‼️ 楽しみにしていただけに残念です‼️,62419,"@130300 商品に破損があり、ご迷惑をおかけしております。
交換（交換不可な場合は返品）にてご対応させて頂ければと存じます。お手数おかけしますが、お手続きお願いします。https://t.co/oikNO0Lhiv 
(出品者の発送商品の場合は出品者へお願いいたします→https://t.co/MtlmlvvBKB)TY",Sun Nov 26 00:41:48 +0000 2017,130300,AmazonHelp,1,False,other
62423,62423,My money is on @115877 getting here before @115821 even though @115821 has a 17 hour head start. #StillWaiting,My money is on getting here before even though has a 17 hour head start. #StillWaiting,62421,@116917 I'm sorry for the wait! Have we missed the expected delivery time shown on your order here: https://t.co/q4LAMZ3tbE? ^JN,Sun Nov 26 00:50:43 +0000 2017,116917,AmazonHelp,1,False,other
63112,63112,Gutted my @117634 fire 8 has just stopped working half way through my trip. It won't turn on. It's less than 2 months old. advice?,Gutted my fire 8 has just stopped working half way through my trip. It won't turn on. It's less than 2 months old. advice?,63111,@130467 So sorry about that Julie! Have you tried some of these troubleshooting steps? https://t.co/FrPTc3Zq1G Keep us updated! ^LS,Wed Nov 01 21:50:58 +0000 2017,130467,AmazonHelp,1,False,other
63123,63118,"@115817 @UPSHelp And @115821 @AmazonHelp you're not off the hook, what is this garbage? Great packing job https://t.co/PLaxNEKRql","And you're not off the hook, what is this garbage? Great packing job",63116,@130469 We're always looking to improve! Please submit your packaging feedback here: https://t.co/WhUtVyWlyi ^TN,Wed Nov 01 21:40:30 +0000 2017,130469,AmazonHelp,1,False,other
63123,63120,@AmazonHelp My feedback is simple: items should be packed so as to not move during shipping,My feedback is simple: items should be packed so as to not move during shipping,63121,@130469 Thank you for letting us know. You can submit packaging feedback via e-mail here: https://t.co/hApLpMlfHN ^EB,Wed Nov 01 22:02:49 +0000 2017,130469,AmazonHelp,1,False,delivery_order_status
63125,63125,What is with @115830 recently? A pre-order that was due this week now has a delivery estimate between now-Jan '18. Are you kidding me?,What is with recently? A pre-order that was due this week now has a delivery estimate between now-Jan '18. Are you kidding me?,63124,@130470 I'm sorry that your package is being delivered later than expected! Let us know if it doesn't arrive on January 18th. ^TN,Wed Nov 01 21:53:56 +0000 2017,130470,AmazonHelp,1,False,delivery_order_status
63129,63127,@130472 @115821 @81 It was a computer desk smh put the whole thing together get to the box with the glass pieces and heard the pieces slide,It was a computer desk smh put the whole thing together get to the box with the glass pieces and heard the pieces slide,63126,@130471 I'm sorry you received a damaged item. Please reach out to us and we'll be glad to further assist: https://t.co/hApLpMlfHN ^FJ,Wed Nov 01 21:44:35 +0000 2017,130471,AmazonHelp,1,False,other
63132,63131,@AmazonHelp @115821 @AmazonHelp @120319 @734 @3544 @130474 @120320 @115851... I did respond back to... Thanks,... I did respond back to... Thanks,63133,@130473 Please reply to the email sent by us for further queries and we'll assist you accordingly. ^NR,Wed Nov 01 21:56:17 +0000 2017,130473,AmazonHelp,1,False,other
63132,63132,@115821 @AmazonHelp @120319 @734 @3544 @130474 @120320 @115851. No repsonse from amazon yet. Pathetic services,. No repsonse from amazon yet. Pathetic services,63130,@130473 We've responded to your query via DM. Please check. ^HD,Wed Nov 01 21:51:22 +0000 2017,130473,AmazonHelp,1,False,service_complaint
63132,63134,@AmazonHelp Haven't got one yet!!,Haven't got one yet!!,63135,@130473 details in the link provided earlier and we'll look into it. (2/2)^SQ,Wed Nov 01 22:07:49 +0000 2017,130473,AmazonHelp,2,False,other
63141,63140,@AmazonHelp A vendor. Is there an account that can assist?,A vendor. Is there an account that can assist?,63142,"@130476 We're unable to access vendor details via Twitter, but we'd like to help. Please reach us here: https://t.co/ZqtPdOyKO5 ^NS",Wed Nov 01 21:55:07 +0000 2017,130476,AmazonHelp,1,False,other
63141,63141,Is there a twitter account for help as supplier to @115830 @AmazonHelp? In stock items suddenly not showing as buyable from Amazon direct,Is there a twitter account for help as supplier to ? In stock items suddenly not showing as buyable from Amazon direct,63139,"@130476 To clarify, are you a vendor, or looking to purchase an item? If the latter, would you mind linking us to the item? ^LL",Wed Nov 01 21:24:14 +0000 2017,130476,AmazonHelp,1,False,other
63148,63148,"Mom asked me why my @115821 order required a three foot box.  Good question, Mom. https://t.co/7f8VRZbSpA","Mom asked me why my order required a three foot box. Good question, Mom.",63147,@130477 We're always looking for ways to improve! Please submit your Packaging Feedback here: https://t.co/MUPehTYzRV ^AC,Wed Nov 01 21:46:56 +0000 2017,130477,AmazonHelp,1,False,delivery_order_status
63150,63150,@128308 firestick remote voice control works only for prime video but not inside other apps- like @15462. Not efficient,firestick remote voice control works only for prime video but not inside other apps- like . Not efficient,63149,@130478 I understand your concern. Kindly connect with us here: https://t.co/ptGnF3PKEB. We'll look into it. ^SQ,Wed Nov 01 21:28:01 +0000 2017,130478,AmazonHelp,1,False,device_digital_content
63152,63152,@AmazonHelp yoooo where’s my package. Your website says delivered my house says otherwise,yoooo where’s my package. Your website says delivered my house says otherwise,63151,@130479 Oh no! Let's try locating your missing shipment by following the steps here: https://t.co/Uo2lAvxHgQ. Please keep us posted! ^FD,Wed Nov 01 21:36:09 +0000 2017,130479,AmazonHelp,1,False,delivery_order_status
63159,63159,So mad at @115821 they sent the wrong item.  I got tattoo ink instead of cross stitch supplies!!! I need it today &amp;now I have to wait week,So mad at they sent the wrong item. I got tattoo ink instead of cross stitch supplies!!! I need it today &amp;now I have to wait week,63158,@130481 I'm very sorry for the mix-up! Please let us know if there are any further issues or if assistance is needed with the return. ^KL,Wed Nov 01 21:21:59 +0000 2017,130481,AmazonHelp,1,False,item_quality_issue
632,632,"@115830 my package was ‘accidentally’ opened.. 4 items missing worth £97.
You need better delivery drivers!! https://t.co/f6SaVBSMqM",my package was ‘accidentally’ opened.. 4 items missing worth £97. You need better delivery drivers!!,631,@115829 I'm sorry your order arrived in this condition! Please reach out to us for available options: https://t.co/JzP7hlA23B ^DG,Tue Oct 31 21:34:58 +0000 2017,115829,AmazonHelp,1,False,delivery_order_status
634,634,@115821 @AmazonHelp why is my order at my local courier for the last 6 days and still hasn’t been delivered to me?? Over 1 week late 😡,why is my order at my local courier for the last 6 days and still hasn’t been delivered to me?? Over 1 week late 😡,633,@115831 I'm sorry for the wait. Please reach out to us so we can take a closer look at this delivery: https://t.co/JzP7hlA23B ^SH,Tue Oct 31 21:39:58 +0000 2017,115831,AmazonHelp,1,False,delivery_order_status
636,636,"Thanks for the style advice, @115833 look ...I think? #Halloween2017 #flamingo https://t.co/XvI54La043","Thanks for the style advice, look ...I think? #Halloween2017 #flamingo",635,@115832 Alexa says both styles are working for you! My vote goes to the Flamingo look! ^SE,Tue Oct 31 22:05:36 +0000 2017,115832,AmazonHelp,1,False,other
643,638,@AmazonHelp Hi ready for some help,Hi ready for some help,637,@115834 Were you able to reach us at the link DW provided? ^TR,Tue Oct 31 22:19:56 +0000 2017,115834,AmazonHelp,1,False,other
63826,63820,"@AmazonHelp i am still waiting for a solution for this pathetic fraud
didnt got any call",i am still waiting for a solution for this pathetic fraud didnt got any call,63822,"@130667 I understand your concern regarding the order you've received. However, as informed earlier please be assured that we'll get in touch with you at the earliest. ^BV",Thu Nov 30 10:31:20 +0000 2017,130667,AmazonHelp,1,False,service_complaint
63826,63821,@130668 @115850 @AmazonHelp @3645 i am still waiting for their call now,i am still waiting for their call now,63818,@130667 Thank you for confirming. We would check and connect with you at the earliest. ^KK,Thu Nov 30 08:12:30 +0000 2017,130667,AmazonHelp,1,False,other
63826,63826,Hi @115850 @AmazonHelp order number is 171-4216090-2817924 ordered wallet yesterday but there is no wallet in it . Got empty box . See to it asap . This is a fraud happening and you will loose a valuable customer now @3645 registered number 9873513970 https://t.co/LJvBBS8zB2,Hi order number is 171-4216090-2817924 ordered wallet yesterday but there is no wallet in it . Got empty box . See to it asap . This is a fraud happening and you will loose a valuable customer now registered number 9873513970,63827,@130667 Please don’t provide your order details and phone number as we consider them to be personal information. Our page is visible to the public. 2/2^SC,Thu Nov 30 07:50:14 +0000 2017,130667,AmazonHelp,2,False,item_quality_issue
63856,63849,"@AmazonHelp Not perfect, but I would say it was a storage/warehouse issue. We have other items ordered. I'm in most times. I hope the same thing doesn't happen again, especially if the weather is bad.","Not perfect, but I would say it was a storage/warehouse issue. We have other items ordered. I'm in most times. I hope the same thing doesn't happen again, especially if the weather is bad.",63846,@130670 I can understand that. Please do make us aware if this issue occurs again. You can also assign a safe place in the future by using this link:https://t.co/c8B1UXYRp8 ^CR,Thu Nov 30 08:17:28 +0000 2017,130670,AmazonHelp,1,False,other
63856,63851,"@AmazonHelp I'm sorry, I have no idea who it was.","I'm sorry, I have no idea who it was.",63850,@130670 That's fine. Were the items received ok? ^DC,Thu Nov 30 08:08:09 +0000 2017,130670,AmazonHelp,1,False,other
63856,63853,"@AmazonHelp Just get your delivery team to try attracting customers attention by door bell or knocking. I was in. Package found behind a bin. Only found as it was bin day here!
Had it been raining the items would have been soaked.",Just get your delivery team to try attracting customers attention by door bell or knocking. I was in. Package found behind a bin. Only found as it was bin day here! Had it been raining the items would have been soaked.,63852,@130670 Sorry to hear this. Who was the carrier that delivered your order? Were there any issues with the items in your order?^ES,Thu Nov 30 07:57:49 +0000 2017,130670,AmazonHelp,1,False,delivery_order_status
63856,63855,@130671 That's how @115830 delivered a parcel to us yesterday. Not impressed.,That's how delivered a parcel to us yesterday. Not impressed.,63854,@130670 I'm sorry to hear about the poor experience. Have you contacted us directly about this? What was advised? ^MI,Thu Nov 30 07:46:48 +0000 2017,130670,AmazonHelp,1,False,delivery_order_status
63871,63865,"@AmazonHelp ""From Amazon Shipping at Wednesday, 29 November.
Delay in delivery due to external factors"" External factor being courier I guess.","""From Amazon Shipping at Wednesday, 29 November. Delay in delivery due to external factors"" External factor being courier I guess.",63867,@130674 Thanks for checking for us. Seems the delay is with the carrier. Please keep us posted on this today and let us know when your order arrives. Thank you. ^NV,Thu Nov 30 08:43:56 +0000 2017,130674,AmazonHelp,1,False,delivery_order_status
63871,63866,"@AmazonHelp It might be delivered today, same the previous two days. In over 10 years of buying from you this has never happened. Doesn't look good coming up to Christmas","It might be delivered today, same the previous two days. In over 10 years of buying from you this has never happened. Doesn't look good coming up to Christmas",63864,"@130674 I am sorry to hear this. Can I ask, have you been updated via email as to why this order has been delayed? Please check your spam/junk folder because our emails may have been directed there.^GA",Thu Nov 30 08:21:08 +0000 2017,130674,AmazonHelp,1,False,delivery_order_status
63871,63869,@AmazonHelp Tuesday. Has been out twice for delivery. 1 is unlucky 2 is careless,Tuesday. Has been out twice for delivery. 1 is unlucky 2 is careless,63868,@130674 Have there been any further updates on the tracking for your order?^PJ,Thu Nov 30 08:06:47 +0000 2017,130674,AmazonHelp,1,False,delivery_order_status
63871,63871,Disappointing from @115830 had parcel out for delivery for 2 days. No idea if it will actually arrive this week.,Disappointing from had parcel out for delivery for 2 days. No idea if it will actually arrive this week.,63870,@130674 Oh no! Sorry to hear. What delivery date were you given in your order confirmation email?ES,Thu Nov 30 07:51:48 +0000 2017,130674,AmazonHelp,1,False,delivery_order_status
63899,63895,@AmazonHelp Says rescheduled when it wasn't. I just updated a safe place as my hour window was not met on Monday. Now it's nowhere to be seen. Even @122232 said delivery for yesterday and nothing. https://t.co/yahZHLp8jq,Says rescheduled when it wasn't. I just updated a safe place as my hour window was not met on Monday. Now it's nowhere to be seen. Even said delivery for yesterday and nothing.,63893,"@130677 Hi Danny. Can you contact us directly regarding this via the below link, we can look into this further for you.  https://t.co/JzP7hlA23B Thank you. ^NV",Thu Nov 30 08:19:31 +0000 2017,130677,AmazonHelp,1,False,delivery_order_status
63899,63897,"@AmazonHelp Tracking is wrong.
Got hourly window, didn't arrive.
Put request on website to leave in safe place that day but apparently 'attempts delivery' and no one was in AND left invisible calling card.
Doesn't arrive Tuesday
Says on @122232 dpdarriving Wednesday 29th
Still not here","Tracking is wrong. Got hourly window, didn't arrive. Put request on website to leave in safe place that day but apparently 'attempts delivery' and no one was in AND left invisible calling card. Doesn't arrive Tuesday Says on dpdarriving Wednesday 29th Still not here",63896,@130677 I'm sorry to hear about the delay and that your safe place was not followed. Unfortunately if you only added the safe place on the day of the attempt it may not have updated to the carrier in time. I know its wrong but what does the tracking on your order say? ^MI,Thu Nov 30 07:46:31 +0000 2017,130677,AmazonHelp,1,False,delivery_order_status
63899,63899,@122232 @AmazonHelp @115830 my parcel hasn't arrived even though DPD say it will be delivered yesterday... driver has clearly made a mistake and doesn't read requests to leave it either. Monday it was due. Nothing since.,my parcel hasn't arrived even though DPD say it will be delivered yesterday... driver has clearly made a mistake and doesn't read requests to leave it either. Monday it was due. Nothing since.,63898,@130677 Oh no! Sorry to hear this. What is the current status on your tracking? You can find this here: https://t.co/aaDyEz1VgE ^ES,Thu Nov 30 07:12:45 +0000 2017,130677,AmazonHelp,1,False,delivery_order_status
63903,63901,@AmazonHelp It was delivered by amazon itself. How do I report it on the app? I seem to get lost in an endless loop when I go via that link,It was delivered by amazon itself. How do I report it on the app? I seem to get lost in an endless loop when I go via that link,63900,"@130678 Sorry Joanne, that link was for tips locating orders scanned as delivered. You can contact us directly here: https://t.co/JzP7hlA23B so we can take a look. ^MI",Thu Nov 30 08:21:54 +0000 2017,130678,AmazonHelp,1,False,delivery_order_status
63903,63903,"@AmazonHelp hi amazon, apparently a package has been delivered when it hasn’t, how do I report it?","hi amazon, apparently a package has been delivered when it hasn’t, how do I report it?",63902,@130678 I'm sorry it hasn't arrived! I recommend these tips first: https://t.co/MKKStH3Vov ^SJ,Wed Nov 29 18:27:47 +0000 2017,130678,AmazonHelp,1,False,delivery_order_status
63906,63905,@AmazonHelp I reinstalled it &amp; it's working fine. But how did it happen in the first place?,I reinstalled it &amp; it's working fine. But how did it happen in the first place?,63907,"@130679 Due to the internal technical glitches, we may encounter with such errors. But they are rectified soon. I'm glad that the application is working fine for you now. ^HS",Thu Nov 30 11:08:14 +0000 2017,130679,AmazonHelp,1,False,other
63906,63906,Why is @116618 showing AV_MOBILE_IOS_DETAILS_AIRDATE_WITH_COLON everywhere? Did you guys get hacked? @115850 @115851 https://t.co/Tw9THtkiTP,Why is showing AV_MOBILE_IOS_DETAILS_AIRDATE_WITH_COLON everywhere? Did you guys get hacked?,63904,@130679 I'm sorry for that error. Our application is safe. Please try reinstalling it. ^RW,Thu Nov 30 08:05:37 +0000 2017,130679,AmazonHelp,1,False,account_access
63911,63910,"@AmazonHelp Entre le 1er et 4 décembre, comment se fait-il que l'état d'avancement ne bouge pas dans le suivi?","Entre le 1er et 4 décembre, comment se fait-il que l'état d'avancement ne bouge pas dans le suivi?",63912,"@130680 N'ayant pas accès à votre compte depuis Twitter,  le mieux serait de contacter notre SAV. Veuillez le faire via le lien suivant :  https://t.co/hgIrz98cdI
^ARC",Thu Nov 30 09:43:29 +0000 2017,130680,AmazonHelp,1,False,other
63911,63911,"@AmazonHelp bonjour, je souhaiterai savoir si mes commandes seront envoyées, aucune information, ne bouge, d'habitude je reçois en 3j et là le suivi me dit la même chose depuis 3j, ''en préparation''","bonjour, je souhaiterai savoir si mes commandes seront envoyées, aucune information, ne bouge, d'habitude je reçois en 3j et là le suivi me dit la même chose depuis 3j, ''en préparation''",63909,"@130680 Bonjour, je suis désolée pour cela. Quelle est la date de livraison estimée SVP ? ^SM",Thu Nov 30 08:18:21 +0000 2017,130680,AmazonHelp,1,False,other
63918,63914,"@AmazonHelp Entendi, obrigada","Entendi, obrigada",63916,@130681 Imagina! Estamos para te ajudar. ^VL,Thu Nov 30 15:54:54 +0000 2017,130681,AmazonHelp,1,False,other
63918,63915,"@AmazonHelp Bom dia, um dos itens estava por encomenda e não recebi nenhum e-mail informando do pagamento","Bom dia, um dos itens estava por encomenda e não recebi nenhum e-mail informando do pagamento",63913,"@130681 Estela, no seu caso, o pedido será cobrado e você será informada até que todos os itens fiquem disponíveis para ser entregues! ^AG",Thu Nov 30 08:16:32 +0000 2017,130681,AmazonHelp,1,False,other
63918,63918,"Quase uma semana que comprei meus livros e a @117086 ainda não aprovou meu pagamento, devo ficar preocupada?","Quase uma semana que comprei meus livros e a ainda não aprovou meu pagamento, devo ficar preocupada?",63917,"@130681 Bom dia Estela! Entendo, neste caso pode por gentileza, nos informar se todos os itens no seu pedido estão no estoque ou se você tem recebido algum e-mail informando algum inconveniente com o pagamento de sue pedido. ^CJ",Thu Nov 30 08:08:18 +0000 2017,130681,AmazonHelp,1,False,other
63920,63920,@116316 why do I even pay for prime when all my delivery dates get postponed ON the day of delivery anyways? 🙃 #fail,why do I even pay for prime when all my delivery dates get postponed ON the day of delivery anyways? 🙃 #fail,63919,@130682 This is not how it should be :( Did you contact our customer service in order to check why the orders are late? https://t.co/Su5eCHNYlH ^AV,Thu Nov 30 08:07:15 +0000 2017,130682,AmazonHelp,1,False,delivery_order_status
63923,63923,@115850 when is the result for q6 quiz,when is the result for q6 quiz,63922,"@130683 The result hasn't been announced yet, Ashwin. Winners will be notified via email. Do keep an eye on your inbox. ^SY",Thu Nov 30 08:08:06 +0000 2017,130683,AmazonHelp,1,False,other
63929,63927,@AmazonHelp I've sent an email. Briefly my issue is that there's no provision on the ID check email to alert you that it wasn't requested.,I've sent an email. Briefly my issue is that there's no provision on the ID check email to alert you that it wasn't requested.,63926,@130685 Thanks for flagging this Richard. We will be in touch directly via email with you on this. ^NV,Thu Nov 30 08:17:39 +0000 2017,130685,AmazonHelp,1,False,other
63929,63929,"Someone's trying to get into my amazon account, but when @115830 send the confirmation code, there's no way to tell them it wasn't asked for.","Someone's trying to get into my amazon account, but when send the confirmation code, there's no way to tell them it wasn't asked for.",63928,"@130685 Hello, I am sorry to hear about the issues occurring with your account. Please reach out to us directly so we may look into this for you: https://t.co/JzP7hlA23B ^CR",Thu Nov 30 08:04:11 +0000 2017,130685,AmazonHelp,1,False,other
63826,63935,"@AmazonHelp i am ok with the information 
have filled the form
please call asap now and solve this matter",i am ok with the information have filled the form please call asap now and solve this matter,63933,@130667 Thanks for the update. Our teams will reach out to you soon. ^VM,Thu Nov 30 08:07:24 +0000 2017,130667,AmazonHelp,1,False,other
63826,63938,"@AmazonHelp filled the form and got this message 
Your message has been sent. We will contact you within 12 business hours, 7 days a week 10:00 to 19:00 IST.
12 days you need to solve this issue
what the hell it is team","filled the form and got this message Your message has been sent. We will contact you within 12 business hours, 7 days a week 10:00 to 19:00 IST. 12 days you need to solve this issue what the hell it is team",63936,@130667 Please confirm if you have provided the details shared earlier by 'SC' and we'll look into your concern at the earliest. ^SF,Thu Nov 30 08:05:34 +0000 2017,130667,AmazonHelp,1,False,other
63944,63944,"@116316 @115821 @115830 #amazontheft Thanks for nothing. Now I get to try and find my kids gifts somewhere else. Never again with amazon. 2 orders lost, surprisingly items 'sold' by amazon. others showed. Tell your couriers to stop stealing from kids.","#amazontheft Thanks for nothing. Now I get to try and find my kids gifts somewhere else. Never again with amazon. 2 orders lost, surprisingly items 'sold' by amazon. others showed. Tell your couriers to stop stealing from kids.",63943,"@130689 Hello, we would like to help. Which site have you used to make your purchase ? Has your parcel been lost ? ^CR",Thu Nov 30 08:17:08 +0000 2017,130689,AmazonHelp,1,False,delivery_order_status
63948,63947,@AmazonHelp Yes 2 days then emailed after said wanted another 2 days and still nothing,Yes 2 days then emailed after said wanted another 2 days and still nothing,63949,"@130690 Emails can get routed to your spam/junk folder, did you check there?^CN",Thu Nov 30 09:03:29 +0000 2017,130690,AmazonHelp,1,False,service_complaint
63948,63948,"The embarrassing level of @115830 first item damaged not delivered, promised quick delivery of new 1 at no extra cost, then that doesn’t turn up and I get refunded, ask for an investigation, no reply 4 days after they said they would reply","The embarrassing level of first item damaged not delivered, promised quick delivery of new 1 at no extra cost, then that doesn’t turn up and I get refunded, ask for an investigation, no reply 4 days after they said they would reply",63946,@130690 Sorry to hear of the issues with your orders. Were you given a time frame that you should have received a response by?^ES,Thu Nov 30 08:14:18 +0000 2017,130690,AmazonHelp,1,False,refund_return
63948,63950,@AmazonHelp Honestly your going with that 😂😂😂😂,Honestly your going with that 😂😂😂😂,63951,@130690 If there isn't an update there then please reach out to us directly so that we can look into this for your. You can do this by clicking on the following link:  https://t.co/JzP7hlA23B ^KI,Thu Nov 30 09:06:03 +0000 2017,130690,AmazonHelp,1,False,other
63948,63952,@AmazonHelp I have done TWICE palmed off once no reply other,I have done TWICE palmed off once no reply other,63953,"@130690 I'm sorry about the poor experience. As the refund was processed for you the investigation with the carrier would have been internal, you may not receive any update from that. If you contact us at the link provided we can check if any info was provided. ^MI",Thu Nov 30 09:10:43 +0000 2017,130690,AmazonHelp,1,False,service_complaint
63948,63954,@AmazonHelp I’ve done that too but still await a reply,I’ve done that too but still await a reply,63955,"@130690 we will not disclose the outcome of any internal investigation. 

-Sami",Thu Nov 30 09:32:21 +0000 2017,130690,AmazonHelp,1,False,other
63968,63964,@AmazonHelp I forgot to mention that all 3 packages were from the same purchase order so I fail to see how any of these would apply since I’ve received 2/3 already.,I forgot to mention that all 3 packages were from the same purchase order so I fail to see how any of these would apply since I’ve received 2/3 already.,63962,"@130692 Hi Efrain, as the items from the same order were shipped separately it could have been delayed due a number of reasons. What does the current tracking info say? You can find the tracking info here:  https://t.co/Y5jpI9gRhE. ^MI",Thu Nov 30 08:11:22 +0000 2017,130692,AmazonHelp,1,False,delivery_order_status
63968,63966,"@AmazonHelp 3 packages, one arrived a day early, other arrived on time, last one appeared to be “on track” but then I was updated saying that it was brought back to UPS warehouse which makes no sense since they had it out for delivery.","3 packages, one arrived a day early, other arrived on time, last one appeared to be “on track” but then I was updated saying that it was brought back to UPS warehouse which makes no sense since they had it out for delivery.",63965,@130692 Hi Efrain! There are many reasons why a carrier would return a parcel. You can find info here: https://t.co/uIAHM0EXnw.^CN,Thu Nov 30 08:01:04 +0000 2017,130692,AmazonHelp,1,False,delivery_order_status
63968,63968,First time @14249 has failed me with the 2-day delivery in over 4 years. Sad 😞,First time has failed me with the 2-day delivery in over 4 years. Sad 😞,63967,@130692 Sorry to hear that. Without giving out personal info please let us know what happened? ^RS,Thu Nov 30 07:33:42 +0000 2017,130692,AmazonHelp,1,False,delivery_order_status
63971,63970,@AmazonHelp Amazon direct,Amazon direct,63972,@130693 Thank you for that Dominic. You can find more info on this here:https://t.co/LOGT2lOn5U.^GA,Thu Nov 30 08:40:04 +0000 2017,130693,AmazonHelp,1,False,other
63971,63971,Thanks @115830 for delivering my son's main Christmas present with no box or other form of cover. He now knows what he's getting - and that it won't come from Father Christmas,Thanks for delivering my son's main Christmas present with no box or other form of cover. He now knows what he's getting - and that it won't come from Father Christmas,63969,@130693 I'm sorry to hear of this. Was this item sold directly by Amazon or from one of our Marketplace Sellers? ^KI,Thu Nov 30 08:11:26 +0000 2017,130693,AmazonHelp,1,False,delivery_order_status
643,640,@AmazonHelp Is the Echo Show no longer supported?,Is the Echo Show no longer supported?,639,"@115834 The Echo Show is supported, please reach us for some live troubleshooting at your convenience: https://t.co/hApLpMlfHN ^DW",Tue Oct 31 01:03:01 +0000 2017,115834,AmazonHelp,1,False,other
64013,64013,"@115850 I have put my quesries to @AmazonHelp  but dint get any response. You seem very responsive so can you please reply on the same.
@115851",I have put my quesries to but dint get any response. You seem very responsive so can you please reply on the same.,64012,@130698 I understand that you are not satisfied with the support team. Please provide your details here: https://t.co/beaaDm0muc &amp; we'll look into your concern. ^SF,Thu Nov 30 08:03:23 +0000 2017,130698,AmazonHelp,1,False,other
64022,64015,"@AmazonHelp Je ne sais pas trop en fait, je vous mets la capture du suivi.. https://t.co/XVeCN9DtCt","Je ne sais pas trop en fait, je vous mets la capture du suivi..",64017,"@130699 Les articles en question, sont vendus par Amazon ou par un vendeur tiers ? ^AR",Thu Nov 30 08:19:29 +0000 2017,130699,AmazonHelp,1,False,other
64022,64016,@AmazonHelp J'ai commandée le 20/11 et on m'avais dit entre le 29/11 et le 15/12. Sauf que là dans le suivi de colis on me dit que je vais le recevoir le 15/12 ..,J'ai commandée le 20/11 et on m'avais dit entre le 29/11 et le 15/12. Sauf que là dans le suivi de colis on me dit que je vais le recevoir le 15/12 ..,64014,@130699 Le 15/12 est la date maximale de livraison. Pouvez-vous me confirmer si votre colis est expédié s'il vous plaît ? ^SB,Thu Nov 30 08:12:57 +0000 2017,130699,AmazonHelp,1,False,other
64022,64018,"@AmazonHelp Par un vendeur tiers, mais dans le suivi c'est marqué qu'il avait bien envoyé les produits","Par un vendeur tiers, mais dans le suivi c'est marqué qu'il avait bien envoyé les produits",64019,"@130699 Votre commande est bien expédiée. La livraison sera effectuée d'ici le 15/12 au plus tard comme indiquée. Pour en savoir plus, je vous propose de contacter le vendeur directement via la page suivante : https://t.co/ddW1g41ivP ^SB",Thu Nov 30 08:31:24 +0000 2017,130699,AmazonHelp,1,False,other
64022,64022,"Pourquoi j'ai l'impression que je ne vais jamais recevoir mon colis de chez @120533 ?? Nan parce que presque 1 mois pour livrer 2 petites coques de téléphone à 0.98€, je trouve ça un peu limite...","Pourquoi j'ai l'impression que je ne vais jamais recevoir mon colis de chez ?? Nan parce que presque 1 mois pour livrer 2 petites coques de téléphone à 0.98€, je trouve ça un peu limite...",64021,"@130699 Bonjour, quelle est la date de livraison qui vous a été communiquée dans l’e-mail de confirmation de commande s'il vous plaît? ^FA",Thu Nov 30 07:52:58 +0000 2017,130699,AmazonHelp,1,False,other
64026,64024,"@130701 Ah ma su @120540 
Se non dovessi regalar la domenica l’avrei rispedita indietro",Ah ma su Se non dovessi regalar la domenica l’avrei rispedita indietro,64023,@130700 Ti suggerisco di segnalare l'accaduto al nostro Servizio Clienti da qui: https://t.co/7KeFKgeoSa. I miei colleghi sono a tua completa disposizione. A presto! ^MZ,Thu Nov 30 08:07:18 +0000 2017,130700,AmazonHelp,1,False,other
64037,64030,@AmazonHelp So you want me to contact the same@customer@service that has got me wanting to never do business with you again. How do you think that’s going to go?,So you want me to contact the same that has got me wanting to never do business with you again. How do you think that’s going to go?,64027,"@130702 Hi, we would not have access to your account/order details via Twitter. We would have to ask that you use the link provided so we may attempt to get this looked after as soon as possible. Once again, apologies for the inconvenience caused. ^CR",Thu Nov 30 08:11:14 +0000 2017,130702,AmazonHelp,1,False,other
64037,64032,@AmazonHelp Up until now I had been a great advocate for your company. Now I don’t want to have anything to do with you. And I was always told that your support was top notch.,Up until now I had been a great advocate for your company. Now I don’t want to have anything to do with you. And I was always told that your support was top notch.,64031,@130702 I am sorry to hear this Peter. Can you please reach out to us using the following link so we can take action on this for you:https://t.co/JzP7hlA23B.^GA,Thu Nov 30 08:01:07 +0000 2017,130702,AmazonHelp,1,False,other
64037,64034,@130703 @115830 And this is how amazon deal with a request to close down an account. To bombard you with calls at half six in the morning https://t.co/l9HtnvkW67,And this is how amazon deal with a request to close down an account. To bombard you with calls at half six in the morning,64033,"@130702 Hi Peter, I'm sorry to hear about the calls so early. Did you request a call back via the website or had you emailed us about closing your account? Unfortunately in order to close an account we do need to speak to the account holder for security reason. ^MI",Thu Nov 30 07:41:28 +0000 2017,130702,AmazonHelp,1,False,other
64056,64039,"@AmazonHelp Yes, but I also received a new (incorrect) delivery date on Monday. I spent a few hours on the phone with UPS today, maybe tomorrow will be different.

I'm not concerned with the delay itself, I am with the inaccuracy. Don't call it an guarantee if it's gonna take 2x as long.","Yes, but I also received a new (incorrect) delivery date on Monday. I spent a few hours on the phone with UPS today, maybe tomorrow will be different. I'm not concerned with the delay itself, I am with the inaccuracy. Don't call it an guarantee if it's gonna take 2x as long.",64041,@130704 Thanks for keeping us informed. Please keep us posted about the delivery tomorrow and let us know if there are any further issues.^PJ,Thu Nov 30 08:23:52 +0000 2017,130704,AmazonHelp,1,False,delivery_order_status
64056,64040,"@AmazonHelp Thank you for providing that information, it is very helpful. The problem is ""Free Delivery"" with Prime is less of a perk when the recourse is a refunded shipping fee.

I literally don't have a place to sleep because I expected to receive this mattress by the ""guaranteed"" date.","Thank you for providing that information, it is very helpful. The problem is ""Free Delivery"" with Prime is less of a perk when the recourse is a refunded shipping fee. I literally don't have a place to sleep because I expected to receive this mattress by the ""guaranteed"" date.",64038,"@130704 Apologies for the delay, Barry.  Some deliveries may take slightly longer than usual due to this busy period, we appreciate your patience. Did you receive a new delivery date?^CN",Thu Nov 30 08:11:46 +0000 2017,130704,AmazonHelp,1,False,refund_return
64056,64042,"@AmazonHelp I just got an email with a new delivery date of Friday.  This is unacceptable.  I've gone days without a bed because of this, and I have no reason to believe it won't be pushed to Saturday and beyond.","I just got an email with a new delivery date of Friday. This is unacceptable. I've gone days without a bed because of this, and I have no reason to believe it won't be pushed to Saturday and beyond.",64043,"@130704 I am very sorry to hear this Barry. Can I ask, have you been given a reason as to why this order is delayed please?",Thu Nov 30 08:54:24 +0000 2017,130704,AmazonHelp,1,False,delivery_order_status
64056,64044,@AmazonHelp I was not told any reason by UPS.,I was not told any reason by UPS.,64045,@130704 Have you been contacted by us via email with a reason for the delay?^TI,Thu Nov 30 09:01:24 +0000 2017,130704,AmazonHelp,1,False,other
64056,64046,"@AmazonHelp No.  I spent an hour waiting on hold with UPS today, and they told me they'd make sure it got out tomorrow. But just now I got an email saying Friday.","No. I spent an hour waiting on hold with UPS today, and they told me they'd make sure it got out tomorrow. But just now I got an email saying Friday.",64047,"@130704 I am very sorry to hear this Barry. Can I ask, who is the seller of this item please? You can find this info here: https://t.co/Y5jpI9gRhE.^GA",Thu Nov 30 09:10:39 +0000 2017,130704,AmazonHelp,1,False,other
64056,64048,"@AmazonHelp Sold by: https://t.co/8lsCC88NSG LLC

https://t.co/JGNPnX1uku",Sold by: LLC,64049,"@130704 Hi, if UPS have confirmed they will provide delivery of the mattress tomorrow the tracking might not have been updated yet. Please do let us know if the mattress is not with you by tomorrow as the carrier advised. ^CR",Thu Nov 30 09:13:42 +0000 2017,130704,AmazonHelp,1,False,other
64056,64052,"@AmazonHelp So, you can’t tell me what Amazon means by “guaranteed” either? Is there a document you can point me to which clarifies? Not being sarcastic. Actually trying to understand what this means so I can make informed decisions for potential future purchases.","So, you can’t tell me what Amazon means by “guaranteed” either? Is there a document you can point me to which clarifies? Not being sarcastic. Actually trying to understand what this means so I can make informed decisions for potential future purchases.",64051,"@130704 I'm sorry for the trouble! Our goal is to always meet the Delivery Guarantee provided at checkout. If it's missed, we'll refund the shipping costs. You can learn more here: https://t.co/iDo3lP9Y20 ^JM",Wed Nov 29 22:45:07 +0000 2017,130704,AmazonHelp,1,False,other
64056,64054,"@AmazonHelp I’m already working with CS, but I’ve asked what the “guaranteed” part means and haven’t gotten an answer. It has left me with no mattress for 2 days.","I’m already working with CS, but I’ve asked what the “guaranteed” part means and haven’t gotten an answer. It has left me with no mattress for 2 days.",64053,@130704 Thank you very much for keeping us posted and thanks for reaching out to us. ^CO,Wed Nov 29 22:31:48 +0000 2017,130704,AmazonHelp,1,False,other
64056,64056,"@115821 what does ""guaranteed delivery date"" mean?  Apparently my understanding is a few days off.","what does ""guaranteed delivery date"" mean? Apparently my understanding is a few days off.",64055,"@130704 We aim to meet the delivery date provided in your order confirmation e-mail, but unexpected delays can occur. Are you having trouble with a current order? If so, what's going on? Please don't include any account details. ^RA",Wed Nov 29 22:24:15 +0000 2017,130704,AmazonHelp,1,False,delivery_order_status
64060,64059,@115821 Amazon making fool of people's for playing quiz on Amazon App..  And not accouncing the winner list on that app.. ...  Only doing there publicity to give prizes..,Amazon making fool of people's for playing quiz on Amazon App.. And not accouncing the winner list on that app.. ... Only doing there publicity to give prizes..,64057,"@130705 That's quite a negative comments, Ashok! Did we miss out on announcing the winner list for any contest? You can find the winner's list of the contests here: https://t.co/hnENfJwtHo. ^SF",Thu Nov 30 08:02:57 +0000 2017,130705,AmazonHelp,1,False,other
64064,64062,@AmazonHelp They told me to wait 5 business days to investigate and another 5 days for the refund..what a joke..wasted so much of my time and energy...atleast i should get some compensation,They told me to wait 5 business days to investigate and another 5 days for the refund..what a joke..wasted so much of my time and energy...atleast i should get some compensation,64061,"@130706 Sorry for the stretch in investigating your concern. We do not have any compensation policy, but I shall forward this as a feedback to the concerned teams for review to make sure this isn't repeated. Appreciate your understanding. ^HR",Thu Nov 30 07:49:01 +0000 2017,130706,AmazonHelp,1,False,refund_return
64064,64064,@118919 I've received a tampered product...i want my refund asap.. i spent hour talking to your customer support and they were useless,I've received a tampered product...i want my refund asap.. i spent hour talking to your customer support and they were useless,64063,@130706 I understand your concern regarding the refund. Please drop in your details here: https://t.co/GIJyeYqKE0 and we will assist you. ^AH,Thu Nov 30 07:18:30 +0000 2017,130706,AmazonHelp,1,False,refund_return
64072,64067,@AmazonHelp Right. I’ve been through this over and over again via chat and phone customer service agents. Nothing changes and I never have my actual issue solved; which is how Amazon handles problems. That support system isn’t designed to help beyond apologizing and issuing credits.,Right. I’ve been through this over and over again via chat and phone customer service agents. Nothing changes and I never have my actual issue solved; which is how Amazon handles problems. That support system isn’t designed to help beyond apologizing and issuing credits.,64065,"@130707 I am sorry to hear this Wes. Without giving us sensive account info, please explain the issue to us so we can assist you further.^GA",Thu Nov 30 08:12:44 +0000 2017,130707,AmazonHelp,1,False,service_complaint
64072,64070,@AmazonHelp It’s a looooong story. It just feels like Amazon could be doing simpler things to help Prime members but instead offers things that just add to the frustration. My specific issue tonight won’t fit in 280 characters. If you want to DM or call me I’d love to discuss.,It’s a looooong story. It just feels like Amazon could be doing simpler things to help Prime members but instead offers things that just add to the frustration. My specific issue tonight won’t fit in 280 characters. If you want to DM or call me I’d love to discuss.,64069,@130707 Hi Wes. You can get in touch with us and voice your concerns via this link: https://t.co/hApLpMlfHN. ^DC,Thu Nov 30 07:56:59 +0000 2017,130707,AmazonHelp,1,False,service_complaint
64072,64072,"@AmazonHelp @115821 your customer service agents try but can’t solve real problems. I have regular issues with Amazon and no one ever does anything different. As a long time prime member, I don’t feel valued at all nor do I get “prime” service. Want someone higher up to hear me.","your customer service agents try but can’t solve real problems. I have regular issues with Amazon and no one ever does anything different. As a long time prime member, I don’t feel valued at all nor do I get “prime” service. Want someone higher up to hear me.",64071,@130707 Sorry to hear that. Without giving out personal info please let us know what happened? ^RS,Thu Nov 30 07:49:32 +0000 2017,130707,AmazonHelp,1,False,service_complaint
64078,64078,@116928 como se hace para no recibir mas paquetes de amazon de un servicio de mensajería concreto? porque lo de @130709 es una vergüenza.,como se hace para no recibir mas paquetes de amazon de un servicio de mensajería concreto? porque lo de es una vergüenza.,64076,"@130708 ¡Hola Andrés! Lamento los problemas ocasionados con las entregas de ASM en tu código postal, en este caso no es posible elegir un transportista en concreto sin embargo es importante que nos brindes este tipo de información para evaluar las entregas. ^JL",Thu Nov 30 08:05:15 +0000 2017,130708,AmazonHelp,1,False,other
64088,64086,"@130712 @130713 @1445 Damn, love these. But amazon screwed up my order and now I got the orange. ☹️ https://t.co/i9DNqQOtKs","Damn, love these. But amazon screwed up my order and now I got the orange. ☹️",64084,"@130711 Hi Michael, sorry to hear about this. You can organise a return for the item at our Online Returns Centre: http:https://t.co/DLe9KUYAqA. ^PJ",Thu Nov 30 08:00:30 +0000 2017,130711,AmazonHelp,1,False,delivery_order_status
64096,64090,"@AmazonHelp No, nothing has gone in there either. Who can help then?","No, nothing has gone in there either. Who can help then?",64089,@130714 Please get in touch with us here: https://t.co/zYVX1Qi29G We'll be glad to help!^CN,Thu Nov 30 08:10:19 +0000 2017,130714,AmazonHelp,1,False,other
64096,64092,"@AmazonHelp Not that I can find, but the payment is taken from my account? Can I DM you my email address?","Not that I can find, but the payment is taken from my account? Can I DM you my email address?",64091,"@130714 We cannot check accounts here, Sam. Can I ask has our emails been directed to your spam/junk folder please?^GA",Thu Nov 30 08:06:06 +0000 2017,130714,AmazonHelp,1,False,other
64096,64094,"@AmazonHelp I'm not sure, but I placed an order through prime &amp; confirmed my address for prime?","I'm not sure, but I placed an order through prime &amp; confirmed my address for prime?",64093,"@130714 Sorry to hear that, were you sent any order emails? Or would you have any other email address? ^AS",Thu Nov 30 07:49:12 +0000 2017,130714,AmazonHelp,1,False,other
64096,64096,"@AmazonHelp Hi Amazon, I signed up this week and placed an order. Now when I try sign in, it says my email isn't registered? Please help!","Hi Amazon, I signed up this week and placed an order. Now when I try sign in, it says my email isn't registered? Please help!",64095,@130714 Oh no! Sorry to hear this. When you signed up a week ago did you receive an email from us?^ES,Thu Nov 30 07:39:35 +0000 2017,130714,AmazonHelp,1,False,account_access
64100,64098,@AmazonHelp Are you blind . I have already given order details in my tweet to which you have replied..@115821 @115850,Are you blind . I have already given order details in my tweet to which you have replied..,64097,"@130715 Owing to your account security reasons we would not be able to check your details here as Twitter is a social media platform and is visible to public. Hence, I would request you to share the details on the secured link, we would investigate and connect shortly. ^KK",Thu Nov 30 07:51:53 +0000 2017,130715,AmazonHelp,1,False,other
64100,64100,@115850 @AmazonHelp Dear Cheats will you care to update about the below order status.. Your Amazon.in Order # 403-0745487-1392338.. I am getting no response from your end and I have already made payment from my end.. Stuck .. Not done..,Dear Cheats will you care to update about the below order status.. Your Amazon.in Order # 403-0745487-1392338.. I am getting no response from your end and I have already made payment from my end.. Stuck .. Not done..,64099,"@130715 I'm sorry you've not received your order. We certainly did not expect this to happen. I'd like to assist you with this. Please provide your details here: https://t.co/cllwXc2HeK. I'll look into it right away.
Please don't provide your order details, 1/2^AR",Thu Nov 30 07:06:48 +0000 2017,130715,AmazonHelp,1,False,delivery_order_status
64114,64103,"@AmazonHelp Will do, thanks","Will do, thanks",64102,"@130716 Thanks, Laura! ^NV",Thu Nov 30 08:06:21 +0000 2017,130716,AmazonHelp,1,False,other
64114,64105,"@AmazonHelp Morning, still no sign of my package","Morning, still no sign of my package",64104,@130716 Sorry to hear this. Can you contact us here:  https://t.co/JzP7hlA23B so we can take a look at what options we have? ^MI,Thu Nov 30 07:59:35 +0000 2017,130716,AmazonHelp,1,False,delivery_order_status
64114,64109,"@AmazonHelp I just rang customer services and was told to wait 48 hours, you see my frustration??","I just rang customer services and was told to wait 48 hours, you see my frustration??",64108,"@130716 Hi Laura, I know its frustrating but this could just be a mis-scan. That's why we ask you to wait a little longer as there is a good chance this will still turn up within the next 48 hours. If not we will take full responsibility and replace or refund for you. ^KK",Tue Nov 28 11:15:24 +0000 2017,130716,AmazonHelp,1,False,service_complaint
64114,64111,@AmazonHelp I had a message saying it was through my letterbox,I had a message saying it was through my letterbox,64110,@130716 Oh no! That is not good! Let's look into this in real time. Please call or chat with us here: https://t.co/9CEufyI5mq. ^BA,Tue Nov 28 11:11:26 +0000 2017,130716,AmazonHelp,1,False,other
64114,64114,@115830 another triumph of customer service. Useless.,another triumph of customer service. Useless.,64112,@130716 Hello! Without posting account information can you tell us more about the issue you're having? We'll be glad to help!^CN,Tue Nov 28 11:05:33 +0000 2017,130716,AmazonHelp,1,False,service_complaint
64119,64117,@AmazonHelp I ordered 3 books approx £8 each. They were a gift but the person already has 2 of them so I want to send them back and as far as I can see that's going to cost me £3.99 return fee per book!!!,I ordered 3 books approx £8 each. They were a gift but the person already has 2 of them so I want to send them back and as far as I can see that's going to cost me £3.99 return fee per book!!!,64115,"@130717 As the reason for your return is not an Amazon error, means we would not cover the cost for the return. You can find more info here at the end of this help page:https://t.co/dezwduZ03f.^GA",Thu Nov 30 08:07:18 +0000 2017,130717,AmazonHelp,1,False,other
64119,64119,@AmazonHelp since when did you start charging return postage??,since when did you start charging return postage??,64118,@130717 Hi Sarah! What was the reason for return?^CN,Thu Nov 30 08:02:11 +0000 2017,130717,AmazonHelp,1,False,payment_billing
64125,64121,@AmazonHelp gracias,gracias,64120,"@130718 Estamos para servirte Juan, si tuvieras alguna consulta adicional, no dudes en contactarnos nuevamente por este medio ^AV",Thu Nov 30 08:07:03 +0000 2017,130718,AmazonHelp,1,False,other
64125,64124,@116875 Todos los productos están fuera de México?,Todos los productos están fuera de México?,64123,"@130718 Buenos días Juan, te comento que no todos los artículos están fuera de México, tenemos productos tanto en territorio mexicano como importados del exterior. ^CJ",Thu Nov 30 07:46:40 +0000 2017,130718,AmazonHelp,1,False,other
64128,64127,@AmazonHelp No updates yet it this your customer satisfaction service,No updates yet it this your customer satisfaction service,64129,@130719 I'm sorry to hear you still haven't received any update from our team. Could you please confirm if you've dropped in your details using the link provided above? ^AM,Fri Dec 01 15:26:40 +0000 2017,130719,AmazonHelp,1,False,other
64128,64128,@115850 worst delivery services I have faced . The product was delivered too late and even the delivery person was not ready to accept cards,worst delivery services I have faced . The product was delivered too late and even the delivery person was not ready to accept cards,64126,@130719 That's an unpleasant experience you've had with the delivery of your order. We apologize for the experience. I'd like to investigate this further and help you. Kindly fill in your details here https://t.co/IHQJhnmqY2 and we'll reach out to you soon. ^VM,Thu Nov 30 07:52:18 +0000 2017,130719,AmazonHelp,1,False,delivery_order_status
64128,64130,@AmazonHelp Yes I have already dropped the details,Yes I have already dropped the details,64131,"@130719 If you have shared your details with us, you should find our response here : https://t.co/DTSNmGldJf. Do keep us posted. ^CB",Fri Dec 01 15:55:36 +0000 2017,130719,AmazonHelp,1,False,other
64135,64135,アマゾンから支払い番号のメール来んやんけ,アマゾンから支払い番号のメール来んやんけ,64134,@130720 お待たせしております。お支払い番号は、出荷準備が開始される段階で発行されるため、発行のタイミングは商品によって異なります。https://t.co/w7pekJAmOO  ご心配をおかけして申し訳ございませんが、発行まで今しばらくお待ちください。RI,Thu Nov 30 07:52:11 +0000 2017,130720,AmazonHelp,1,True,other
64138,64137,@AmazonHelp Yup and we're about 3 days late,Yup and we're about 3 days late,64139,"@130721 Just for the clarification, could you please confirm whether the order has been placed in Amazon.in or https://t.co/nUUp5MLhYl? ^MD",Thu Nov 30 12:31:17 +0000 2017,130721,AmazonHelp,1,False,other
64138,64138,"@3710 y'all are incredibly late with delivering my large order. 3 days late, I called today and they said it's still not even out for delivery. Their excuse? It was black Friday, we're busy. You actually suck for using that excuse. @115821 this is on you too.","y'all are incredibly late with delivering my large order. 3 days late, I called today and they said it's still not even out for delivery. Their excuse? It was black Friday, we're busy. You actually suck for using that excuse. this is on you too.",64136,"@130721 Hello, I am sorry to hear about the delay. Have you been provided a delivery date for your items? ^CR",Thu Nov 30 08:02:31 +0000 2017,130721,AmazonHelp,1,False,delivery_order_status
64141,64141,"@123644 @115821 @115850 @AmazonHelp @1404 I need to know why I couldn't get the cashback.
I bought the phone on a deal with 10% cashback on @130723 . Please Help. https://t.co/tNrpHWyRmA",I need to know why I couldn't get the cashback. I bought the phone on a deal with 10% cashback on . Please Help.,64140,"@130722 I'm sorry for the trouble caused over this order. Please get in touch with our support team here: https://t.co/2t6DQoUmNZ for assistance on it. Please don't provide your order details, as we consider it to be personal information. Our Twitter page is public.​ ^RW",Thu Nov 30 07:34:40 +0000 2017,130722,AmazonHelp,1,False,other
64149,64143,@AmazonHelp I have reverted for thr 9th time now,I have reverted for thr 9th time now,64145,@130724 Thanks for the heads up. We will look into it and we will get back to you with an update at the earliest. ^AH,Thu Nov 30 08:40:24 +0000 2017,130724,AmazonHelp,1,False,other
64149,64144,@AmazonHelp I have given the reply for the 6th time now,I have given the reply for the 6th time now,64142,"@130724 I certainly understand the trouble regarding your concern. Sorry for the stretch. But as this is a social media platform we can't help you with the information here. Hence, kindly reply to our correspondence to assist you further. ^HR",Thu Nov 30 07:46:18 +0000 2017,130724,AmazonHelp,1,False,other
64149,64146,@AmazonHelp This is the same reply i am getting for the 9th time,This is the same reply i am getting for the 9th time,64147,"@130724 I get that you're upset. However, be assured we're working on it and we'll get back to you soon. ^BV",Thu Nov 30 09:05:51 +0000 2017,130724,AmazonHelp,1,False,other
64149,64149,"So many days yet no update. @AmazonHelp 
There are cases of fraud pick ups.
Guys be aware @130725 @130726 @17497 @130727 @115530 @130728 @115531 @115532 @130729 @115533 @130730 https://t.co/dLyuiAUNro",So many days yet no update. There are cases of fraud pick ups. Guys be aware,64148,"@130724 Please reply to the email received from our team. We will check and connect with you accordingly. Please don't provide your order details, as we consider it to be personal information. Our Twitter page is public.​ ^RW",Thu Nov 30 07:09:20 +0000 2017,130724,AmazonHelp,1,False,delivery_order_status
64152,64151,"@AmazonHelp Dernière mise à jour : jeudi 30 novembre
07:14Scan de départ 
Lauwin-Planque, Hauts-de-France, FR
Transporteur : Amazon Logistics, n° de suivi CY0000247563","Dernière mise à jour : jeudi 30 novembre 07:14Scan de départ Lauwin-Planque, Hauts-de-France, FR Transporteur : Amazon Logistics, n° de suivi CY0000247563",64150,@130731 Je suis sincèrement désolée pour cela. Je vous prie de signaler cet incident à notre SAV via le lien suivant :  https://t.co/hgIrz98cdI ^FA,Thu Nov 30 07:41:39 +0000 2017,130731,AmazonHelp,1,False,other
64155,64154,@AmazonHelp They are just providing the details which is available in portal. Even they have increased the delivery date and it will be delivered on Monday.i placed order on last Monday ..ok and you will deliver on next monday. Even customer service dint guarantee it.,They are just providing the details which is available in portal. Even they have increased the delivery date and it will be delivered on Monday.i placed order on last Monday ..ok and you will deliver on next monday. Even customer service dint guarantee it.,64157,@130698 Please wait till the new estimates shared with you. I'm positive your order should be delivered as per the estimates. Appreciate your understanding. (2/2)^SF,Thu Nov 30 08:18:08 +0000 2017,130698,AmazonHelp,2,False,delivery_order_status
64155,64155,". @AmazonHelp I purchased Kindle cover which was about to deliver yesterday. Till the morning same status was in https://t.co/sunmZYKKA1 it is showing delivery by Monday. Why the fuck u offer prime membership if u hv to do all this.
Order no:-  408-6217882-7253940",. I purchased Kindle cover which was about to deliver yesterday. Till the morning same status was in it is showing delivery by Monday. Why the fuck u offer prime membership if u hv to do all this. Order no:- 408-6217882-7253940,64153,"@130698 Please don't provide your order details, we consider it to be personal information. Our page is visible to the public. 2/2 ^KK",Thu Nov 30 07:49:41 +0000 2017,130698,AmazonHelp,2,False,prime_membership
64155,64161,"@AmazonHelp Please confirm the estimated date, as you said in last tweet. I am hoping you will do the delivery at the earliest.","Please confirm the estimated date, as you said in last tweet. I am hoping you will do the delivery at the earliest.",64162,@130698 I'm sorry you've not received your order yet. I'd like to assist you with this. Please fill this form: https://t.co/beaaDm0muc and we'll look into it right away. ^AR,Thu Nov 30 09:38:44 +0000 2017,130698,AmazonHelp,1,False,delivery_order_status
64173,64166,"@AmazonHelp Yes i do!!
And they said that they will contact me in 12hours after my query but they don't!!",Yes i do!! And they said that they will contact me in 12hours after my query but they don't!!,64168,@130732 We've escalated the issue the to our concerned team. We'll get back to you as soon as we have an update. Appreciate your understanding. ^AR,Thu Nov 30 08:41:48 +0000 2017,130732,AmazonHelp,1,False,service_complaint
64173,64167,"@AmazonHelp There is no contact establish by ur customer care.
I don't expect this form @AmazonHelp .",There is no contact establish by ur customer care. I don't expect this form .,64165,@130732 If you have shared your details through the link provided earlier. You must have received a correspondence here: https://t.co/9OllYTGo3U kindly check. ^SY,Thu Nov 30 07:51:18 +0000 2017,130732,AmazonHelp,1,False,service_complaint
64173,64169,"@AmazonHelp Please do fast all u can do.
I want my refund as fast as possible.",Please do fast all u can do. I want my refund as fast as possible.,64170,"@130732 I get that you're concerned about the refund. Be assured, we're working on it and we'll get back to you at the earliest. Appreciate your patience. ^BV",Thu Nov 30 09:39:35 +0000 2017,130732,AmazonHelp,1,False,refund_return
64173,64171,"@AmazonHelp There is nothing i can see from ur side.
No contact from customer care.
Now it is really disgusting.",There is nothing i can see from ur side. No contact from customer care. Now it is really disgusting.,64172,"@130732 I understand it's taking time, Anshul but please be assured our team is actively working on it and will reach out to you at the earliest. Also, if the response is not up to expectations, kindly reply to the email sent by our team and we'll look into it. ^PB",Fri Dec 01 07:48:35 +0000 2017,130732,AmazonHelp,1,False,service_complaint
64182,64178,@AmazonHelp .com site. It was all during the BF/CM madness so I understood that things might take a while to show up on my end.,.com site. It was all during the BF/CM madness so I understood that things might take a while to show up on my end.,64176,@130733 We can look into that for you. Get in touch here: https://t.co/hApLpMlfHN and we'll be happy to help. ^RS,Thu Nov 30 07:50:18 +0000 2017,130733,AmazonHelp,1,False,other
64182,64180,"@AmazonHelp No. I was assured by CS via chat credit would appear in 5 or so hrs. I just waited longer in case. Yet I'm still being given the ""these gift order #s have been redeemed"" when nope, still not in my account either as ebooks or credit.","No. I was assured by CS via chat credit would appear in 5 or so hrs. I just waited longer in case. Yet I'm still being given the ""these gift order #s have been redeemed"" when nope, still not in my account either as ebooks or credit.",64179,@130733 Can I ask which site you are using? Amazon .com / .co.uk / .de etc? ^MI,Thu Nov 30 07:29:16 +0000 2017,130733,AmazonHelp,1,False,other
64182,64182,"@AmazonHelp Three days, and case still unresolved. It doesn't even seem your people ""get"" what the problem is. Escalate the case to tech or whatever to investigate where the missing credits went. Replied to A1OMV7KNFMOJF0 and barely managed to sound patient.","Three days, and case still unresolved. It doesn't even seem your people ""get"" what the problem is. Escalate the case to tech or whatever to investigate where the missing credits went. Replied to A1OMV7KNFMOJF0 and barely managed to sound patient.",64181,"@130733 Sorry to hear that, were you given a waiting time period? ^AS",Thu Nov 30 07:21:49 +0000 2017,130733,AmazonHelp,1,False,service_complaint
64184,64184,"Got the signed copy today .... Very excited .... @3709 thnx @115850 ""the boy with a broken heart"" https://t.co/a7vX1k2Wjr","Got the signed copy today .... Very excited .... thnx ""the boy with a broken heart""",64183,"@130734 After all, the antidote to heartache is love. Happy reading! ^KA",Thu Nov 30 07:32:33 +0000 2017,130734,AmazonHelp,1,False,item_quality_issue
64214,64192,@AmazonHelp Still no call back...,Still no call back...,64194,"@130736 Hi Dan, were you not able to reach us via phone from the link provided? You can also reach us via chat to discuss the issue.^PJ",Thu Nov 30 12:47:06 +0000 2017,130736,AmazonHelp,1,False,other
64214,64193,@AmazonHelp Also the link you have gave me is for America not the UK so my order isn’t showing.,Also the link you have gave me is for America not the UK so my order isn’t showing.,64191,@130736 Sorry about the incorrect link. You can contact Amazon UK here:  https://t.co/JzP7hlA23B. ^MI,Thu Nov 30 07:44:23 +0000 2017,130736,AmazonHelp,1,False,delivery_order_status
64214,64195,"@AmazonHelp I need some from a UK call centre to call me, I am getting nowhere with customer service. Can somebody arrange this for me please?","I need some from a UK call centre to call me, I am getting nowhere with customer service. Can somebody arrange this for me please?",64196,"@130736 Hi Dan, really sorry to hear you've had a bad experience. Without posting account information, can you advise what's happened? ^JC.",Thu Nov 30 12:53:11 +0000 2017,130736,AmazonHelp,1,False,service_complaint
64214,64197,@AmazonHelp Are you unable to look through this thread of tweets? Why is the customer service so bad. Is a joke?,Are you unable to look through this thread of tweets? Why is the customer service so bad. Is a joke?,64198,"@130736 I'm very sorry that we've missed the mark here, Dan. Please take a moment to provide your details so that we can have someone reach out to you for a resolution: https://t.co/IocsKmhGry  ^SP",Thu Nov 30 12:59:59 +0000 2017,130736,AmazonHelp,1,False,service_complaint
64214,64202,"@AmazonHelp The form/link I was sent was my details for somebody to call me back, I’ve never given my email. Is there a number for a call centre in England I can ring? Or can you arrange for somebody to call me.","The form/link I was sent was my details for somebody to call me back, I’ve never given my email. Is there a number for a call centre in England I can ring? Or can you arrange for somebody to call me.",64201,"@130736 Can I ask, can you click on the link from your post yesterday and fill out your details again but ask can you receive a callback from us? You can use the following link to reach out to our customer service team if you would prefer: https://t.co/hApLpMlfHN.^GA",Thu Nov 30 07:36:20 +0000 2017,130736,AmazonHelp,1,False,service_complaint
64214,64204,"@AmazonHelp Still waiting on a call back, my item is saying delivered AGAIN when it hasn’t arrived, this is the 2nd time. It’s beyond ridiculous now! Last time it was delivered at 11:45pm now at 10:42pm, both outside of amazon delivery hours with no signature. Any chance of somebody calling? https://t.co/Ndp4Ane34x","Still waiting on a call back, my item is saying delivered AGAIN when it hasn’t arrived, this is the 2nd time. It’s beyond ridiculous now! Last time it was delivered at 11:45pm now at 10:42pm, both outside of amazon delivery hours with no signature. Any chance of somebody calling?",64203,"@130736 Can I ask, have you checked your spam/junk folder? Our email response may have been directed here.^GA",Thu Nov 30 07:27:02 +0000 2017,130736,AmazonHelp,1,False,delivery_order_status
64214,64208,"@AmazonHelp This is ridiculous, I’ve literally just shown what the tracking is showing and your asking again, can you not look through the thread of tweets? Something needs to be done ASAP otherwise I’ll just cancel my order","This is ridiculous, I’ve literally just shown what the tracking is showing and your asking again, can you not look through the thread of tweets? Something needs to be done ASAP otherwise I’ll just cancel my order",64207,@130736 Our team would like to look into this further with you directly to see what we can get done to help repair the situation. Can you please provide your information here so that we can reach out? https://t.co/t56ZRZdwU0 ^GS,Wed Nov 29 13:53:38 +0000 2017,130736,AmazonHelp,1,False,delivery_order_status
64214,64210,"@AmazonHelp No they said they can’t speak to them only send an email, I have wrote on the delivery instructions to call me but haven’t heard anything, your courier has lied about delivering the item and lied that they attempted delivery yesterday. Can I contact him/her directly?","No they said they can’t speak to them only send an email, I have wrote on the delivery instructions to call me but haven’t heard anything, your courier has lied about delivering the item and lied that they attempted delivery yesterday. Can I contact him/her directly?",64209,@130736 I do not believe that direct contact is available. What is the tracking showing currently?  https://t.co/Y5jpI9gRhE ^DJ,Wed Nov 29 13:21:33 +0000 2017,130736,AmazonHelp,1,False,delivery_order_status
64214,64212,@AmazonHelp Am I just going to keep waiting in every day for something that’s not going to arrive? I’ve took 4 days off work to try and wait for this and amazon want to offer me £5 compensation which isn’t even 1% of my losses. Why can I not speak to the courier directly? https://t.co/OXuUyevPJK,Am I just going to keep waiting in every day for something that’s not going to arrive? I’ve took 4 days off work to try and wait for this and amazon want to offer me £5 compensation which isn’t even 1% of my losses. Why can I not speak to the courier directly?,64211,@130736 Did the agent you spoke to say that they would contact the carrier? ^JJ,Wed Nov 29 13:13:01 +0000 2017,130736,AmazonHelp,1,False,delivery_order_status
64214,64214,"@AmazonHelp Been waiting for my order for over a week now, the first time it said it was “delivered” at 11:45pm 🤔 now the replacement said attempted delivery last night when I was sat in waiting all evening...customer service are useless.","Been waiting for my order for over a week now, the first time it said it was “delivered” at 11:45pm 🤔 now the replacement said attempted delivery last night when I was sat in waiting all evening...customer service are useless.",64213,"@130736 Sorry to hear that, Dan. Can I ask what the latest tracking update has been? You can check here: https://t.co/aaDyEz1VgE. ^TI",Wed Nov 29 13:07:09 +0000 2017,130736,AmazonHelp,1,False,refund_return
64228,64216,@AmazonHelp Ok I'm waiting,Ok I'm waiting,64218,"@130737 Thanks for the heads up, Imran. We will get back to you with an update soon. ^AH",Thu Nov 30 08:43:47 +0000 2017,130737,AmazonHelp,1,False,other
64228,64217,"@AmazonHelp contact me on phone number, as soon as possible","contact me on phone number, as soon as possible",64215,"@130737 We've received your details. Our team is currently looking into this, they'll reach out to you with an update anytime soon. Appreciate your patience and understanding. ^EM",Thu Nov 30 07:40:16 +0000 2017,130737,AmazonHelp,1,False,service_complaint
64228,64220,@AmazonHelp resolved my problrm as soon as problem @AmazonHelp,resolved my problrm as soon as problem,64219,"@130737 If you've filled in your details through the link provided earlier, please be assured our respective team will reach out to you at the earliest. ^PB",Thu Nov 30 07:01:39 +0000 2017,130737,AmazonHelp,1,False,other
64228,64222,"@AmazonHelp Your assistance cannot cannect me,
Can't cannect on costumer care. Facing so many problem,
Than I using social media platform, tell your assistant to contact me, on call or email","Your assistance cannot cannect me, Can't cannect on costumer care. Facing so many problem, Than I using social media platform, tell your assistant to contact me, on call or email",64221,@130737 Sorry to know that you're facing trouble in reaching out to our support team. Kindly drop in your details here: https://t.co/beaaDm0muc and we'll get back to you with an update at the earliest. ^EM,Thu Nov 30 05:32:21 +0000 2017,130737,AmazonHelp,1,False,service_complaint
64228,64224,"@AmazonHelp @115850  can not find my order, and costumer care can't cannect my any call or else. Amazon India refund my payment otherwise pay for that @AmazonHelp @120781 @119351","can not find my order, and costumer care can't cannect my any call or else. Amazon India refund my payment otherwise pay for that",64223,"@130737 As this is a social media platform, we can't view your account/order details. Hence, reach out to us from the link here: https://t.co/TxK11znixD  to assist you further. ^HR",Thu Nov 30 04:57:58 +0000 2017,130737,AmazonHelp,1,False,refund_return
64228,64226,"@AmazonHelp But why Amazon India tell me your full charges refund you, that  sound is right, told me, 
You don't refund full courier charges, than tell firstly ok,@AmazonHelp @120781 @130738 @15316 
You return my full payment.","But why Amazon India tell me your full charges refund you, that sound is right, told me, You don't refund full courier charges, than tell firstly ok, You return my full payment.",64225,@130737 We understand you are yet to receive your refund. Kindly reach us via the link provided earlier and we'll sort this out for you. ^VM,Thu Nov 30 04:25:36 +0000 2017,130737,AmazonHelp,1,False,refund_return
64228,64228,"I return my order by DTDC courier that's the courier receipt, Amazon India say you send your product on courier than Amazon pay your courier charges
My total courier charges is 170 RS
But Amazon India refund only 40 RS. I requested you
Pay my 170rs as soon as possible@AmazonHelp https://t.co/FCTdiTIVHm","I return my order by DTDC courier that's the courier receipt, Amazon India say you send your product on courier than Amazon pay your courier charges My total courier charges is 170 RS But Amazon India refund only 40 RS. I requested you Pay my 170rs as soon as possible",64227,"@130737 That doesn't sound right! Usually, full return shipping charges will be refunded to the Amazon Pay Balance account. Please call us here: https://t.co/vlvfJr4nN9 &amp; we'll look into this. (1/2)^SF",Thu Nov 30 04:11:55 +0000 2017,130737,AmazonHelp,1,False,refund_return
643,643,"Bought an @115821 Echo Show and it won’t recognize a single @AmazonHelp account in our household. WTF, guys?","Bought an Echo Show and it won’t recognize a single account in our household. WTF, guys?",642,"@115834 Oh no, I'm sorry for the issues! For troubleshooting, please check out our Echo Help pages here: https://t.co/a31c4ynHES ^SG",Mon Oct 30 23:44:45 +0000 2017,115834,AmazonHelp,1,False,other
646,645,@AmazonHelp That page is useless - doesn’t allow me to state it hasn’t been delivered; only tells me it has! How can you sort this out?,That page is useless - doesn’t allow me to state it hasn’t been delivered; only tells me it has! How can you sort this out?,647,@115835 You can also request a call back here Martin https://t.co/zH8UlhTGcc ^KM,Wed Nov 01 08:04:52 +0000 2017,115835,AmazonHelp,1,False,delivery_order_status
646,646,.@AmazonHelp Item has not been delivered but tracking says it was handed to me over an hour ago... 2nd time this has happened. Sort it out https://t.co/42W82GcARk,. Item has not been delivered but tracking says it was handed to me over an hour ago... 2nd time this has happened. Sort it out,644,@115835 I'm so sorry you didn't receive your parcel! We'd like a chance to look into this with you here: https://t.co/JzP7hlA23B ^SY,Tue Oct 31 21:40:30 +0000 2017,115835,AmazonHelp,1,False,delivery_order_status
649,649,"In response to your @115830 packing video, this packaging was for a 2ft washing line pole @115837 https://t.co/X21SQHgC0K","In response to your packing video, this packaging was for a 2ft washing line pole",648,@115836 Thanks for bringing this to our attention! Please also leave packing feedback here: https://t.co/PMiShxgPvp so we may improve.^KL,Tue Oct 31 22:17:47 +0000 2017,115836,AmazonHelp,1,False,other
652,651,"@AmazonHelp I don't want a form to fill out that logs a response no one reads. I want to prevent AMZL from touching my stuff. Possible, or no?","I don't want a form to fill out that logs a response no one reads. I want to prevent AMZL from touching my stuff. Possible, or no?",653,"@115838 Is there a current order you're having difficulties with? Please let us know, we'd like to help! ^KL",Tue Oct 31 22:25:58 +0000 2017,115838,AmazonHelp,1,False,other
652,652,@AmazonHelp Is it possible to prevent AMZL from delivering my packages moving forward? Stuff is either lost/stolen/broken EVERY time.,Is it possible to prevent AMZL from delivering my packages moving forward? Stuff is either lost/stolen/broken EVERY time.,650,@115838 Oh no! We want to hear more about your experience with AMZL. Please provide your feedback here: https://t.co/hApLpMlfHN ^SH,Tue Oct 31 22:11:15 +0000 2017,115838,AmazonHelp,1,False,item_quality_issue
652,654,@AmazonHelp Already started the return. UPS gets it from my doorstep tomorrow. Order 111-5014070-4118645,Already started the return. UPS gets it from my doorstep tomorrow. Order 111-5014070-4118645,655,@115838 Provide your details here: https://t.co/6f6cWZv7vm and my team will escalate the order to Amazon Logistics for feedback. ^EZ,Tue Oct 31 22:53:50 +0000 2017,115838,AmazonHelp,1,False,other
65655,65625,@AmazonHelp @115851 je@amzon CEO i read out your mail .no timeline given when pick up will be done and when amount will returened,je CEO i read out your mail .no timeline given when pick up will be done and when amount will returened,65623,@131026 Hi! Kindly revert to the email that we've sent. We'll update you. ^SG,Mon Jun 26 10:59:26 +0000 2017,131026,AmazonHelp,1,False,delivery_order_status
65655,65626,@AmazonHelp @131027 @115851 je @3644 please help these customers support is not helping and giving false response https://t.co/QP43u5oq8o,je please help these customers support is not helping and giving false response,65627,"@131026 Hey Mihu, we have responded to you via email and working on it. Appreciate your understanding. ^RW",Mon Jun 26 12:07:45 +0000 2017,131026,AmazonHelp,1,False,other
65655,65628,@AmazonHelp What's the update,What's the update,65629,"@131026 Hey, this being a social platform we'll not be able to share the details here. Kindly check your email for further update. ^HD",Mon Jun 26 14:02:22 +0000 2017,131026,AmazonHelp,1,False,other
65655,65631,@AmazonHelp @131027 @115851 @3974 See how amzon is harrasing customer an example .c https://t.co/4SZV80HW9y,See how amzon is harrasing customer an example .c,65632,"@131026 Hey there, please reply to the same email and we will connect with you accordingly. ^RW",Mon Jun 26 15:17:28 +0000 2017,131026,AmazonHelp,1,False,other
65655,65635,@AmazonHelp @131027  @115851  @ amzon CEO can some help me .we are cheated by amzon and no one responding .feeling helpless,@ amzon CEO can some help me .we are cheated by amzon and no one responding .feeling helpless,65636,"@131026 Hi, we will contact you with an update soon. Sorry for keeping you wait. ^OG.",Tue Jun 27 10:24:42 +0000 2017,131026,AmazonHelp,1,False,other
65655,65637,@AmazonHelp @131027 please resonpd on your ticket 323630 and take action against amzon .so that i can go ahead with cusomer court,please resonpd on your ticket 323630 and take action against amzon .so that i can go ahead with cusomer court,65638,"@131026 Hi, as informed earlier, we'll contact you with an update soon. ^OG.",Tue Jun 27 11:49:45 +0000 2017,131026,AmazonHelp,1,False,other
65655,65640,@131026 @AmazonHelp employ last 21 day fake promise for me again and again so plz clear my issue  and chck this issue and provide my product and not ignore my issue,employ last 21 day fake promise for me again and again so plz clear my issue and chck this issue and provide my product and not ignore my issue,65641,"@131028 This issue is being handled by our account specialist team and as requested earlier, please respond to the correspondence and help them resolve the issue at the earliest. ^KK",Thu Nov 30 04:46:05 +0000 2017,131028,AmazonHelp,1,False,other
65655,65647,@AmazonHelp Link is not getting open @115851 @3974 CEO,Link is not getting open CEO,65646,@131026 Are you seeing any error message while accessing the link? Keep us posted on this. ^KJ,Mon Jun 26 07:57:09 +0000 2017,131026,AmazonHelp,1,False,other
65655,65649,@AmazonHelp @131027 I called amzoncall center there staff are misbehaving and cutting the call.please let me know i will get my money or not .@115851,I called amzoncall center there staff are misbehaving and cutting the call.please let me know i will get my money or not .,65648,@131026 Could you please fill in your details again in the link sent by my colleague 'SP' here: https://t.co/zwyh591SYI ? (2/2)^KH,Mon Jun 26 07:25:54 +0000 2017,131026,AmazonHelp,1,False,other
65655,65652,@AmazonHelp @4441  whats the update .i am going escalte this issue to ministery .this case of cheating.,whats the update .i am going escalte this issue to ministery .this case of cheating.,65651,@131026 Kindly write to us from the link mentioned earlier so we can check this for you and help ^KJ,Mon Jun 26 05:35:06 +0000 2017,131026,AmazonHelp,1,False,other
65655,65655,@115851 @3974 IN hello jeffBezos  can you help me with the patethic service of amzon india .wrong products sent and return pick not done https://t.co/PzEz6qdkvd,IN hello jeffBezos can you help me with the patethic service of amzon india .wrong products sent and return pick not done,65654,@131026 Hi! May I know if you've reported this to us here: https://t.co/vlvfJr4nN9? 1/2 ^KC,Sun Jun 25 16:06:52 +0000 2017,131026,AmazonHelp,1,False,item_quality_issue
65680,65678,@AmazonHelp yes i phoned and was told its because of black friday but this has been going on for ages. i have not had a item i have bought delivered next day for ages.then the guy said would you like me to cancel all your orders.i am fuming why would i not want them,yes i phoned and was told its because of black friday but this has been going on for ages. i have not had a item i have bought delivered next day for ages.then the guy said would you like me to cancel all your orders.i am fuming why would i not want them,65677,"@131033 I am sorry to hear this. Can I ask, what was the estimated delivery date given to you on the confirmation email we sent you when this order was placed please?",Thu Nov 30 08:53:07 +0000 2017,131033,AmazonHelp,1,False,delivery_order_status
65680,65680,@115830 prime unlimited one day delivery. now thats a joke.nothing of mine have been delivered next day for ages.then 8 items i ordered were suppose to come yesterday then changed to https://t.co/PE9KMSiBUT its between today and another 5 days,prime unlimited one day delivery. now thats a joke.nothing of mine have been delivered next day for ages.then 8 items i ordered were suppose to come yesterday then changed to its between today and another 5 days,65679,@131033 Sorry to hear about the delays. Have you contacted us directly about this? What was advised? ^MI,Thu Nov 30 08:46:27 +0000 2017,131033,AmazonHelp,1,False,delivery_order_status
65683,65682,@AmazonHelp yup that is where I found out it was not arriving thanks will wait for it tomorrow after work,yup that is where I found out it was not arriving thanks will wait for it tomorrow after work,65684,@131034 You're very welcome Frank. Please keep us posted!!^GA,Thu Nov 30 09:00:56 +0000 2017,131034,AmazonHelp,1,False,other
65683,65683,"yup @115821 we paid for shipping to get the package Tuesday and seen this last night at 10pm  We're sorry your package is late
We don't have a new delivery date from UPS, but we recommend waiting as it'll usually arrive within a few days. NO!!!!!","yup we paid for shipping to get the package Tuesday and seen this last night at 10pm We're sorry your package is late We don't have a new delivery date from UPS, but we recommend waiting as it'll usually arrive within a few days. NO!!!!!",65681,@131034 I'm sorry to hear about the delay. Is there any further information on your tracking? You can find your tracking here:  https://t.co/Y5jpI9gRhE. ^MI,Thu Nov 30 08:53:32 +0000 2017,131034,AmazonHelp,1,False,delivery_order_status
65698,65686,"@AmazonHelp So at this point I am led to believe that Amazon does not care about legacy media any more, else it would make sure it would arrive undamaged. Streaming of course makes more money long-term than selling an album once, I get it.","So at this point I am led to believe that Amazon does not care about legacy media any more, else it would make sure it would arrive undamaged. Streaming of course makes more money long-term than selling an album once, I get it.",65689,"@131035 Apologies for the trouble this has caused, Roland. We're always looking for ways to improve! Please provide direct feedback regarding packaging here:https://t.co/fxgZ6hTrFA.^CN",Thu Nov 30 09:18:33 +0000 2017,131035,AmazonHelp,1,False,device_digital_content
65698,65688,.@AmazonHelp I’m kinda done - I spent 1.5 hours in talks with four (!) different hotliners which ended up not being able to help until I bought more (!) to have my cart be above $25 so I could return three other broken CDs. Will return &amp; scout local stores instead. @115851,. I’m kinda done - I spent 1.5 hours in talks with four (!) different hotliners which ended up not being able to help until I bought more (!) to have my cart be above $25 so I could return three other broken CDs. Will return &amp; scout local stores instead.,65685,@131035 Were you advised as to why your cart had to be above $25? Were we able to provide a return label for the broken CDs?^PJ,Thu Nov 30 08:48:14 +0000 2017,131035,AmazonHelp,1,False,item_quality_issue
65698,65690,"@AmazonHelp Also, not sure why I should give feedback in the UK if I live in the US. ;)","Also, not sure why I should give feedback in the UK if I live in the US. ;)",65692,"@131035 Apologizes for the wrong link Roland, here is the correct one for US: https://t.co/TH7UAFZey5 ^NV",Thu Nov 30 09:24:56 +0000 2017,131035,AmazonHelp,1,False,other
65698,65691,"@AmazonHelp I also have provided feedback throughout all this and for most of my packages over the last years. Zero effect, so it seems that I might as well save the time and don’t do it anymore. :/","I also have provided feedback throughout all this and for most of my packages over the last years. Zero effect, so it seems that I might as well save the time and don’t do it anymore. :/",65693,@131035 Sorry to hear your received multiple broken CDs. Was the carrier the same for all orders?^ES,Thu Nov 30 09:24:10 +0000 2017,131035,AmazonHelp,1,False,delivery_order_status
65698,65694,"@AmazonHelp Correct, but not so much the carrier than the packaging’s fault. There is a reason stores don’t sell eggs in soft envelopes but in sturdy cardboard. ;)","Correct, but not so much the carrier than the packaging’s fault. There is a reason stores don’t sell eggs in soft envelopes but in sturdy cardboard. ;)",65695,@131035 Thank you for letting us know. Can I ask if you provided feedback via the link provided by ^NV? ^TI,Thu Nov 30 09:38:06 +0000 2017,131035,AmazonHelp,1,False,other
65698,65698,"Alright, #Amazon. Ordered a CD. It came broken. Ordered a replacement. It came broken. Ordered a second replacement. Yes, it too came broken. It seems as if fluffy jiffy envelopes don't work as good as cardboard ones. Can't do no more exchanges, alas. Help, @AmazonHelp!","Alright, #Amazon. Ordered a CD. It came broken. Ordered a replacement. It came broken. Ordered a second replacement. Yes, it too came broken. It seems as if fluffy jiffy envelopes don't work as good as cardboard ones. Can't do no more exchanges, alas. Help, !",65697,@131035 I'm so sorry for the order issues. I know how frustrating that can be and we'll do our best to help! Please call in so we can take a closer look at the problem together here: https://t.co/hApLpMlfHN ^SG,Thu Nov 30 06:11:48 +0000 2017,131035,AmazonHelp,1,False,refund_return
65714,65701,"@AmazonHelp Sorry, I fail to see how pointing me at your self help page is meant to help. May as well just call again. Please take ownership of the case and give me regular updates. While I've got your attention. It would be nice to have a case management section in account details.","Sorry, I fail to see how pointing me at your self help page is meant to help. May as well just call again. Please take ownership of the case and give me regular updates. While I've got your attention. It would be nice to have a case management section in account details.",65703,"@131036 Hi. The link we provided previously was the ""Contact Us"" link. As we are unable to access accounts through social media, it is the best means of proceeding. ^DC",Thu Nov 30 09:15:30 +0000 2017,131036,AmazonHelp,1,False,other
65714,65702,"@AmazonHelp 24 hours come and gone, but no update yet again. Do I have to call to get one?","24 hours come and gone, but no update yet again. Do I have to call to get one?",65700,@131036 I am sorry to hear this. Please click on the following link to contact us: https://t.co/JzP7hlA23B.^GA,Thu Nov 30 08:51:59 +0000 2017,131036,AmazonHelp,1,False,other
65714,65706,"@AmazonHelp Delivery was said to have been at 12:44 yesterday. I called in the evening. The 24h wait, is that from my call or 'recorded delivery'?","Delivery was said to have been at 12:44 yesterday. I called in the evening. The 24h wait, is that from my call or 'recorded delivery'?",65705,"@131036 Since you received the confirmation that an investigation is pending, thank you for your patience while the investigation takes place. ^BD",Wed Nov 29 12:29:59 +0000 2017,131036,AmazonHelp,1,False,delivery_order_status
65714,65708,@AmazonHelp @131037 Second time waiting to hear back while investigating the courier. Please do call us back this time. Had to phone up loads to get the first non delivery sorted.,Second time waiting to hear back while investigating the courier. Please do call us back this time. Had to phone up loads to get the first non delivery sorted.,65707,@131036 Please let us know if you don't hear back regarding the investigation! ^RO,Wed Nov 29 12:19:37 +0000 2017,131036,AmazonHelp,1,False,delivery_order_status
65714,65711,@AmazonHelp It’s just not fair. It’s not our fault and yet we’re the ones out of pocket and the goods undelivered. Best to use another courier or go to another address??,It’s just not fair. It’s not our fault and yet we’re the ones out of pocket and the goods undelivered. Best to use another courier or go to another address??,65709,@131037 Thanks for the information! We'd like to look into this with you. Please reach out to us via phone or chat here: https://t.co/JzP7hlA23B ^AJ,Tue Nov 28 21:11:59 +0000 2017,131037,AmazonHelp,1,False,delivery_order_status
65714,65714,Second TV attempted to be delivered and Second TV to do a vanishing act. Come on @115830 - we would like our TV now please. Something very fishy about all this...,Second TV attempted to be delivered and Second TV to do a vanishing act. Come on - we would like our TV now please. Something very fishy about all this...,65712,"@131037 Thank you for reaching out today, Hayley. I'm sorry for the recurring issues. Is the status marked as delivered: https://t.co/aaDyEz1VgE? ^KB",Tue Nov 28 20:14:49 +0000 2017,131037,AmazonHelp,1,False,delivery_order_status
65717,65716,@AmazonHelp I was advised exactly what I said - to return the item and I’d get refunded. That was it. Apparently not a full refund as there’s no option for ‘this was amazon’s mistake’.,I was advised exactly what I said - to return the item and I’d get refunded. That was it. Apparently not a full refund as there’s no option for ‘this was amazon’s mistake’.,65718,"@131038 Can I ask, does the duplicate order show here please: https://t.co/aaDyEz1VgE. If the order does not show here and you have not accidentally ordered 2 of the item, we would cover the cost of the return.^GA",Thu Nov 30 08:59:47 +0000 2017,131038,AmazonHelp,1,False,refund_return
65717,65717,"So @115830 duplicate my order, tell me I have to pay for it incl P&amp;P before it can be refunded, send it to me in the same box as the original order that had free postage and then I don’t even get a full refund! Are you JOKING??","So duplicate my order, tell me I have to pay for it incl P&amp;P before it can be refunded, send it to me in the same box as the original order that had free postage and then I don’t even get a full refund! Are you JOKING??",65715,"@131038 Hi RIkki, I'm sorry to hear about the issues. Have you had a chance to talk to us about this? If so, what were you advised?^PJ",Thu Nov 30 08:47:03 +0000 2017,131038,AmazonHelp,1,False,refund_return
65717,65719,"@AmazonHelp It does show and let me clarify: I did not accidentally order two of the item. I have the original order I made, and a duplicate order from ten minutes later I had nothing to do with. I ordered via the app, which I won’t be doing again if this is what happens.","It does show and let me clarify: I did not accidentally order two of the item. I have the original order I made, and a duplicate order from ten minutes later I had nothing to do with. I ordered via the app, which I won’t be doing again if this is what happens.",65721,"@131038 We wouldn't have the option to place an order on your account Rikki, due to security reasons. Has the return been organised for the unwanted order? ^JC.",Thu Nov 30 09:09:53 +0000 2017,131038,AmazonHelp,1,False,other
65763,65760,"@AmazonHelp Won’t ship black kindle to Northern Ireland, but will ship white?!🤷🏻‍♀️","Won’t ship black kindle to Northern Ireland, but will ship white?!🤷🏻‍♀️",65759,"@131042 Hey Kelsey, do you have the link so we can check that for you? ^RS",Thu Nov 30 08:41:51 +0000 2017,131042,AmazonHelp,1,False,device_digital_content
65763,65762,@AmazonHelp  https://t.co/1P0u4Qd6HE,,65805,"@131042 Hi, is the white one refurbished or new ? ^CR",Thu Nov 30 08:40:10 +0000 2017,131042,AmazonHelp,1,True,other
65763,65763,@AmazonHelp @117634 why does the refurbished black kindle not ship to Northern Ireland but it’s the white one does?!🤷🏻‍♀️😐,why does the refurbished black kindle not ship to Northern Ireland but it’s the white one does?!🤷🏻‍♀️😐,65761,"@131042 Hi, Kelsey! Could you share a link of the specific item you're looking at so we can review it with you?  We're here to help in any way we can! ^AZ",Wed Nov 29 13:03:14 +0000 2017,131042,AmazonHelp,1,False,device_digital_content
65765,65765,@115850 I got an order cancellation notification for a cancellation I did not do. I even got a refund. Can u pls tell me what's going on?,I got an order cancellation notification for a cancellation I did not do. I even got a refund. Can u pls tell me what's going on?,65764,@131043 Apologies for the order cancellation. We'll not be able to check your information on Twitter. Please report it to our support team here: https://t.co/MDszy6ZxQg and you will be connected to our team to assist further.  ^SC,Thu Nov 30 08:24:55 +0000 2017,131043,AmazonHelp,1,False,refund_return
65779,65779,Franchement @120533 vous me décevez énormément la ...,Franchement vous me décevez énormément la ...,65778,"@131046 Bonjour, en quoi puis-je vous aider ? ^SN",Thu Nov 30 08:37:37 +0000 2017,131046,AmazonHelp,1,False,other
65785,65781,"@AmazonHelp Malgré mes multiples mails et chats? Non, j’en ai assez de perdre mon temps avec vous, j’ai demandé à résilier toutes les commandes.","Malgré mes multiples mails et chats? Non, j’en ai assez de perdre mon temps avec vous, j’ai demandé à résilier toutes les commandes.",65783,@131047 Cela nous permetttera d'accéder à votre compte afin de vérifier le souci pour vous si vous le souhaitez. ^MH,Fri Dec 01 22:24:18 +0000 2017,131047,AmazonHelp,1,False,other
65785,65782,"@AmazonHelp Colis Amazon, j’ai contacté vos services qui ne donnent aucune solution. Carte bleue bloquée , impossible de m’en servir et malgré ça vous continuez à essayer de débiter mon compte","Colis Amazon, j’ai contacté vos services qui ne donnent aucune solution. Carte bleue bloquée , impossible de m’en servir et malgré ça vous continuez à essayer de débiter mon compte",65780,"@131047 Afin qu'on puisse vérifier votre dossier, merci de remplir ce formulaire via un PC : https://t.co/HtUowg2UGX 
^SM",Thu Nov 30 08:37:38 +0000 2017,131047,AmazonHelp,1,False,other
65785,65785,"@120533 : j’ai acheté 4 lampes, vous avez débité mon compte comme si c’étaient 10. Vos services répondent à peine. Que faire? Porte plainte pour vol?",": j’ai acheté 4 lampes, vous avez débité mon compte comme si c’étaient 10. Vos services répondent à peine. Que faire? Porte plainte pour vol?",65784,"@131047 Bonsoir, je suis désolé pour cela. Le colis vous a été expédié par Amazon ou par un vendeur tiers ? Vous n'avez peut-être pas contacté notre SAV mais seulement le vendeur du produit. ^MH",Wed Nov 29 23:08:27 +0000 2017,131047,AmazonHelp,1,False,other
65795,65787,"@AmazonHelp Already filled yesterday 4th time...how many more times do you want me to fill? 😡
Each and every thing needs to performed or explained atleast 20-30 times for you to understand?",Already filled yesterday 4th time...how many more times do you want me to fill? 😡 Each and every thing needs to performed or explained atleast 20-30 times for you to understand?,65789,"@131048 I'm sorry, we haven't received your details yet. Kindly drop the details related to your amazon account in the link here: https://t.co/beaaDm0muc and we’ll contact you at the earliest. ^BV",Thu Nov 30 10:13:54 +0000 2017,131048,AmazonHelp,1,False,other
65795,65788,"@AmazonHelp still no update, how much time will take?","still no update, how much time will take?",65786,"@131048 We haven't received the mail yet. I request you to kindly fill in the details once again through the link provided to you earlier from your registered email ID so that we can work on this right away, without any further delay.
 
Karthika | Amazon Customer Service",Thu Nov 30 08:24:41 +0000 2017,131048,AmazonHelp,1,False,other
65795,65791,@AmazonHelp Have filled it again. Please check.,Have filled it again. Please check.,65790,@131048 If you've shared your details we'll get back to you with an update. ^MN,Wed Nov 29 12:21:27 +0000 2017,131048,AmazonHelp,1,False,other
65795,65793,@AmazonHelp Already filled it multiple time but no reply from your end.,Already filled it multiple time but no reply from your end.,65792,"@131048 We haven't received your details yet. I request you to kindly fill in the details once again through: https://t.co/GIJyeYqKE0 so that we can work on this right away, without any further delay. ^SU",Wed Nov 29 11:49:40 +0000 2017,131048,AmazonHelp,1,False,service_complaint
65795,65795,"@115851 @115821 @115850 Thanks for lying, but let me remind no one is begger here to accept your alms. Refnd my money as promised. First robbed 2000 from my account and now stopped my refund, how much more you will rob? https://t.co/KtsEywyx8Y","Thanks for lying, but let me remind no one is begger here to accept your alms. Refnd my money as promised. First robbed 2000 from my account and now stopped my refund, how much more you will rob?",65794,@131048 We would like to help you. Please share your details with us here: https://t.co/GIJyeYqKE0. We'll get in touch shortly. ^CB,Wed Nov 29 11:23:14 +0000 2017,131048,AmazonHelp,1,False,refund_return
65801,65797,@AmazonHelp Je ne vois pas où je peux le signaler sur mon espace client ? J’ai envoyé un message au vendeur qui est resté sans réponse,Je ne vois pas où je peux le signaler sur mon espace client ? J’ai envoyé un message au vendeur qui est resté sans réponse,65796,@131049 Veuillez le signaler à notre SAV via le lien suivant :  https://t.co/hgIrz98cdI ^FA,Thu Nov 30 08:38:43 +0000 2017,131049,AmazonHelp,1,False,other
65801,65799,@AmazonHelp Le suivi Colissimo dit que le colis a été livré dans la boîte aux lettres. Ma réclamation et leur recherche le confirme...je suis donc perdant de 30€ et ma surprise a été ratée,Le suivi Colissimo dit que le colis a été livré dans la boîte aux lettres. Ma réclamation et leur recherche le confirme...je suis donc perdant de 30€ et ma surprise a été ratée,65798,@131049 L'avez-vous signalé à notre SAV ? ^SN,Thu Nov 30 08:25:17 +0000 2017,131049,AmazonHelp,1,False,other
65801,65801,"Deux commandes @120533 et toujours pas de livraison... et une surprise ratée, une !","Deux commandes et toujours pas de livraison... et une surprise ratée, une !",65800,"@131049 Bonsoir, je suis sincèrement désolée pour cela, que dit le suivi de vos commandes et par quel transporteur je vous prie ? 
^KE",Wed Nov 29 23:06:54 +0000 2017,131049,AmazonHelp,1,False,other
65804,65803,@AmazonHelp Yes it says it’s going to be Re delivered today but yesterday was already a Re delivery of same parcel?,Yes it says it’s going to be Re delivered today but yesterday was already a Re delivery of same parcel?,65802,@131050 Sorry for the continued issues with your delivery. Please keep us posted on the delivery today and let us know if you experience any further delays. Thank you. ^NV,Thu Nov 30 08:41:11 +0000 2017,131050,AmazonHelp,1,False,delivery_order_status
65763,65806,@AmazonHelp Both the white and black ones I was looking at were refurbished,Both the white and black ones I was looking at were refurbished,65807,"@131042 Hi Kelsey. If you have a moment, could you reach out to us here: https://t.co/JzP7hlA23B so that we can take a look at this with you in real time?^TI",Thu Nov 30 09:01:52 +0000 2017,131042,AmazonHelp,1,False,other
65829,65821,"@AmazonHelp No, I still need to take time out of my busy day later to call or chat about it what to do next.","No, I still need to take time out of my busy day later to call or chat about it what to do next.",65823,@131057 I'm sorry for the inconvenience this has caused. Please keep us posted on what you are advised when you reach out to us directly. ^KI,Thu Nov 30 08:59:29 +0000 2017,131057,AmazonHelp,1,False,other
65829,65822,"@AmazonHelp So… just got this email about my outstanding package (the iPad case). Completely unacceptable. I ordered this on Sunday, and it’s took 4 days for those jokers to realize they’ve lost it. Gonna be another 2-3 before I get a replacement. This is exactly the shit I’m talking about. https://t.co/0cxXwPhU6B","So… just got this email about my outstanding package (the iPad case). Completely unacceptable. I ordered this on Sunday, and it’s took 4 days for those jokers to realize they’ve lost it. Gonna be another 2-3 before I get a replacement. This is exactly the shit I’m talking about.",65820,@131057 Oh no! Sorry to here your order was lost/damaged while in transit. Have you been given a delivery date for the replacement?^ES,Thu Nov 30 08:31:17 +0000 2017,131057,AmazonHelp,1,False,refund_return
65829,65825,"@AmazonHelp I would *love* that. I inquired about this a few months ago on your chat support and was told it was an impossible request. I will be in touch tomorrow to arrange it, thank you.","I would *love* that. I inquired about this a few months ago on your chat support and was told it was an impossible request. I will be in touch tomorrow to arrange it, thank you.",65824,"@131057 You're welcome, Mark. Please let us know if we may be of further assistance. ^KL",Wed Nov 29 05:51:37 +0000 2017,131057,AmazonHelp,1,False,other
65829,65827,@131058 @115821 LaserShip hmm I think I’ve had dealings with them in the past. The ones I’m talking about are called ‘Amazon Logistics’. It’s their own cost cutting delivery service that *tries* to deliver almost all Prime orders now. Awful. Run for cover when they roll out their drone service!,LaserShip hmm I think I’ve had dealings with them in the past. The ones I’m talking about are called ‘Amazon Logistics’. It’s their own cost cutting delivery service that *tries* to deliver almost all Prime orders now. Awful. Run for cover when they roll out their drone service!,65826,"@131057 Hi, Mark! If you are consistently having issues with the same carrier, you can reach out to us via phone or chat and request that carrier be deprioritized. That would tell the fulfillment centers to look for another carrier for your packages in the future. ^SP",Wed Nov 29 05:44:55 +0000 2017,131057,AmazonHelp,1,False,delivery_order_status
65856,65856,Annoyed with @115830. Why do you charge post and packaging for every item when they are ordered as a batch to the same address! #annoyed #daylightrobbery,Annoyed with . Why do you charge post and packaging for every item when they are ordered as a batch to the same address! #annoyed #daylightrobbery,65855,"@131063 Hi, were the items you were purchasing sold by us directly or through one of our Amazon Marketplace Sellers? ^KI",Thu Nov 30 08:38:34 +0000 2017,131063,AmazonHelp,1,False,other
65861,65859,"@AmazonHelp Amazon.de it says ""delivered"" in the website but the carrier it's still ""on its way to the distribution center"", but for 2 days it showed ""out for delivery"" in the carrier. I spent those 2 days at home so I could receive it but it never arrived.","Amazon.de it says ""delivered"" in the website but the carrier it's still ""on its way to the distribution center"", but for 2 days it showed ""out for delivery"" in the carrier. I spent those 2 days at home so I could receive it but it never arrived.",65857,@131064 Please contact our customer service via https://t.co/24XL9C4y1x as we do not have any access to your orders here. My colleagues will take a closer look at this. ^KM,Thu Nov 30 08:36:09 +0000 2017,131064,AmazonHelp,1,False,delivery_order_status
65861,65861,I would love to know why a simple delivery of my @115821  package could not be made. It was supposed to arrive on the 26th. C'mon...,I would love to know why a simple delivery of my package could not be made. It was supposed to arrive on the 26th. C'mon...,65860,@131064 Sorry to hear it hasn't arrived yet. Which site did you purchase through? Amazon .com / .de / .co.uk? ^MI,Thu Nov 30 06:53:43 +0000 2017,131064,AmazonHelp,1,False,delivery_order_status
65863,65863,"【手を差し伸べてくれませんか？】

Amazonプライムに加入していてスマホでは視聴できるんですが、Fire TV Stickを介してテレビで視聴ができません。
これはテレビでsign inとかしないといけないとかですかね？
詳しい方、教えて頂けると幸いです。",【手を差し伸べてくれませんか？】 Amazonプライムに加入していてスマホでは視聴できるんですが、Fire TV Stickを介してテレビで視聴ができません。 これはテレビでsign inとかしないといけないとかですかね？ 詳しい方、教えて頂けると幸いです。,65862,@131065 失礼いたします、Amazon公式アカウントです。Fire TV Stickのセットアップはすでに完了されている状況でしょうか。よろしければこちらの動画をご覧いただき、Wi-Fi接続、端末登録をお試しください。 https://t.co/53GTzFHV9d EK,Thu Nov 30 07:26:22 +0000 2017,131065,AmazonHelp,1,False,account_access
65870,65865,"@AmazonHelp @115850 @AmazonHelp 
Got text from service. It'd been 2 days have not received any update from Amazon service boy. https://t.co/dr1tpw6ayl",Got text from service. It'd been 2 days have not received any update from Amazon service boy.,65864,"@131066 I'm afraid we haven't received your details. Please sign in to your account, and send us the details using the link provided by 'EM' here: https://t.co/kXYznTPfQM and I will look into the issue right away. ^SF",Thu Nov 30 08:18:17 +0000 2017,131066,AmazonHelp,1,False,other
65870,65867,"@AmazonHelp Ya , i shared details on link","Ya , i shared details on link",65866,"@131066 Thank you for confirming, we will look into it and get back to your soon with an update. ^SI",Tue Nov 28 08:58:47 +0000 2017,131066,AmazonHelp,1,False,other
65870,65869,@AmazonHelp @115850 @115821 I contacted your customer service center and even selected return option. But service boy refused to take back product this is fruad .I want to share such fruad info with people to aware of your such fruad work,I contacted your customer service center and even selected return option. But service boy refused to take back product this is fruad .I want to share such fruad info with people to aware of your such fruad work,65868,"@131066 Please confirm, if you have shared your details on the link that was provided to you earlier. If not yet, then I'd request you to please do so that we could check and get this resolved at the earliest. ^KK",Tue Nov 28 05:40:55 +0000 2017,131066,AmazonHelp,1,False,service_complaint
65875,65875,errrrrr…what the heck does this “Arriving Wednesday”…mean?！ It's already Thursday…Bro…So could you give me my Loki today? on Thor's day?Pleeeeeaaaaase？ಠ_ರೃ @115821 https://t.co/cM82vYsQoX,errrrrr…what the heck does this “Arriving Wednesday”…mean?！ It's already Thursday…Bro…So could you give me my Loki today? on Thor's day?Pleeeeeaaaaase？ಠ_ರೃ,65873,"@131067 By Odin's beard, I do apologise. It looks like Elves of Svartalfheim have been causing havoc with the bifröst again... Did you check the tracking on your local couriers page to see if they mentioned a delay on Midgard? ^KI",Thu Nov 30 08:27:20 +0000 2017,131067,AmazonHelp,2,False,other
65889,65887,@AmazonHelp Have already cancelled order mentioned since there was no meaning in delivered after valuable time. We live in a very much time respecting world and I wish this can be improved later by @115850 and delivery team. Unfortunately nobody called up for reason of order cancellation.,Have already cancelled order mentioned since there was no meaning in delivered after valuable time. We live in a very much time respecting world and I wish this can be improved later by and delivery team. Unfortunately nobody called up for reason of order cancellation.,65886,@131070 Apologies for the inconvenience you had regarding your order. We would like to look into it. Please share your details here: https://t.co/GIJyeYqKE0 and we will get in touch with you soon. ^AH,Thu Nov 30 08:15:20 +0000 2017,131070,AmazonHelp,1,False,delivery_order_status
65889,65889,@115850 If I don't receive a call from delivery guy then I won't get my parcel and delivery will be attempted on next day when my vacations are starting. Shame on such services. Very disappointed. #shame #Amazon  #bad_service,If I don't receive a call from delivery guy then I won't get my parcel and delivery will be attempted on next day when my vacations are starting. Shame on such services. Very disappointed. #shame #Amazon #bad_service,65888,"@131070 Apologies for the delay in the delivery of your order, Have you reported this to our support team yet? If not please report this to our support team here: https://t.co/rS49hgsbvd and we'll look into it right away. ^SU",Wed Nov 22 14:26:52 +0000 2017,131070,AmazonHelp,1,False,delivery_order_status
65891,65891,"@AmazonHelp @115830 
getting very realistic looking spam emails about renewing prime. asking for bank details... I don't have prime and my credit card doesn't expire for 11 months... https://t.co/akKFy716xP",getting very realistic looking spam emails about renewing prime. asking for bank details... I don't have prime and my credit card doesn't expire for 11 months...,65890,@131071 Hello. You can report these types of mailings to us directly. Check out our help pages here and it will explain further how to report: https://t.co/jU3lUWIzH4 Thanks. ^NV,Thu Nov 30 08:29:28 +0000 2017,131071,AmazonHelp,1,False,payment_billing
65903,65903,"@115833 BBC Radio 4 Keeps dropping out using TuneIn. Amazon must redirect Radio 4 to another server until this is fixed. Come on Amazon, remember “Service”? #echonightmare","BBC Radio 4 Keeps dropping out using TuneIn. Amazon must redirect Radio 4 to another server until this is fixed. Come on Amazon, remember “Service”? #echonightmare",65902,"@131074 Sorry to hear about the issue with BBC Radio 4 on Tunein. Have you tried using the RadioPlayer skill instead? To enable just ask: ""Alexa, enable Radio Player Skill.""  ^MI",Thu Nov 30 08:23:21 +0000 2017,131074,AmazonHelp,1,False,other
65909,65905,@AmazonHelp It said it would be delivered by 8pm today on the app,It said it would be delivered by 8pm today on the app,65904,@131075 Thanks for the information! Please reach out to us via phone or chat here: https://t.co/JzP7hlA23B ^AJ,Thu Nov 30 20:17:24 +0000 2017,131075,AmazonHelp,1,False,delivery_order_status
65909,65907,@AmazonHelp It says it has been out for delivery since 8:14am today,It says it has been out for delivery since 8:14am today,65906,@131075 Our couriers can deliver until 21:00. Keep us posted on the delivery! ^MT,Thu Nov 30 20:11:11 +0000 2017,131075,AmazonHelp,1,False,delivery_order_status
65909,65909,@AmazonHelp I have a delivery that was supposed to come today but still hasn’t arrived can you help please? Tracking ID Q31155496393,I have a delivery that was supposed to come today but still hasn’t arrived can you help please? Tracking ID Q31155496393,65908,"@131075 Hey there! With Twitter, we're unable to access account or order information but we're here to help! What does your tracking information currently display here: https://t.co/aaDyEz1VgE Please, let us know. ^JE",Thu Nov 30 20:01:38 +0000 2017,131075,AmazonHelp,1,False,delivery_order_status
662,661,@115841 @115821 Feliz #Halloween2017 https://t.co/edHbRDnM8x,Feliz #Halloween2017,660,@115840 ¡Que lindoooooooooo! 😍🐶🎃 ^JJ https://t.co/YSOVnjaPrO,Tue Oct 31 22:13:37 +0000 2017,115840,AmazonHelp,1,False,other
664,664,"@AmazonHelp delivery I paid for today,didn’t arrive.why not?i paid enough for it.where is it??I’m unhappy.refund the delivery charge","delivery I paid for today,didn’t arrive.why not?i paid enough for it.where is it??I’m unhappy.refund the delivery charge",663,"@115842 Oh no! Please contact us via phone/chat here: https://t.co/JzP7hlA23B
We're unable to view order details via Twitter. ^KL",Tue Oct 31 21:50:49 +0000 2017,115842,AmazonHelp,1,False,refund_return
667,667,"Anna Inspired in idea lab at school to be @115821 package being shipped to Narnia! ""Amazon can go anywhere"" according to Anna. https://t.co/TyvKhuu7su","Anna Inspired in idea lab at school to be package being shipped to Narnia! ""Amazon can go anywhere"" according to Anna.",665,@115843 You're not lion! She even shows witch way is up! That's quite the wardrobe! ^AC,Tue Oct 31 22:11:10 +0000 2017,115843,AmazonHelp,1,False,delivery_order_status
67420,67420,"Good Work @115830  for managing to not help me find my package. Amazon: ""Well it has been signed for!""
Me: By who???
Amazon: ""Don't know!""

Brilliant! 
Have a good Christmas Delivery man...my treat!
#Smallfry #charity #buyerbeware","Good Work for managing to not help me find my package. Amazon: ""Well it has been signed for!"" Me: By who??? Amazon: ""Don't know!"" Brilliant! Have a good Christmas Delivery man...my treat! #Smallfry #charity #buyerbeware",67419,@131398 I'm sorry to hear of the mix up. Check out our help page on locating goods marked as delivered: https://t.co/cVe1l4OjvB ^KI,Thu Nov 30 09:18:27 +0000 2017,131398,AmazonHelp,1,False,delivery_order_status
67420,67421,@131398 @115830 Their delivery driver chucked one over our back gate yesterday and said it’d been signed for!!,Their delivery driver chucked one over our back gate yesterday and said it’d been signed for!!,69652,@131783 I'm sorry to hear this Glenn. Was your product damaged at all?^PJ,Thu Nov 30 09:44:18 +0000 2017,131783,AmazonHelp,1,False,delivery_order_status
67424,67424,"うわっ、怖っ⚡️⚡️
規約違反ってなんやと思って
ググったら、やっぱ危ない迷惑メールだそうです、リンク開いて個人情報
入力して盗まれる系のやつ⚡️⚡️

わたしAmazonでほぼほぼ
買い物したことなかったから
うっかりリンク押さずにすんだけど…

皆さんも届いたら
注意してください😰🙏🙏 https://t.co/1cBTMyFzzv",うわっ、怖っ⚡️⚡️ 規約違反ってなんやと思って ググったら、やっぱ危ない迷惑メールだそうです、リンク開いて個人情報 入力して盗まれる系のやつ⚡️⚡️ わたしAmazonでほぼほぼ 買い物したことなかったから うっかりリンク押さずにすんだけど… 皆さんも届いたら 注意してください😰🙏🙏,67422,@131399 ご認識の通り、そちらのメールはAmazonから送信しているものではございません。正式なメールかどうかの識別方法については、こちらのヘルプページをご参照下さい。 https://t.co/64sLxlUDsA EK,Thu Nov 30 09:18:08 +0000 2017,131399,AmazonHelp,1,True,other
67434,67434,"Oh yessss la petite livraison qui fait grave plaisir !! C'est mon jour de repos et je vais pouvoir me lancer dans la découverte d'Alrest, Merci @120533 😄 #XenobladeChronicles2 https://t.co/e1ObMG4mXm","Oh yessss la petite livraison qui fait grave plaisir !! C'est mon jour de repos et je vais pouvoir me lancer dans la découverte d'Alrest, Merci 😄 #XenobladeChronicles2",67433,@131402 Enjoy ;),Thu Nov 30 09:20:15 +0000 2017,131402,AmazonHelp,1,False,other
67437,67436,"@AmazonHelp I haven't. I've been told that I need to revise the payment method for two things I've ordered. When I go in to select my card, I just get ""We're sorry, but we encountered an error when processing your request. Please try again."" Now I'm stuck.","I haven't. I've been told that I need to revise the payment method for two things I've ordered. When I go in to select my card, I just get ""We're sorry, but we encountered an error when processing your request. Please try again."" Now I'm stuck.",67438,@131403 I am sorry to hear you are experiencing payment issues. Here is a link that will assist you with this:https://t.co/bVGDclPYKP.^GA,Thu Nov 30 09:35:55 +0000 2017,131403,AmazonHelp,1,False,payment_billing
67437,67437,@AmazonHelp Suddenly having problems with my payment card out of the blue - can you help?,Suddenly having problems with my payment card out of the blue - can you help?,67435,@131403 We're unable to access your account via Twitter. Have you received an email about this? Instructions on how to fix it should be in the email. ^MI,Thu Nov 30 09:21:30 +0000 2017,131403,AmazonHelp,1,False,other
67440,67440,"Hey @115830, when is Vikings being released? I thought it was supposed to be today?","Hey , when is Vikings being released? I thought it was supposed to be today?",67439,"@131404 Hi, we don't get advanced notice of when it will go live. Please check back for updates. ^KI",Thu Nov 30 09:16:19 +0000 2017,131404,AmazonHelp,1,False,other
67448,67448,"@115850  I hav an idea that will encourage sellers to sell globally. how about Introducing a new feature in the ""amazon pay"" so sellers can load funds for the subscriptn fees as many sellers still hesitate for Intl Credit Card due to several reasons this might surely help them","I hav an idea that will encourage sellers to sell globally. how about Introducing a new feature in the ""amazon pay"" so sellers can load funds for the subscriptn fees as many sellers still hesitate for Intl Credit Card due to several reasons this might surely help them",67447,"@131406 Thanks for sharing your idea, Deepak. I've noted your comments and will forward this feedback internally. ^SC",Thu Nov 30 08:50:07 +0000 2017,131406,AmazonHelp,1,False,seller_marketplace
67467,67467,@115850 is this aachi masala costs ₹1776?? Wat is this to be used for?? Sperm whale curry?? https://t.co/feDA162o8J,is this aachi masala costs ₹1776?? Wat is this to be used for?? Sperm whale curry??,67466,"@131411 Prices on our website is offered as per seller's discretion. However, we will consider this as feedback and pass it on internally for improvements. ^RW",Thu Nov 30 08:48:04 +0000 2017,131411,AmazonHelp,1,False,other
67469,67469,"せっかく届いてたのに……

めっちゃ折れてる……

返品したい……( ´•̥̥̥ω•̥̥̥`)

Amazon……ひどいや…… https://t.co/trzbESlQnN",せっかく届いてたのに…… めっちゃ折れてる…… 返品したい……( ´•̥̥̥ω•̥̥̥`) Amazon……ひどいや……,67468,@131412 商品に不具合があったとの事で、ご迷惑をおかけしております。返品を承ります。お手続き方法についてはこちらのヘルプページをご参照下さい。 https://t.co/IC7ig4Jh8n EK,Thu Nov 30 09:05:33 +0000 2017,131412,AmazonHelp,1,True,other
67484,67483,@AmazonHelp I have £173.94 of pending transactions currently waiting to be paid to amazon. I have only ordered about £127 of stuff and I was told the transactions would clear and the extra payments would be cancelled when I received the order. I sent two emails regarding this and got 1 back.,I have £173.94 of pending transactions currently waiting to be paid to amazon. I have only ordered about £127 of stuff and I was told the transactions would clear and the extra payments would be cancelled when I received the order. I sent two emails regarding this and got 1 back.,67485,"@131415 Hi, can you please tell us what you were advised in your email? ^HS",Thu Nov 30 09:24:36 +0000 2017,131415,AmazonHelp,1,False,payment_billing
67484,67484,"Wish @115830 would stop charging me more than they should and actually reply to my emails, money grabbers 🤬","Wish would stop charging me more than they should and actually reply to my emails, money grabbers 🤬",67481,@131415 Without providing us any personal information can you explain the issue you are having a bit more? Thank you.^SM,Thu Nov 30 09:11:45 +0000 2017,131415,AmazonHelp,1,False,payment_billing
67484,67486,@AmazonHelp The only email I have received said that the money that was ‘pending’ would be taken out or would be cancelled when I received my order but it hasn’t so I still have almost £200 pending and don’t know if the payments are coming or going over a week after I got the first delivery,The only email I have received said that the money that was ‘pending’ would be taken out or would be cancelled when I received my order but it hasn’t so I still have almost £200 pending and don’t know if the payments are coming or going over a week after I got the first delivery,67487,@131415 I am sorry to hear this Lois. Can you please contact us through the following link so we can investigate this for you and we will also look to see can we change the delivery method for you: https://t.co/JzP7hlA23B.^GA,Thu Nov 30 09:47:08 +0000 2017,131415,AmazonHelp,1,False,delivery_order_status
67484,67488,"@AmazonHelp I have done and it is the 3rd email I have sent in the last 2 days, is there a way you can ensure I get a reply please as I still haven’t had one since I first queried the payment issues last week?","I have done and it is the 3rd email I have sent in the last 2 days, is there a way you can ensure I get a reply please as I still haven’t had one since I first queried the payment issues last week?",67489,@131415 We wouldn't have access from here for security reasons to check for an update on this. I would suggest the phone or chat option for immediate response on this for you and to avoid any further back and forth. You can use this link: https://t.co/JzP7hlA23B Thanks ^NV,Thu Nov 30 10:27:24 +0000 2017,131415,AmazonHelp,1,False,other
67509,67509,"Surprised at how patronising, rude and unhelpful @115830's customer service is. Spent 30 minutes having my own words said back to me with no solution. Literally ""you have ordered this item"" - YES I KNOW. IT'S WHY I'M HERE.","Surprised at how patronising, rude and unhelpful 's customer service is. Spent 30 minutes having my own words said back to me with no solution. Literally ""you have ordered this item"" - YES I KNOW. IT'S WHY I'M HERE.",67508,"@131417 Sorry to hear that, Dan. Without revealing any personal information, can you tell me a bit more about the issue?^TI",Thu Nov 30 09:09:34 +0000 2017,131417,AmazonHelp,1,False,service_complaint
67521,67520,"@AmazonHelp He tenido que ir a la mensajería,, para ver que pasaba,, lo he recogido.. pero si llego ayer, tendrian que haberlo entregado .","He tenido que ir a la mensajería,, para ver que pasaba,, lo he recogido.. pero si llego ayer, tendrian que haberlo entregado .",67523,@131419 Lamento esto. Puedes contactar con nuestro Servicio al cliente desde acá para dejar el reporte de lo ocurrido: https://t.co/OjvUxwnzPe ^AR,Thu Nov 30 09:42:51 +0000 2017,131419,AmazonHelp,1,False,other
67521,67521,"No se que pasa con el servicio de mensajería de @116928 ,, mi ultimos tres pedidos,, llegan con retraso. 
El 1° una semana
El 2° una semana
El 3° deberia haber llegado ayer,, segun el seguimiento ayer llego a mi población,, no entiendo que no este en mi casa.","No se que pasa con el servicio de mensajería de ,, mi ultimos tres pedidos,, llegan con retraso. El 1° una semana El 2° una semana El 3° deberia haber llegado ayer,, segun el seguimiento ayer llego a mi población,, no entiendo que no este en mi casa.",67518,"@131419 Buenos días, siento muchos por los inconvenientes con la entrega de tu pedido. Podrías, por favor, informarnos si tu pedido es vendido y enviado por Amazon o por un vendedor. ^CJ",Thu Nov 30 09:09:37 +0000 2017,131419,AmazonHelp,1,False,other
67521,67524,"@AmazonHelp De momento no hare reporte alguno.. si el pedido que tengo en reserva que se supone me debe llegar el 7 de Diciembre ""ya que sale a la venta el dia 1 de Diciembre"" si me llega con retraso no dudare en reportar la situacion.","De momento no hare reporte alguno.. si el pedido que tengo en reserva que se supone me debe llegar el 7 de Diciembre ""ya que sale a la venta el dia 1 de Diciembre"" si me llega con retraso no dudare en reportar la situacion.",67525,"@131419 Entiendo Jesús, puedes mantenernos al tanto de esta entrega. ^VL",Thu Nov 30 10:10:02 +0000 2017,131419,AmazonHelp,1,False,other
67521,67526,"@AmazonHelp Perfecto,, Feliz dia 😊","Perfecto,, Feliz dia 😊",67527,"@131419 Feliz día para ti también, ¡saludos! 😊 ^FZ",Thu Nov 30 10:14:26 +0000 2017,131419,AmazonHelp,1,False,other
67534,67534,アマゾンで予約した例の本の支払い番号まだ来てなくてワロタ,アマゾンで予約した例の本の支払い番号まだ来てなくてワロタ,67533,@131421 コンビニ・ATM・ネットバンキング・電子マネー払いのお支払番号は、ご注文の出荷準備が開始されるタイミングで発行されます。出荷準備開始後は、注文履歴の「領収書／購入明細書」からお支払い番号を確認頂けます。発行まで今しばらくお待ちください。 EK,Thu Nov 30 08:57:52 +0000 2017,131421,AmazonHelp,1,True,other
67550,67549,@amazonhelp Through the website. Used the gift ideas link and filtered to gifts under £10 for women :),Through the website. Used the gift ideas link and filtered to gifts under £10 for women :),67551,"@131425 Thank your the additianl information, Julian!^SM",Thu Nov 30 10:27:35 +0000 2017,131425,AmazonHelp,1,False,other
67550,67550,Thanks @115830. Bound to score bonus points with this top gift suggestion #giftsforwomen #amazon #happychristmas https://t.co/EL2WAppO87,Thanks . Bound to score bonus points with this top gift suggestion #giftsforwomen #amazon #happychristmas,67548,"@131425 Thanks for highlighting this Julian, can I ask were you searching through the website or app? ^MI",Thu Nov 30 08:58:40 +0000 2017,131425,AmazonHelp,1,False,other
67556,67556,Amazonの誤配送詐欺に引っかかったかも...商品返品して四日目、いまだに返金の連絡来ない( ･ิ..･ิ ) #Amazon https://t.co/ZvDsuieXfr,Amazonの誤配送詐欺に引っかかったかも...商品返品して四日目、いまだに返金の連絡来ない( ･ิ..･ิ ) #Amazon,67555,"@131426 ご心配をおかけしております。商品受領時と返金時にはＥメールにてご案内いたします。返金までの時間など詳しくはこちらをご参照ください。https://t.co/OGoqMcpLYV
なお、当サイトからのＥメールはアカウントサービスのメッセージセンターからもご確認いただけます。ET",Wed Nov 29 03:16:12 +0000 2017,131426,AmazonHelp,1,False,other
67575,67558,"@AmazonHelp Called - they have been absolutely no help whatsoever. They have already tried to deliver today, outside of the times I specified, and will now try and deliver again but cant gaurantee it will be in specified time. What’s the point? You missed the original NDD, you need to fix it","Called - they have been absolutely no help whatsoever. They have already tried to deliver today, outside of the times I specified, and will now try and deliver again but cant gaurantee it will be in specified time. What’s the point? You missed the original NDD, you need to fix it",67560,"@131427 Hello, were you able to try to provide a safe place for the parcel to be left? ^CR",Thu Nov 30 14:22:27 +0000 2017,131427,AmazonHelp,1,False,delivery_order_status
67575,67559,@AmazonHelp I am only available to accept the parcel during specific times and do not want it left unattended given its value. My perspective is that it’s down to you to now ensure you deliver it during the times I am available given that you have failed to meet the selected NDD.,I am only available to accept the parcel during specific times and do not want it left unattended given its value. My perspective is that it’s down to you to now ensure you deliver it during the times I am available given that you have failed to meet the selected NDD.,67557,@131427 We understand and value your time. Please connect with our support team from here https://t.co/TxK11znixD and they would do the needful to get the package delivered when you are available to collect. ^KK,Thu Nov 30 08:32:52 +0000 2017,131427,AmazonHelp,1,False,delivery_order_status
67575,67562,@AmazonHelp I take it that no response means that no one is capable of correcting your failures and resolving this issue?,I take it that no response means that no one is capable of correcting your failures and resolving this issue?,67563,"@131427 option doesn't work for you, then please reach out to us via phone or chat so that we can explore a resolution together.  https://t.co/JzP7hlA23B  ^SP (2/2)",Thu Nov 30 18:35:13 +0000 2017,131427,AmazonHelp,2,False,service_complaint
67575,67567,@AmazonHelp Shows as ‘on its way’ and only having left carrier depot at 9.40pm this evening. Delivery is by Amazon Logistics. App still shows the delivery date as today but when I go through the support section of the app it tells me scheduled delivery is tomorrow (30th),Shows as ‘on its way’ and only having left carrier depot at 9.40pm this evening. Delivery is by Amazon Logistics. App still shows the delivery date as today but when I go through the support section of the app it tells me scheduled delivery is tomorrow (30th),67566,"@131427 Hi, If the parcel is not with you by the 30th, please do let us know Here are some safe place options if you are not available for the delivery: https://t.co/TwFGvxbNe6 ^CR",Thu Nov 30 07:01:56 +0000 2017,131427,AmazonHelp,1,False,delivery_order_status
67575,67569,"@AmazonHelp Now 22:00 and no parcel, as mentioned above apparently it was never going to be delivered today... I need it for Saturday and I am only available at certain times to take the parcel between now and then.","Now 22:00 and no parcel, as mentioned above apparently it was never going to be delivered today... I need it for Saturday and I am only available at certain times to take the parcel between now and then.",67568,@131427 I'm sorry your package wasn't delivered. Can you let us know what's the status of the tracking and who the carrier is?  https://t.co/aaDyEz1VgE  ^LL,Wed Nov 29 22:02:41 +0000 2017,131427,AmazonHelp,1,False,delivery_order_status
67575,67571,@AmazonHelp This is what I was told at 1pm today: https://t.co/gj8pn89KA1,This is what I was told at 1pm today:,67570,"@131427 I'm sorry for any concern this causes. Please keep us updated, and let us know if your parcel doesn't arrive by 22:00 today. We want to ensure you receive your parcel. ^WT",Wed Nov 29 20:58:45 +0000 2017,131427,AmazonHelp,1,False,other
67575,67574,@AmazonHelp @AmazonHelp I can now understand why he was so pushy to get me to answer the customer survey on his support. Do anything to get top marks! Horrendous experience and I expect better from Amazon.,I can now understand why he was so pushy to get me to answer the customer survey on his support. Do anything to get top marks! Horrendous experience and I expect better from Amazon.,67573,"@131427 I'm sorry for the wait on your order. We deliver until 22:00 daily. Have you received a notification letting you know your order won't be delivered today? If so, did you receive a new delivery date or delivery window? ^AN",Wed Nov 29 20:42:53 +0000 2017,131427,AmazonHelp,1,False,other
67577,67577,Studying @3973 articles on @115821 #Kindle using article-mode is amazing🤓🤓 https://t.co/eXWWXCrYwM,Studying articles on #Kindle using article-mode is amazing🤓🤓,67576,@131428 Glad to hear your enjoying it! ^MI,Thu Nov 30 08:58:00 +0000 2017,131428,AmazonHelp,1,False,device_digital_content
67579,67579,Hola @116928 por algún motivo no se puede ver en España? He probado tanto la aplicación de la tele como la de Xbox. Gracias https://t.co/5lR2VDOnoX,Hola por algún motivo no se puede ver en España? He probado tanto la aplicación de la tele como la de Xbox. Gracias,67578,"@131429 Hola Ivan, en este caso te recomiendo contactar directamente a nuestro Soporte al Cliente para revisar la situación y poder brindarte una solución: https://t.co/OjvUxwnzPe ^DQ",Thu Nov 30 08:56:09 +0000 2017,131429,AmazonHelp,1,False,other
67582,67581,"@AmazonHelp https://t.co/gDlLQGfUqy
I saw that banner n clicked
Upon clicking i checked..only Cleartrip gvs @3922% off n rest others having 10% off.. but nowhere found bookmyshow",I saw that banner n clicked Upon clicking i checked..only Cleartrip gvs % off n rest others having 10% off.. but nowhere found bookmyshow,67583,@131430 Let us check this out for you. Please reach us via https://t.co/CNHA4voaWH and we'll get in touch with you soon. ^VM,Thu Nov 30 09:02:44 +0000 2017,131430,AmazonHelp,1,False,other
67582,67582,"@115850  Upto 20% off on instant gvs.. 
Why have you guys listed BOOKMYSHOW in banner when the offer is not available for Bookmyshow.. making us fool...😒 https://t.co/u9iAa27wZJ",Upto 20% off on instant gvs.. Why have you guys listed BOOKMYSHOW in banner when the offer is not available for Bookmyshow.. making us fool...😒,67580,@131430 Could you please share the link to the promotion?  We will look into it. ^AH,Thu Nov 30 08:32:59 +0000 2017,131430,AmazonHelp,1,False,other
67585,67585,"Hey @120533 @115851 
Comment ça se passe lorsque que le livreur  ( amazone logistics ) se fait un cadeau noël avec mon article soit disant livré dans ma boite aux lettres QUI EST INACCESSIBLE DEPUIS L'EXTÉRIEUR ? #VOL ? #EMPRUNT ? 
QUELLE HONTE - SHAME 👏👏👏 https://t.co/kpQ9lfki8V",Hey Comment ça se passe lorsque que le livreur ( amazone logistics ) se fait un cadeau noël avec mon article soit disant livré dans ma boite aux lettres QUI EST INACCESSIBLE DEPUIS L'EXTÉRIEUR ? #VOL ? #EMPRUNT ? QUELLE HONTE - SHAME 👏👏👏,67584,"@131431 Bonjour, je suis sincèrement désolée du désagrément causé. Afin que je puisse vérifier votre dossier de plus près, merci de remplir ce formulaire via un PC : https://t.co/HtUowg2UGX",Thu Nov 30 08:52:38 +0000 2017,131431,AmazonHelp,1,False,other
67588,67588,@AmazonHelp my friend ordered for a memory card but he got an empty parcel. what should he do next?,my friend ordered for a memory card but he got an empty parcel. what should he do next?,67586,@131432 Oh no! Sorry to hear this. What site did your friend place the order on Amazon IN/ US/UK or another location?^ES,Thu Nov 30 08:55:47 +0000 2017,131432,AmazonHelp,1,False,delivery_order_status
678,676,@115847 @115821 Yeah idk the shipping company and it says “mike Ziemer” signed for it in the mail room at our building lol,Yeah idk the shipping company and it says “mike Ziemer” signed for it in the mail room at our building lol,675,@115846 That's okay! Thanks for checking! Please contact us by phone or chat and we can look into this: https://t.co/hApLpMlfHN ^BN,Tue Oct 31 21:39:25 +0000 2017,115846,AmazonHelp,1,False,delivery_order_status
67629,67629,アマゾン使ったことない民やけどいかにもっていうやつがこないだ来たので載せておきます https://t.co/uTHHBuYvWP,アマゾン使ったことない民やけどいかにもっていうやつがこないだ来たので載せておきます,67628,@131441 画像のように、当サイトの名を騙るフィッシングや架空請求詐欺が増えております。そのようなメールに記載されている番号には連絡なさらないようお気を付けください。Eメールの見分け方については、こちらをご参照ください。https://t.co/r6R7EU9RIb YM,Thu Nov 23 05:36:33 +0000 2017,131441,AmazonHelp,1,True,other
682,681,@115821  https://t.co/Gb0beuA3IN,,680,@115848 I'm sorry for the trouble this has caused you; please contact us so we may lend you a hand: https://t.co/hApLpMlfHN ^WM,Tue Oct 31 22:11:34 +0000 2017,115848,AmazonHelp,1,True,other
690,685,@AmazonHelp Details sent. Please check.,Details sent. Please check.,687,@115849 Thanks for confirming that the details have been shared. Our team will give it a look and reach out shortly. ^AB,Wed Nov 01 05:26:45 +0000 2017,115849,AmazonHelp,1,False,other
690,686,@AmazonHelp Already contacted 3-4 times in the last month. But all I got was assurance that matter is escalated &amp; new status will be provided in 1 day!,Already contacted 3-4 times in the last month. But all I got was assurance that matter is escalated &amp; new status will be provided in 1 day!,684,@115849 Please share your details here:https://t.co/GIJyeYqKE0 and I'll get back to you. 2/2 ^HD,Tue Oct 31 22:06:53 +0000 2017,115849,AmazonHelp,1,False,service_complaint
690,690,@115850 @115821 @AmazonHelp @115851 Order# 3632693-6196346. You couldn't deliver EVEN AFTER A MONTH. You should be ashamed of yourself.,Order# 3632693-6196346. You couldn't deliver EVEN AFTER A MONTH. You should be ashamed of yourself.,689,@115849 Please report this to our support team here: https://t.co/TdDksLo6Mf and we'll look into this. 2/2 ^HD,Tue Oct 31 21:45:15 +0000 2017,115849,AmazonHelp,1,False,delivery_order_status
69257,69256,"@AmazonHelp カスタマーセンターに連絡し、何らかの理由で注文がキャンセル、返金された旨を確認しました。詳しい理由は不明ですが、別件で 配送業者（TMG）の不手際が目立つ取引でした。
ご指導願えばと思います…",カスタマーセンターに連絡し、何らかの理由で注文がキャンセル、返金された旨を確認しました。詳しい理由は不明ですが、別件で 配送業者（TMG）の不手際が目立つ取引でした。 ご指導願えばと思います…,69258,@131674 ご迷惑をお掛けし誠に申し訳ございません。ご指摘については真摯に受け止め、今後のサービス改善に努めて参ります。リプライありがとうございました。　SM,Thu Nov 23 07:44:20 +0000 2017,131674,AmazonHelp,1,False,other
69264,69262,"@AmazonHelp It was ""AMZL US""","It was ""AMZL US""",69261,@131675 We would like to look into this with you so please provide your order information here: https://t.co/B4JI4CV7K8 ^DD,Wed Nov 22 21:09:44 +0000 2017,131675,AmazonHelp,1,False,other
69264,69264,"Hey @115821 @AmazonHelp not sure this is the best/safest place to leave a package... in the grass, by the mailbox, next to the street in plain sight.... https://t.co/SUTwX8cFPe","Hey not sure this is the best/safest place to leave a package... in the grass, by the mailbox, next to the street in plain sight....",69263,@131675 I'm so sorry to see this! Can you let us know who the carrier was for the order? You can review this information here: https://t.co/q4LAMZ3tbE ^JS,Wed Nov 22 21:03:13 +0000 2017,131675,AmazonHelp,1,False,delivery_order_status
69267,69266,"@AmazonHelp yeah its on that episode of cheers but I tried another episode and it didn't appear to be there, maybe it's just that episode?","yeah its on that episode of cheers but I tried another episode and it didn't appear to be there, maybe it's just that episode?",69268,@131676 Can you tell us which Amazon site you have your account set up on? Is it https://t.co/AEq71cHRaJ etc? ^BZ,Thu Nov 23 06:37:21 +0000 2017,131676,AmazonHelp,1,False,other
69267,69267,"@116618 Hi, is there a reason why this line exists? Its on your new app for the Roku. Is there any way to fix it? https://t.co/Q43xHjU5pJ","Hi, is there a reason why this line exists? Its on your new app for the Roku. Is there any way to fix it?",69265,@131676 Thanks for making us aware! We are unable to see the line you are referring to in this image. Does the line appear when you are viewing specific content through Amazon Video? ^SH,Thu Nov 23 06:10:01 +0000 2017,131676,AmazonHelp,1,False,other
69267,69269,"@AmazonHelp no, it's the main US version, and I'm accessing prime video on my Roku","no, it's the main US version, and I'm accessing prime video on my Roku",69270,@131676 Can I ask if you have tried this episode on any other device to see if the same issue occurs? ^KI,Thu Nov 23 06:58:25 +0000 2017,131676,AmazonHelp,1,False,device_digital_content
69267,69271,"@AmazonHelp I haven't, I'll try and get back to you","I haven't, I'll try and get back to you",69272,@131676 Keep us updated.^CR,Thu Nov 23 07:24:15 +0000 2017,131676,AmazonHelp,1,False,other
693,693,@AmazonHelp since when you stop giving 20% off videogame pre-orders (amazon prime members) im confused? why?,since when you stop giving 20% off videogame pre-orders (amazon prime members) im confused? why?,692,@115852 We still offer discounts on eligible physical game pre-orders. For further details on Prime benefits: https://t.co/80y2YnlQGJ ^MB,Tue Oct 31 22:10:21 +0000 2017,115852,AmazonHelp,1,False,other
695,695,Just pulled another #Amazon delivery out of the bushes since the #amzl people can’t walk the extra 2 ft to my door. So tired of this.,Just pulled another #Amazon delivery out of the bushes since the #amzl people can’t walk the extra 2 ft to my door. So tired of this.,694,@115853 I'm sorry we let you down! We'd like to make sure this is addressed. Please provide some details here: https://t.co/z6evtFsZI5 ^BN,Tue Oct 31 21:17:03 +0000 2017,115853,AmazonHelp,1,False,delivery_order_status
6966,6957,@AmazonHelp Please call me,Please call me,6959,"@117198 If you follow the link ^RR provided, we'd love to give you a call. ^MH",Sun Nov 19 17:54:45 +0000 2017,117198,AmazonHelp,1,False,service_complaint
6966,6958,"@AmazonHelp Will do in morning. By the way, I’ve complained about this same issue 3 times and twice before directly to carrier.","Will do in morning. By the way, I’ve complained about this same issue 3 times and twice before directly to carrier.",6956,"@117198 When you have a moment, please phone us here: https://t.co/hApLpMlfHN ^RR",Sun Nov 19 04:03:20 +0000 2017,117198,AmazonHelp,1,False,other
6966,6960,@AmazonHelp Or you can provide me with a direct dial number and I’ll call it now,Or you can provide me with a direct dial number and I’ll call it now,6962,@117198 Hi there!  We are not able to see customer's account information here on Twitter.  Please reach out to us by calling 866-216-1072 and keep us updated on the outcome! ^SP,Sun Nov 19 18:10:42 +0000 2017,117198,AmazonHelp,1,False,other
69604,69604,アマゾンプライムけいおん無料とかまじで神すぎる,アマゾンプライムけいおん無料とかまじで神すぎる,69603,@131775 見ちゃってくださいませ！( *• ̀ω•́ )b ｸﾞｯ☆ ET,Thu Nov 30 09:46:26 +0000 2017,131775,AmazonHelp,1,True,other
69607,69607,Even paid $20 to get my @115821 order before an important event and STILL didn’t arrive on time. #Notcool #whenamigoingtolearn #procrastination,Even paid $20 to get my order before an important event and STILL didn’t arrive on time. #Notcool #whenamigoingtolearn #procrastination,69605,@131776 Sorry to hear that you didn't receive your order. What delivery date were you advised on your order confirmation email?^ES,Thu Nov 30 09:51:23 +0000 2017,131776,AmazonHelp,1,False,delivery_order_status
69607,69609,@AmazonHelp In the last 30 mins? No.,In the last 30 mins? No.,69610,"@131776 Hi Sally, you can get in touch with us here:  https://t.co/hApLpMlfHN. We can investigate this further for you. ^HS",Thu Nov 30 10:23:09 +0000 2017,131776,AmazonHelp,1,False,other
69607,69611,@AmazonHelp I’d rather the order just be cancelled so I don’t have the extra hassle of returning items because they didn’t arrive on time. That’s a waste of my time.,I’d rather the order just be cancelled so I don’t have the extra hassle of returning items because they didn’t arrive on time. That’s a waste of my time.,69612,"@131776 We have no access to your account or orders through social media. If you haven't done so already, please reach us directly via the ^HS provided so we may look into available options for you. ^BV",Thu Nov 30 20:55:05 +0000 2017,131776,AmazonHelp,1,False,delivery_order_status
6966,6963,"@AmazonHelp Thank you. Spoke with customer service who was very nice &amp; helpful &amp; put me straight through to a Competent logistics person who documented issue, researched my acct &amp; was going to contact delivery Svc directly to ensure procedures followed. Time will tell. Thank you.","Thank you. Spoke with customer service who was very nice &amp; helpful &amp; put me straight through to a Competent logistics person who documented issue, researched my acct &amp; was going to contact delivery Svc directly to ensure procedures followed. Time will tell. Thank you.",6964,@117198 You're welcome. Reach out again if you have questions in the future. We're here to help. ^JF,Sun Nov 19 20:26:07 +0000 2017,117198,AmazonHelp,1,False,delivery_order_status
69641,69641,E la grandezza si vede nella gestione dell'errore. Ottimo follow-up di @4017 e @AmazonHelp ad un problema che ha causato l'annullamento di un mio ordine #primenow#kudos :),E la grandezza si vede nella gestione dell'errore. Ottimo follow-up di e ad un problema che ha causato l'annullamento di un mio ordine #primenow#kudos :),69640,"@131782 Grazie per aver condiviso con noi il tuo feedback, Davide! Siamo felici che tutto si sia risolto per il meglio! 😊 ^VE",Thu Nov 30 09:47:24 +0000 2017,131782,AmazonHelp,1,False,other
69644,69643,"@AmazonHelp Hi, no only the packaging it came in. Not ideal tho.","Hi, no only the packaging it came in. Not ideal tho.",69642,"@131783 If you get a chance, can you contact us here: https://t.co/oGDklGgbCZ so that we can look into this further for you?^PJ",Thu Nov 30 09:50:02 +0000 2017,131783,AmazonHelp,1,False,other
69651,69646,@AmazonHelp We are at work today and out today at a private appointment. We can't take another day off for Amazon deliveries.,We are at work today and out today at a private appointment. We can't take another day off for Amazon deliveries.,69645,@131784 Have you left safe place instruction for where the driver can leave the order should you not be in?^SM,Thu Nov 30 09:47:29 +0000 2017,131784,AmazonHelp,1,False,delivery_order_status
69651,69648,@AmazonHelp We have only been told it may be another day or two. I can't plan my working days around Amazon deliveries. Pretty shocked at how late in the day this notification came through as well.,We have only been told it may be another day or two. I can't plan my working days around Amazon deliveries. Pretty shocked at how late in the day this notification came through as well.,69647,"@131784 Late parcels typically arrive within 24 hours of their original delivery date. If not received by 22:00 tomorrow, please phone or chat with us here: https://t.co/JzP7hlA23B ^AN",Wed Nov 29 17:18:38 +0000 2017,131784,AmazonHelp,1,False,delivery_order_status
69651,69650,@AmazonHelp We now been told the tree will arrive by Dec 8th. That's more than a week than what we were promised when we made the purchase. We could have gone with another provider instead if Amazon had been upfront about this! Now we won't have a tree for the first Advent December weekend!,We now been told the tree will arrive by Dec 8th. That's more than a week than what we were promised when we made the purchase. We could have gone with another provider instead if Amazon had been upfront about this! Now we won't have a tree for the first Advent December weekend!,72017,"@131784 Hello, I am sorry to hear about this delay. You can contact us directly here:  https://t.co/JzP7hlA23B and we can investigate further for you. ^HS",Thu Nov 30 09:49:22 +0000 2017,131784,AmazonHelp,1,False,delivery_order_status
69651,69651,@AmazonHelp so I took the day off to wait for the Christmas tree delivery and Amazon emails us at 16:20 PM to tell us there is a delay in delivery!? What kind of service is this? I wasted a whole day for this.,so I took the day off to wait for the Christmas tree delivery and Amazon emails us at 16:20 PM to tell us there is a delay in delivery!? What kind of service is this? I wasted a whole day for this.,69649,"@131784 I'm sorry to hear that, were you provided with a new delivery date?^TI",Wed Nov 29 17:06:24 +0000 2017,131784,AmazonHelp,1,False,delivery_order_status
69655,69655,@115830 Hello I ordered 2 Kiki Archer books to be sent to my kindle paid for them but they've not appeared on my list yet.Can u please tell me what the hold up is and when I will receive them and thank u Jose.M.Taylor,Hello I ordered 2 Kiki Archer books to be sent to my kindle paid for them but they've not appeared on my list yet.Can u please tell me what the hold up is and when I will receive them and thank u Jose.M.Taylor,69653,"@131785 Hi, sorry to hear you haven't received your Kindle books yet. Did you receive emails confirming the orders were successful?^ES",Thu Nov 30 09:51:15 +0000 2017,131785,AmazonHelp,1,False,device_digital_content
69659,69657,@AmazonHelp Thanks for the quick response!,Thanks for the quick response!,69656,@131786 You're welcome :) ^AM,Thu Nov 30 09:51:39 +0000 2017,131786,AmazonHelp,1,False,other
69659,69659,"@116316 my account was just locked, trying to use the help/contact feature on the site but can't use it without logging in. Please assist.","my account was just locked, trying to use the help/contact feature on the site but can't use it without logging in. Please assist.",69658,"@131786 Hi, unfortunately, I can't see into your Amazon account via Twitter. Please use the following link to get in touch with my colleagues from the customer service: https://t.co/TgLMRIiJWG ^AM",Thu Nov 30 09:38:59 +0000 2017,131786,AmazonHelp,1,False,other
6966,6966,@115821 So for the 4th time the package I ordered was tossed onto my property instead of being left on my front porch. It was raining. Package wet. I’ve complained repeatedly to no avail. Since Amazon switched from USPS to local delivery Svc the SERVICE is terrible.,So for the 4th time the package I ordered was tossed onto my property instead of being left on my front porch. It was raining. Package wet. I’ve complained repeatedly to no avail. Since Amazon switched from USPS to local delivery Svc the SERVICE is terrible.,6965,@117198 I am so sorry this has happened. Can you please clarify the carrier for us? We want to assist! You can see that info here: https://t.co/WvaNTeDWQh ^BA,Sun Nov 19 03:46:18 +0000 2017,117198,AmazonHelp,1,False,delivery_order_status
69669,69667,"@AmazonHelp I am waiting to hear back from the seller. I don't really think a reason would even matter right now. I paid, and then some time later they shipped it. Could I get it for the same price I purchased it for if they put it back up for sale? Can't find anything similar on Amazon.","I am waiting to hear back from the seller. I don't really think a reason would even matter right now. I paid, and then some time later they shipped it. Could I get it for the same price I purchased it for if they put it back up for sale? Can't find anything similar on Amazon.",69664,"@131788 Hi Rachelle, really sorry about this. Unfortunately, we wouldn't be able to give you any info in regard to sellers prices, due to them being individual sellers, we have no control over their prices. Have you emailed them to ask if they can send out another? 

- Jenna",Thu Nov 30 09:39:12 +0000 2017,131788,AmazonHelp,1,False,seller_marketplace
69669,69669,"Very upset and confused on how I ordered an item, it shipped on the 21st, with delivery dated BY 30th, and all of a sudden the seller issues a refund. Guess what I don't have? A Christmas tree. Guess what else? Black Friday deals are OVER @AmazonHelp Bet u seller raises prices.","Very upset and confused on how I ordered an item, it shipped on the 21st, with delivery dated BY 30th, and all of a sudden the seller issues a refund. Guess what I don't have? A Christmas tree. Guess what else? Black Friday deals are OVER Bet u seller raises prices.",69668,"@131788 Hello, I am sorry to hear that your order was canceled. Were you provided a reason for the cancellation ? ^CR",Thu Nov 30 09:30:53 +0000 2017,131788,AmazonHelp,1,False,seller_marketplace
69676,69676,@2600 Bonjour. J’ai passé une commande le we dernier. Elle a été divisée en 2 colis (expédiés le même jour). Le premier colis expédié le 27 n’est toujours  pas arrivé. Il devait être livré avant hier soir. Le colis expédié plus tard est bien arrivé hier...,Bonjour. J’ai passé une commande le we dernier. Elle a été divisée en 2 colis (expédiés le même jour). Le premier colis expédié le 27 n’est toujours pas arrivé. Il devait être livré avant hier soir. Le colis expédié plus tard est bien arrivé hier...,69675,"@131790 Je suis sincèrement désolée pour cela. Pour des mesures de confidentialité, nous n'avons pas accès à votre compte depuis Twitter. C'est pour cela, je vous propose de contacter notre service client via lien suivant :  https://t.co/hgIrz98cdI ^SB",Thu Nov 30 09:49:47 +0000 2017,131790,AmazonHelp,1,False,other
69680,69680,１ヶ月以上前にAmazonで予約したCDのコンビニ決済のメールがまだ届かないんだが、何でだ？発売日（１２月１３日）に近づいたらちゃんとメール来るんだろうな？,１ヶ月以上前にAmazonで予約したCDのコンビニ決済のメールがまだ届かないんだが、何でだ？発売日（１２月１３日）に近づいたらちゃんとメール来るんだろうな？,69679,@131791 コンビニ・ATM・ネットバンキング・電子マネー払いのお支払番号は、ご注文の出荷準備が開始されるタイミングで発行されます。出荷準備開始後は、注文履歴の「領収書／購入明細書」からお支払い番号を確認頂けます。発行まで今しばらくお待ちください。 EK,Thu Nov 30 09:20:18 +0000 2017,131791,AmazonHelp,1,True,other
69725,69724,@131796 AMAZON PRIME IS DRAINING MY BANK ACCOUNT PLS HALP,AMAZON PRIME IS DRAINING MY BANK ACCOUNT PLS HALP,69722,"@131795 Hi, how much were you charged for Amazon Prime? ^KI",Thu Nov 30 09:42:59 +0000 2017,131795,AmazonHelp,1,False,other
69728,69727,"@AmazonHelp La fecha de entrega indicada al momento de hacer el pedido fue el 29 de noviembre, al escoger ""entrega asegurada en 1 día"" como cliente Prime. Puedo facilitarle captura de pantalla por privado, si me sigue.","La fecha de entrega indicada al momento de hacer el pedido fue el 29 de noviembre, al escoger ""entrega asegurada en 1 día"" como cliente Prime. Puedo facilitarle captura de pantalla por privado, si me sigue.",69726,"@131797 Manu, siento mucho por los inconvenientes con la entrega de tu pedido, en este caso te pido, por favor, entrar en contacto con nuestro servicio al cliente al siguiente enlace web: https://t.co/qWEjBNmZ1b ^CJ",Thu Nov 30 09:46:25 +0000 2017,131797,AmazonHelp,1,False,other
69731,69731,am͜a͉zonさん予約したのに支払い番号も来ないし酷いや,am͜a͉zonさん予約したのに支払い番号も来ないし酷いや,69730,@131798 コンビニ・ATM・ネットバンキング・電子マネー払いのお支払番号は、ご注文の出荷準備が開始されるタイミングで発行されます。出荷準備開始後は、注文履歴の「領収書／購入明細書」からお支払い番号を確認頂けます。発行まで今しばらくお待ちください。 EK,Thu Nov 30 09:41:04 +0000 2017,131798,AmazonHelp,1,True,other
69750,69733,"@AmazonHelp Merci pour votre super cadeau 😍 mes files et moi même pourront dormir sur nos deux oreilles et rêver de sable chaud et de mer translucide en toute sécurité 😍 a nous de vous rendre l’appareil, avez-vous une adresse postal afin de vous envoyer notre surprise? https://t.co/inwc68qG0z","Merci pour votre super cadeau 😍 mes files et moi même pourront dormir sur nos deux oreilles et rêver de sable chaud et de mer translucide en toute sécurité 😍 a nous de vous rendre l’appareil, avez-vous une adresse postal afin de vous envoyer notre surprise?",69732,"@131799 Bonjour bonjour, cela nous fait énormément plaisir d'apprendre que la petite surprise vous a plu ❤️ La meilleure surprise pour nous est de savoir qu'un sourire s'est dessiné sur vos lèvres ainsi que celles de vos filles ☺️",Thu Nov 30 09:27:49 +0000 2017,131799,AmazonHelp,1,False,other
69750,69736,"@AmazonHelp Si il y a de la place, je les prends 😊 oui bien sûr ce sont mes petites et pas de soucis","Si il y a de la place, je les prends 😊 oui bien sûr ce sont mes petites et pas de soucis",69734,"@131799 Et si vous remplissiez la carte d'embarquement suivante : https://t.co/HtUowg2UGX
😉 https://t.co/klfp5t9VIo",Fri Nov 24 11:10:32 +0000 2017,131799,AmazonHelp,1,False,other
69750,69738,@AmazonHelp C’est noté ☺️,C’est noté ☺️,69737,"@131799 Alors, les bouts de chou sur votre photo de profil sont de la partie aussi ? 😃
PS : Ils sont trop mignons 😍 Ce sont vos enfants ? Désolé pour ma curiosité ☺️",Fri Nov 24 10:48:36 +0000 2017,131799,AmazonHelp,1,False,other
69750,69740,@AmazonHelp Vendu ! Il me reste deux semaine à posé sa tombe bien 😜,Vendu ! Il me reste deux semaine à posé sa tombe bien 😜,69739,"@131799 Moi il me reste 3 semaines 😝 Dès que c'est OK, je vous fais signe 😉",Fri Nov 24 09:45:51 +0000 2017,131799,AmazonHelp,1,False,other
69750,69742,"@AmazonHelp C’est pas faux, on a pas l’habitude au soleil dans notre département , la pluie et notre seul alliés lol vous pensez à tout 😋 indice 50+ https://t.co/ZbtiQlyR8L","C’est pas faux, on a pas l’habitude au soleil dans notre département , la pluie et notre seul alliés lol vous pensez à tout 😋 indice 50+",69741,"@131799 Alors, qu’est-ce qu’on fait maintenant ? On dépose nos demandes de congé 😜?",Fri Nov 24 09:15:12 +0000 2017,131799,AmazonHelp,1,False,other
69750,69744,"@AmazonHelp Ma valise est prête, elle contient un short de bain, une brosse à dent, un parfum et des dolipranes pour les soirées difficiles, let’s go 🛩 https://t.co/xviX4OzF2F","Ma valise est prête, elle contient un short de bain, une brosse à dent, un parfum et des dolipranes pour les soirées difficiles, let’s go 🛩",69743,@131799 Vous avez oublié un truc super MEGA important : la crème solaire 🌞,Fri Nov 24 09:03:31 +0000 2017,131799,AmazonHelp,1,False,other
69750,69746,@AmazonHelp Espérons qu’il soit dans un bon jour et qu’il ne passe pas un #blackfriday ( vanne Nul mais assumé lol ) 😂,Espérons qu’il soit dans un bon jour et qu’il ne passe pas un #blackfriday ( vanne Nul mais assumé lol ) 😂,69745,"@131799 Avec les fêtes de fin d'année, la bonne humeur est au RDV 😄 
PS : Bahamas nous arrivons.....Peut-être  🤣",Fri Nov 24 08:33:09 +0000 2017,131799,AmazonHelp,1,False,other
69750,69748,"@AmazonHelp Avec plaisir, j’offre la tournée générale de pina colada 🙂 https://t.co/5dUoXHlhTP","Avec plaisir, j’offre la tournée générale de pina colada 🙂",69747,@131799 Donc il ne reste plus qu'à faire les valises et décider de la date 😆 Bien sûr après avoir eu l'aval du Boss 🤣,Fri Nov 24 08:16:18 +0000 2017,131799,AmazonHelp,1,False,other
69750,69750,J’espère que les #cm après le #blackfriday ont le droit à un week-end tout frais payés au Bahamas. Bon courage à vous si vous me lisez💪.  @7665 @131800 @120533 et tous les autres 🙂 https://t.co/peSQKdaSRA,J’espère que les #cm après le #blackfriday ont le droit à un week-end tout frais payés au Bahamas. Bon courage à vous si vous me lisez💪. et tous les autres 🙂,69749,"@131799 Nous vous avons lu et avons envoyé la suggestion à notre Boss 😁 Si c'est accepté, vous venez avec nous? 😜 
PS: nous sommes déjà super EXCITED 🌞🏝️ https://t.co/y5UPVNVDFj",Fri Nov 24 00:42:41 +0000 2017,131799,AmazonHelp,1,False,other
69763,69763,@119625 When will you create a profile for Brazil?,When will you create a profile for Brazil?,69762,@131803 We are limited to India currently. Please stay tuned to our website for updates.,Thu Nov 30 09:23:09 +0000 2017,131803,AmazonHelp,1,False,other
69770,69768,"@AmazonHelp Thanks, the order is from Amazon. I've checked my order online repeatedly, and ""Delay in delivery due to external factors"" is the reason given. It was meant to be here last Friday :-(","Thanks, the order is from Amazon. I've checked my order online repeatedly, and ""Delay in delivery due to external factors"" is the reason given. It was meant to be here last Friday :-(",69766,"@131805 Hi Charlotte. Thanks for confirming that. If you get in touch: https://t.co/hApLpMlfHN, we'll be happy to see what additional information is available. ^DC",Thu Nov 30 09:42:17 +0000 2017,131805,AmazonHelp,1,False,delivery_order_status
69770,69770,@115830 where's my order? Very poor customer experience on your Black Friday deals. Surely you should be prepared for this demand?!,where's my order? Very poor customer experience on your Black Friday deals. Surely you should be prepared for this demand?!,69769,"@131805 I am sorry that you haven't received your delivery yet, Charlotte! What was the original delivery date given at checkout or our email confirmation? Were the items sold by Amazon or third-party seller? You can check here: https://t.co/aaDyEz1VgE ^FR",Wed Nov 29 20:10:27 +0000 2017,131805,AmazonHelp,1,False,delivery_order_status
69774,69772,@AmazonHelp you cancelled my order bc you thought someone else was on my account but i cant repurchase it bc it was a lightning deal,you cancelled my order bc you thought someone else was on my account but i cant repurchase it bc it was a lightning deal,69775,@131806 Hi Ruby. We wouldn't have the option to replace a canceled order. You would need to replace the order directly. Have you since regained access to your account? ^NV,Thu Nov 30 10:03:08 +0000 2017,131806,AmazonHelp,1,False,delivery_order_status
69774,69774,"@AmazonHelp have emailed &amp; phoned regarding my recent order being cancelled and still no help, pls can someone look into it?","have emailed &amp; phoned regarding my recent order being cancelled and still no help, pls can someone look into it?",69771,"@131806 Sorry to hear that, Ruby. Without revealing any personal information, can you tell me a bit more about the issue?^TI",Thu Nov 30 09:36:04 +0000 2017,131806,AmazonHelp,1,False,service_complaint
69774,69776,"@AmazonHelp I can't replace the order as it was the nintendo switch bundle cyber monday deal so it was a different price than usual, I have access to my account though","I can't replace the order as it was the nintendo switch bundle cyber monday deal so it was a different price than usual, I have access to my account though",69777,@131806 I am glad that you now have access to your account. We are unable to price match on lightining deals once the time expires.^SM,Thu Nov 30 10:17:36 +0000 2017,131806,AmazonHelp,1,False,delivery_order_status
69780,69780,"Hi @115850...im confused i have 2 items in my cart...but each of them has different sellers with lesser price in the ""sellers tab""...why is it so and is it save to buy from them???","Hi ...im confused i have 2 items in my cart...but each of them has different sellers with lesser price in the ""sellers tab""...why is it so and is it save to buy from them???",69779,@131807 I understand you're concerned regarding the price and authenticity of the products. Please reach out to us here: https://t.co/vlvfJr4nN9 and we will help you. ^AH,Thu Nov 30 09:29:16 +0000 2017,131807,AmazonHelp,1,False,seller_marketplace
69780,69781,@115850 Thanks...!!!,Thanks...!!!,71931,@131807 You're welcome! :) ^HS,Thu Nov 30 10:03:45 +0000 2017,131807,AmazonHelp,1,False,other
69783,69783,"Hi @115850, how do you manage your deliveries in countries like USA or Canada where things like #Aadhaar don't exist? Pls stop fooling people.","Hi , how do you manage your deliveries in countries like USA or Canada where things like #Aadhaar don't exist? Pls stop fooling people.",69782,@131808 It looks like you've had an unpleasant experience. Kindly elaborate on your concern so that we can look into this right away. ^BV,Thu Nov 30 09:26:03 +0000 2017,131808,AmazonHelp,1,False,delivery_order_status
69787,69785,@AmazonHelp They already have rejected my replacement request stating that they have checked it and nothing was faulty so u have to bear the loss @115821 @AmazonHelp,They already have rejected my replacement request stating that they have checked it and nothing was faulty so u have to bear the loss,69784,@131809 We would like to help you. Please share your details with us here: https://t.co/GIJyeYqKE0. We'll get in touch shortly. ^CB,Thu Nov 30 09:38:43 +0000 2017,131809,AmazonHelp,1,False,refund_return
69787,69787,"Amazon.in is the biggest fraud in this country guys boycott this company they are cheating us by delivering empty boxes and not even giving the refund for this , i will upload the cctv camera footage of my house and show it to everyone @AmazonHelp","Amazon.in is the biggest fraud in this country guys boycott this company they are cheating us by delivering empty boxes and not even giving the refund for this , i will upload the cctv camera footage of my house and show it to everyone",69786,@131809 Sorry to know you've received an empty box. It is never our intention to cause inconvenience to you. Please report it here: https://t.co/vlvfJr4nN9 &amp; we'll take necessary actions to make things right.^AR,Thu Nov 30 05:40:45 +0000 2017,131809,AmazonHelp,1,False,refund_return
69789,69789,アマゾンプライムお試しやってたのに知らないうちに期限過ぎて勝手に年間費しょっぴかれてた〜〜！？えええ〜〜！？びびる,アマゾンプライムお試しやってたのに知らないうちに期限過ぎて勝手に年間費しょっぴかれてた〜〜！？えええ〜〜！？びびる,69788,@131810 Amazonプライム無料体験をご利用の場合、自動更新設定をオフにしていないと30日後に有料会員へ移行します。こちらのヘルプページで特典をご案内していますので、よろしければご参照ください。 https://t.co/6io76zLwiC EK,Thu Nov 30 09:38:56 +0000 2017,131810,AmazonHelp,1,True,other
69821,69793,@AmazonHelp I want replacement of the product. With original product! I have written  your. Customer service team,I want replacement of the product. With original product! I have written your. Customer service team,69795,"@131812 If you've replied to our email, we'll surely have a closer look at your insight and will reach out to you with an update. Appreciate your patience until then. ^HS",Thu Nov 30 10:10:26 +0000 2017,131812,AmazonHelp,1,False,refund_return
69821,69794,@AmazonHelp I am busy now . By Saturday if don't get replacement product! I will share the entire incident in all major platforms.so that people aware about fake product sold at Amazon,I am busy now . By Saturday if don't get replacement product! I will share the entire incident in all major platforms.so that people aware about fake product sold at Amazon,69792,"@131812 We would be happy to review the situation. Do write back to our correspondence, if you want to add an insight. We will cross-check it for you. ^CB",Thu Nov 30 09:27:49 +0000 2017,131812,AmazonHelp,1,False,refund_return
69821,69796,@AmazonHelp I want replacement ! Don't fool people! I not  Stopping until I get original product!,I want replacement ! Don't fool people! I not Stopping until I get original product!,69798,@131812 We're working to resolve this soon and we'll be sure to reach out to you with an update at the earliest. Your patience is much appreciated. ^VN,Thu Nov 30 10:26:42 +0000 2017,131812,AmazonHelp,1,False,refund_return
69821,69800,@AmazonHelp I am expecting a call from Amazon with date on which product will get replaced! If not I will create a video on how Amazon fools customer in India with fake product,I am expecting a call from Amazon with date on which product will get replaced! If not I will create a video on how Amazon fools customer in India with fake product,69801,"@131812 I understand that at this point of time asking you to wait would be disappointing, Rajath. We wouldn't be able to arrange a call back from Twitter. Kindly write back to the email sent by us with your preferred time and we'll get in touch with you.^AR",Thu Nov 30 11:00:14 +0000 2017,131812,AmazonHelp,1,False,item_quality_issue
69821,69802,@AmazonHelp Anytime you call me tell when you're replacing the fake product!,Anytime you call me tell when you're replacing the fake product!,69803,@131812 I understand your concern. Kindly reply to the latest correspondence sent by our team with your preferred timings for call back and our team will get back to you soon.  Appreciate your understanding. ^GD,Thu Nov 30 11:36:46 +0000 2017,131812,AmazonHelp,1,False,item_quality_issue
69821,69804,@AmazonHelp No mail received,No mail received,69805,@131812 You might have received an email from Social Media team here: https://t.co/8DAc10S7ww. Kindly reply to it with the preferable timings for a call back and we'll reach out to you accordingly. ^RB,Thu Nov 30 12:05:04 +0000 2017,131812,AmazonHelp,1,False,other
69821,69806,@AmazonHelp Taking customer for ride ! I need a original product not refund!,Taking customer for ride ! I need a original product not refund!,69808,@131812 You can check for our correspondence here : https://t.co/DTSNmGldJf. Do check with the same and kindly write back. We'll work on it accordingly. Appreciate your cooperation here. ^CB,Thu Nov 30 13:13:29 +0000 2017,131812,AmazonHelp,1,False,refund_return
69821,69809,"@AmazonHelp You're customer service I spoke just now , they can't solve my problem. They don't have power","You're customer service I spoke just now , they can't solve my problem. They don't have power",69810,"@131812 We've responded to you. Please check for our email from social media team. In case, you need more assistance, please reach out to us bu replying to it. ^HS",Thu Nov 30 13:32:05 +0000 2017,131812,AmazonHelp,1,False,service_complaint
69821,69811,@AmazonHelp I have not received any mail s from your end. My mail I'd is __email__,I have not received any mail s from your end. My mail I'd is __email__,69812,"@131812 We have sent you mail correspondence to your registered e-mail address; you may check this here: https://t.co/8DAc10S7ww. Also, please don't provide your order details, we consider it to be personal information. Our page is visible to the public. ^VH",Thu Nov 30 14:04:45 +0000 2017,131812,AmazonHelp,1,False,other
69821,69813,@AmazonHelp I wrote mail back ! I understand you want cheat Indian customer and you don't want solve the problem. Till I get my product I won't stop tweeting. Worst experience in the world- Amazon,I wrote mail back ! I understand you want cheat Indian customer and you don't want solve the problem. Till I get my product I won't stop tweeting. Worst experience in the world- Amazon,69814,@131812 We value your time and make sure to resolve this at the earliest. Appreciate your patience. ^MN,Thu Nov 30 14:38:25 +0000 2017,131812,AmazonHelp,1,False,service_complaint
69821,69815,@AmazonHelp I have received enquiry from media agencies on seriousness of Amazon scam in India. If you're failing to resolve the issues I will handling them all the details.,I have received enquiry from media agencies on seriousness of Amazon scam in India. If you're failing to resolve the issues I will handling them all the details.,69816,@131812 We are working on it and we will get back to you soon with an update. We appreciate your patience. ^MD,Thu Nov 30 15:10:07 +0000 2017,131812,AmazonHelp,1,False,other
69821,69819,@AmazonHelp You're customer experience team is not solving The problem. They Said they have no solution. I am preparing video for YouTube/ Facebook/ instagram . If I don't get replacement I will create awareness on weekends to entire India,You're customer experience team is not solving The problem. They Said they have no solution. I am preparing video for YouTube/ Facebook/ instagram . If I don't get replacement I will create awareness on weekends to entire India,69818,@131812 I'm sorry to know that the resolution provided wasn't as you expected. Kindly respond to the email sent to you by the Social Media team and we'll take this up further. Appreciate your understanding. ^EM,Thu Nov 30 07:33:24 +0000 2017,131812,AmazonHelp,1,False,refund_return
69821,69821,Amazon offering Fake Discounts #Fake Bose Products in India #lets uninstall Amazon from India #Daylight robbery by #@AmazonHelp #@115850 #JeffBezos #Amazon India is Cheating Customer#,Amazon offering Fake Discounts #Fake Bose Products in India #lets uninstall Amazon from India #Daylight robbery by # # #JeffBezos #Amazon India is Cheating Customer#,69820,@131812 We have already responded to your query here: https://t.co/SqHpT4ssCu. Kindly proceed further to get this sorted. ^SC,Thu Nov 30 06:41:47 +0000 2017,131812,AmazonHelp,1,False,other
69847,69847,@AmazonHelp hi an item i orderd says it cannot be delivered and i am to contact amazon for assistance?,hi an item i orderd says it cannot be delivered and i am to contact amazon for assistance?,69845,"@131816 Hi Ricky, can you contact us here: https://t.co/oGDklGgbCZ so that we can assist you further with your order?^PJ",Thu Nov 30 09:33:22 +0000 2017,131816,AmazonHelp,1,False,delivery_order_status
69858,69857,@AmazonHelp Gestionado por amazon,Gestionado por amazon,69859,"@131818 Vale, ¿Podrías indicarnos además la fecha estimada de entrega para este pedido? ^DQ.",Thu Nov 30 09:58:47 +0000 2017,131818,AmazonHelp,1,False,other
69858,69858,@116928 tengo un problema con un envio. Correos me dice que no lo tienen pero la pagina de amazon si pone que ha llegado al transportista gracias,tengo un problema con un envio. Correos me dice que no lo tienen pero la pagina de amazon si pone que ha llegado al transportista gracias,69856,"@131818 Hola Alejandro, lamentamos lo sucedido. ¿Tu pedido fue gestionado por Amazon o por un vendedor externo? ^AV",Thu Nov 30 09:33:05 +0000 2017,131818,AmazonHelp,1,False,other
69858,69860,@AmazonHelp Supuestamente me llegaba ayer porque pague un poco mas para que llegara ayer pero resulta que se ha retrasado y correos que es el transportista dicen que todavia no lo tienen cuando rn amazon ponr q si,Supuestamente me llegaba ayer porque pague un poco mas para que llegara ayer pero resulta que se ha retrasado y correos que es el transportista dicen que todavia no lo tienen cuando rn amazon ponr q si,69861,"@131818 Gracias por la información Alejandro, en este caso lo recomendable es contactar con el Equipo de Servicio al Cliente para mas ayuda por medio del siguiente enlace: https://t.co/3VUNgKvI9r ^FZ",Thu Nov 30 10:03:51 +0000 2017,131818,AmazonHelp,1,False,other
69868,69863,@AmazonHelp Ok...actually in my product how we can creat SKU code that is the problem. if sombody can guid that will be nice.,Ok...actually in my product how we can creat SKU code that is the problem. if sombody can guid that will be nice.,69865,@131819 Let me help you here. Please connect with our seller support team here: https://t.co/hITbmQzz2y and they will be happy to check it out for you. ^AR,Thu Nov 30 09:38:15 +0000 2017,131819,AmazonHelp,1,False,other
69868,69864,@115850 We are trying to contactAmezon people bz we want to join Amezon as business partner but we r not finding relevant phone no,We are trying to contactAmezon people bz we want to join Amezon as business partner but we r not finding relevant phone no,69862,@131819 You may connect with our support team here: https://t.co/2t6DQoUmNZ Keep us posted!  ^RW,Thu Nov 30 09:16:40 +0000 2017,131819,AmazonHelp,1,False,other
69868,69866,@AmazonHelp Amezon people have made uploading of product so difficult that one problem is solvef....then another problem ready,Amezon people have made uploading of product so difficult that one problem is solvef....then another problem ready,69867,@131819 You can share all Seller related queries via the link shared above. Seller Support team will be happy to help you. ^CB,Sat Dec 02 17:39:53 +0000 2017,131819,AmazonHelp,1,False,other
69933,69887,@AmazonHelp Since yesterday you guys are telling that you’ll get back instantly. Lost all hopes!,Since yesterday you guys are telling that you’ll get back instantly. Lost all hopes!,69889,"@131820 Apologies for the stretch, Akshay. I'd like to inform you that we are working on your concern and we'll reach out to you with an update soon. Appreciate your understanding. ^VH",Thu Nov 30 12:14:09 +0000 2017,131820,AmazonHelp,1,False,other
69933,69888,@AmazonHelp When? It’s already more then 72hours! :(,When? It’s already more then 72hours! :(,69886,"@131820 Apologies for the delay. Our team is working on it, we'll get back to you with an update at the earliest.  ^SC",Thu Nov 30 08:57:21 +0000 2017,131820,AmazonHelp,1,False,other
69933,69890,@AmazonHelp All the winners have already done with everything. Till when i’m gonna get a solution? You guys promised for the resolution yesterday.,All the winners have already done with everything. Till when i’m gonna get a solution? You guys promised for the resolution yesterday.,69891,"@131820 We've raised this with the concerned team and are awaiting an update. Meanwhile, feel free to revert to our correspondence for any concerns. ^YP",Thu Nov 30 13:42:12 +0000 2017,131820,AmazonHelp,1,False,other
69933,69892,@AmazonHelp It’s been 5 days &amp; there in no revert :(,It’s been 5 days &amp; there in no revert :(,69893,"@131820 I understand that waiting can be tiresome. As informed earlier, kindly revert to an email sent to you by the Social Media team and we'll get back to you with an update at the earliest. Appreciate your patience and understanding.^EM",Fri Dec 01 08:19:34 +0000 2017,131820,AmazonHelp,1,False,other
69933,69894,@AmazonHelp I haven’t received anything from the Social Media team.,I haven’t received anything from the Social Media team.,69897,@131820 That's strange. Have you checked for the same here https://t.co/izfetVPdJ7? ^VM,Fri Dec 01 08:46:37 +0000 2017,131820,AmazonHelp,1,False,other
69933,69895,@AmazonHelp @115850 @119625 No solution yet. Disappointed!😔😣 https://t.co/2EaOYwTQMj,No solution yet. Disappointed!😔😣,69899,@131820 We've sent a correspondence to your registered email address. Kindly check for the same. ^AP,Sat Dec 02 11:17:45 +0000 2017,131820,AmazonHelp,1,False,other
69933,69900,@AmazonHelp I haven’t got any reply yet!,I haven’t got any reply yet!,69901,@131820 Please check for a correspondence from social media team here: https://t.co/fYrzNInVt2. ^AP,Sat Dec 02 11:32:03 +0000 2017,131820,AmazonHelp,1,False,other
69933,69902,"@AmazonHelp It’s not there. Should i send you the screenshot via DM? Also, can you guys call &amp; resolve? Thanks!","It’s not there. Should i send you the screenshot via DM? Also, can you guys call &amp; resolve? Thanks!",69903,"@131820 We are positive that we have sent a correspondence to your registered email ID. please check and reply to the same, we will help you. ^AH",Sat Dec 02 12:15:16 +0000 2017,131820,AmazonHelp,1,False,other
69933,69905,@AmazonHelp Sending in the screenshot via DM. Please check!,Sending in the screenshot via DM. Please check!,69906,"@131820 I understand that you haven't received the correspondence, please share your details here https://t.co/GIJyeYqKE0 and we would get back to you. 
Please don't provide your order details, as we consider it to be personal information. Our Twitter page is public.​ ^MD",Sat Dec 02 12:44:54 +0000 2017,131820,AmazonHelp,1,False,other
69933,69908,@AmazonHelp Good Morning! I’ve shared it again &amp; there is no respond.,Good Morning! I’ve shared it again &amp; there is no respond.,69909,@131820 We've sent you a correspondence to your registered email ID. Kindly check it here: https://t.co/8DAc10S7ww ^EM,Sun Dec 03 03:17:44 +0000 2017,131820,AmazonHelp,1,False,other
69933,69910,@AmazonHelp I’ve sent in the reply.,I’ve sent in the reply.,69911,@131820 Kindly wait for an update from our team soon. ^VM,Sun Dec 03 03:46:50 +0000 2017,131820,AmazonHelp,1,False,other
69933,69913,@AmazonHelp No update till now! :(,No update till now! :(,69912,@131820 I understand this is taking longer than expected. Kindly stay tuned for our team to reach out to you soon with an update. ^VM,Thu Nov 30 07:09:07 +0000 2017,131820,AmazonHelp,1,False,other
69933,69915,@AmazonHelp Sure. I loved the positive reply! :),Sure. I loved the positive reply! :),69914,@131820 You're most welcome. We'll connect with you soon to get this resolved. ^CB,Wed Nov 29 14:01:54 +0000 2017,131820,AmazonHelp,1,False,other
69933,69917,@AmazonHelp I’ve sent the details again. https://t.co/Mh9NwpvGNy,I’ve sent the details again.,69916,@131820 Thanks a bunch for sharing your details. We shall reach out to you at the earliest to make things right. ^CB,Wed Nov 29 13:46:58 +0000 2017,131820,AmazonHelp,1,False,other
69933,69920,@AmazonHelp A call back would be preferable!,A call back would be preferable!,69918,"@131820 Sure! Once we receive your email, we'll contact you right away. Appreciate your patience. ^HS",Wed Nov 29 12:50:01 +0000 2017,131820,AmazonHelp,1,False,other
69933,69922,@AmazonHelp Done. I really expect to get the solution by midnight. Thank you! :),Done. I really expect to get the solution by midnight. Thank you! :),69921,@131820 Thank you for sharing your details. Be assured that we will get in touch with you at the earliest. ^BV,Wed Nov 29 12:40:53 +0000 2017,131820,AmazonHelp,1,False,other
69933,69924,@AmazonHelp I’m asked again &amp; again to wait for 24-48 hours. Already 48hours are over!,I’m asked again &amp; again to wait for 24-48 hours. Already 48hours are over!,69923,"@131820 Sorry for the stretch, Akshay. Kindly write back to the email you have received here: https://t.co/DTSNmGldJf and we'll get back to you soon with an appropriate resolution. ^SY",Wed Nov 29 11:58:20 +0000 2017,131820,AmazonHelp,1,False,other
69933,69926,@AmazonHelp There’s no update from your side. Didn’t expected such things from @115850 &amp; @119625!,There’s no update from your side. Didn’t expected such things from &amp; !,69925,@131820 You must have received a correspondence from our team. Kindly check the same here: https://t.co/ubzNHWZvL2 ^SG,Wed Nov 29 11:35:35 +0000 2017,131820,AmazonHelp,1,False,other
69933,69929,@AmazonHelp Being a loyal customer of @115850! Expecting a positive reply on this. Thank you!,Being a loyal customer of ! Expecting a positive reply on this. Thank you!,69927,"@131820 As you've shared your details, we'll check and get back to you soon, Akshay. ^RI",Tue Nov 28 11:00:55 +0000 2017,131820,AmazonHelp,1,False,other
69933,69933,"@119625 Hi, can you please check your DM? :)","Hi, can you please check your DM? :)",69932,@131820 Apologies that the DM was left unanswered. Kindly drop in the details on the secured link here https://t.co/beaaDm0muc we would check on it and connect with you. ^KK,Tue Nov 28 10:25:39 +0000 2017,131820,AmazonHelp,1,False,other
69935,69935,"@115830 I get things delivered to work but your guys often deliver after hours (registered business address). Had a call from the neighbour this morning, my things had been left in his front garden. They'd not seen a courier and I had no card! Could've been rained on or nicked!","I get things delivered to work but your guys often deliver after hours (registered business address). Had a call from the neighbour this morning, my things had been left in his front garden. They'd not seen a courier and I had no card! Could've been rained on or nicked!",69934,"@131821 I'm sorry to hear this, Mat. Can you contact us so we can look into this further? You can reach us here: https://t.co/oGDklFYAep. ^PJ",Thu Nov 30 09:31:48 +0000 2017,131821,AmazonHelp,1,False,delivery_order_status
69940,69939,"@AmazonHelp All sorted now, a replacement has been sorted. Thanks","All sorted now, a replacement has been sorted. Thanks",69941,@131823 Glad to hear it! 👍 If you need anything else then please don't hesitate to let us know! ^KI,Thu Nov 30 10:17:16 +0000 2017,131823,AmazonHelp,1,False,refund_return
69940,69940,@AmazonHelp what’s going on? Joke this! https://t.co/85TZcojd0R,what’s going on? Joke this!,69938,"@131823 Sorry to see that, Sean. Can I ask if you contacted us via the link provided in the email?^TI",Thu Nov 30 09:30:45 +0000 2017,131823,AmazonHelp,1,False,other
69944,69943,@AmazonHelp I purchased from Amazon.fr. But I live in Luxembourg.,I purchased from Amazon.fr. But I live in Luxembourg.,69945,@131824 Please reach our CS using this link :  https://t.co/hgIrz98cdI,Thu Nov 30 12:49:32 +0000 2017,131824,AmazonHelp,1,False,other
69944,69944,"Hi @AmazonHelp my order has been delayed twice ❗️And when I tried to call your client service, they wanted to transfer my call to Amazon India (whereas I am in Luxembourg !). Any help ?","Hi my order has been delayed twice ❗️And when I tried to call your client service, they wanted to transfer my call to Amazon India (whereas I am in Luxembourg !). Any help ?",69942,"@131824 Sorry to hear about the confusion, Charles. What domain did you purchase the order from https://t.co/ykTUEmdsQA, .com., .fr etc?^SM",Thu Nov 30 08:57:07 +0000 2017,131824,AmazonHelp,1,False,delivery_order_status
69949,69949,"@115850 It's been 24 hours since I ordered on Amazon but the product is not yet dispatched. Estimated delivery is  5 Dec, can I surely get it by the time.","It's been 24 hours since I ordered on Amazon but the product is not yet dispatched. Estimated delivery is 5 Dec, can I surely get it by the time.",69948,"@131825 I understand your concern regarding the delivery of your order. However, our products are shipped on time so that they can reach you by the estimated delivery date (EDD). I request you to please wait until the EDD and the product would be delivered to you. ^AH",Thu Nov 30 09:06:55 +0000 2017,131825,AmazonHelp,1,False,delivery_order_status
69952,69951,"@AmazonHelp Yes previously - went through the motions suggested, told to wait for 'the dept that deals', got nowhere except same template response. So simple for @115821 to resolve but won't, &amp; so damn frustrating for us at this critical selling period #poorservice","Yes previously - went through the motions suggested, told to wait for 'the dept that deals', got nowhere except same template response. So simple for to resolve but won't, &amp; so damn frustrating for us at this critical selling period #poorservice",69953,@131826 I'm sorry about this poor experience! We certainly want to assist you with this matter. We'd like to take a closer look into this for you with detailed information from you. Please reach out to us here so that we can further assist you: https://t.co/i7Tkwht3G6 ^GP,Thu Nov 30 17:25:58 +0000 2017,131826,AmazonHelp,1,False,other
69952,69952,"So, we own Past Perfect Music label, the trademark &amp; distrib/manuf. @115821 keep saying ""due to our inability to verify info provided &amp; info re...prior selling history &amp; listings...your (music) listings affected...are inactive"" Why? Loads of our CDs stuck waiting FBA @AmazonHelp","So, we own Past Perfect Music label, the trademark &amp; distrib/manuf. keep saying ""due to our inability to verify info provided &amp; info re...prior selling history &amp; listings...your (music) listings affected...are inactive"" Why? Loads of our CDs stuck waiting FBA",69950,"@131826 Hi, have you had a chance to contact us to assist with this? If so, what did we advise?^PJ",Thu Nov 30 09:23:10 +0000 2017,131826,AmazonHelp,1,False,other
69965,69965,Je suis dans la meme situation... Un casque Razer Kraken c'est pas donné à la base... https://t.co/hGxdA63hsG,Je suis dans la meme situation... Un casque Razer Kraken c'est pas donné à la base...,69963,@131828 Avez-vous contacter notre SAV dans ce sens ? ^AR,Thu Nov 30 09:24:47 +0000 2017,131828,AmazonHelp,1,False,other
69971,69967,"@AmazonHelp customer care calls and gives courier contact and they don't pick up the call. AGAIN. Is this how ""on priority"" works?","customer care calls and gives courier contact and they don't pick up the call. AGAIN. Is this how ""on priority"" works?",69966,"@131829 Apologies for the inconvenience you had with our Courier. We have sent a correspondence to your registered email ID. Please check and reply to the same, we will look into it. ^AH",Thu Nov 30 09:01:52 +0000 2017,131829,AmazonHelp,1,False,delivery_order_status
69971,69969,@AmazonHelp done. Hope someone helps and just doesn't give us false promises this time🙄,done. Hope someone helps and just doesn't give us false promises this time🙄,69968,@131829 Thanks for sharing your details. We'll check and get in touch with you with an update at the earliest. Appreciate your patience until then. ^HS,Wed Nov 29 14:47:12 +0000 2017,131829,AmazonHelp,1,False,other
69971,69971,@AmazonHelp @115850 delivered my prepaid order of Rs 2000 to a different address. That's not it delivered the wrong item too. Check DM.,delivered my prepaid order of Rs 2000 to a different address. That's not it delivered the wrong item too. Check DM.,69970,@131829 We'd like to check this for you. Kindly share your details here: https://t.co/GIJyeYqKE0 and I'll look into this. ^SG,Wed Nov 29 14:19:48 +0000 2017,131829,AmazonHelp,1,False,item_quality_issue
71038,71038,デッキ2号のリモコンが壊れたので昨日アマゾンで頼んだらもう来たわー早いわー,デッキ2号のリモコンが壊れたので昨日アマゾンで頼んだらもう来たわー早いわー,71037,@131955 早いお届けが出来て良かったです( *´艸｀) Amazonをご利用いただきありがとうございました！ EK,Thu Nov 23 07:07:28 +0000 2017,131955,AmazonHelp,1,True,other
71065,71049,@AmazonHelp 最近ポチりたい商品・・・うーん色々ありすぎてほしい物リストには登録してありますが、今一番ですとAnkerのBluetoothイヤホンですかね〜それとFire HD 10ですかね₍₍ (ง ˙ω˙)ว ⁾⁾,最近ポチりたい商品・・・うーん色々ありすぎてほしい物リストには登録してありますが、今一番ですとAnkerのBluetoothイヤホンですかね〜それとFire HD 10ですかね₍₍ (ง ˙ω˙)ว ⁾⁾,71047,@131959 お知らせいただきありがとうございます！ほしいものリストも活用いただけているようで嬉しいです✨ シエル様の御眼鏡に適うか分かりませんが、Amazonから感謝の気持ちを込めてプレゼントをお贈りさせて頂けませんか？よろしければこちらのURLよりご連絡下さい😊 https://t.co/OAo74ew7YY EK,Thu Nov 23 06:33:26 +0000 2017,131959,AmazonHelp,1,False,other
71065,71061,"@AmazonHelp (´°̥̥̥̥̥̥̥̥ω°̥̥̥̥̥̥̥̥｀)日本語専門のAmazon helpあれば・・・！！

そんな事よりご丁寧にありがとうございます、まさかここまで丁寧だと恐縮です꒰꒪꒫꒪⌯꒱",(´°̥̥̥̥̥̥̥̥ω°̥̥̥̥̥̥̥̥｀)日本語専門のAmazon helpあれば・・・！！ そんな事よりご丁寧にありがとうございます、まさかここまで丁寧だと恐縮です꒰꒪꒫꒪⌯꒱,71060,"@131959 こちらこそです！ツイート相手をしていただき、恐縮でございます。
(日本語でつぶやいていただけば、日本語しかできない者が対応させていただきます…)O o｡.(´-`*) RI",Thu Nov 23 05:19:06 +0000 2017,131959,AmazonHelp,1,False,other
71065,71065,Amazonプライム・ビデオでTopGear全エピソードを振り返って見てるマン,Amazonプライム・ビデオでTopGear全エピソードを振り返って見てるマン,71064,@131959 ご堪能下さいませ( ´艸｀) ｳﾌﾌ ET,Thu Nov 23 04:47:19 +0000 2017,131959,AmazonHelp,1,False,other
71826,71823,@AmazonHelp Make sure it gets delivered today. It has been in my city since yesterday early morning. I’m sure it can be done unless you would rather chose to make a fool out of your customers,Make sure it gets delivered today. It has been in my city since yesterday early morning. I’m sure it can be done unless you would rather chose to make a fool out of your customers,71825,"@130691 I see that you're concerned about the delivery of your order. As informed earlier, we're working on it and we'll get this issue resolved at the earliest. ^BV",Thu Nov 30 10:31:45 +0000 2017,130691,AmazonHelp,1,False,delivery_order_status
71826,71824,@AmazonHelp Are you still appreciating my patience as it’s about to run out. I haven’t received any sort of communication so far. It was supposed to be a friend’s birthday gift which you’ve effectively ruined.,Are you still appreciating my patience as it’s about to run out. I haven’t received any sort of communication so far. It was supposed to be a friend’s birthday gift which you’ve effectively ruined.,71822,@130691 We value your time and don't intend to keep you waiting. Our team is working on the issue and will connect with you soon. ^CB,Thu Nov 30 10:18:59 +0000 2017,130691,AmazonHelp,1,False,other
71830,71830,@115850 performance seller support is not working well. Please do not trouble your sellers if they wanted to understand the proceeding activities.,performance seller support is not working well. Please do not trouble your sellers if they wanted to understand the proceeding activities.,71829,"@132118 Apologies for any trouble with our seller support team, Kiran. Please fill out this form: https://t.co/GIJyeYqKE0 and we'll do the needful. ^RI",Thu Nov 30 09:57:10 +0000 2017,132118,AmazonHelp,1,False,seller_marketplace
71834,71832,@AmazonHelp UPS website says delayed due to unexpected circumstances. Not very helpful.,UPS website says delayed due to unexpected circumstances. Not very helpful.,71831,@132119 I'm sorry about the delay and lack of information. Usually these delays are resolved very quickly and your order could still reach today. Let us know if there are no further updates. ^MI,Thu Nov 30 10:20:11 +0000 2017,132119,AmazonHelp,1,False,delivery_order_status
71834,71834,"@115817 the Amazon package I'm waiting for is at the local delivery hub, ,supposed to be delivered today. Notified of a carrier delay, and delivery will be rescheduled. Whhaatis a carrier delay?","the Amazon package I'm waiting for is at the local delivery hub, ,supposed to be delivered today. Notified of a carrier delay, and delivery will be rescheduled. Whhaatis a carrier delay?",71833,@132119 Carrier delays can be caused by different factors. Is there any further information on the carriers own website tracking? ^MI,Thu Nov 30 10:13:01 +0000 2017,132119,AmazonHelp,1,False,delivery_order_status
71845,71841,@AmazonHelp Ok thank you all done and sent.,Ok thank you all done and sent.,71840,"@132121 Great, please keep us informed about this!^PJ",Thu Nov 30 10:21:41 +0000 2017,132121,AmazonHelp,1,False,other
71845,71843,@AmazonHelp I’ve already done this and changed my password and it still won’t log me in 🤷🏼‍♀️,I’ve already done this and changed my password and it still won’t log me in 🤷🏼‍♀️,71842,@132121 Sorry to hear this. Please reach out to us here: https://t.co/zYVX1Qi29G so we can look into this for you.^ES,Thu Nov 30 10:13:25 +0000 2017,132121,AmazonHelp,1,False,account_access
71845,71845,"@115830 been trying to login to my account to place an order, but it won’t let me! What’s going on?! #Irritating","been trying to login to my account to place an order, but it won’t let me! What’s going on?! #Irritating",71844,"@132121 Hi Zoe, have you checked to make sure your username and password are correct? You could always try to choose the ""forgot username/password"" option and follow the instructions from there. ^HS",Thu Nov 30 10:06:44 +0000 2017,132121,AmazonHelp,1,False,account_access
71851,71851,@115830 let’s see if your delivery driver actually deliver today. Yesterday he turned up at my office walked into reception and walked straight back out again for me to get an ‘attempted delivery’. For that effort... just deliver the package! #pointless,let’s see if your delivery driver actually deliver today. Yesterday he turned up at my office walked into reception and walked straight back out again for me to get an ‘attempted delivery’. For that effort... just deliver the package! #pointless,71850,@132123 Sorry to hear you did not receive your order yesterday. Let us know if you have any issues with delivery today.^ES,Thu Nov 30 10:18:33 +0000 2017,132123,AmazonHelp,1,False,delivery_order_status
71854,71853,"@AmazonHelp Les he llamado varias veces y les he mandado mensajes, pero no he conseguido ponerme en contacto","Les he llamado varias veces y les he mandado mensajes, pero no he conseguido ponerme en contacto",71855,"@132124 En este caso por favor verifica cual es la transportadora que envió tu pedido, y entra en contacto con ellos, en el siguiente enlace aparecerá el numero de la transportadora: https://t.co/meqnr4QIaC. ^NP",Thu Nov 30 10:26:19 +0000 2017,132124,AmazonHelp,1,False,other
71854,71854,"@AmazonHelp Buenos días, he realizado un pedido que según vuestra página ya ha sido entregado a un DNI que conozco, pero a mi casa no ha llegado nada. Gracias!","Buenos días, he realizado un pedido que según vuestra página ya ha sido entregado a un DNI que conozco, pero a mi casa no ha llegado nada. Gracias!",71852,@132124 ¡Hola Manuel! Siento mucho el inconveniente. ¿Necesitamos saber si ya entraste en contacto con la transportadora? ^NP,Thu Nov 30 10:17:12 +0000 2017,132124,AmazonHelp,1,False,other
71878,71877,"@AmazonHelp Genau, ""Originals"" wie ""The Grand Tour"". Super, dann kann ich bequem reisen :)
Danke!","Genau, ""Originals"" wie ""The Grand Tour"". Super, dann kann ich bequem reisen :) Danke!",71879,@132126 Sehr gerne :) Viel Spaß beim Reisen! ^AM,Thu Nov 30 11:08:04 +0000 2017,132126,AmazonHelp,1,False,other
71878,71878,@116316 ich muss in Dezember in Spanien bleiben. Wird  mein Prime Video DE auch mit eine spanischer Internet verbindung  funktionieren? Und die Fire TV stick? Danke!,ich muss in Dezember in Spanien bleiben. Wird mein Prime Video DE auch mit eine spanischer Internet verbindung funktionieren? Und die Fire TV stick? Danke!,71876,"@132126 Prime Video-Titel stehen aus lizenzrechtlichen Gründen nur innerhalb Deutschlands und Österreichs zur Verfügung. Die einzige Ausnahme hierzu bilden die Amazon Originals-Titel, die auch im Ausland gestreamt und heruntergeladen werden können: https://t.co/QIt8HZVhSv ^KM",Thu Nov 30 10:18:11 +0000 2017,132126,AmazonHelp,1,False,device_digital_content
71885,71881,@AmazonHelp Is there an email I can write to later?,Is there an email I can write to later?,71883,@132127 Certainly you can email through our contact us pages here:  https://t.co/JzP7hlA23B. ^MI,Thu Nov 30 10:26:00 +0000 2017,132127,AmazonHelp,1,False,other
71885,71882,"@AmazonHelp Too long to write but when I called it was more of a friendly inquiry and when I hung up I was downright confused, angered and don't know if or when my order will arrive at this point. Horrible call.","Too long to write but when I called it was more of a friendly inquiry and when I hung up I was downright confused, angered and don't know if or when my order will arrive at this point. Horrible call.",71880,@132127 I am very sorry to hear that. Is your current parcel delayed ? Have you been provided with any new tracking information ?  ^CR,Thu Nov 30 10:19:19 +0000 2017,132127,AmazonHelp,1,False,delivery_order_status
71885,71885,Very disappointed with @115821 customer service. Terrible experience. The call just got worse and worse.  #AmazonPrime @AmazonHelp,Very disappointed with customer service. Terrible experience. The call just got worse and worse. #AmazonPrime,71884,"@132127 I  apologise for the bad experience.We would love to help you out with this, but can you just give us a bit more info first. Thank you.^SM",Thu Nov 30 10:00:57 +0000 2017,132127,AmazonHelp,1,False,service_complaint
71888,71888,@AmazonHelp J'ai acheté un casque bose quiet comfort 35 headphones à 320€ et j'ai reçu des écouteurs beats x à 119.99€... HELP !!!,J'ai acheté un casque bose quiet comfort 35 headphones à 320€ et j'ai reçu des écouteurs beats x à 119.99€... HELP !!!,71886,"@132128 Bonjour, j'en suis navré. Veuillez joindre notre SAV via le lien suivant :  https://t.co/hgIrz98cdI",Thu Nov 30 10:08:25 +0000 2017,132128,AmazonHelp,1,False,other
71890,71890,Bonjour @120533 je voudrais savoir si un jour vous comptez mettre comme moyen de paiement la carte Maestro ? Merci beaucoup,Bonjour je voudrais savoir si un jour vous comptez mettre comme moyen de paiement la carte Maestro ? Merci beaucoup,71889,"@132129 Bonjour, je vous remercie pour votre suggestion, nous ne manquerons pas de remonter cela. Pour le moment les moyens de paiements acceptés sur notre site sont disponible sur la page suivante : https://t.co/AAffAeIkaw
^ARC",Thu Nov 30 10:06:16 +0000 2017,132129,AmazonHelp,1,False,other
71903,71903,"@115821 very bad Couriar service.
you make fake promise guarantee for delivery.
your call centre executive not give right information.
your company make fake promise.
All are talk rudely. 
My order No. # 171-0728961-5293153",very bad Couriar service. you make fake promise guarantee for delivery. your call centre executive not give right information. your company make fake promise. All are talk rudely. My order No. # 171-0728961-5293153,71902,"@132131 Also, please don't provide your order details, we consider it to be personal info. Our page is visible to the public. (2/2)^SF",Thu Nov 30 10:06:32 +0000 2017,132131,AmazonHelp,2,False,delivery_order_status
71907,71906,@116618 When you will upload jailavakusa movie in Amazon prime,When you will upload jailavakusa movie in Amazon prime,71905,@132132 We do not have an announcement yet. Kindly stay tuned for an update. ^BV,Thu Nov 30 09:58:48 +0000 2017,132132,AmazonHelp,1,False,other
71912,71910,"@AmazonHelp Hola. vendedor externo.

Vendedor: LVWIT LIGHTING",Hola. vendedor externo. Vendedor: LVWIT LIGHTING,71908,"@132133 En este caso Fran, te recomiendo entrar en contacto con el vendedor para verificar tus opciones. Puedes hacerlo siguiendo estos pasos:https://t.co/S1trPRq4Rk ^VL",Thu Nov 30 10:15:30 +0000 2017,132133,AmazonHelp,1,False,other
71912,71912,Hola @116928 ¿Qué puedo hacer si una pieza de mi último pedido no funciona? Gracias,Hola ¿Qué puedo hacer si una pieza de mi último pedido no funciona? Gracias,71911,"@132133 Hola Fran, lamentamos el inconveniente. ¿Podrías comentarnos si el producto fue vendido y enviado por Amazon o bien por un vendedor externo? ^FZ",Thu Nov 30 10:09:08 +0000 2017,132133,AmazonHelp,1,False,other
71919,71919,あれそういえばアマゾン今日も届かない感じ？予定日過ぎてんだけどなぁ悲しゅうございますなぁ,あれそういえばアマゾン今日も届かない感じ？予定日過ぎてんだけどなぁ悲しゅうございますなぁ,71918,@129715 お届け予定日を過ぎても商品が未着の場合、状況をお調べしますのでURLよりお問い合わせください。Amazonが発送する場合：https://t.co/J6YEizo6qC 出品者が発送する場合：https://t.co/ZXCXcbN3Tv EK,Thu Nov 30 10:08:46 +0000 2017,129715,AmazonHelp,1,True,other
71921,71921,昨日の夜ポチったのが帰ったら届いてた！ありがとうAmazon！ #prfm https://t.co/dp7M3bjl2C,昨日の夜ポチったのが帰ったら届いてた！ありがとうAmazon！ #prfm,71920,@132135 Amazonをご利用いただきありがとうございました😁 無事到着して良かったです🎶 EK,Thu Nov 30 10:08:45 +0000 2017,132135,AmazonHelp,1,False,other
71923,71923,Fam these amazon drivers don't even wait for me to bus the door. They leave my shit on the floor n cut asap wth?,Fam these amazon drivers don't even wait for me to bus the door. They leave my shit on the floor n cut asap wth?,71922,@132136 I'm sorry to hear of this. Do you have any noted safe place locations for delivery in cases where you don't get to the door quickly? ^KI,Thu Nov 30 10:10:53 +0000 2017,132136,AmazonHelp,1,False,delivery_order_status
71930,71930,@AmazonHelp wusstet ihr das schon? https://t.co/AZl1Ipuuhx,wusstet ihr das schon?,71929,@132139 Klaro. Steht doch da: https://t.co/m3wGV9IrmT  :D ^DW,Thu Nov 30 10:00:06 +0000 2017,132139,AmazonHelp,1,False,other
71940,71939,@115850 Still it's pending @AmazonHelp,Still it's pending,71938,@132141 We can apprehend to the connected excitement. We will burst the bubble soon and  personally notify the winners. Wishing you all the luck. ^CB,Thu Nov 30 10:06:01 +0000 2017,132141,AmazonHelp,1,False,other
71943,71943,@115830 Hello again I checked on my phone and it says ordered November 2017 which is correct so now u will be able to see what has happened to them please.Thank u Jose.M.Taylor,Hello again I checked on my phone and it says ordered November 2017 which is correct so now u will be able to see what has happened to them please.Thank u Jose.M.Taylor,71942,"@131785 Hello Jo, unfortunately we can't see customers account info over twitter. Please can you contact us via this link: https://t.co/JzP7hlA23B. We would like to look into this further for you and to get it resolved! ^JC.",Thu Nov 30 10:03:40 +0000 2017,131785,AmazonHelp,1,False,other
71970,71967,"@AmazonHelp No all update, had to track the package after it never showed up. AMAZON HAD IT being delivered by 8pm","No all update, had to track the package after it never showed up. AMAZON HAD IT being delivered by 8pm",71966,"@132147 I am sorry for the delay, Ray. Your order will be with you soon, please keep us updated if this does not arrive in the specified time.^SM",Thu Nov 30 10:01:00 +0000 2017,132147,AmazonHelp,1,False,delivery_order_status
71970,71970,"@115821 can't deliver prime packages in 2 days,  will take 5 days to get my prime order due to UPS","can't deliver prime packages in 2 days, will take 5 days to get my prime order due to UPS",71968,@132147 So sorry for the trouble! Have you received any e-mail regarding a delay? What does the current tracking indicate for your order? You can find this information here: https://t.co/Y5jpI9gRhE. ^VB,Thu Nov 30 02:53:29 +0000 2017,132147,AmazonHelp,1,False,delivery_order_status
71972,71972,@115850 I am not able to see the video option on my echo dot. Hence not able to link fire TV as well. https://t.co/mkT1mJdk59,I am not able to see the video option on my echo dot. Hence not able to link fire TV as well.,71971,"@132148 In India, Echo doesn't support Fire TV stick, for the time being. Keep checking the Echo page for new devices that will support Alexa. Stay tuned! ^HR",Thu Nov 30 09:36:46 +0000 2017,132148,AmazonHelp,1,False,device_digital_content
71977,71974,"@AmazonHelp Ho segnalato. #BRT dice di essere passato due volte e di non avere trovato nessuno. Peccato che: a) sono uno studio professionale, presidio costante; b) c'è portineria; c) #BRT mi avrà già consegnato QUI 200 pacchi. Assurdo!","Ho segnalato. #BRT dice di essere passato due volte e di non avere trovato nessuno. Peccato che: a) sono uno studio professionale, presidio costante; b) c'è portineria; c) #BRT mi avrà già consegnato QUI 200 pacchi. Assurdo!",71976,@132149 grazie per la risposta. Potrai fornire questo feedback ai colleghi del Servizio Clienti al fine di permetterci di migliorare il servizio offerto. A presto! ^RP,Thu Nov 30 11:09:15 +0000 2017,132149,AmazonHelp,1,False,other
71977,71975,@132150 @120540 Aspetto da lunedì una consegna: che dicono tentata tre volte ma qui da me non si è visto nessuno. Servizio scandaloso. Adesso però magari capisco un pò di più. #BRT,Aspetto da lunedì una consegna: che dicono tentata tre volte ma qui da me non si è visto nessuno. Servizio scandaloso. Adesso però magari capisco un pò di più. #BRT,71973,"@132149 Mi spiace per l'accaduto. Hai segnalato al nostro Servizio Clienti il ritardo? Se non lo hai fatto clicca qui https://t.co/PumEOhM9rG, i colleghi sono a tua disposzione dalle 6 alle 24. ^BC",Thu Nov 30 08:43:15 +0000 2017,132149,AmazonHelp,1,False,other
71980,71979,@AmazonHelp I put something on my wishlist last night for £59.99 (&amp; it's still showing that price atm on my list) click on the actual product &amp; price jumps up to £84.99?,I put something on my wishlist last night for £59.99 (&amp; it's still showing that price atm on my list) click on the actual product &amp; price jumps up to £84.99?,71981,"@132151 Hey Ron, do you have the link to the item on the website? ^RS",Thu Nov 30 10:29:11 +0000 2017,132151,AmazonHelp,1,False,other
71980,71980,Why does @115830 site always show a lower price &amp; when you click on the item it’s at a higher price? Nightmare when trying to buy presents!,Why does site always show a lower price &amp; when you click on the item it’s at a higher price? Nightmare when trying to buy presents!,71978,"@132151 Hi, are you seeing this when you click the ""new from"" section on the product page? ^KI",Thu Nov 30 10:01:50 +0000 2017,132151,AmazonHelp,1,False,other
71980,71982,"@AmazonHelp Sorry! I don't to hand. It's the 'Lego Star Wars The Last Jedi BB-8'. £59.99 on my wishlist, £84.99 when I click on the link.","Sorry! I don't to hand. It's the 'Lego Star Wars The Last Jedi BB-8'. £59.99 on my wishlist, £84.99 when I click on the link.",71983,"@132151 Hi Ron, thanks for confirming. When you click on the item, and the price increases, can you see who the item is sold by? Is it sold by us, or a seller? ^JC.",Thu Nov 30 10:43:11 +0000 2017,132151,AmazonHelp,1,False,other
71980,71984,@AmazonHelp https://t.co/PgHQwAMgrt fulfilled by Amazon.,fulfilled by Amazon.,71985,"@132151 This item is sold by a seller on Amazon, and prices are always fluctuating on the site. We do not set the price on sellers products, this is done directly from them.^SM",Thu Nov 30 10:52:12 +0000 2017,132151,AmazonHelp,1,False,other
71988,71988,"Bonjour @120533, est-ce-que la livraison en France serait possible dans un futur proche pour cette article ? https://t.co/Z3DjH7qePG https://t.co/GYsDilmtZ1","Bonjour , est-ce-que la livraison en France serait possible dans un futur proche pour cette article ?",71986,"@132152 Bonjour, malheureusement, nous ne disposons de cette information en ce moment. ^SB",Thu Nov 30 10:00:25 +0000 2017,132152,AmazonHelp,1,False,other
71993,71991,@AmazonHelp ご丁寧に有難うございます。自動更新の設定は済んでおります。ただ、自分はprimenow地域の拡大を待っていたため、希望とは違うタイミングで開始されたことに対し多大な不満があります。表示遅延で縦ズレの起きるスマホではワンクリックでの開始は控えて欲しかったです,ご丁寧に有難うございます。自動更新の設定は済んでおります。ただ、自分はprimenow地域の拡大を待っていたため、希望とは違うタイミングで開始されたことに対し多大な不満があります。表示遅延で縦ズレの起きるスマホではワンクリックでの開始は控えて欲しかったです,71990,@132154 恐れ入りますが、Amazonプライム無料体験を取り消す事はできかねます。ご希望に添えず申し訳ございません。このたび頂いた貴重なご意見については「お客様の声」として拝受し、改善に努めて参ります。 EK,Thu Nov 30 10:02:20 +0000 2017,132154,AmazonHelp,1,False,other
72009,72008,"@AmazonHelp Thank you for getting back. It's definitely not with a neighbour and it's definitely not been left outside anywhere, there's no note to say they tried to deliver or anything like that.","Thank you for getting back. It's definitely not with a neighbour and it's definitely not been left outside anywhere, there's no note to say they tried to deliver or anything like that.",72010,@132156 Please get in touch with us here: https://t.co/JzP7hlA23B so we can assist you further.^CN,Thu Nov 30 12:13:13 +0000 2017,132156,AmazonHelp,1,False,delivery_order_status
72009,72009,"@AmazonHelp I ordered 4 items last week, and Amazon says they all delivered yesterday, but only 3 items came - the PS4 game didn't. Please advise","I ordered 4 items last week, and Amazon says they all delivered yesterday, but only 3 items came - the PS4 game didn't. Please advise",72007,"@132156 Hi Scarlett, really sorry to hear this! Please check out our help page for when parcels have been marked as delivered, but not received, this will give you all the info you need for the next steps to take: https://t.co/XQBYdYR4no. ^JC",Thu Nov 30 09:57:30 +0000 2017,132156,AmazonHelp,1,False,delivery_order_status
72016,72016,@116875 cuando van a liberar la tercera temporada de el hombre en el castillo?,cuando van a liberar la tercera temporada de el hombre en el castillo?,72015,"@132158 Hola Anthony, esperamos que te encuentres bien. Por el momento no contamos con un anuncio oficial pero te recomendamos estar al tanto de nuestro sitio y redes sociales por cualquier novedad ^AV",Thu Nov 30 09:57:44 +0000 2017,132158,AmazonHelp,1,False,other
72019,72019,"Amazonから届いた〜📦📦💓

今回買ったやつは､
家用掃除機
車用掃除機
車用ダストボックス
車用クッション
ヘッドライトアイラインフィルム
外装LED3点セット！！

うん、結構買っちゃいましたね笑笑 https://t.co/H3Dy46tsR9",Amazonから届いた〜📦📦💓 今回買ったやつは､ 家用掃除機 車用掃除機 車用ダストボックス 車用クッション ヘッドライトアイラインフィルム 外装LED3点セット！！ うん、結構買っちゃいましたね笑笑,72018,@132159 Amazonをご利用いただき、ありがとうございました😄🎶 EK,Thu Nov 30 09:55:15 +0000 2017,132159,AmazonHelp,1,False,other
72021,72021,Thanks again @120474 another stress free ticket purchase this morning.. @132161 tickets in the bag for next July 😁 #LittleMix #amazontickets,Thanks again another stress free ticket purchase this morning.. tickets in the bag for next July 😁 #LittleMix #amazontickets,72020,"@132160 Eeeeeek, we're excited for you! Hope you have a blast! 🎤🎵🎵🎵 ^JC.",Thu Nov 30 09:51:58 +0000 2017,132160,AmazonHelp,1,False,other
72028,72026,"A bulb. 

Great use of packaging there, @115830. Shame the bulb still rattled around inside it. https://t.co/lTGkDOyacA","A bulb. Great use of packaging there, . Shame the bulb still rattled around inside it.",72025,@132163 Oh my! Please leave us some packaging feedback here: https://t.co/rXVDZjID3L so we can improve on future orders! ^MT,Thu Nov 30 20:33:14 +0000 2017,132163,AmazonHelp,1,False,other
72277,72277,"前回「お支払い方法の変更が必要です」ってメッセージが出て更新したら発送日が延長されて今回も来ないから確認したらまた同じ表示
アマゾンふざけんな。もう使わない",前回「お支払い方法の変更が必要です」ってメッセージが出て更新したら発送日が延長されて今回も来ないから確認したらまた同じ表示 アマゾンふざけんな。もう使わない,72276,@132228 クレジットカードをご利用の場合、認証がとれずエラーが起こっている事が考えられます。詳しくはクレジットカード会社にお問合せ下さい。その他のお支払方法の場合には、カスタマーサービスにてお調べしますので、こちらのURLよりからお問合せ下さい。 https://t.co/pAiw00ikbj EK,Thu Nov 23 07:24:02 +0000 2017,132228,AmazonHelp,1,True,other
73414,73402,@AmazonHelp Tranquilos. De momento no hay señal de alarma. El retraso era dentro de lo aceptable.,Tranquilos. De momento no hay señal de alarma. El retraso era dentro de lo aceptable.,73405,"@132418 Lo entendemos Don Ricardo, mantennos al tanto de la entrega de tu pedido. ¡Saludos! ^FZ",Thu Nov 30 11:01:05 +0000 2017,132418,AmazonHelp,1,False,other
73414,73403,@AmazonHelp Pues han pasado dos días desde la nueva fecha de entrega y no me llega una de las cosas que compré.,Pues han pasado dos días desde la nueva fecha de entrega y no me llega una de las cosas que compré.,73406,"@132418 Hola, Don Ricardo. Sin compartir información personal o de tu cuenta, ¿podrías informarnos si el pedido fue gestionado por Amazon o por un vendedor externo? ^NB",Sun Dec 03 02:33:19 +0000 2017,132418,AmazonHelp,1,False,other
73414,73404,"@AmazonHelp Tengo dos pedidos retrasados. No mucho, supongo que me llegarán  entre hoy y mañana, pero es que antes funcionaba como un religión y de los últimos 4 pedidos, 3 se han retrasados.","Tengo dos pedidos retrasados. No mucho, supongo que me llegarán entre hoy y mañana, pero es que antes funcionaba como un religión y de los últimos 4 pedidos, 3 se han retrasados.",73401,@132418 ¡Hola Don Ricardo! Siento mucho el inconveniente. ¿Necesitamos saber si ya entraste en contacto con la transportadora? ^NP,Thu Nov 30 10:54:15 +0000 2017,132418,AmazonHelp,1,False,other
73414,73407,@AmazonHelp Pues no tengo claro dónde conseguir esa información.,Pues no tengo claro dónde conseguir esa información.,73408,"@132418 Don Ricardo esa información la puedes ver en la página web, donde dice “gestionado por'' y también en tus pedidos. ^JL",Sun Dec 03 09:39:29 +0000 2017,132418,AmazonHelp,1,False,other
73414,73409,"@AmazonHelp No es vendido por Amazon, pero es de Amazon Prime.","No es vendido por Amazon, pero es de Amazon Prime.",73410,"@132418 Don Ricardo, en este caso te recomendamos entrar en contacto con nuestros compañeros de servicio al cliente accesando en el siguiente enlace: https://t.co/OjvUxwnzPe. ^AG",Sun Dec 03 09:57:43 +0000 2017,132418,AmazonHelp,1,False,other
73414,73414,"¿Últimamente, está teniendo @116928 bastante problemas con los repartos, no?","¿Últimamente, está teniendo bastante problemas con los repartos, no?",73413,"@132418 Ricardo, lamentamos cualquier inconveniente. ¿Tienes algún pedido pendiente de entrega? ^VL",Thu Nov 30 10:20:37 +0000 2017,132418,AmazonHelp,1,False,other
73417,73416,@AmazonHelp Era il 29 per l'ultimo ordine,Era il 29 per l'ultimo ordine,73418,@132419 Il corriere era Amazon Logistics? ^EA,Thu Nov 30 14:35:36 +0000 2017,132419,AmazonHelp,1,False,other
73417,73417,E comunque da quando @120540 usa il suo corriere non si riesce più ad avere un pacco in 24 ore ...sempre problemi e mail di scuse per il ritardo,E comunque da quando usa il suo corriere non si riesce più ad avere un pacco in 24 ore ...sempre problemi e mail di scuse per il ritardo,73415,"@132419 Ciao Michele, hai riscontrato un ritardo con la consegna di un ordine spedito tramite Amazon Logistics? Qual è la data di consegna prevista, indicata al momento dell'ordine? ^MZ",Thu Nov 30 10:43:51 +0000 2017,132419,AmazonHelp,1,False,other
73417,73419,"@AmazonHelp Si codice tracking BA0104708903         
Oltretutto non aggiornate mai la sezione traccia il mio pacco con questo corriere...per quest'ordine cosi come per altri precedenti",Si codice tracking BA0104708903 Oltretutto non aggiornate mai la sezione traccia il mio pacco con questo corriere...per quest'ordine cosi come per altri precedenti,73420,@132419 Permetti a me e al mio team di verificare l'accaduto. Clicca qui: https://t.co/YqSLjWcfCa ed inserisci i dati richiesti. A presto! ^CS,Thu Nov 30 14:50:18 +0000 2017,132419,AmazonHelp,1,False,delivery_order_status
73423,73422,@AmazonHelp Directly from yourselves!!,Directly from yourselves!!,73424,@132420 Thanks for that information. You can certainly view your return/replacement options here:http:https://t.co/5RcjVPJgUP ^CR,Thu Nov 30 10:58:37 +0000 2017,132420,AmazonHelp,1,False,other
73423,73423,@115830 the state of my parcel from amazon this morning!!!! Disgraceful https://t.co/XVkqCnHYPx,the state of my parcel from amazon this morning!!!! Disgraceful,73421,"@132420 Sorry that your item arrived in that condition, was it sold directly by Amazon or a seller?^CN",Thu Nov 30 10:55:17 +0000 2017,132420,AmazonHelp,1,False,delivery_order_status
73427,73427,"Hi @116316 , I’m a customer from The Netherlands and was wondering if you could send future orders ONLY with PostNL and NEVER with the unreliable DHL?","Hi , I’m a customer from The Netherlands and was wondering if you could send future orders ONLY with PostNL and NEVER with the unreliable DHL?",73425,"@132421 Unfortunately, it is not possible to choose the carrier upfront. If you have any issues with your order, our customer service is always there to help you: https://t.co/24XL9C4y1x ^KM",Thu Nov 30 10:40:37 +0000 2017,132421,AmazonHelp,1,False,other
73437,73437,"@AmazonHelp Bjr, je dois recevoir un colis demain via Amazon logistics. Cependant je ne serai pas chez moi et personne ne pourra le recevoir à ma place. Possible de le recevoir à une autre adresse ? Merci","Bjr, je dois recevoir un colis demain via Amazon logistics. Cependant je ne serai pas chez moi et personne ne pourra le recevoir à ma place. Possible de le recevoir à une autre adresse ? Merci",73436,"@132422 Bonjour, le changement d'adresse prend deux jours ouvrés afin que le colis soit livré. Je vous invite à prendre contact avec notre SAV via le lien suivant :  https://t.co/hgIrz98cdI",Thu Nov 30 10:40:39 +0000 2017,132422,AmazonHelp,1,False,other
73439,73439,"@132424 guten #Tag. Ist diese #Umfrage „Sagen Sie uns Ihre Meinung über Amazon“ von Ihnen, oder eine #Fake #Mail? #Vielen #Dank. Gruß Ralph","guten #Tag. Ist diese #Umfrage „Sagen Sie uns Ihre Meinung über Amazon“ von Ihnen, oder eine #Fake #Mail? #Vielen #Dank. Gruß Ralph",73438,"@132423 Auf folgender Hilfeseite haben wir beschrieben, wie Umfragen von uns aussehen: https://t.co/NSEealKIYX Viele Grüße ^UK",Thu Nov 30 10:42:17 +0000 2017,132423,AmazonHelp,1,False,other
73443,73441,"@AmazonHelp ご丁寧にありがとうございます!
まだ輸送中となっています https://t.co/WDde0ug5nE",ご丁寧にありがとうございます! まだ輸送中となっています,73440,@132425 ご不便をおかけしております。お届け予定日を過ぎても商品が未着の場合、状況をお調べいたしますので発送元をご確認いただきお問い合わせください。 Amazonが発送→ https://t.co/J6YEizo6qC  出品者が発送→ https://t.co/ZXCXcbN3Tv  SM,Thu Nov 30 10:34:44 +0000 2017,132425,AmazonHelp,1,True,other
73443,73443,アマゾンで注文した商品が到着予定日１週間過ぎても来ないんだけどなぜ,アマゾンで注文した商品が到着予定日１週間過ぎても来ないんだけどなぜ,73442,@132425 アマゾンです。ご心配をおかけしております。注文履歴(https://t.co/j1QoJIdEST)の配送状況は配達完了になっておりますでしょうか。ET,Thu Nov 30 10:20:39 +0000 2017,132425,AmazonHelp,1,True,other
73454,73452,@AmazonHelp sí! uno de los gratuitos que están disponibles! Hay un apartado concreto para los libros gratuitos en la tienda Kindle? @117634 Gracias!,sí! uno de los gratuitos que están disponibles! Hay un apartado concreto para los libros gratuitos en la tienda Kindle? Gracias!,73451,"@132427 Sito, actualmente puedes filtrar las búsquedas por precio y ofertas especiales. En el siguiente enlace puedes verlo al lado izquierdo: https://t.co/3H0CbZzSiP  ^FZ",Thu Nov 30 10:44:53 +0000 2017,132427,AmazonHelp,1,False,device_digital_content
73454,73454,Muy contento con mi @117634 comprado en #BlackFriday en @116928 Llegó rápido. Ya lo estoy disfrutando y que bien se lee. Sin ninguna luz se lee de maravilla. Quién le diría al primer hombre que escribió sobre una piedra. https://t.co/YjLxrVfaFq,Muy contento con mi comprado en #BlackFriday en Llegó rápido. Ya lo estoy disfrutando y que bien se lee. Sin ninguna luz se lee de maravilla. Quién le diría al primer hombre que escribió sobre una piedra.,73453,"@132427 ¡Hola, Sito! ¡Bienvenido a la familia Kindle! :D Dime, ¿ya descargaste algún eBook? 🤔 ^CR",Thu Nov 30 00:28:55 +0000 2017,132427,AmazonHelp,1,False,other
73460,73456,"@AmazonHelp I just want to return this, pls raise my concern. Not able to do this from my end. Dont expect anything from my end. If this not done then i will make sure will not buy anymore from @115850","I just want to return this, pls raise my concern. Not able to do this from my end. Dont expect anything from my end. If this not done then i will make sure will not buy anymore from",73458,@132428 We understand your concern regarding the return of your order. Kindly connect with our support team here: https://t.co/rS49hgaADF and we'll assist you accordingly. ^VH,Thu Nov 30 10:57:48 +0000 2017,132428,AmazonHelp,1,False,refund_return
73460,73457,@AmazonHelp This is what it saying. I just want to replace it. https://t.co/XfheBCVuuy,This is what it saying. I just want to replace it.,73455,"@132428 As per the screenshot, the item in picture isn't eligible for return. You can refer to our return policies here : https://t.co/ZcbVGCSREK. Appreciate your understanding here. ^CB",Thu Nov 30 10:35:39 +0000 2017,132428,AmazonHelp,1,False,other
73460,73460,"This is what i received, broken car steering mobile holder from @115821 @AmazonHelp @115850 Order id : 402-4901639-7214711. This was unexpected from such a big brand https://t.co/ZQZ3KYMvZi","This is what i received, broken car steering mobile holder from Order id : 402-4901639-7214711. This was unexpected from such a big brand",73459,"@132428 Sorry to know you've received a faulty product, Prem. You can create a return request here: https://t.co/3yqvLnyTxi. Also, please don't provide your order details, we consider it to be personal information. Our page is visible to the public. ^SY",Thu Nov 30 10:03:56 +0000 2017,132428,AmazonHelp,1,False,item_quality_issue
73466,73462,@AmazonHelp No idea. My app tells me it was delivered.,No idea. My app tells me it was delivered.,73461,"@132429 Sorry about this, we're unable to access your account via Twitter to look further into this for you. Can you contact us here:  https://t.co/JzP7hlA23B so we can take a look? ^MI",Thu Nov 30 10:49:37 +0000 2017,132429,AmazonHelp,1,False,delivery_order_status
73466,73464,@AmazonHelp Hi. I've done that. I've had no delivery card or notification. My neighbours haven't signed for it either. Can you help.,Hi. I've done that. I've had no delivery card or notification. My neighbours haven't signed for it either. Can you help.,73463,@132429 Sorry to hear you haven't receive your order. What time was your order scanned as delivered?^ES,Thu Nov 30 10:43:24 +0000 2017,132429,AmazonHelp,1,False,delivery_order_status
73466,73466,@AmazonHelp good morning. Apparently my package was delivered yesterday.. but I haven't received it. Can you help please?? Thanks,good morning. Apparently my package was delivered yesterday.. but I haven't received it. Can you help please?? Thanks,73465,@132429 Sorry to hear that you haven't received it. This page will give you some handy tips in locating parcels scanned as delivered: https://t.co/L76CBge35P. ^MI,Thu Nov 30 10:36:33 +0000 2017,132429,AmazonHelp,1,False,delivery_order_status
73469,73468,@AmazonHelp Merci beaucoup !,Merci beaucoup !,73470,@132430 A votre service,Thu Nov 30 10:53:57 +0000 2017,132430,AmazonHelp,1,False,other
73469,73469,"Salut @120533, y'aurait il une chance de voir Echo arrivé pour Noel ou début Janvier en FRANCE ???","Salut , y'aurait il une chance de voir Echo arrivé pour Noel ou début Janvier en FRANCE ???",73467,"@132430 Bonjour, bonne question ! Nous n'avons rien encore annoncé, mais votre commentaire sera remonté. Excellente journée.",Thu Nov 30 10:33:17 +0000 2017,132430,AmazonHelp,1,False,other
73483,73483,@116316 once agin let down by your service ! No food for my weekend guests !#amazongermany#unreliable#ineffecient#,once agin let down by your service ! No food for my weekend guests !#amazongermany#unreliable#ineffecient#,73482,@132433 Is your order late? What was the estimated delivery date that you received via email? ^KM,Thu Nov 30 10:39:23 +0000 2017,132433,AmazonHelp,1,False,other
73502,73498,"@AmazonHelp Already dispatched, so not possible. It’s how I saw it’s coming from the US.","Already dispatched, so not possible. It’s how I saw it’s coming from the US.",73500,@132435 We'd like to help with this! Please reach out to us here: https://t.co/JzP7hlA23B ^RO,Thu Nov 30 11:35:35 +0000 2017,132435,AmazonHelp,1,False,delivery_order_status
73502,73499,@AmazonHelp A seller. It wasn’t obvious that they’re in the States when ordering.,A seller. It wasn’t obvious that they’re in the States when ordering.,73497,"@132435 Sorry to hear that. You can contact the seller to see if it's possible to cancel your order, more info on that for you here: https://t.co/lblJ8hPXmg ^TI",Thu Nov 30 10:41:52 +0000 2017,132435,AmazonHelp,1,False,seller_marketplace
73502,73502,"@115830 I ordered from the UK site, now see it is in transit from the States! I purposely ordered from the UK to not get customs charges/additional VAT. What to do when I get charged?","I ordered from the UK site, now see it is in transit from the States! I purposely ordered from the UK to not get customs charges/additional VAT. What to do when I get charged?",73501,"@132435 Hi, was your order fulfilled by us or a seller?^ES",Thu Nov 30 10:37:04 +0000 2017,132435,AmazonHelp,1,False,payment_billing
73508,73504,@AmazonHelp It was scheduled yesterday but got updated this morning.,It was scheduled yesterday but got updated this morning.,73506,@132436 What does the updated tracking on your order say now?^PJ,Thu Nov 30 16:27:40 +0000 2017,132436,AmazonHelp,1,False,other
73508,73505,"@AmazonHelp Hi, after leaving me on D phone on hold 4 over 20 minutes, she dropped the my call &amp; never bothered to return to let me know but insisted my delivery will come by 9pm last night even though I repeated “nobody delivers round here at that time”!! Really upset about her attitude","Hi, after leaving me on D phone on hold 4 over 20 minutes, she dropped the my call &amp; never bothered to return to let me know but insisted my delivery will come by 9pm last night even though I repeated “nobody delivers round here at that time”!! Really upset about her attitude",73503,"@132436 I am sorry to hear about this, Fatima. What day was your order scheduled to be delivered? Has the tracking on your order been updated?^SM",Thu Nov 30 10:35:51 +0000 2017,132436,AmazonHelp,1,False,delivery_order_status
73508,73508,"@115821 @115830 customer@service quality is gone 4m excellent 2 embarrassingly pathetic. U really should keep CS based in d same country, it horrible speaking 2 an almost robotic Manuel reading person! Think I should shop elsewhere from now on. Also left on hold now 15 mins! 😡","customer quality is gone 4m excellent 2 embarrassingly pathetic. U really should keep CS based in d same country, it horrible speaking 2 an almost robotic Manuel reading person! Think I should shop elsewhere from now on. Also left on hold now 15 mins! 😡",73507,@132436 I'm really sorry for the poor experience you had! Were you able to get the issue you called in about resolved? ^AH,Wed Nov 29 20:28:18 +0000 2017,132436,AmazonHelp,1,False,service_complaint
73511,73510,@AmazonHelp We want to add Arabic to all your sites and applications. Can it happen?,We want to add Arabic to all your sites and applications. Can it happen?,73512,@132437 You provide further feedback on this to us directly here: https://t.co/zNI8NNUGbo thank you ^MI,Thu Nov 30 10:57:09 +0000 2017,132437,AmazonHelp,1,False,other
73511,73511,@115821 Why there is no translation of the application in Arabic,Why there is no translation of the application in Arabic,73509,@132437 Sorry to hear that. Can I ask which application you are referring to?^TI,Thu Nov 30 10:37:53 +0000 2017,132437,AmazonHelp,1,False,other
73515,73515,Despite paying for @115830 Prime they still sometimes struggle to deliver within a week!,Despite paying for Prime they still sometimes struggle to deliver within a week!,73514,"@132438 Hi Dominic, are you waiting for orders to be delivered? ^JC.",Thu Nov 30 10:35:06 +0000 2017,132438,AmazonHelp,1,False,delivery_order_status
73518,73517,@AmazonHelp Unfortunately it is not. How do I raise this directly?,Unfortunately it is not. How do I raise this directly?,73519,@132439 You can contact us anytime by going here: https://t.co/JzP7hlA23B ^RB,Thu Nov 30 12:09:36 +0000 2017,132439,AmazonHelp,1,False,other
73518,73518,@115830 do you consider a communal area of a block of flats a safe place to leave a delivery? Especially when I am in the flat all day? Lucky my neighbours are not thieves.,do you consider a communal area of a block of flats a safe place to leave a delivery? Especially when I am in the flat all day? Lucky my neighbours are not thieves.,73516,"@132439 I am sorry to hear this, Alan. Is this the first time this ha happened? If not have you raised this with us directly?^SM",Thu Nov 30 10:34:31 +0000 2017,132439,AmazonHelp,1,False,delivery_order_status
73523,73522,@AmazonHelp Purtroppo ho ordinato il cd dei Negramaro autografato più di un mese fa... Era arrivata la mail che sarebbe arrivato il 22 novembre e poi non si è saputo più nulla... Una mail poi ha detto che non era più disponibile...,Purtroppo ho ordinato il cd dei Negramaro autografato più di un mese fa... Era arrivata la mail che sarebbe arrivato il 22 novembre e poi non si è saputo più nulla... Una mail poi ha detto che non era più disponibile...,73524,@132440 Ti verrà comunicata in seguito la nuova data di consegna? nella email era indicato questo? ^BC,Thu Nov 30 12:29:10 +0000 2017,132440,AmazonHelp,1,False,other
73523,73523,Possibile che nessuno riesca a risolvere il problema dei cd autografati dei @4220 spariti da @120540. Io vorrei avere solo quello che mi spetta!,Possibile che nessuno riesca a risolvere il problema dei cd autografati dei spariti da . Io vorrei avere solo quello che mi spetta!,73520,@132440 Stai riscontrando un ritardo con il tuo ordine? ^BC,Thu Nov 30 10:33:40 +0000 2017,132440,AmazonHelp,1,False,other
73523,73525,@AmazonHelp Purtroppo no... Ma non ho capito perché i cd autografati destinati a chi li aveva comprati un mese fa sono arrivati questa settimana a persone che non l'hanno ordinato...,Purtroppo no... Ma non ho capito perché i cd autografati destinati a chi li aveva comprati un mese fa sono arrivati questa settimana a persone che non l'hanno ordinato...,73526,"@132440 da Twitter non posso verificare il tuo account, per questo motivo ti invito a metterti in contatto con i colleghi del Servizio Clienti: https://t.co/YtcS8zMWhk. ^RP",Thu Nov 30 12:37:55 +0000 2017,132440,AmazonHelp,1,False,other
73523,73527,@AmazonHelp Va bene. Vi ringrazio!,Va bene. Vi ringrazio!,73528,@132440 Grazie a te 😉. ^RP,Thu Nov 30 12:47:10 +0000 2017,132440,AmazonHelp,1,False,other
73523,73529,@AmazonHelp Salve purtroppo nessuno sa niente! Non so veramente come fare...,Salve purtroppo nessuno sa niente! Non so veramente come fare...,73530,@132440 La disponibilità indicata sul nostro sito non tiene conto delle unità già ordinate. Ti sei già rivolta al nostro Servizio Clienti per una verifica del tuo ordine e l'eventuale nuova data di consegna prevista? ^LF,Thu Nov 30 14:00:29 +0000 2017,132440,AmazonHelp,1,False,other
73533,73532,@AmazonHelp No i ordered one item and it says it has been delivered. Part of the item is missing. This was a gift for someone tomorrow so I needed to receive it by today,No i ordered one item and it says it has been delivered. Part of the item is missing. This was a gift for someone tomorrow so I needed to receive it by today,73534,"@132441 Thanks for the additional information! We'd like to take a look into this with you! When you get a moment, please contact us via chat or phone: https://t.co/JzP7hlA23B ^SW",Thu Nov 30 12:23:05 +0000 2017,132441,AmazonHelp,1,False,delivery_order_status
73533,73533,"@115830 I just received a delivery and half the order was missing, how do I get in contact please?","I just received a delivery and half the order was missing, how do I get in contact please?",73531,"@132441 Hello, I am sorry to hear this. Could this order have been separated into two separate shipments ? Have a look here : https://t.co/Y5jpI9gRhE ^CR",Thu Nov 30 10:42:18 +0000 2017,132441,AmazonHelp,1,False,delivery_order_status
73536,73536,"@AmazonHelp Trying to register my phone number on my new dots. Get ""The mobile phone number you provided is already in use. Please use a different mobile phone number."" Please help","Trying to register my phone number on my new dots. Get ""The mobile phone number you provided is already in use. Please use a different mobile phone number."" Please help",73535,"@132442 Hi there, I am sorry to hear that, please get in touch with us here:  https://t.co/hApLpMlfHN. We can look into this further for you. ^HS",Thu Nov 30 10:15:31 +0000 2017,132442,AmazonHelp,1,False,service_complaint
73545,73545,@115830 #AmazonUK @AmazonHelp why is it that when I signed up for Amazon prime you stated free next day delivery but my parcel that was supposed to be delivered today is delayed why,#AmazonUK why is it that when I signed up for Amazon prime you stated free next day delivery but my parcel that was supposed to be delivered today is delayed why,73544,"@132445 Hey I'm sorry to hear this, have you had any updates as to why your order has been delayed?^PJ",Thu Nov 30 10:29:38 +0000 2017,132445,AmazonHelp,1,False,delivery_order_status
73549,73547,@AmazonHelp Cancelled it. When 2nd day turns into MAYBE 6th day my expectations aren't met nor is my business earned.,Cancelled it. When 2nd day turns into MAYBE 6th day my expectations aren't met nor is my business earned.,73546,"@132446 We apologise the inconvenience this has caused. During this busy period, some orders are experiencing slight delays. ^JC.",Thu Nov 30 10:28:42 +0000 2017,132446,AmazonHelp,1,False,other
73549,73549,@115821 you guys are great but @115817 makes you look bad.,you guys are great but makes you look bad.,73548,@132446 We definitely want to do what we can to help! Are you waiting on a current order from us: https://t.co/Y5jpI9gRhE ? ^NN,Thu Nov 30 06:52:52 +0000 2017,132446,AmazonHelp,1,False,other
73556,73551,@AmazonHelp Je ne sais pas si je l'ai signalé au SAV mais j'ai fait une demande de remboursement et imprimé les étiquettes de retour. Faut-il faire autre chose ? Ce serait bête que ça arrive à d'autre. Peut-on utiliser le colis amazon pour le retour ? Merci,Je ne sais pas si je l'ai signalé au SAV mais j'ai fait une demande de remboursement et imprimé les étiquettes de retour. Faut-il faire autre chose ? Ce serait bête que ça arrive à d'autre. Peut-on utiliser le colis amazon pour le retour ? Merci,73553,"@132447 Bonjour, je vous invite à le signaler à notre SAV afin qu'il puisse vérifier cela pour vous, via: https://t.co/hgIrz98cdI ^FT",Thu Nov 30 10:47:10 +0000 2017,132447,AmazonHelp,1,False,delivery_order_status
73556,73552,"@115821 @132448 t'achètes un jeu pendant le black friday on t'envoie une boite même pas emballée et à l'intérieur il manque le jeu, bravo le veau 👏🏻","t'achètes un jeu pendant le black friday on t'envoie une boite même pas emballée et à l'intérieur il manque le jeu, bravo le veau 👏🏻",73550,"@132447 Bonjour, désolée d'apprendre cela :/ l'avez-vous signalé à notre SAV ? ^SN",Thu Nov 30 10:15:10 +0000 2017,132447,AmazonHelp,1,False,other
73558,73558,@115850 How do I get the invoice if I don’t remember my id &amp; order number?,How do I get the invoice if I don’t remember my id &amp; order number?,73557,@132449 We understand your concern regarding the invoice. Kindly contact us from here: https://t.co/O7KjQO4yOB and we'll look into this and assist you further. ^VH,Thu Nov 30 09:57:35 +0000 2017,132449,AmazonHelp,1,False,payment_billing
73568,73567,@AmazonHelp U was going to announce the result on 30nov,U was going to announce the result on 30nov,73569,@132452 Could you please help us with the name of the contest you are referring to? ^VH,Thu Nov 30 10:44:58 +0000 2017,132452,AmazonHelp,1,False,other
73568,73568,@115850 @AmazonHelp where are the result of one plus 5t quiz?,where are the result of one plus 5t quiz?,73565,"@132452 As we have multiple contests running on Oneplus 5T, could you please let us know which one are your referring to, Sanket? ^RI",Thu Nov 30 10:07:00 +0000 2017,132452,AmazonHelp,1,False,other
73574,73574,"@115830 If an e mail account has been hacked and can't be accessed, how else can you retrieve the link to reset Amazon password?","If an e mail account has been hacked and can't be accessed, how else can you retrieve the link to reset Amazon password?",73572,@132453 Sorry to hear your email account has been hacked. Please reach out to us here: https://t.co/zH8UlhTGcc so we can assist you further.^ES,Thu Nov 30 10:39:04 +0000 2017,132453,AmazonHelp,1,False,account_access
73587,73586,@AmazonHelp (Faudrait que je ramasse le bouquet de lavandes... 😂) https://t.co/SFDUJQtRGx,(Faudrait que je ramasse le bouquet de lavandes... 😂),73588,"@132456 C’est trop mignon, Kuro est adorable 😍😍 Il a l’air de bien s’amuser, mission accomplie 😜 ^BR",Thu Nov 30 11:48:37 +0000 2017,132456,AmazonHelp,1,False,other
73587,73587,"Trop énorme la surprise offerte par @AmazonHelp ! Hâte de rentrer pour montrer le tunnel et les jouets à Kuro, il l'aura bien mérité après toutes ces commandes ! ;) 
Merci à @4087 d'avoir été le chercher à la poste ❤ https://t.co/rzboFwwJM7","Trop énorme la surprise offerte par ! Hâte de rentrer pour montrer le tunnel et les jouets à Kuro, il l'aura bien mérité après toutes ces commandes ! ;) Merci à d'avoir été le chercher à la poste ❤",73585,@132456 😍😍 N'hésitez pas à partager avec nous d'autres photos 😉,Thu Nov 30 10:22:30 +0000 2017,132456,AmazonHelp,1,False,other
73587,73589,"@AmazonHelp Oui il est trop mignon xD il s'amuse comme un fou olala, j'aurais intérêt à ranger le tunnel la nuit si je veux pas qu'il m'empêche de dormir !","Oui il est trop mignon xD il s'amuse comme un fou olala, j'aurais intérêt à ranger le tunnel la nuit si je veux pas qu'il m'empêche de dormir !",73590,@132456 J'imagine hihi 😋. Ça me fait plaisir que la surprise vous a plu. ^BR,Thu Nov 30 11:57:15 +0000 2017,132456,AmazonHelp,1,False,other
73587,73591,"@AmazonHelp Enormément, merci encore !! :D","Enormément, merci encore !! :D",73592,@132456 Avec grand plaisir 😍. ^BR,Thu Nov 30 12:42:15 +0000 2017,132456,AmazonHelp,1,False,other
73604,73604,"全く見覚えがないんだけど、
登録有料？っていうのを払ってないから法的になる〜みたいなことを
amazon？から言われたんだけどw
amazonは知ってるけどそもそもアプリ持ってないし登録した覚えないし",全く見覚えがないんだけど、 登録有料？っていうのを払ってないから法的になる〜みたいなことを amazon？から言われたんだけどw amazonは知ってるけどそもそもアプリ持ってないし登録した覚えないし,73602,@132461 失礼いたします。当サイトからそのようなメールをお送りすることはございません。当サイトの名をかたるフィッシング行為が増えているようです。連絡先に電話をしたりしないようお気を付けください。https://t.co/k4jy2iTq1Y  SM,Thu Nov 30 10:19:52 +0000 2017,132461,AmazonHelp,1,False,other
73610,73609,@AmazonHelp I’d already contact to #amazoncustomerservice but there is not such type of service yet now what?,I’d already contact to #amazoncustomerservice but there is not such type of service yet now what?,73611,"@132463 We won't be able to make any changes to orders that are successfully placed, Ankit. However, I'll ensure to share your comments as feedback to our concerned team and get it reviewed. ^RI",Thu Nov 30 10:53:55 +0000 2017,132463,AmazonHelp,1,False,other
73610,73610,"@115850 need to update its app services to update address after order . I ordered some books and paid by @115823 but want to update my address because i’m not available there even you should help me out to deliver all my orders at same day.
#helpmeout",need to update its app services to update address after order . I ordered some books and paid by but want to update my address because i’m not available there even you should help me out to deliver all my orders at same day. #helpmeout,73608,@132463 We don't have direct access to your Amazon account over Twitter. Allow our support team to look into this. You can connect with us here: https://t.co/R3EfhzgU8B ^CB.,Thu Nov 30 10:24:53 +0000 2017,132463,AmazonHelp,1,False,delivery_order_status
73628,73628,"After playing with Echo Plus since afternoon my daughter asked me ""Does is know only English or it can understand Malayalam"" 😁","After playing with Echo Plus since afternoon my daughter asked me ""Does is know only English or it can understand Malayalam"" 😁",73625,@132467 She's new here and only understands English. We're hopeful she'll pick-up regional languages soon 😊 ^VN,Thu Nov 30 09:57:25 +0000 2017,132467,AmazonHelp,1,False,device_digital_content
74317,74314,@AmazonHelp And then it turns up at 20:30. FFS!,And then it turns up at 20:30. FFS!,74313,"@132637 Oh my! Thank you for keeping us in the loop, Mark! Please let us know if you have further questions or concerns. We're here to help! ^TG",Thu Nov 30 20:28:54 +0000 2017,132637,AmazonHelp,1,False,other
74317,74317,"How does this work then @115821 ? Prime 1 day delivery, ordered Wednesday, delivery Saturday??? https://t.co/ZDqYdgPqRA","How does this work then ? Prime 1 day delivery, ordered Wednesday, delivery Saturday???",74316,"@132637 I'm sorry for the wait! During the Black Friday / Cyber Monday shopping period, orders may require additional processing time. Some deliveries may take slightly longer as a result. You can find more info here: https://t.co/HDpBxZ2Q9X ^JS",Wed Nov 29 18:30:36 +0000 2017,132637,AmazonHelp,1,False,delivery_order_status
74561,74561,Amazonの箱が世界一大好きな🐰 https://t.co/IPknSCmlHj,Amazonの箱が世界一大好きな🐰,74560,@132701 世界一好きとか言われちゃうと・・・🐰😆💖 Amazonの箱を気に入っていただけて、とっても嬉しいです😊✨ RI,Thu Nov 30 11:08:20 +0000 2017,132701,AmazonHelp,1,True,other
74571,74571,"Liebes @AmazonHelp, es wäre schön, wenn ihr unter ""Meine Geräte"" die angemeldeten Geräte beim Namen nennen könntet, anstatt nur durchzunummerieren oder doppelt aufzuführen. Habe 11 Geräte angemeldet und weiß nun nicht, welche Nummer welches Gerät ist. #Amazon https://t.co/koWUSjbKqD","Liebes , es wäre schön, wenn ihr unter ""Meine Geräte"" die angemeldeten Geräte beim Namen nennen könntet, anstatt nur durchzunummerieren oder doppelt aufzuführen. Habe 11 Geräte angemeldet und weiß nun nicht, welche Nummer welches Gerät ist. #Amazon",74570,@132704 Dein Feedback hierzu geben wir gerne an unsere zuständige Abteilung weiter. Danke hierfür. ^SK,Thu Nov 30 10:57:58 +0000 2017,132704,AmazonHelp,1,False,other
74579,74573,"@AmazonHelp Chegando em casa, mandarei!","Chegando em casa, mandarei!",74575,"@132705 Huor, estaremos aguardando ansiosamente! ❤ ^DA",Thu Nov 30 11:32:09 +0000 2017,132705,AmazonHelp,1,False,other
74579,74574,"@AmazonHelp Todos os livros basicos de D&amp;D 5ed. Players Handbook, Dungeon Master e Monsters Manual","Todos os livros basicos de D&amp;D 5ed. Players Handbook, Dungeon Master e Monsters Manual",74572,@132705 Que emoção Hour! Manda uma foto bem linda para gente 🤗. ^AZ,Thu Nov 30 11:23:19 +0000 2017,132705,AmazonHelp,1,False,other
74579,74576,@AmazonHelp Obrigado! https://t.co/TtzBW223Sm,Obrigado!,74577,"@132705 Nada Huor! Estamos para te ajudar! 😍

^JJ",Thu Nov 30 21:42:45 +0000 2017,132705,AmazonHelp,1,False,other
74579,74579,E comprei todos pela @117086 !,E comprei todos pela !,74578,@132705 Oi Huor! conte para gente o que você comprou? ^AZ,Thu Nov 30 11:14:23 +0000 2017,132705,AmazonHelp,1,False,other
74613,74613,"@115821 has been disappointing lately. The only reason I have prime is for the 2 day shipping, my last 3 orders have all been hella late. Don’t make promises, what you can’t keep. 😢","has been disappointing lately. The only reason I have prime is for the 2 day shipping, my last 3 orders have all been hella late. Don’t make promises, what you can’t keep. 😢",74612,@132708 Sorry to hear this. What date were you given in your order confirmation email?^ES,Thu Nov 30 11:19:00 +0000 2017,132708,AmazonHelp,1,False,delivery_order_status
74617,74615,@AmazonHelp Thank you for contacting me. Updated delivery date was yesterday 11/29 and did not arrive. Issue has been resolved after some digging. thank you again!,Thank you for contacting me. Updated delivery date was yesterday 11/29 and did not arrive. Issue has been resolved after some digging. thank you again!,74614,"@132709 Its been a pleasure assisting you, Michelle .Just give us another shout if you ever need anything else 🙂^SM",Thu Nov 30 11:16:48 +0000 2017,132709,AmazonHelp,1,False,delivery_order_status
74617,74617,@115821 where is my coffee pot? It was to be delivered Monday. Your cust svc said to be patient it would be delivered today.  3 days without coffee makes me irritable. #whypayforPrime #iwantcoffee,where is my coffee pot? It was to be delivered Monday. Your cust svc said to be patient it would be delivered today. 3 days without coffee makes me irritable. #whypayforPrime #iwantcoffee,74616,"@132709 We don't want you to miss out on your caffeinated cup of goodness! I'm so sorry for the delay, Michelle. When you reached out, what additional information did we provide? Have you been notified with an updated delivery date? ^JP",Thu Nov 30 03:20:45 +0000 2017,132709,AmazonHelp,1,False,delivery_order_status
74619,74619,Muchas gracias por la rapidez y resolución de la atención al cliente y del repartidor de @116928 Todo perfecto y solucionando los imprevistos del reparto del pedido en tiempo record! Geniales! Da gusto este servicio! Enhorabuena por el trabajo! ;),Muchas gracias por la rapidez y resolución de la atención al cliente y del repartidor de Todo perfecto y solucionando los imprevistos del reparto del pedido en tiempo record! Geniales! Da gusto este servicio! Enhorabuena por el trabajo! ;),74618,"@132710 Hola, gracias a ti por tus comentarios. Nos alegra saber que todo se encuentra bien con tu pedido. 😉 ¡Qué tengas un buen día! ^KA",Thu Nov 30 11:20:42 +0000 2017,132710,AmazonHelp,1,False,other
74635,74634,"@AmazonHelp Si y me dicen que me ponga en contacto con vosotros, os doy el numero de pedido o algun dato?","Si y me dicen que me ponga en contacto con vosotros, os doy el numero de pedido o algun dato?",74636,"@132714 Entiendo Asier. Por este medio no contamos con acceso a tu cuenta, puedes entrar en contacto con nuestro Soporte al Cliente mediante el siguiente enlace: https://t.co/OjvUxwnzPe. ^AZ",Thu Nov 30 11:24:57 +0000 2017,132714,AmazonHelp,1,False,other
74635,74635,"@116928  buenas segun la app se me ha entregado un pedido y ya se me ha cobrado pero a mi no me ha llegado nada, donde puedo reclamar??","buenas segun la app se me ha entregado un pedido y ya se me ha cobrado pero a mi no me ha llegado nada, donde puedo reclamar??",74633,"@132714 Buenas Asier, lamentamos el inconveniente. ¿Has podido entrar en contacto por teléfono con el transportista encargado de realizar la entrega para verificar la información? ^DA",Thu Nov 30 11:16:40 +0000 2017,132714,AmazonHelp,1,False,other
74660,74660,Amazon double charged me &amp;&amp; the payments have been pending for days which I need them to clear so they will either fall off or they can refund me,Amazon double charged me &amp;&amp; the payments have been pending for days which I need them to clear so they will either fall off or they can refund me,74659,"@132718 Hi Alexandria, have you had a chance to contact us about this? If the charges are pending, they could be authorisations which would need to be cleared by your bank. You can find more information about bank authorisations here: https://t.co/MYxuFGI4by. ^PJ",Thu Nov 30 11:03:17 +0000 2017,132718,AmazonHelp,1,False,refund_return
74678,74678,@115830 I am trying to email you through your site but the option is not coming up? I have a problem with an order I have placed and have also had email from seller.  Pls advise?,I am trying to email you through your site but the option is not coming up? I have a problem with an order I have placed and have also had email from seller. Pls advise?,74677,"@132721 Hi, Angela! You can get in touch with us by going here: https://t.co/JzP7hlA23B ^RB",Thu Nov 30 11:13:49 +0000 2017,132721,AmazonHelp,1,False,seller_marketplace
74680,74680,"@116316 Hey Amazon, eure neue auf 2 getrennte Bildschirme aufgeteilte Login/Passwort-Anmeldung saugt verfaulte Eier. Was soll der Scheiss?","Hey Amazon, eure neue auf 2 getrennte Bildschirme aufgeteilte Login/Passwort-Anmeldung saugt verfaulte Eier. Was soll der Scheiss?",74679,"@132722 Dein Feedback dazu geben wir weiter. Wann und ob es geändert wird, dazu haben wir keine Infos. ^SK",Thu Nov 30 10:56:27 +0000 2017,132722,AmazonHelp,1,False,account_access
74682,74682,RT @132724: Explique-moi @120533 comment ce #livre est proposé d'occasion alors qu'il n'a eu aucune vente (il est imprimé à la demande) 😐 #algorithms #wrong #Marketplace https://t.co/nLB57fAkbO,RT : Explique-moi comment ce #livre est proposé d'occasion alors qu'il n'a eu aucune vente (il est imprimé à la demande) 😐 #algorithms #wrong #Marketplace,74681,"@132723 Bonjour, pouvez-vous nous fournir plus d'informations je vous prie.",Thu Nov 30 11:01:16 +0000 2017,132723,AmazonHelp,1,False,seller_marketplace
74685,74684,@AmazonHelp The item is being returned undelivered by the courier,The item is being returned undelivered by the courier,74686,"@132725 As the package is returned to the seller, we wouldn't be able to reinstate the order. Kindly place a new order. Further, I've forwarded your feedback internally and we'll ensure this won't be repeated. ^SY",Thu Nov 30 11:18:19 +0000 2017,132725,AmazonHelp,1,False,delivery_order_status
74685,74685,"@115850 no delivery after 7 days of fake promises.. this is not what is expected from a brand that is ""Trusted By Crores ofIndians"" https://t.co/1uAiBMCTVs","no delivery after 7 days of fake promises.. this is not what is expected from a brand that is ""Trusted By Crores ofIndians""",74683,@132725 That's not cool; I'm so sorry to learn about the delay with the delivery. We never want you to experience this.  Allow us to sort this for you by sharing your details here: https://t.co/GIJyeYqKE0. We'll check and reach out to you with an update. ^VN,Thu Nov 30 10:44:15 +0000 2017,132725,AmazonHelp,1,False,delivery_order_status
74685,74687,@AmazonHelp Everyone said the same thing. Useless customer service,Everyone said the same thing. Useless customer service,74688,@132725 We would make sure that your comments are closely reviewed. Further we will ensure that such instances doesn't reoccur in the future. ^MD,Thu Nov 30 12:55:28 +0000 2017,132725,AmazonHelp,1,False,service_complaint
74690,74690,@115830 you get some slack about packaging.. but we love the packaging you send your parcels in! Almost as good as the item we actually ordered 😂 #keepupthegoodwork #recycle https://t.co/QgMl9ZwDzv,you get some slack about packaging.. but we love the packaging you send your parcels in! Almost as good as the item we actually ordered 😂 #keepupthegoodwork #recycle,74689,"@132726 Whether you're a kid or a cat, our boxes keep 'em entertained! 😁 📦 #OurCustomersRock ^KN",Thu Nov 30 11:02:08 +0000 2017,132726,AmazonHelp,1,False,delivery_order_status
8513,8513,"@115830 when you can't get my Prime order to me on time, what happens? I needed it on time! It's a gift! Your courier not up to the job?","when you can't get my Prime order to me on time, what happens? I needed it on time! It's a gift! Your courier not up to the job?",8512,"@117494 We're unable to view your account, but we'd like to help in real-time, via phone or chat here: https://t.co/JzP7hlA23B ^NN",Tue Oct 31 23:26:02 +0000 2017,117494,AmazonHelp,1,False,delivery_order_status
8516,8515,"@AmazonHelp Hecho el procedimiento, lo que me interesa y exijo es que sea devuelto mi dinero puesto que jamás he adquirido algún articulo por este medio","Hecho el procedimiento, lo que me interesa y exijo es que sea devuelto mi dinero puesto que jamás he adquirido algún articulo por este medio",8517,"@117495 Mary, si no te has beneficiado de las ventajas de Prime, recibirás el reembolso. Recibirás un e-mail con más detalles. ^LG",Wed Nov 01 18:36:51 +0000 2017,117495,AmazonHelp,1,False,other
8516,8516,"@116875 Exijo mi reembolso inmediato ya que yo en ningún momento solicité dicha membresía ""prime"", hubo algún error.
Solución inmediata","Exijo mi reembolso inmediato ya que yo en ningún momento solicité dicha membresía ""prime"", hubo algún error. Solución inmediata",8514,"@117495 Hola Mary. Para más detalles sobre como cancelar tu membresía de Amazon Prime, ingresa a: https://t.co/RPYF5xdYCl  ^HC",Tue Oct 31 23:50:17 +0000 2017,117495,AmazonHelp,1,False,other
8519,8519,@116875 Cancelación de  membresía Amazon Prime y reembolso ya!,Cancelación de membresía Amazon Prime y reembolso ya!,8518,@117495 Hola MaryGuerra. Para cancelar Amazon Prime por favor accesa este link para instrucciones: https://t.co/NV2oj1oX8M ^JJ,Tue Oct 31 23:45:51 +0000 2017,117495,AmazonHelp,1,False,other
8522,8521,@115821 Hasta que al fin llegó #BrBa https://t.co/7y2HKQlA2R,Hasta que al fin llegó #BrBa,8520,"@117496 Sin dudas, el mejor lugar para comer pollo frito. 🍗 ¡Nos alegra saber que recibiste tu pedido, Carl! :D ^CR",Tue Oct 31 23:41:18 +0000 2017,117496,AmazonHelp,1,False,other
8524,8524,@AmazonHelp my original echo some time say things without asking here anything ! This is really wired and creepy and scary!!,my original echo some time say things without asking here anything ! This is really wired and creepy and scary!!,8523,"@117497 Hmm, that's strange! Try going to Settings and reviewing your history. From here, you can see what prompted your Echo. ^FD",Tue Oct 31 23:43:44 +0000 2017,117497,AmazonHelp,1,False,other
8537,8537,@115821 why do I pay for 2 day shipping and it's going on 4 days.,why do I pay for 2 day shipping and it's going on 4 days.,8536,"@117499 (2/2) If we’ve missed the date in our order confirmation e-mail, please let us know here: https://t.co/hApLpMlfHN! ^WT",Tue Oct 31 23:42:01 +0000 2017,117499,AmazonHelp,2,False,delivery_order_status
8540,8540,@115850 pls investigate ur satara (Maharashtra) amzn staff or ur reputation is doomed in the region in long term.,pls investigate ur satara (Maharashtra) amzn staff or ur reputation is doomed in the region in long term.,8539,@117088 Request you to please fill in the details in the link provided earlier and we'll look into this. ^MK,Tue Oct 31 23:41:31 +0000 2017,117088,AmazonHelp,1,False,other
8581,8581,@AmazonHelp hi I cancelled an item today but the money has not shown back up in my bank yet can you tell me how long it takes?,hi I cancelled an item today but the money has not shown back up in my bank yet can you tell me how long it takes?,8580,"@117511 Hi there, items are not billed to you until they have shipped. If you have been charged for the order already, the refund will reflect on your account within 5-7 business days. You can read more about it here:

https://t.co/dexHjftwpD

-RD",Wed Nov 22 11:20:19 +0000 2017,117511,AmazonHelp,1,False,other
9129,9123,@AmazonHelp Hello? So how do I contact someone if I can't log in?! I'm really concerned about what is happening with my acct and who has access to it!,Hello? So how do I contact someone if I can't log in?! I'm really concerned about what is happening with my acct and who has access to it!,9126,@117632 Hi Emma. I understand. You can use this link (which doesn't require a log in) to get in touch: https://t.co/zYVX1Qi29G ^DC,Wed Nov 01 07:28:02 +0000 2017,117632,AmazonHelp,1,False,account_access
9129,9125,@AmazonHelp I'm UK based. Are the contact details the same?,I'm UK based. Are the contact details the same?,9122,@117632 Sorry! Try this one instead: https://t.co/JzP7hlA23B ^TR,Wed Nov 01 00:11:46 +0000 2017,117632,AmazonHelp,1,False,other
9129,9129,@AmazonHelp It looks as though someone has changed the email address linked to my acct &amp; I can no longer log in. Help!,It looks as though someone has changed the email address linked to my acct &amp; I can no longer log in. Help!,9128,"@117632 We're here to help! Please, reach us phone or e-mail so we can investigate: https://t.co/jzvkhdlrK5 ^EB",Tue Oct 31 23:59:46 +0000 2017,117632,AmazonHelp,1,False,account_access
9132,9132,Haha @117634 has been sneakily charging me $9.99 SINCE FEBRUARY for a service I never use💩🙈👎 $90 gone!!! Thanks @AmazonHelp,Haha has been sneakily charging me $9.99 SINCE FEBRUARY for a service I never use💩🙈👎 $90 gone!!! Thanks,9130,@117633 Oh no! We'd like to review these charges and available options with you. Please reach us here: https://t.co/hApLpMlfHN. ^EZ,Wed Nov 01 00:09:41 +0000 2017,117633,AmazonHelp,1,False,payment_billing
9135,9135,Not here pissed @115821,Not here pissed,9133,@117635 I'm sorry your order hasn't arrived! Please reach us here: https://t.co/hApLpMlfHN if it doesn't arrive tomorrow. ^EZ,Wed Nov 01 00:00:12 +0000 2017,117635,AmazonHelp,1,False,other
9137,9137,@AmazonHelp Had a package scheduled for delivery today and it didn’t come I’m not happy,Had a package scheduled for delivery today and it didn’t come I’m not happy,9136,@117636 I'm sorry your shipment hasn't arrived; what is the latest status on the order: https://t.co/Y5jpI9gRhE? ^LR,Wed Nov 01 00:00:01 +0000 2017,117636,AmazonHelp,1,False,delivery_order_status
9141,9141,WHAT DOES THIS MEAN @115821 https://t.co/jW02hoSsPp,WHAT DOES THIS MEAN,9140,@117637 I'm sorry you haven't received your order. Reach out to us here so we can look into this with you: https://t.co/Ebe0Tk70Vv ^JP,Tue Oct 31 22:53:44 +0000 2017,117637,AmazonHelp,1,True,other
9147,9144,"@AmazonHelp Solved, Thank You","Solved, Thank You",9143,@117638 You're welcome. Do keep us posted for any further assistance. ^MK,Tue Oct 31 23:45:45 +0000 2017,117638,AmazonHelp,1,False,other
9147,9146,"@115850 Under the same order ID another product of 617 was delivered, paid 700 asked to add the balance to the wallet, same thing, not added","Under the same order ID another product of 617 was delivered, paid 700 asked to add the balance to the wallet, same thing, not added",9145,@117638 Thank you for providing the details. We are working on it and we'll get back to you soon. ^SY,Tue Oct 31 04:42:13 +0000 2017,117638,AmazonHelp,1,False,delivery_order_status
9781,9780,@AmazonHelp I've returned several things lately and don't want Amazon to think I'm abusing the return policy.,I've returned several things lately and don't want Amazon to think I'm abusing the return policy.,9782,@117790 I understand! Returns can be made as long as they fall under this policy: https://t.co/i3QyGkjfQI. Hope this helps! ^BL,Wed Nov 01 00:31:20 +0000 2017,117790,AmazonHelp,1,False,other
9781,9781,"I seem to have bad luck in trying to get undamaged books from @115821. Sometimes it's damaged in delivery, but this one was packed this way. https://t.co/HnwtSE7e31","I seem to have bad luck in trying to get undamaged books from . Sometimes it's damaged in delivery, but this one was packed this way.",9779,"@117790 I'm sorry about the damage, Raymond! Have you explored options for refund/replacement here: https://t.co/Y5jpI9gRhE? ^SH",Wed Nov 01 00:14:56 +0000 2017,117790,AmazonHelp,1,False,item_quality_issue
9784,9784,"@115821 , #fake I phone 7 received from amazon , India - order ID: amazon India has refused to replace @115850 pictures attach herewith. https://t.co/iYmtFWzE6o",", #fake I phone 7 received from amazon , India - order ID: amazon India has refused to replace pictures attach herewith.",9783,"@117791 Please don't provide your details, we consider it personal information. Our Twitter page is visible to public. 2/2 ^MK",Wed Nov 01 00:20:46 +0000 2017,117791,AmazonHelp,2,False,delivery_order_status
9788,9788,@115833 please teach Alexa slang. I've been trying to play Momentz by gorillaz for the last 30 minutes.,please teach Alexa slang. I've been trying to play Momentz by gorillaz for the last 30 minutes.,9787,@117792 We are always looking for ways to improve! You can provide your feedback to our developers here: https://t.co/XD4MGgu8XV ^EA,Tue Oct 31 23:39:31 +0000 2017,117792,AmazonHelp,1,False,device_digital_content
9791,9790,@AmazonHelp I already chatted with help and am still not convinced i'll get the right item because clearly the warehouse workers can't read.,I already chatted with help and am still not convinced i'll get the right item because clearly the warehouse workers can't read.,9792,@117793 Please keep us posted if a replacement was provided. We want to ensure you receive the correct phone case. ^EZ,Wed Nov 01 00:25:30 +0000 2017,117793,AmazonHelp,1,False,other
9791,9791,Ordered cases for our new iPhone X and @115821 sent me iPhone 8 cases for BOTH ones. NOT THE SAME PHONE! #pissed,Ordered cases for our new iPhone X and sent me iPhone 8 cases for BOTH ones. NOT THE SAME PHONE! #pissed,9789,@117793 I'm sorry you didn't receive the correct items! I recommend trying the steps here for wrong items: https://t.co/3B6iUhjS3U ^SJ,Wed Nov 01 00:05:55 +0000 2017,117793,AmazonHelp,1,False,other
9794,9794,I was incredibly disappointed with my customer service call w @117795 after my order was 2x delayed and lost.,I was incredibly disappointed with my customer service call w after my order was 2x delayed and lost.,9793,@117794 I'm sorry for the bad experience! What options did we offer on the phone? ^TN,Wed Nov 01 00:12:17 +0000 2017,117794,AmazonHelp,1,False,delivery_order_status
9796,9796,The reliability of @115821 2 Day Prime is hitting an all time low. Not sure what is going on over there.,The reliability of 2 Day Prime is hitting an all time low. Not sure what is going on over there.,9795,"@117796 I'm sorry for any trouble, Chris! We're here to help. Are you having trouble with a specific order? ^BL",Wed Nov 01 00:17:29 +0000 2017,117796,AmazonHelp,1,False,other
9799,9798,@115850 I mean I don't have problem with most of the orders but the black dot moving with the green bar is quite irritating,I mean I don't have problem with most of the orders but the black dot moving with the green bar is quite irritating,9797,"@117797 I get your concern, BIgral. I'll share your comments with internal teams for review. Do keep us posted. ^SV",Wed Nov 01 00:16:48 +0000 2017,117797,AmazonHelp,1,False,delivery_order_status
9807,9801,"@AmazonHelp I have checked there is no email from amazon, and amazon is in safe senders list.","I have checked there is no email from amazon, and amazon is in safe senders list.",9803,"@117791 If you haven't received any email, please share your details here: https://t.co/GIJyeYqKE0 and we'll get back to you. ^HD",Wed Nov 01 00:25:04 +0000 2017,117791,AmazonHelp,1,False,other
9807,9802,"@AmazonHelp Haven’t received any mail, can you please resend mail to __email__","Haven’t received any mail, can you please resend mail to __email__",9800,@117791 I just checked and can see that we have sent you an email correspondence. Request you to please check your spam folder. ^MK,Wed Nov 01 00:15:20 +0000 2017,117791,AmazonHelp,1,False,other
9807,9804,@AmazonHelp I have filled the details,I have filled the details,9805,"@117791 If you've shared your details in the link, we'll check and get back to you with an update soon. ^MK",Wed Nov 01 00:37:25 +0000 2017,117791,AmazonHelp,1,False,other
9807,9807,"@115821 , #fake I phone 7 received from amazon , order India - order ID: 171-8960684-6076325, amazon India has refused to replace @115850 https://t.co/iHDriblZw9",", #fake I phone 7 received from amazon , order India - order ID: 171-8960684-6076325, amazon India has refused to replace",9806,@117791 Sorry for the trouble with the order. We've emailed you here: https://t.co/DhLEO2IzjY Kindly check and respond. Please 1/2,Fri Oct 27 05:26:32 +0000 2017,117791,AmazonHelp,1,False,delivery_order_status
9812,9810,@AmazonHelp Was sent this item in 6x9 size. Trying to return &amp; UPS did not show up today. I'd keep item if I could get refund for price difference. https://t.co/G1a6por32Z,Was sent this item in 6x9 size. Trying to return &amp; UPS did not show up today. I'd keep item if I could get refund for price difference.,9809,@117798 We would like to investigate further with you. Please reach out to us at your convenience: https://t.co/hApLpMlfHN ^JP,Wed Nov 01 00:12:14 +0000 2017,117798,AmazonHelp,1,False,refund_return
9817,9817,Please explain this @AmazonHelp https://t.co/VJ4d1ii4PH,Please explain this,9815,@117800 I'm sorry it hasn't arrived! We strive to meet the delivery date in your confirmation e-mail. Have we missed that date? ^MO,Tue Oct 31 23:58:58 +0000 2017,117800,AmazonHelp,1,False,other
9821,9819,@AmazonHelp if thats the case because if I pay for overnight shipping/delivery i expect to get what I paid for.,if thats the case because if I pay for overnight shipping/delivery i expect to get what I paid for.,9818,"@117801 (2/2) If we’ve missed the date in our order confirmation e-mail, please let us know here: https://t.co/hApLpMlfHN! ^WT",Wed Nov 01 00:13:08 +0000 2017,117801,AmazonHelp,2,False,delivery_order_status
9823,9823,@115821 thanks for the new movies on Prime video. Something new to distract from pain during CRPS flare ups #TheWitches 🌙🎃,thanks for the new movies on Prime video. Something new to distract from pain during CRPS flare ups #TheWitches 🌙🎃,9822,@117802 We are happy that our new selections bring you some comfort. Stay strong Cassandra ^CH,Tue Oct 31 23:57:48 +0000 2017,117802,AmazonHelp,1,False,device_digital_content
9825,9825,"Hey @117804, é possível sincronizar minha conta do @695 para ler no Kindle?","Hey , é possível sincronizar minha conta do para ler no Kindle?",9824,"@117803 Olá, Tiago. Atualmente essa opção não está disponível. Qualquer novidade será anunciada no nosso site e redes sociais. ^CR",Wed Nov 01 00:09:24 +0000 2017,117803,AmazonHelp,1,False,device_digital_content
9872,9872,Amazon梱包雑になったぞおおおおおお！？！？ https://t.co/flImzUdwwk,Amazon梱包雑になったぞおおおおおお！？！？,9871,@117819 ご不快の念をお掛けしております。Amazonでは今後のサービス改善のため、梱包についてのご意見を承っております。よろしければ、リンクのヘルプページをご参照の上、ご意見をお送りください。https://t.co/r80cIFs9f6 TN,Wed Nov 22 12:13:54 +0000 2017,117819,AmazonHelp,1,True,other
