conversation_id,customer_tweet_id,customer_message,customer_message_clean,brand_reply_id,brand_reply,created_at,customer_id,brand,n_brand_replies_to_message,is_duplicate_text,proposed_intent,matched_rules,match_count,match_category,training_label,matched_rules_str
13460,13460,"""Alexa, häng die Wäsche auf"" ?! 🤔
#Amazon #Ariel #AmazonEcho https://t.co/Cav3Pli81W","""Alexa, häng die Wäsche auf"" ?! 🤔 #Amazon #Ariel #AmazonEcho",13459,"@118798 😃... das wäre toll! Soweit ist sie aber noch nicht. Wird eher in die Richtung ""Hey, deine Wäsche ist fertig! Zack zack, aufhängen!"" gehen. ^TG",Fri Dec 01 06:07:38 +0000 2017,118798,AmazonHelp,1,False,device_digital_content,['device_digital_content'],1,single_match,device_digital_content,device_digital_content
64173,64171,"@AmazonHelp There is nothing i can see from ur side.
No contact from customer care.
Now it is really disgusting.",There is nothing i can see from ur side. No contact from customer care. Now it is really disgusting.,64172,"@130732 I understand it's taking time, Anshul but please be assured our team is actively working on it and will reach out to you at the earliest. Also, if the response is not up to expectations, kindly reply to the email sent by our team and we'll look into it. ^PB",Fri Dec 01 07:48:35 +0000 2017,130732,AmazonHelp,1,False,service_complaint,['service_complaint'],1,single_match,service_complaint,service_complaint
69933,69892,@AmazonHelp It’s been 5 days &amp; there in no revert :(,It’s been 5 days &amp; there in no revert :(,69893,"@131820 I understand that waiting can be tiresome. As informed earlier, kindly revert to an email sent to you by the Social Media team and we'll get back to you with an update at the earliest. Appreciate your patience and understanding.^EM",Fri Dec 01 08:19:34 +0000 2017,131820,AmazonHelp,1,False,other,[],0,zero_match,other,
15447,15442,@AmazonHelp Hey so my package has not arrived yet. Can I get this sorted please,Hey so my package has not arrived yet. Can I get this sorted please,15445,"@119403 While we can't access order or account details through social media, we'd still like to help! Please reach us directly via phone or chat so we can investigate: https://t.co/JzP7hlA23B ^CS",Fri Dec 01 14:03:26 +0000 2017,119403,AmazonHelp,1,False,delivery_order_status,['delivery_order_status'],1,single_match,delivery_order_status,delivery_order_status
30544,30540,@AmazonHelp And the ritual continues. Once again a call now asking for pick up while pick up slot is 1-4.Iam sure the pick up will be rescheduled again,And the ritual continues. Once again a call now asking for pick up while pick up slot is 1-4.Iam sure the pick up will be rescheduled again,30543,@122720 The details are escalated to the team and we are working on your concern. We'll reach out to you once we have an update. ^GK,Fri Nov 03 02:33:06 +0000 2017,122720,AmazonHelp,1,False,delivery_order_status,['delivery_order_status'],1,single_match,delivery_order_status,delivery_order_status
35147,35149,@AmazonHelp Yes many times since yesterday however am getting very little help and the return pick is getting rescheduled every time,Yes many times since yesterday however am getting very little help and the return pick is getting rescheduled every time,35150,@123653 We regret the inconvenience. Please fill in your details here: https://t.co/GIJyeYqKE0. We’ll look into it. ^SB,Fri Nov 03 09:27:21 +0000 2017,123653,AmazonHelp,1,False,delivery_order_status,['delivery_order_status'],1,single_match,delivery_order_status,delivery_order_status
32318,32317,@AmazonHelp ok i will change the address to somewhere your pick is available but by 12 nov. also it is not feasible for me to self-return as,ok i will change the address to somewhere your pick is available but by 12 nov. also it is not feasible for me to self-return as,32319,@123159 I am afraid that is not how it works. Request you to please self return the order. The Returns Support Centre will 1/2 ^RS,Fri Nov 03 11:16:32 +0000 2017,123159,AmazonHelp,2,False,refund_return,['refund_return'],1,single_match,refund_return,refund_return
25321,25321,amazonプライムビデオ開いたら懐かしいの見つけちゃって、ついつい観てしまった。 https://t.co/qX2xS64sFn,amazonプライムビデオ開いたら懐かしいの見つけちゃって、ついつい観てしまった。,25320,"@121476 |ω・)
見つけちゃいましたか？？
ごゆっくり、観ちゃってください( *• ̀ω•́ )b TY",Fri Nov 03 19:41:53 +0000 2017,121476,AmazonHelp,1,True,other,[],0,zero_match,other,
25293,25293,@AmazonHelp where is my order? I paid for 1 day delivery yesterday and no notification to say to pick it up at the pick up point.,where is my order? I paid for 1 day delivery yesterday and no notification to say to pick it up at the pick up point.,25292,@121470 I am sorry for the wait! What's the latest tracking/delivery date shown in Your Orders here: https://t.co/aaDyEz1VgE. ^LM,Fri Nov 03 20:23:07 +0000 2017,121470,AmazonHelp,1,False,delivery_order_status,['delivery_order_status'],1,single_match,delivery_order_status,delivery_order_status
23961,23966,@AmazonHelp I have sent an email as the same thing happened to me today. The delivery attempt was never made.,I have sent an email as the same thing happened to me today. The delivery attempt was never made.,23967,"@121152 For the fastest resolution, please reach us directly by choosing ""phone"" or ""chat"" when using RS's link, above. ^JR",Fri Nov 03 20:34:42 +0000 2017,121152,AmazonHelp,1,False,delivery_order_status,['delivery_order_status'],1,single_match,delivery_order_status,delivery_order_status
25293,25291,@AmazonHelp  https://t.co/1dmMd2wSOv,,25290,@121470 It appears the item is set to arrive today. Keep in mind we deliver up until 21:00. Let us know if it doesn't arrive! ^CN,Fri Nov 03 23:20:22 +0000 2017,121470,AmazonHelp,1,True,other,[],0,zero_match,other,
25283,25283,@115821 why won't my card work? I have money in the bank,why won't my card work? I have money in the bank,25282,@121468 I'm sorry for the trouble! Please try the troubleshooting tips outlined here: https://t.co/mQwbihhYVK ^JP,Fri Nov 03 23:53:07 +0000 2017,121468,AmazonHelp,1,False,other,[],0,zero_match,other,
25309,25308,@115766 @115821 You gave me $5 and made me call USPS. 👎,You gave me $5 and made me call USPS. 👎,25307,"@121473 I'm sorry, Natalie! Did we give you any options as far as refunding or replacing the item? ^CN",Fri Nov 03 23:58:17 +0000 2017,121473,AmazonHelp,1,False,other,[],0,zero_match,other,
36582,36601,"@AmazonHelp @115850

You guys have pathetic after sales service..

No doubt about it",You guys have pathetic after sales service.. No doubt about it,36604,@123971 I'm sorry the issue hasn't been resolved yet. I'd like to look into the issue and resolve it on priority. Please share your details here: https://t.co/XwyFJHn8N4 and I'll get back to you. ^SF,Fri Nov 10 04:57:18 +0000 2017,123971,AmazonHelp,1,False,service_complaint,['service_complaint'],1,single_match,service_complaint,service_complaint
47942,47944,@AmazonHelp Contacted my bank and they were unable to track the refund using the refund reference code given by Amazon.,Contacted my bank and they were unable to track the refund using the refund reference code given by Amazon.,47945,@126321 Kindly share your details here: https://t.co/GIJyeYqKE0 and I'll look into this. ^SG,Fri Nov 17 10:06:00 +0000 2017,126321,AmazonHelp,1,False,refund_return,['refund_return'],1,single_match,refund_return,refund_return
69750,69750,J’espère que les #cm après le #blackfriday ont le droit à un week-end tout frais payés au Bahamas. Bon courage à vous si vous me lisez💪.  @7665 @131800 @120533 et tous les autres 🙂 https://t.co/peSQKdaSRA,J’espère que les #cm après le #blackfriday ont le droit à un week-end tout frais payés au Bahamas. Bon courage à vous si vous me lisez💪. et tous les autres 🙂,69749,"@131799 Nous vous avons lu et avons envoyé la suggestion à notre Boss 😁 Si c'est accepté, vous venez avec nous? 😜 
PS: nous sommes déjà super EXCITED 🌞🏝️ https://t.co/y5UPVNVDFj",Fri Nov 24 00:42:41 +0000 2017,131799,AmazonHelp,1,False,other,[],0,zero_match,other,
69750,69742,"@AmazonHelp C’est pas faux, on a pas l’habitude au soleil dans notre département , la pluie et notre seul alliés lol vous pensez à tout 😋 indice 50+ https://t.co/ZbtiQlyR8L","C’est pas faux, on a pas l’habitude au soleil dans notre département , la pluie et notre seul alliés lol vous pensez à tout 😋 indice 50+",69741,"@131799 Alors, qu’est-ce qu’on fait maintenant ? On dépose nos demandes de congé 😜?",Fri Nov 24 09:15:12 +0000 2017,131799,AmazonHelp,1,False,other,[],0,zero_match,other,
69750,69736,"@AmazonHelp Si il y a de la place, je les prends 😊 oui bien sûr ce sont mes petites et pas de soucis","Si il y a de la place, je les prends 😊 oui bien sûr ce sont mes petites et pas de soucis",69734,"@131799 Et si vous remplissiez la carte d'embarquement suivante : https://t.co/HtUowg2UGX
😉 https://t.co/klfp5t9VIo",Fri Nov 24 11:10:32 +0000 2017,131799,AmazonHelp,1,False,other,[],0,zero_match,other,
17263,17263,"@115850 last time i seek assistance n the same issue prevail today. whn you cnt gv service thn say no, why giving headache 2 customers?","last time i seek assistance n the same issue prevail today. whn you cnt gv service thn say no, why giving headache 2 customers?",17261,"@119798 Apologies. Kindly let us know, where did we go wrong. We would like to make things right for you. ^CB",Fri Oct 20 11:06:53 +0000 2017,119798,AmazonHelp,1,False,other,[],0,zero_match,other,
17263,17258,@AmazonHelp whts benefit? chatted wth 1 of ur executive. aprt fr4 Sorry n Apology he has nothing 2 offer. if u cn do something better thn reply or leave,whts benefit? chatted wth 1 of ur executive. aprt fr4 Sorry n Apology he has nothing 2 offer. if u cn do something better thn reply or leave,17257,"@119798 I get you're upset. However, we'd like to get this sorted out, please share the details and we'll reach out to you. ^MS",Fri Oct 20 11:46:06 +0000 2017,119798,AmazonHelp,1,False,other,[],0,zero_match,other,
19209,19209,"@115850  ordered #Redmi4 OrderId 407-0938237-9516324.. not yet delivrd
pathetic service from #Amazon",ordered #Redmi4 OrderId 407-0938237-9516324.. not yet delivrd pathetic service from #Amazon,19208,@120264 I'd like to take a closer look into it. Please fill in this form: https://t.co/GIJyeYqKE0 and I'll revert shortly. 1/2 ^AB,Fri Oct 27 05:15:35 +0000 2017,120264,AmazonHelp,1,False,service_complaint,['service_complaint'],1,single_match,service_complaint,service_complaint
9807,9807,"@115821 , #fake I phone 7 received from amazon , order India - order ID: 171-8960684-6076325, amazon India has refused to replace @115850 https://t.co/iHDriblZw9",", #fake I phone 7 received from amazon , order India - order ID: 171-8960684-6076325, amazon India has refused to replace",9806,@117791 Sorry for the trouble with the order. We've emailed you here: https://t.co/DhLEO2IzjY Kindly check and respond. Please 1/2,Fri Oct 27 05:26:32 +0000 2017,117791,AmazonHelp,1,False,delivery_order_status,['delivery_order_status'],1,single_match,delivery_order_status,delivery_order_status
24986,24979,"@AmazonHelp receiving same mails 4m u no resolution yet. I CANNOT trust a company that gives me unboxed product, I will NOT opt for replacement...","receiving same mails 4m u no resolution yet. I CANNOT trust a company that gives me unboxed product, I will NOT opt for replacement...",24978,"@121404 I understand the gravity of the situation. As per the policy, we can offer only replacement (1/3)^HR",Fri Oct 27 06:15:24 +0000 2017,121404,AmazonHelp,1,False,refund_return,['refund_return'],1,single_match,refund_return,refund_return
19209,19205,@AmazonHelp pl do...i am already fed up with the service...considering returning the order.,pl do...i am already fed up with the service...considering returning the order.,19204,@120264 I can understand it would be worrisome. Please be assured we'll contact you at the earliest. ^SC,Fri Oct 27 06:46:19 +0000 2017,120264,AmazonHelp,1,False,delivery_order_status,['delivery_order_status'],1,single_match,delivery_order_status,delivery_order_status
65655,65649,@AmazonHelp @131027 I called amzoncall center there staff are misbehaving and cutting the call.please let me know i will get my money or not .@115851,I called amzoncall center there staff are misbehaving and cutting the call.please let me know i will get my money or not .,65648,@131026 Could you please fill in your details again in the link sent by my colleague 'SP' here: https://t.co/zwyh591SYI ? (2/2)^KH,Mon Jun 26 07:25:54 +0000 2017,131026,AmazonHelp,1,False,other,[],0,zero_match,other,
65655,65625,@AmazonHelp @115851 je@amzon CEO i read out your mail .no timeline given when pick up will be done and when amount will returened,je CEO i read out your mail .no timeline given when pick up will be done and when amount will returened,65623,@131026 Hi! Kindly revert to the email that we've sent. We'll update you. ^SG,Mon Jun 26 10:59:26 +0000 2017,131026,AmazonHelp,1,False,delivery_order_status,['delivery_order_status'],1,single_match,delivery_order_status,delivery_order_status
65655,65626,@AmazonHelp @131027 @115851 je @3644 please help these customers support is not helping and giving false response https://t.co/QP43u5oq8o,je please help these customers support is not helping and giving false response,65627,"@131026 Hey Mihu, we have responded to you via email and working on it. Appreciate your understanding. ^RW",Mon Jun 26 12:07:45 +0000 2017,131026,AmazonHelp,1,False,other,[],0,zero_match,other,
56830,56835,@AmazonHelp 4 days since form filled! no updates since then. Shows how much you guys are concerned! Y waste our time by filling dse forms then?,4 days since form filled! no updates since then. Shows how much you guys are concerned! Y waste our time by filling dse forms then?,56836,"@128875 If you've shared your details, you should've received a correspondence from us. Kindly check here: https://t.co/8DAc10S7ww ^AK",Mon Nov 06 06:43:59 +0000 2017,128875,AmazonHelp,1,False,other,[],0,zero_match,other,
56830,56837,@AmazonHelp Only received a scripted copy&gt;pasted reply on this. 5 days ago. No actions or updates since then.,Only received a scripted copy&gt;pasted reply on this. 5 days ago. No actions or updates since then.,56838,@128875 Please reply to the email for further insight on it. We cannot your order/account on social platform. ^RW,Mon Nov 06 07:14:30 +0000 2017,128875,AmazonHelp,1,False,other,[],0,zero_match,other,
46489,46488,@AmazonHelp No not @ all! I was hung up on x2 by CS &amp; was not told why/how they tried 2 deliver. Bad service &amp; Amazon basically washed there hands of me,No not @ all! I was hung up on x2 by CS &amp; was not told why/how they tried 2 deliver. Bad service &amp; Amazon basically washed there hands of me,46490,@126320 Were you able to eventually receive your order? Did you provide feedback on the survey received after your phone call w/us? ^AN,Mon Nov 06 22:36:00 +0000 2017,126320,AmazonHelp,1,False,delivery_order_status,['delivery_order_status'],1,single_match,delivery_order_status,delivery_order_status
23038,23040,@AmazonHelp Nothing in spam inbox. Got no answer. It’s a waste of time. Very disappointing,Nothing in spam inbox. Got no answer. It’s a waste of time. Very disappointing,23041,@121014 Can you please reach out by phone/chat on the link in the previous message. ^RS,Mon Nov 27 10:59:10 +0000 2017,121014,AmazonHelp,1,False,other,[],0,zero_match,other,
16796,16790,"@AmazonHelp Last mail rec'd on 09.10.2017 stating refund will be in my account by 14.10.2017
Bt same not rec'd.",Last mail rec'd on 09.10.2017 stating refund will be in my account by 14.10.2017 Bt same not rec'd.,16789,@119700 That's strange. Kindly write back to the email received and we'll check this out for you. ^VM,Mon Oct 16 04:34:47 +0000 2017,119700,AmazonHelp,1,False,refund_return,['refund_return'],1,single_match,refund_return,refund_return
24986,24986,@AmazonHelp order 406-5346056-8286767 I want a refund for the product. https://t.co/CKTsoBPMgb,order 406-5346056-8286767 I want a refund for the product.,24984,@121404 Sincere apologies for the mess. Please fill this form: https://t.co/beaaDm0muc so we could get this sorted soon. 1/2 ^RS,Mon Oct 23 11:03:26 +0000 2017,121404,AmazonHelp,1,False,refund_return,['refund_return'],1,single_match,refund_return,refund_return
11590,11590,@115851 my Amazonid is __email__ is blocked since 3months please unblock it.,my Amazonid is __email__ is blocked since 3months please unblock it.,11589,"@118231 Hi, you should have received an email with an update over your account. We will not be check this for you. ^RW",Mon Oct 30 03:30:32 +0000 2017,118231,AmazonHelp,1,False,other,[],0,zero_match,other,
26979,26979,@115850 pathetic service amazon India. Made a mistake by selecting amazon.,pathetic service amazon India. Made a mistake by selecting amazon.,26978,@121902 That's quite a comment. Looks like you had an unpleasant experience with us. (1/2) ^VM,Mon Oct 30 03:41:49 +0000 2017,121902,AmazonHelp,1,False,service_complaint,['service_complaint'],1,single_match,service_complaint,service_complaint
15700,15700,Hey @115850 @AmazonHelp I need an update on my refund! Can you help?,Hey I need an update on my refund! Can you help?,15699,@119452 You may track your refunds using the link: https://t.co/LjYILTJREp. Please keep us posted. ^GS,Mon Oct 30 05:51:24 +0000 2017,119452,AmazonHelp,1,False,refund_return,['refund_return'],1,single_match,refund_return,refund_return
26979,26975,@AmazonHelp can someone from your team call me.,can someone from your team call me.,26973,@121902 You may reach out to our support team via phone/chat/email here: https://t.co/2t6DQoUmNZ. ^MM,Mon Oct 30 05:51:56 +0000 2017,121902,AmazonHelp,1,False,service_complaint,['service_complaint'],1,single_match,service_complaint,service_complaint
26979,26971,@AmazonHelp tried but it's not happening. This is what is service level. When someone asking for call back you guys showing different way,tried but it's not happening. This is what is service level. When someone asking for call back you guys showing different way,26968,@121902 Could you please let us know what went wrong while trying to reach us? (2/2)^HR,Mon Oct 30 05:58:25 +0000 2017,121902,AmazonHelp,1,False,other,[],0,zero_match,other,
15700,15698,@AmazonHelp Hi. This is where I'm stuck. When will you initiate the pick up? https://t.co/bVTocnrC1k,Hi. This is where I'm stuck. When will you initiate the pick up?,15697,@119452 Sorry for the delay in pickup. Kindly contact us here: https://t.co/rS49hgaADF and we'll get the pick up done. ^SY,Mon Oct 30 05:58:37 +0000 2017,119452,AmazonHelp,1,False,delivery_order_status,['delivery_order_status'],1,single_match,delivery_order_status,delivery_order_status
15692,15692,"Haven't received my refund, it's been more than a week @115850","Haven't received my refund, it's been more than a week",15691,@119451 Sorry for the delay. Have you received the refund reference number? ^NS,Mon Oct 30 09:42:21 +0000 2017,119451,AmazonHelp,1,False,refund_return,['refund_return'],1,single_match,refund_return,refund_return
19439,19439,@115821 Today my product delivery but delivery boy is not coming Arriving early: Dell KM117 Wireless Keyboard Mouse will be delivered by Amz,Today my product delivery but delivery boy is not coming Arriving early: Dell KM117 Wireless Keyboard Mouse will be delivered by Amz,19438,@120316 What does the latest tracking update state on your order? ^HK,Mon Oct 30 10:58:57 +0000 2017,120316,AmazonHelp,1,False,delivery_order_status,['delivery_order_status'],1,single_match,delivery_order_status,delivery_order_status
24999,24999,@115821 Deducting $10.99 from my credit card every month. Tried reaching you on your toll-free number but no help.,Deducting $10.99 from my credit card every month. Tried reaching you on your toll-free number but no help.,24997,@121405 I apologize for the trouble! What options were you given when you called in and spoke with us? ^NC,Mon Oct 30 13:00:53 +0000 2017,121405,AmazonHelp,1,False,payment_billing,['payment_billing'],1,single_match,payment_billing,payment_billing
34558,34552,@AmazonHelp Order is dispatched yet Prime not activated.,Order is dispatched yet Prime not activated.,34551,"@123487 Please do not worry, you would receive a confirmation mail soon on the prime activation. Appreciate your patience ^BS",Mon Oct 30 15:45:58 +0000 2017,123487,AmazonHelp,1,False,delivery_order_status,['delivery_order_status'],1,single_match,delivery_order_status,delivery_order_status
24999,24996,@AmazonHelp There was no way I could communicate that I never subscribed for a prime membership on your dot com website.,There was no way I could communicate that I never subscribed for a prime membership on your dot com website.,24994,@121405 Did you contact us directly via phone or chat: https://t.co/hApLpMlfHN? ^AB,Mon Oct 30 16:22:13 +0000 2017,121405,AmazonHelp,1,False,prime_membership,['prime_membership'],1,single_match,prime_membership,prime_membership
36582,36582,"@115850

When will the packet will get collected and refund sent back to account.. https://t.co/HlgruNCSDB",When will the packet will get collected and refund sent back to account..,36580,"@123971 Sorry the pick up hasn't been done. Please connect with us here: https://t.co/TK4yevTaND, we'll check it for you. ^NR",Mon Oct 30 17:39:30 +0000 2017,123971,AmazonHelp,1,False,refund_return,['refund_return'],1,single_match,refund_return,refund_return
69933,69895,@AmazonHelp @115850 @119625 No solution yet. Disappointed!😔😣 https://t.co/2EaOYwTQMj,No solution yet. Disappointed!😔😣,69899,@131820 We've sent a correspondence to your registered email address. Kindly check for the same. ^AP,Sat Dec 02 11:17:45 +0000 2017,131820,AmazonHelp,1,False,other,[],0,zero_match,other,
69933,69900,@AmazonHelp I haven’t got any reply yet!,I haven’t got any reply yet!,69901,@131820 Please check for a correspondence from social media team here: https://t.co/fYrzNInVt2. ^AP,Sat Dec 02 11:32:03 +0000 2017,131820,AmazonHelp,1,False,other,[],0,zero_match,other,
69933,69905,@AmazonHelp Sending in the screenshot via DM. Please check!,Sending in the screenshot via DM. Please check!,69906,"@131820 I understand that you haven't received the correspondence, please share your details here https://t.co/GIJyeYqKE0 and we would get back to you. 
Please don't provide your order details, as we consider it to be personal information. Our Twitter page is public.​ ^MD",Sat Dec 02 12:44:54 +0000 2017,131820,AmazonHelp,1,False,other,[],0,zero_match,other,
41496,41496,@AmazonHelp --hi i want to lease out my place to amazon for PUDO pls suggest the concerned person,--hi i want to lease out my place to amazon for PUDO pls suggest the concerned person,41494,@125121 Hello! Kindly write to us here: https://t.co/aNk9t39CFd. ^HK,Sat Feb 04 07:23:20 +0000 2017,125121,AmazonHelp,1,False,other,[],0,zero_match,other,
25309,25306,@AmazonHelp Wasn’t even brought up. I called and used the chat. Very disappointed.,Wasn’t even brought up. I called and used the chat. Very disappointed.,25304,@121473 My team would like to look into helping with this. Please provide your info &amp; we will reach out: https://t.co/2kHRWcnKYj ^RM,Sat Nov 04 00:09:35 +0000 2017,121473,AmazonHelp,1,False,other,[],0,zero_match,other,
25281,25281,@115821 you have NEVER let me down. The one time I need a package on time you fail me.,you have NEVER let me down. The one time I need a package on time you fail me.,25280,@121467 I'm so sorry for the frustrating experience! Have you reached us directly for your options: https://t.co/hApLpMlfHN? ^DW,Sat Nov 04 00:14:07 +0000 2017,121467,AmazonHelp,1,False,delivery_order_status,['delivery_order_status'],1,single_match,delivery_order_status,delivery_order_status
25296,25296,3 out of 4 of my @115821 orders have not actually had two day shipping. Feeling ripped off.,3 out of 4 of my orders have not actually had two day shipping. Feeling ripped off.,25294,@121471 Oh no! Have we missed the delivery date on the confirmation email? ^BA,Sat Nov 04 00:15:06 +0000 2017,121471,AmazonHelp,1,False,delivery_order_status,['delivery_order_status'],1,single_match,delivery_order_status,delivery_order_status
25261,25261,@115850 I am a Prime customer. Is Amazon Video free for me or do I still need to pay some monthly subscription charges?,I am a Prime customer. Is Amazon Video free for me or do I still need to pay some monthly subscription charges?,25260,"@121461 If you're a prime member, you will have access to prime video. Kindly download the app and login with your registered account.^SQ",Sat Nov 04 00:21:31 +0000 2017,121461,AmazonHelp,1,False,payment_billing,['payment_billing'],1,single_match,payment_billing,payment_billing
21408,21407,@AmazonHelp I received product with torn package with clear damage however small though. Proper care was not taken while delivering. And now if I replace product it will take 5-7 days atleast which I can not afford. I have no option but to keep it and suffer due to bad practise in delivery.,I received product with torn package with clear damage however small though. Proper care was not taken while delivering. And now if I replace product it will take 5-7 days atleast which I can not afford. I have no option but to keep it and suffer due to bad practise in delivery.,21409,"@120684 Sorry to know you received a damaged product, we certainly did not expect this to happen. 1/2 ^PS",Sat Nov 04 02:50:39 +0000 2017,120684,AmazonHelp,2,False,delivery_order_status,['delivery_order_status'],1,single_match,delivery_order_status,delivery_order_status
18705,18700,@AmazonHelp Do not make us helpless and kindly refund my amount ..,Do not make us helpless and kindly refund my amount ..,18701,@120173 We've already sent a correspondence to your registered email ID. Please check it and reply us with your concerns. ^SC,Sat Nov 04 02:57:36 +0000 2017,120173,AmazonHelp,1,False,refund_return,['refund_return'],1,single_match,refund_return,refund_return
21408,21414,"@AmazonHelp If such is the case I regret my order with Amazon. I was thinking more of a better solution such as delivering product again and then collecting the first one. Since I need the book for study, I can not waste time returning it. I can only regret about my choice about Amazon.","If such is the case I regret my order with Amazon. I was thinking more of a better solution such as delivering product again and then collecting the first one. Since I need the book for study, I can not waste time returning it. I can only regret about my choice about Amazon.",21415,@120684 Kindly refer: https://t.co/wM1yebus27 for more information on the return policies. (2/2)^AU,Sat Nov 04 07:52:37 +0000 2017,120684,AmazonHelp,2,False,delivery_order_status,['delivery_order_status'],1,single_match,delivery_order_status,delivery_order_status
36582,36592,"@AmazonHelp @115850 

R u guys crazy..

I have already done that..",R u guys crazy.. I have already done that..,36593,"@123971 If you've replied to the email, our team will get back to you soon. ^AG",Sat Nov 04 10:08:11 +0000 2017,123971,AmazonHelp,1,False,other,[],0,zero_match,other,
14855,14853,@AmazonHelp no body inform me. once u return that parcel. please send the tracking id or parcel details. but after 10days i call amazon custamare care,no body inform me. once u return that parcel. please send the tracking id or parcel details. but after 10days i call amazon custamare care,14856,"@119214 Thank you for sharing your details, Dhinesh. We'll check your concern and reach you soon. ^VG",Sat Nov 04 18:41:35 +0000 2017,119214,AmazonHelp,1,False,delivery_order_status,['delivery_order_status'],1,single_match,delivery_order_status,delivery_order_status
35197,35205,@AmazonHelp Le dossier a l'air compliqué pour un livre qui a le nom du sport en guise de titre. N'y a-t-il pas un autre moyen de contacter le service qui gère ça ? La couverture avait été ajoutée en quelques heures donc 10 jours pour changer une catégorie...,Le dossier a l'air compliqué pour un livre qui a le nom du sport en guise de titre. N'y a-t-il pas un autre moyen de contacter le service qui gère ça ? La couverture avait été ajoutée en quelques heures donc 10 jours pour changer une catégorie...,35207,"@123665 Vous pouvez contacter le service en question, en envoyant un e-mail au service client via le lien suivant : https://t.co/qzuu0dgDXz ^ME",Sat Nov 11 12:54:34 +0000 2017,123665,AmazonHelp,1,False,other,[],0,zero_match,other,
47874,47881,@AmazonHelp My issue was handle and refund granted through your AZGuarantee but no mention of what I'm suppose to do with the coat. Will a tag be sent so that I can return it or do I just keep it? Thanks,My issue was handle and refund granted through your AZGuarantee but no mention of what I'm suppose to do with the coat. Will a tag be sent so that I can return it or do I just keep it? Thanks,47883,"@126707 If an A-to-Z claim was granted, feel free to discard or donate the coat. What you do with it is up to you. ^ZW",Sat Nov 11 20:52:23 +0000 2017,126707,AmazonHelp,1,False,refund_return,['refund_return'],1,single_match,refund_return,refund_return
47874,47884,@AmazonHelp Ok thank you! I just didn't want to assume.,Ok thank you! I just didn't want to assume.,47885,@126707 You're very welcome! I hope you have a great weekend! ^BV,Sat Nov 11 20:58:30 +0000 2017,126707,AmazonHelp,1,False,other,[],0,zero_match,other,
23038,23037,@AmazonHelp I sent an email to customer service and I got no answer,I sent an email to customer service and I got no answer,23042,"@121014 Hi, have you also checked your spam and junk folders? It can sometimes happen that an email from us can go there.^BZ",Sat Nov 25 11:48:26 +0000 2017,121014,AmazonHelp,1,False,service_complaint,['service_complaint'],1,single_match,service_complaint,service_complaint
5315,5315,@AmazonHelp Someone keeps trying to buy playstation cards on my account.  Having a hard time getting customer service,Someone keeps trying to buy playstation cards on my account. Having a hard time getting customer service,5313,"@116932 Thanks for letting us know about this, Jon. We're here to help! We can be reached 24/7 here: https://t.co/hApLpMlfHN. Please do keep us in the loop. ^BL",Sat Nov 25 14:48:43 +0000 2017,116932,AmazonHelp,1,False,service_complaint,['service_complaint'],1,single_match,service_complaint,service_complaint
43708,43708,アマゾンプライムビデオ有能 https://t.co/QvEgdgeta0,アマゾンプライムビデオ有能,43707,"@125696 |ω・)
嬉しいお言葉、ありがとうございます！！
これからも有能と言われるようにがんばります d(๑¯꒳¯๑)b TY",Sat Nov 25 16:29:38 +0000 2017,125696,AmazonHelp,1,True,other,[],0,zero_match,other,
5331,5331,@AmazonHelp live chat down in the UK and as a prime member I cannot t get any items delivered before Tuesday whats going on?,live chat down in the UK and as a prime member I cannot t get any items delivered before Tuesday whats going on?,5330,"@116936 Hi there, I'm sorry for the delivery troubles! Just to confirm, are you trying to place an order right now, or is this an ongoing issue? Are we missing the promised delivery dates here: https://t.co/aaDyEz1VgE? ^DW",Sat Nov 25 19:49:27 +0000 2017,116936,AmazonHelp,1,False,delivery_order_status,['delivery_order_status'],1,single_match,delivery_order_status,delivery_order_status
5131,5131,"@115821 the more I order from you guys, the more I'm going to stop being a customer....YOUR DRIVERS ARE USELESS. Once again they marked a package delivered when it clearly wasn't. I received one of two packages, yet they were both marked delivered. 3 times in 1 month! https://t.co/9UYVHPVWtE","the more I order from you guys, the more I'm going to stop being a customer....YOUR DRIVERS ARE USELESS. Once again they marked a package delivered when it clearly wasn't. I received one of two packages, yet they were both marked delivered. 3 times in 1 month!",5130,"@116914 I'm so sorry to hear your order was scanned as delivered when it wasn't. We'd like to help if we can. Just to confirm, who's the carrier shown on your order here: https://t.co/wBHsNpkyQZ? ^CC",Sat Nov 25 22:53:46 +0000 2017,116914,AmazonHelp,1,False,delivery_order_status,['delivery_order_status'],1,single_match,delivery_order_status,delivery_order_status
5315,5312,"@AmazonHelp Still not working.  They sent me a link to reset the password, try and sign in with new password and still locked out.","Still not working. They sent me a link to reset the password, try and sign in with new password and still locked out.",5311,@116932 Did information get sent to our Accounts Specialists to look into when you contacted in? ^DO,Sat Nov 25 23:42:41 +0000 2017,116932,AmazonHelp,1,False,account_access,['account_access'],1,single_match,account_access,account_access
5302,5302,"砂来のウィッグ コロネロの使える思ってのんびりしてたら、家が引越し荷物だらけで探せなかったんは焦ったわぁ
(Amazonで頼んで昨日届いたありがとうprime)",砂来のウィッグ コロネロの使える思ってのんびりしてたら、家が引越し荷物だらけで探せなかったんは焦ったわぁ (Amazonで頼んで昨日届いたありがとうprime),5301,"@116930 Amazonをご利用いただき、ありがとうございます！
またのご利用お待ちしております(*´︶`*) TY",Sat Nov 25 23:47:19 +0000 2017,116930,AmazonHelp,1,False,other,[],0,zero_match,other,
5125,5124,Amazon delivery guy refused to give the police his ID and suddenly started sounding like an attorney. Good grief,Amazon delivery guy refused to give the police his ID and suddenly started sounding like an attorney. Good grief,5123,"@116913 We'd like to make sure this is addressed, Eric. Would you tell us more about what happened? ^AM",Sat Nov 25 23:50:03 +0000 2017,116913,AmazonHelp,1,False,delivery_order_status,['delivery_order_status'],1,single_match,delivery_order_status,delivery_order_status
5304,5304,"I have 2 echos and set up multi room music playback. How do you switch back and forth between multi room audio and playing on only one? Sometimes I like whole house, sometimes I don't want to wake up my wife.
@115833 #echo #alexa","I have 2 echos and set up multi room music playback. How do you switch back and forth between multi room audio and playing on only one? Sometimes I like whole house, sometimes I don't want to wake up my wife. #echo #alexa",5303,"@116931 Please try asking Alexa to stop playing your music, and then ask her to play your music again, but without referencing the ""Multi-Room Music group"" you were previously using: https://t.co/gR1MEFl0If ^JR",Sat Nov 25 23:59:44 +0000 2017,116931,AmazonHelp,1,False,device_digital_content,['device_digital_content'],1,single_match,device_digital_content,device_digital_content
16796,16794,"@AmazonHelp form has been filled awaiting for a solution n refund. I have already invested my energy in explaining before, kindly treat it urgent.","form has been filled awaiting for a solution n refund. I have already invested my energy in explaining before, kindly treat it urgent.",16793,@119700 Apologies for the bad experience. Thanks for sharing your details. We'll get in touch with you. Appreciate your patience. ^AK,Sat Oct 14 10:32:22 +0000 2017,119700,AmazonHelp,1,False,refund_return,['refund_return'],1,single_match,refund_return,refund_return
62170,62170,@115825 Ab wann ist denn Folge 5 der sechsten Staffel von @42143 bei euch verfügbar? :),Ab wann ist denn Folge 5 der sechsten Staffel von bei euch verfügbar? :),62169,"@130238 Hi, Folge  (in OV) ist bereits verfügbar, schau mal hier: https://t.co/2lLvBQv69T Gruß ^MI",Sat Oct 28 13:33:07 +0000 2017,130238,AmazonHelp,1,False,other,[],0,zero_match,other,
73414,73407,@AmazonHelp Pues no tengo claro dónde conseguir esa información.,Pues no tengo claro dónde conseguir esa información.,73408,"@132418 Don Ricardo esa información la puedes ver en la página web, donde dice “gestionado por'' y también en tus pedidos. ^JL",Sun Dec 03 09:39:29 +0000 2017,132418,AmazonHelp,1,False,other,[],0,zero_match,other,
65655,65655,@115851 @3974 IN hello jeffBezos  can you help me with the patethic service of amzon india .wrong products sent and return pick not done https://t.co/PzEz6qdkvd,IN hello jeffBezos can you help me with the patethic service of amzon india .wrong products sent and return pick not done,65654,@131026 Hi! May I know if you've reported this to us here: https://t.co/vlvfJr4nN9? 1/2 ^KC,Sun Jun 25 16:06:52 +0000 2017,131026,AmazonHelp,1,False,item_quality_issue,['item_quality_issue'],1,single_match,item_quality_issue,item_quality_issue
18206,18190,"@AmazonHelp @115850  @120040
Even after your team's promise, I have not received my cashback of INR1500 before deadline given by them.","Even after your team's promise, I have not received my cashback of INR1500 before deadline given by them.",18191,@120039 Please reply to the email for further assistance on it. 2/2 ^RW,Sun Nov 05 03:55:02 +0000 2017,120039,AmazonHelp,2,False,other,[],0,zero_match,other,
18206,18195,"@AmazonHelp @115850 @120040 I have mailed 3-4 times after that but i am still getting the same standard email, exact same mail","I have mailed 3-4 times after that but i am still getting the same standard email, exact same mail",18196,@120039 You can add your insight by writing back to the e-mail sent by our team. We'll reply to the same. ^MP 2/2,Sun Nov 05 13:03:17 +0000 2017,120039,AmazonHelp,2,False,other,[],0,zero_match,other,
18206,18198,@AmazonHelp On 1st Nov your team agreed in mail for cashback of INR1500 and now someone else from your team is saying max INR450. This Is cheating.,On 1st Nov your team agreed in mail for cashback of INR1500 and now someone else from your team is saying max INR450. This Is cheating.,18200,@120039 Kindly reply to the email sent by us for further assistance on this issue. ^RI,Sun Nov 05 13:32:25 +0000 2017,120039,AmazonHelp,1,False,other,[],0,zero_match,other,
25013,25016,@AmazonHelp  can anybody is there for help me I had called amazon 20 times but I don't know where is my product.. Will I get this or not,can anybody is there for help me I had called amazon 20 times but I don't know where is my product.. Will I get this or not,25018,"@121408 If you're unable to find our correspondence, you may fill the form again https://t.co/SK1AZRszNa and we'll assist you. 2/2^PJ",Sun Nov 05 13:37:05 +0000 2017,121408,AmazonHelp,2,False,delivery_order_status,['delivery_order_status'],1,single_match,delivery_order_status,delivery_order_status
6966,6958,"@AmazonHelp Will do in morning. By the way, I’ve complained about this same issue 3 times and twice before directly to carrier.","Will do in morning. By the way, I’ve complained about this same issue 3 times and twice before directly to carrier.",6956,"@117198 When you have a moment, please phone us here: https://t.co/hApLpMlfHN ^RR",Sun Nov 19 04:03:20 +0000 2017,117198,AmazonHelp,1,False,other,[],0,zero_match,other,
6966,6957,@AmazonHelp Please call me,Please call me,6959,"@117198 If you follow the link ^RR provided, we'd love to give you a call. ^MH",Sun Nov 19 17:54:45 +0000 2017,117198,AmazonHelp,1,False,service_complaint,['service_complaint'],1,single_match,service_complaint,service_complaint
6966,6960,@AmazonHelp Or you can provide me with a direct dial number and I’ll call it now,Or you can provide me with a direct dial number and I’ll call it now,6962,@117198 Hi there!  We are not able to see customer's account information here on Twitter.  Please reach out to us by calling 866-216-1072 and keep us updated on the outcome! ^SP,Sun Nov 19 18:10:42 +0000 2017,117198,AmazonHelp,1,False,other,[],0,zero_match,other,
5296,5296,Jamas volvere a comprar en @116875 :'v,Jamas volvere a comprar en :'v,5294,"@116926 ¡Hola! Lamentamos cualquier molestia ocasionada, ¿puedes contarnos lo sucedido? ^LC",Sun Nov 26 00:06:54 +0000 2017,116926,AmazonHelp,1,False,other,[],0,zero_match,other,
5300,5300,Just had my first @115821 Prime Now delivery. 2 hours flat 👏👏,Just had my first Prime Now delivery. 2 hours flat 👏👏,5299,@116929 Awesome! Enjoy! ^BL,Sun Nov 26 00:07:57 +0000 2017,116929,AmazonHelp,1,False,delivery_order_status,['delivery_order_status'],1,single_match,delivery_order_status,delivery_order_status
62303,62303,My @115821 packages have been “out for delivery” since 11am. Means I’m probably not going to get it today...,My packages have been “out for delivery” since 11am. Means I’m probably not going to get it today...,62301,@130272 Thank you for contacting us. We'd like to help is we can. Have we missed the delivery date on your confirmation e-mail? Please keep us posted. ^CC,Sun Nov 26 00:08:06 +0000 2017,130272,AmazonHelp,1,False,delivery_order_status,['delivery_order_status'],1,single_match,delivery_order_status,delivery_order_status
5296,5293,@AmazonHelp Solicitud (foto del estado de cuenta),Solicitud (foto del estado de cuenta),5292,@116926 Puedes también comunicarte a través del siguiente enlace de contacto para que se revise tu caso: https://t.co/hWMtJrYuBU    ^PC,Sun Nov 26 00:12:58 +0000 2017,116926,AmazonHelp,1,False,other,[],0,zero_match,other,
5291,5291,@115850 का एकाउंट परमानेंटली डिलीट कैसे करते है?,का एकाउंट परमानेंटली डिलीट कैसे करते है?,5289,@116925 Kindly reach out our support team here: https://t.co/TdDksLo6Mf for more details on account closure. ^MK,Sun Nov 26 00:13:20 +0000 2017,116925,AmazonHelp,1,True,other,[],0,zero_match,other,
5149,5149,@AmazonHelp Trying to get a friend's playlist on my Amazon music app but it keeps giving me the following message https://t.co/o6zINm6HBC,Trying to get a friend's playlist on my Amazon music app but it keeps giving me the following message,5148,@116919 Very strange! Is your friend able to replicate the issue on his app? You might also need to try uninstalling and reinstalling the app.  ^JP,Sun Nov 26 00:13:22 +0000 2017,116919,AmazonHelp,1,False,device_digital_content,['device_digital_content'],1,single_match,device_digital_content,device_digital_content
5282,5282,Okay amazon lost my package gr8,Okay amazon lost my package gr8,5280,"@116922 Oh no! I'm sorry to hear your order hasn't arrived! Have you had a chance to contact us about this issue? If so, what options were we able to provide? We want to make sure this issue has been resolved for you! ^BN",Sun Nov 26 00:15:17 +0000 2017,116922,AmazonHelp,1,False,delivery_order_status,['delivery_order_status'],1,single_match,delivery_order_status,delivery_order_status
5134,5134,@115821 still don't know if my order has shipped or not.. BUT at least I'm a good person! https://t.co/hzYEL3qL7r,still don't know if my order has shipped or not.. BUT at least I'm a good person!,5132,"@116915 I'm sorry for the frustration! We'd love to help but are unable to access your Amazon account via Twitter. You can view the latest tracking information for your order, including if it has shipped, here: https://t.co/Y5jpI9gRhE ^LR",Sun Nov 26 00:17:05 +0000 2017,116915,AmazonHelp,1,False,delivery_order_status,['delivery_order_status'],1,single_match,delivery_order_status,delivery_order_status
5131,5128,"@AmazonHelp AMZL US Tracking ID TBA566517950000 it says delivered to mail room, I checked the mail and the front offce, the driver listed 1 package, in that one package was my XLR cables...I'm missing the controller.","AMZL US Tracking ID TBA566517950000 it says delivered to mail room, I checked the mail and the front offce, the driver listed 1 package, in that one package was my XLR cables...I'm missing the controller.",5126,"@116914 I understand your frustration! Our team would like a chance to address this concern. At your convenience, include your details here: https://t.co/hKZOmv3DMU ^SJ",Sun Nov 26 00:17:31 +0000 2017,116914,AmazonHelp,1,False,delivery_order_status,['delivery_order_status'],1,single_match,delivery_order_status,delivery_order_status
4954,4954,"Got 2 packages delivered today from @115821 via their AMZL service. One package gets dumped at Leasing Office, which is not the address on package &amp; 1 package gets delivered to address on package, which is my apartment. 2 drivers, different results. I was home all day.","Got 2 packages delivered today from via their AMZL service. One package gets dumped at Leasing Office, which is not the address on package &amp; 1 package gets delivered to address on package, which is my apartment. 2 drivers, different results. I was home all day.",4953,@116876 I'm sorry for the frustration! We'd like to investigate and escalate this to the correct team. Please send us your details here: https://t.co/z3ZEuyUDXX ^JP,Sun Nov 26 00:17:44 +0000 2017,116876,AmazonHelp,1,False,delivery_order_status,['delivery_order_status'],1,single_match,delivery_order_status,delivery_order_status
5139,5139,Just ordered @115877. Let’s see what gets here first. My package from @115821 which has been “On It’s Way” since 1:22am or the food. #TheRaceIsOn,Just ordered . Let’s see what gets here first. My package from which has been “On It’s Way” since 1:22am or the food. #TheRaceIsOn,5138,@116917 I'm sorry for this wait. Has the tracking information on your order updated: https://t.co/Y5jpI9gRhE? Deliveries continue through to 8PM so please keep us in the loop on your order's arrival. Thank you. ^DO,Sun Nov 26 00:19:39 +0000 2017,116917,AmazonHelp,1,False,delivery_order_status,['delivery_order_status'],1,single_match,delivery_order_status,delivery_order_status
5119,5117,"@AmazonHelp I would like it replaced not refunded. But the sale is over, and doesn’t look like you have it in stock at the site. What are my other options?","I would like it replaced not refunded. But the sale is over, and doesn’t look like you have it in stock at the site. What are my other options?",5116,"@116912 Thanks for reaching back out to us! If your item is not eligible for replacement, you can still return the item for a full refund instead. You can view your replacement and/or return options here: https://t.co/TGLNUK2VHy ^BN",Sun Nov 26 00:21:42 +0000 2017,116912,AmazonHelp,1,False,refund_return,['refund_return'],1,single_match,refund_return,refund_return
43742,43737,@AmazonHelp I already did but no response,I already did but no response,43735,@125706 Was the order placed on Amazon.in or https://t.co/nUUp5MLhYl ? ^MK,Sun Nov 26 00:22:32 +0000 2017,125706,AmazonHelp,1,False,service_complaint,['service_complaint'],1,single_match,service_complaint,service_complaint
5134,5133,"@AmazonHelp No, I can't check. It shows nothing. And customer service rep was NO help.","No, I can't check. It shows nothing. And customer service rep was NO help.",5135,"@116915 If you would like to contact our support team via phone, please give us a call so we can review these details with you: 1-866-216-1072. ^WM",Sun Nov 26 00:26:52 +0000 2017,116915,AmazonHelp,1,False,service_complaint,['service_complaint'],1,single_match,service_complaint,service_complaint
43725,43725,"Thanks to Amazon's new, experimental, delivery-gig system, we just had yet another package chucked into our yard, left out in the open next to a city sidewalk. A city sidewalk, you dolts!!! Driver sped away. @115821 Prime members since 1995.","Thanks to Amazon's new, experimental, delivery-gig system, we just had yet another package chucked into our yard, left out in the open next to a city sidewalk. A city sidewalk, you dolts!!! Driver sped away. Prime members since 1995.",43723,"@125703 I'm sorry to hear your package was handled so poorly! We'd like to escalate this to our transportation department for you. With as much detail as you can, please provide your order information for us here: https://t.co/Z6okMgrlHS ^BV",Sun Nov 26 00:29:45 +0000 2017,125703,AmazonHelp,1,False,delivery_order_status,['delivery_order_status'],1,single_match,delivery_order_status,delivery_order_status
5285,5284,@AmazonHelp I’m looking to reroute all my packages (except 1) to a nearby Amazon locker. I’ll DM you now :),I’m looking to reroute all my packages (except 1) to a nearby Amazon locker. I’ll DM you now :),5286,@116923 Thanks for the information. We've responded to your DM. ^GG,Sun Nov 26 00:31:15 +0000 2017,116923,AmazonHelp,1,False,delivery_order_status,['delivery_order_status'],1,single_match,delivery_order_status,delivery_order_status
62389,62389,Amazonで毎回思うけどダンボールでかすぎだとおもうよ。 https://t.co/rJ0iIGj1J4,Amazonで毎回思うけどダンボールでかすぎだとおもうよ。,62388,"@130294 ツイート拝見させていただきました。Amazonです。
お届けした商品の梱包状態について適切ではないとお感じになられた場合は、今後の改善のため以下のリンクから「梱包についてのご意見」より感想やご意見をお送りください。https://t.co/KtF9HIYvh9 TY",Sun Nov 26 00:35:12 +0000 2017,130294,AmazonHelp,1,True,other,[],0,zero_match,other,
43706,43706,"@AmazonHelp Hi Amazon, do you have an e-mail address I could send an e-mail to regarding a return?","Hi Amazon, do you have an e-mail address I could send an e-mail to regarding a return?",43705,@125695 Thanks for reaching out to us! You can do returns here: https://t.co/Y5jpI9gRhE Please let us know if any other assistance is needed. ^MO,Sun Nov 26 00:39:15 +0000 2017,125695,AmazonHelp,1,False,other,[],0,zero_match,other,
43687,43687,@AmazonHelp what’s the chances of getting my package (same day delivery) by 9 when it hasn’t even been shipped? 😞 🤷🏼‍♀️,what’s the chances of getting my package (same day delivery) by 9 when it hasn’t even been shipped? 😞 🤷🏼‍♀️,43685,"@125690 I'm sorry it hasn't arrived! Typically, the cutoff time for Same-Day Delivery is noon, however, this may change depending on the product. What is the delivery date shown in the e-mail confirmation: https://t.co/L9Xapf1v25? ^SJ",Sun Nov 26 00:40:21 +0000 2017,125690,AmazonHelp,1,False,delivery_order_status,['delivery_order_status'],1,single_match,delivery_order_status,delivery_order_status
62420,62420,"朝からショックです！

amazonで購入したZEROGRAVITY のスクリーン を
取り付けようと開封したら割れとクラックが‼️

楽しみにしていただけに残念です‼️ https://t.co/0XesuJ2dtm",朝からショックです！ amazonで購入したZEROGRAVITY のスクリーン を 取り付けようと開封したら割れとクラックが‼️ 楽しみにしていただけに残念です‼️,62419,"@130300 商品に破損があり、ご迷惑をおかけしております。
交換（交換不可な場合は返品）にてご対応させて頂ければと存じます。お手数おかけしますが、お手続きお願いします。https://t.co/oikNO0Lhiv 
(出品者の発送商品の場合は出品者へお願いいたします→https://t.co/MtlmlvvBKB)TY",Sun Nov 26 00:41:48 +0000 2017,130300,AmazonHelp,1,False,other,[],0,zero_match,other,
43668,43663,"@AmazonHelp Foi pouco, mas valeu muito!","Foi pouco, mas valeu muito!",43661,@125688 Fala para a gente o que você comprou. Ficamos curiosos! 🎁😍 ^JJ,Sun Nov 26 00:44:29 +0000 2017,125688,AmazonHelp,1,False,other,[],0,zero_match,other,
43700,43700,"Just love it when @81 says they attempted an @115821 delivery to my place, yet I did not hear my door knock or receive a buzz on my intercom or get a phone call. Oh and no 'We Missed You' notice left. 

Thanks for trying....NOT.","Just love it when says they attempted an delivery to my place, yet I did not hear my door knock or receive a buzz on my intercom or get a phone call. Oh and no 'We Missed You' notice left. Thanks for trying....NOT.",43699,@125692 I'm so sorry for the trouble with your package delivery. Have you reached out to FedEx to discuss this delivery attempt? ^ST,Sun Nov 26 00:45:29 +0000 2017,125692,AmazonHelp,1,False,delivery_order_status,['delivery_order_status'],1,single_match,delivery_order_status,delivery_order_status
43646,43646,Heard a loud bang on the door of my 2nd-floor apartment. Went outside -- an @115821 delivery guy had thrown a package full of Christmas presents from the ground. He was taking a picture of our door (?). Said hello and ran off. I guess this is life after the retail apocalypse?,Heard a loud bang on the door of my 2nd-floor apartment. Went outside -- an delivery guy had thrown a package full of Christmas presents from the ground. He was taking a picture of our door (?). Said hello and ran off. I guess this is life after the retail apocalypse?,43645,@125683 Sorry for the disturbance. Richard! We'd like our team to look into this. Please provide us with your details here: https://t.co/vrsuSy7UjA ^JP,Sun Nov 26 00:51:02 +0000 2017,125683,AmazonHelp,1,False,delivery_order_status,['delivery_order_status'],1,single_match,delivery_order_status,delivery_order_status
43643,43643,"@AmazonHelp Does this mean my package won't be delivered today or will it, since I had paid for one day shipping? https://t.co/HIKm41JcyP","Does this mean my package won't be delivered today or will it, since I had paid for one day shipping?",43641,@125682 We always aim to meet the estimated delivery date provided. Have you received any updates regarding your order? Who is the carrier? You can check both here: https://t.co/Y5jpI9gRhE ^FD,Sun Nov 26 00:51:30 +0000 2017,125682,AmazonHelp,1,False,delivery_order_status,['delivery_order_status'],1,single_match,delivery_order_status,delivery_order_status
43637,43637,I’ve fucking moved and I still can’t get a package in time. This time the lazy @118706 said my mailbox is blocked. Total bullshit https://t.co/I8geIIy36F,I’ve fucking moved and I still can’t get a package in time. This time the lazy said my mailbox is blocked. Total bullshit,43636,@125680 I'm sorry for the trouble! We'd like to help if we can. Please reach out to us here so we can look into this together: https://t.co/hApLpMlfHN ^MO,Sun Nov 26 00:52:40 +0000 2017,125680,AmazonHelp,1,False,delivery_order_status,['delivery_order_status'],1,single_match,delivery_order_status,delivery_order_status
62415,62410,"@AmazonHelp siiim, tava querendo ele já faz anos 💕💕💕","siiim, tava querendo ele já faz anos 💕💕💕",62408,"@130298 Verô, você sabe qual deles vai ler primeiro?. 📚😍📚 ^NB",Sun Nov 26 00:56:41 +0000 2017,130298,AmazonHelp,1,False,other,[],0,zero_match,other,
62384,62379,"@AmazonHelp next day was shipped ground, and you refuse to reship","next day was shipped ground, and you refuse to reship",62377,@117946 I can certainly understand your frustration. Have we missed the guaranteed delivery date shown here: https://t.co/Y5jpI9gRhE? ^DW,Sun Nov 26 00:57:09 +0000 2017,117946,AmazonHelp,1,False,delivery_order_status,['delivery_order_status'],1,single_match,delivery_order_status,delivery_order_status
43643,43642,"@AmazonHelp Tracking ID = 936128__credit_card__ by USPS, and no email updates. The only thing I've gotten is what I sent in a screenshot. Thanks!","Tracking ID = 936128__credit_card__ by USPS, and no email updates. The only thing I've gotten is what I sent in a screenshot. Thanks!",43644,@125682 Mhm that is interesting! We would like to review your options in real-time. Please contact us via phone or chat here: https://t.co/hApLpMlfHN ^LS,Sun Nov 26 00:58:16 +0000 2017,125682,AmazonHelp,1,False,delivery_order_status,['delivery_order_status'],1,single_match,delivery_order_status,delivery_order_status
62308,62308,"Not sure what time you have @115821 but it's 8:00 and no delivery, which was guaranteed.","Not sure what time you have but it's 8:00 and no delivery, which was guaranteed.",62306,@130274 I'm sorry the order hasn't been delivered yet! What's the most recent tracking update on the order: https://t.co/Y5jpI9gRhE? Has a new delivery date been provided? ^EP,Sun Nov 26 01:01:22 +0000 2017,130274,AmazonHelp,1,False,delivery_order_status,['delivery_order_status'],1,single_match,delivery_order_status,delivery_order_status
62303,62299,@AmazonHelp It’s now 8:03. I’ve yet to see the packages that were promised by 8. The gps tracking says there is one delivery before mine. I️ LIVE LESS THAN 10 MILES FROM THE WAREHOUSE. Can I️ just pick them up there next time,It’s now 8:03. I’ve yet to see the packages that were promised by 8. The gps tracking says there is one delivery before mine. I️ LIVE LESS THAN 10 MILES FROM THE WAREHOUSE. Can I️ just pick them up there next time,62296,@130272 I'm sorry for this delay. Most late orders arrive the following business day. Please keep us updated on the delivery. We want to ensure it arrives. ^RR,Sun Nov 26 01:05:12 +0000 2017,130272,AmazonHelp,1,False,delivery_order_status,['delivery_order_status'],1,single_match,delivery_order_status,delivery_order_status
62303,62297,@AmazonHelp It has just arrived. This is not the first time something has been out for delivery all day only to be delivered the next day or very late.,It has just arrived. This is not the first time something has been out for delivery all day only to be delivered the next day or very late.,62300,"@130272 Thanks for the update, Lynn! I'm glad to hear your delivery has arrived! ^SW",Sun Nov 26 01:13:32 +0000 2017,130272,AmazonHelp,1,False,delivery_order_status,['delivery_order_status'],1,single_match,delivery_order_status,delivery_order_status
62308,62307,@AmazonHelp Within the last few minutes it has now changed to within the next 3 days. Pretty disappointing. Obviously someo5knew it wouldn't be on time well before the deadline. Should have notified me then. Could have made other plans/arrangements.,Within the last few minutes it has now changed to within the next 3 days. Pretty disappointing. Obviously someo5knew it wouldn't be on time well before the deadline. Should have notified me then. Could have made other plans/arrangements.,62309,@130274 I'm sorry for the disappointment. Please keep us updated on the delivery. ^RR,Sun Nov 26 01:21:07 +0000 2017,130274,AmazonHelp,1,False,other,[],0,zero_match,other,
62384,62378,"@AmazonHelp you will in 30 minutes.

But that's irrelevant.

It's showing that it shipped ground. That should be enough to reship.

But no.",you will in 30 minutes. But that's irrelevant. It's showing that it shipped ground. That should be enough to reship. But no.,62380,@117946 I'm sorry for any trouble! We don't have access to your account via Twitter. We'd like to help if we can. Please reach out to us here: https://t.co/hApLpMlfHN ^MO,Sun Nov 26 01:31:17 +0000 2017,117946,AmazonHelp,1,False,delivery_order_status,['delivery_order_status'],1,single_match,delivery_order_status,delivery_order_status
43742,43736,@AmazonHelp https://t.co/gu1CLsiExC,,43738,@125706 What were you advised from our email response ?  ^CR,Sun Nov 26 06:25:52 +0000 2017,125706,AmazonHelp,1,True,other,[],0,zero_match,other,
13165,13164,"@AmazonHelp After getting a confirmation that it will be delivered post 7 pm, i have got an email at 1:30 in the afternoon that i was not available !","After getting a confirmation that it will be delivered post 7 pm, i have got an email at 1:30 in the afternoon that i was not available !",13163,@118701 We're following up on this. We'll check this and update you. ^SG,Sun Oct 22 14:38:36 +0000 2017,118701,AmazonHelp,1,False,delivery_order_status,['delivery_order_status'],1,single_match,delivery_order_status,delivery_order_status
13165,13162,@AmazonHelp This has been the most frustrating and useless customer service ever.,This has been the most frustrating and useless customer service ever.,13161,"@118701 Sorry about the bad experience, Manak. I'll be sure to pass along your feedback internally. ^MS",Sun Oct 22 14:45:16 +0000 2017,118701,AmazonHelp,1,False,service_complaint,['service_complaint'],1,single_match,service_complaint,service_complaint
2540,2539,@116313 fire TV stickを購入したのですが一瞬しかうつりません.°(ಗдಗ。)°.どうしたらいいのでしょうか...,fire TV stickを購入したのですが一瞬しかうつりません.°(ಗдಗ。)°.どうしたらいいのでしょうか...,2538,@116312 アマゾンです。お困りの状況が特定できないのですが、エラーメッセージや画面の状況、操作方法など詳しい状況を教えていただけますか。ご利用端末はテレビですかPS4などのゲーム機でしょうか。ET,Sun Oct 29 08:50:17 +0000 2017,116312,AmazonHelp,1,False,device_digital_content,['device_digital_content'],1,single_match,device_digital_content,device_digital_content
35153,35153,You want BBC Radio 1? Alexa serves up BBC Radio Guernsey. Radio 2 - still Guernsey. Radio 3? Ditto. Amazon has 5000 people working on Echo… https://t.co/uJf1w1tpYF,You want BBC Radio 1? Alexa serves up BBC Radio Guernsey. Radio 2 - still Guernsey. Radio 3? Ditto. Amazon has 5000 people working on Echo…,35152,"@123654 Hi Stanley, we'd like to look into this for you. Please send us your details on this form: https://t.co/daqBYrjfiQ ^RS",Sun Oct 29 13:46:23 +0000 2017,123654,AmazonHelp,1,False,device_digital_content,['device_digital_content'],1,single_match,device_digital_content,device_digital_content
60259,60256,"@AmazonHelp Ahhh y la mensajería no lo entregó en mano, nomás lo aventó por encima del portón....","Ahhh y la mensajería no lo entregó en mano, nomás lo aventó por encima del portón....",60260,"@129775 Para reportar lo ocurrido en la entrega del paquete, entra en contacto con nuestro Servicio al Cliente https://t.co/beR78zMMYB ^CR",Thu Nov 02 01:08:01 +0000 2017,129775,AmazonHelp,2,False,other,[],0,zero_match,other,
58153,58159,"@AmazonHelp Everything went wrong in last 1 year.  Every genuine concern is ignored with a Blind Eye.  Seller Support, Escalation Support all failed.","Everything went wrong in last 1 year. Every genuine concern is ignored with a Blind Eye. Seller Support, Escalation Support all failed.",58160,@129201 We'd like to take a closer look into this. Please fill in this form: https://t.co/GIJyeYqKE0 and we'll look into it. ^SQ,Thu Nov 02 01:08:40 +0000 2017,129201,AmazonHelp,1,False,seller_marketplace,['seller_marketplace'],1,single_match,seller_marketplace,seller_marketplace
58153,58152,@AmazonHelp Seller Support is helpless &amp; we can only get template copy+paste replies from them. Genuine concerned are being ignored like Garbages,Seller Support is helpless &amp; we can only get template copy+paste replies from them. Genuine concerned are being ignored like Garbages,58154,@129201 I understand your concern. Request you to share your details in the link provided earlier and we'll help you with this. ^SQ,Thu Nov 02 01:17:07 +0000 2017,129201,AmazonHelp,1,False,seller_marketplace,['seller_marketplace'],1,single_match,seller_marketplace,seller_marketplace
56923,56917,"@AmazonHelp 1/2 Safe to say won't be delivered this evening How long do I have to wait? If I have to reorder which seems highly likely, Friday delivery","1/2 Safe to say won't be delivered this evening How long do I have to wait? If I have to reorder which seems highly likely, Friday delivery",56921,@128891 I'm sorry for this delay. We'd like to have someone look into this w/ you. Please contact us here: https://t.co/hApLpMlfHN ^HS,Thu Nov 02 01:40:09 +0000 2017,128891,AmazonHelp,1,False,delivery_order_status,['delivery_order_status'],1,single_match,delivery_order_status,delivery_order_status
41499,41498,@AmazonHelp My friend placed the order for me. He (Neil Dsouza) just filled the details in the redressal. Amazon's Jaya Pavani is looking into it.,My friend placed the order for me. He (Neil Dsouza) just filled the details in the redressal. Amazon's Jaya Pavani is looking into it.,41500,@125122 Do let us know if the issue still persists. Keep us posted. ^PS,Thu Nov 02 02:44:33 +0000 2017,125122,AmazonHelp,1,False,delivery_order_status,['delivery_order_status'],1,single_match,delivery_order_status,delivery_order_status
56872,56871,@AmazonHelp &amp; y is It so?,&amp; y is It so?,56873,@128885 the availability of the item to your pincode. 2/2 ^SH,Thu Nov 02 02:48:32 +0000 2017,128885,AmazonHelp,2,False,other,[],0,zero_match,other,
41499,41501,@AmazonHelp Would be great if we could talk about it. I'd like to get the missing part. Or else I may have to buy the whole thing again.,Would be great if we could talk about it. I'd like to get the missing part. Or else I may have to buy the whole thing again.,41502,@125122 here: https://t.co/GIJyeYqKE0 and I'll reach out. (2/2) ^KA,Thu Nov 02 02:50:41 +0000 2017,125122,AmazonHelp,2,False,other,[],0,zero_match,other,
18705,18697,@AmazonHelp U kindly refund the amount back .. I have sent back the product and I demand a refund for the same .never had such dissaponments wit amazon,U kindly refund the amount back .. I have sent back the product and I demand a refund for the same .never had such dissaponments wit amazon,18699,@120173 We've emailed a correspondence to you. Kindly check it here: https://t.co/8DAc10S7ww &amp; reply to it for further assistance.^SF,Thu Nov 02 03:16:48 +0000 2017,120173,AmazonHelp,1,False,refund_return,['refund_return'],1,single_match,refund_return,refund_return
56830,56829,@AmazonHelp why not help . us here? Your seller support is kind of dumb robots and not expecting any help or resolution from them! So better ans here.,why not help . us here? Your seller support is kind of dumb robots and not expecting any help or resolution from them! So better ans here.,56831,@128875 We're unable to access your account details over Twitter. Kindly share them on the link above and we'll contact you soon. ^PS,Thu Nov 02 04:13:54 +0000 2017,128875,AmazonHelp,1,False,seller_marketplace,['seller_marketplace'],1,single_match,seller_marketplace,seller_marketplace
51593,51595,@AmazonHelp Still no book 😔 https://t.co/5MSDjN3MPa,Still no book 😔,51596,"@127580 I'm sorry you haven't received your book yet, we appreciate your patience. Have you received any e-mail updates? ^EB",Thu Nov 02 04:35:22 +0000 2017,127580,AmazonHelp,1,False,other,[],0,zero_match,other,
56872,56885,@AmazonHelp Thank you very much for addressing my concern this short notice.,Thank you very much for addressing my concern this short notice.,56886,@128885 You're welcome! ^GK,Thu Nov 02 04:36:37 +0000 2017,128885,AmazonHelp,1,False,other,[],0,zero_match,other,
56830,56832,@AmazonHelp seller name: ECellStreet Global (India Division) Tell us what more you need?,seller name: ECellStreet Global (India Division) Tell us what more you need?,56833,@128875 our specific team once we receive your details here: https://t.co/GIJyeYqKE0 appreciate your understanding. 2/2 ^MJ,Thu Nov 02 05:06:42 +0000 2017,128875,AmazonHelp,2,False,seller_marketplace,['seller_marketplace'],1,single_match,seller_marketplace,seller_marketplace
30544,30527,@AmazonHelp How can the pick up be rescheduled again even before the pick up slot ? It was from 1-4 today and already have a SMS that it’s rescheduled,How can the pick up be rescheduled again even before the pick up slot ? It was from 1-4 today and already have a SMS that it’s rescheduled,30530,"@122720 In order to better assist you on this, please share your details here: https://t.co/GIJyeYqKE0. We'll contact you soon. ^PS",Thu Nov 02 06:20:55 +0000 2017,122720,AmazonHelp,1,False,delivery_order_status,['delivery_order_status'],1,single_match,delivery_order_status,delivery_order_status
35926,35907,@AmazonHelp How long would be this 12 hours wait #AmazonIndia? Is already 14 hours from your last tweet... Or clocks working differently at your end,How long would be this 12 hours wait #AmazonIndia? Is already 14 hours from your last tweet... Or clocks working differently at your end,35908,@123814 I'm sorry for the stretch. We're working on the issue and will reach out to you end of the day today. ^AP,Thu Nov 02 06:26:53 +0000 2017,123814,AmazonHelp,1,False,other,[],0,zero_match,other,
35926,35909,@AmazonHelp #AmazonIndia what would reaching out that to end of day would do..Better try to get this atleast delivered today. That would be more helpful,#AmazonIndia what would reaching out that to end of day would do..Better try to get this atleast delivered today. That would be more helpful,35910,@123814 email ID. Kindly check it here: https://t.co/8DAc10S7ww. 2/2 ^RS,Thu Nov 02 06:45:50 +0000 2017,123814,AmazonHelp,2,False,delivery_order_status,['delivery_order_status'],1,single_match,delivery_order_status,delivery_order_status
35926,35912,"@AmazonHelp #AmazonIndia few more lies from #aramex . Incorrect address, time restricted, office,.. 

Is home not an office address. Stop lying https://t.co/dHO3eweRco","#AmazonIndia few more lies from #aramex . Incorrect address, time restricted, office,.. Is home not an office address. Stop lying",35913,@123814 Kindly check the correspondence sent to your registered email and reply to it. We'll help you further. ^ZH,Thu Nov 02 07:08:42 +0000 2017,123814,AmazonHelp,1,False,other,[],0,zero_match,other,
35926,35914,"@AmazonHelp Yeah got your 'at the earliest' response.. 

Can't you give a 100% sure answer by talking to your courier partner. Is it that hard ¡¡ https://t.co/nH1ziAugRH",Yeah got your 'at the earliest' response.. Can't you give a 100% sure answer by talking to your courier partner. Is it that hard ¡¡,35915,@123814 We're currently working on your issue. We'll contact you with an update soon. Request you to wait for an update. ^ZH,Thu Nov 02 07:28:03 +0000 2017,123814,AmazonHelp,1,False,delivery_order_status,['delivery_order_status'],1,single_match,delivery_order_status,delivery_order_status
25863,25855,@AmazonHelp What is this ? Two days in a row it has gone to wrong courier facility ? No follow ups from amazon !! https://t.co/ixGAtTiBR0,What is this ? Two days in a row it has gone to wrong courier facility ? No follow ups from amazon !!,25857,"@121649 Sorry about that. I’d like to help you, please fill this form: https://t.co/beaaDm0muc and I’ll contact you soon. ^SY",Thu Nov 02 07:37:47 +0000 2017,121649,AmazonHelp,1,False,delivery_order_status,['delivery_order_status'],1,single_match,delivery_order_status,delivery_order_status
30544,30533,"@AmazonHelp so will the pickup, originally planned for today from 1-4 pm, actually happen or not?? I am more concerned abt that.","so will the pickup, originally planned for today from 1-4 pm, actually happen or not?? I am more concerned abt that.",30534,"@122720 Kindly wait, we'll be contacting you with an update soon. Appreciate your understanding. ^ZH",Thu Nov 02 07:40:21 +0000 2017,122720,AmazonHelp,1,False,delivery_order_status,['delivery_order_status'],1,single_match,delivery_order_status,delivery_order_status
21079,21078,"@AmazonHelp And he left it on the doorstep anyway, after creating merry hell","And he left it on the doorstep anyway, after creating merry hell",21080,@120614 Please reach out to us directly here: https://t.co/JzP7hlA23B and we can look into this. ^PK,Thu Nov 02 08:11:11 +0000 2017,120614,AmazonHelp,1,False,other,[],0,zero_match,other,
52254,52253,@AmazonHelp The form I filled out said that someone would call me within 12 hours. No one has rang...,The form I filled out said that someone would call me within 12 hours. No one has rang...,52255,"@127751 Hi, so that would normally be within 12 business hours, we'll be in touch soon ^AS",Thu Nov 02 08:54:27 +0000 2017,127751,AmazonHelp,1,False,service_complaint,['service_complaint'],1,single_match,service_complaint,service_complaint
33301,33303,@AmazonHelp My order is still not received. There is a huge problem in your delivery. This the 3rd day now. Being a prime member I am facing this. 😡😡😡,My order is still not received. There is a huge problem in your delivery. This the 3rd day now. Being a prime member I am facing this. 😡😡😡,33304,@123358 We have emailed you here: https://t.co/8DAc10S7ww Kindly check &amp; reply to it for further assistance. ^SY,Thu Nov 02 09:26:51 +0000 2017,123358,AmazonHelp,1,False,delivery_order_status,['delivery_order_status'],1,single_match,delivery_order_status,delivery_order_status
35845,35847,@AmazonHelp They said on he we site they tried to deliver at 853 last night.  Checked my video.  The delivery guy never showed.,They said on he we site they tried to deliver at 853 last night. Checked my video. The delivery guy never showed.,35848,@123811 Sorry to hear this - pls contact us so we can escalate to the carrier :  https://t.co/hApLpMlfHN ^TD,Thu Nov 02 09:43:45 +0000 2017,123811,AmazonHelp,1,False,delivery_order_status,['delivery_order_status'],1,single_match,delivery_order_status,delivery_order_status
15288,20471,@AmazonHelp You talked about the Gati courier about our order,You talked about the Gati courier about our order,20472,@119355 May I please know if you have filled your details through the link provided earlier? ^SH,Thu Nov 02 10:02:48 +0000 2017,119355,AmazonHelp,1,False,delivery_order_status,['delivery_order_status'],1,single_match,delivery_order_status,delivery_order_status
35926,35916,@AmazonHelp When will this soon of your arrive? Nearing end of day 3 without any real update or solution #Amazon #AmazonIndia #Flipkart,When will this soon of your arrive? Nearing end of day 3 without any real update or solution #Amazon #AmazonIndia #Flipkart,35917,@123814 Apologies for the ordeal. We'll get back to you as soon as we have an update. ^PS,Thu Nov 02 10:09:37 +0000 2017,123814,AmazonHelp,1,False,delivery_order_status,['delivery_order_status'],1,single_match,delivery_order_status,delivery_order_status
35845,35849,@AmazonHelp I have twice.  This will not fix a stupid driver who cannot read the address or instructions correctly.,I have twice. This will not fix a stupid driver who cannot read the address or instructions correctly.,35850,@123811 What was advised when you spoke with us directly? ^NV,Thu Nov 02 10:17:19 +0000 2017,123811,AmazonHelp,1,False,delivery_order_status,['delivery_order_status'],1,single_match,delivery_order_status,delivery_order_status
35926,35918,"@AmazonHelp I'm hearing since 3 days.yet to receive update .. 
 How can't you track and give an ETA on your own deliverance #AmazonIndia #Amazon",I'm hearing since 3 days.yet to receive update .. How can't you track and give an ETA on your own deliverance #AmazonIndia #Amazon,35919,"@123814 I assure you, we're truly sorry for the stretch. Our team will get back to you with an update surely. ^RS",Thu Nov 02 10:33:30 +0000 2017,123814,AmazonHelp,1,False,delivery_order_status,['delivery_order_status'],1,single_match,delivery_order_status,delivery_order_status
61035,61033,@AmazonHelp Can you find out if I’m getting my parcel today please?,Can you find out if I’m getting my parcel today please?,61036,@129967 What is the latest tracking scan? Have you reached out to the courier for an update on the current status or your parcel? ^AX,Thu Nov 02 11:25:35 +0000 2017,129967,AmazonHelp,1,False,delivery_order_status,['delivery_order_status'],1,single_match,delivery_order_status,delivery_order_status
35926,35922,@AmazonHelp No one intends on this.. However one reported than taking more than 3 days to resolve or even update.. Is bad customer service #AmazonIndia,No one intends on this.. However one reported than taking more than 3 days to resolve or even update.. Is bad customer service #AmazonIndia,35923,"@123814 I get your disappointment. As requested, please give us sometime to work and we'll get back to you with an update soon. ^NK",Thu Nov 02 11:31:26 +0000 2017,123814,AmazonHelp,1,False,service_complaint,['service_complaint'],1,single_match,service_complaint,service_complaint
61035,61037,@AmazonHelp I don’t know who the courier is. It says it’s coming today but it said that yesterday and the day before,I don’t know who the courier is. It says it’s coming today but it said that yesterday and the day before,61038,"@129967 As we're unable to view your account via Twitter,pls contact here:https://t.co/JzP7hlA23B so we can look into this.^KM",Thu Nov 02 11:31:26 +0000 2017,129967,AmazonHelp,1,False,delivery_order_status,['delivery_order_status'],1,single_match,delivery_order_status,delivery_order_status
25863,25858,@AmazonHelp Done. No contact yet.,Done. No contact yet.,25859,@121649 We haven't received your details yet. Kindly fill your details once again in the link provided earlier &amp; we'll get in touch. ^SY,Thu Nov 02 12:08:41 +0000 2017,121649,AmazonHelp,1,False,other,[],0,zero_match,other,
56898,56897,"@AmazonHelp The measure of a company, is how it responds when it gets it wrong. When @115830 cocks up, it rubs salt into any wounds it has opened.","The measure of a company, is how it responds when it gets it wrong. When cocks up, it rubs salt into any wounds it has opened.",56899,"@128888 We can't see account information on Twitter. So, without giving sensitive information, what options were you provided with? -DA",Thu Nov 02 12:10:19 +0000 2017,128888,AmazonHelp,1,False,other,[],0,zero_match,other,
18716,18718,@AmazonHelp I contacted customer support by chat&amp;was told to wait for 72 hrs while investigating.:/ This has happened to others for over a week though,I contacted customer support by chat&amp;was told to wait for 72 hrs while investigating.:/ This has happened to others for over a week though,18719,"@120175 Have you heard back about the investigation, yet? Please let us know! ^LB",Thu Nov 02 12:40:36 +0000 2017,120175,AmazonHelp,1,False,service_complaint,['service_complaint'],1,single_match,service_complaint,service_complaint
30544,30536,@AmazonHelp Who decided to not pick it up today? I had to reinitiate the pick up. Now it’s changed. I won’t plan it again. U better get this sorted.,Who decided to not pick it up today? I had to reinitiate the pick up. Now it’s changed. I won’t plan it again. U better get this sorted.,30541,@122720 My apologies about the delay. Request you to respond to the correspondence that was sent to you by our team for assistance.^NK,Thu Nov 02 13:09:02 +0000 2017,122720,AmazonHelp,1,False,delivery_order_status,['delivery_order_status'],1,single_match,delivery_order_status,delivery_order_status
56862,56861,@AmazonHelp I’ve called to customer service @115821 and they were very helpful and solved the situation to perfection. Thank you!,I’ve called to customer service and they were very helpful and solved the situation to perfection. Thank you!,56863,@128882 Thanks for the feedback! Glad we could provide awesome service for you! Be sure to fill out the survey sent to your e-mail! ^KN,Thu Nov 02 16:17:31 +0000 2017,128882,AmazonHelp,1,False,service_complaint,['service_complaint'],1,single_match,service_complaint,service_complaint
60232,60234,@AmazonHelp I can't watch prime content on a AMAZON product but i can sideload kodi and watch anything for free 🤔🤔🤔 Are you people for real.,I can't watch prime content on a AMAZON product but i can sideload kodi and watch anything for free 🤔🤔🤔 Are you people for real.,60235,@129772 You can see all compatible Amazon Video devices here: https://t.co/HyrAzF0NW9 ^AF,Thu Nov 02 17:43:24 +0000 2017,129772,AmazonHelp,1,False,other,[],0,zero_match,other,
60232,60237,"@AmazonHelp Cast to the firestick.
So can you tell me how im suppose to watch content on the tv?",Cast to the firestick. So can you tell me how im suppose to watch content on the tv?,60238,@129772 When you attempt to play Amazon Video on your Fire Stick what happens? Are you getting an error message? ^VS,Thu Nov 02 17:56:13 +0000 2017,129772,AmazonHelp,1,False,device_digital_content,['device_digital_content'],1,single_match,device_digital_content,device_digital_content
60232,60242,@AmazonHelp No im just seeing this on the firestick. I can play content on the mobile app but can no longer cast it to the firestick.,No im just seeing this on the firestick. I can play content on the mobile app but can no longer cast it to the firestick.,60243,@129772 I'm sorry. The video benefits included with an Amazon Prime membership are only available within the UK. ^WT,Thu Nov 02 19:55:56 +0000 2017,129772,AmazonHelp,1,False,device_digital_content,['device_digital_content'],1,single_match,device_digital_content,device_digital_content
33170,33172,"@AmazonHelp Thanks again for your reply. Fire TV won't show up in mirroring on my Android. Chromecast mirroring will work though, so the phone is ok","Thanks again for your reply. Fire TV won't show up in mirroring on my Android. Chromecast mirroring will work though, so the phone is ok",33173,"@123340 We'd like to troubleshoot this with you in real-time, please give us a call here: https://t.co/JzP7hlA23B ^CO",Thu Nov 02 19:56:44 +0000 2017,123340,AmazonHelp,1,False,device_digital_content,['device_digital_content'],1,single_match,device_digital_content,device_digital_content
60232,60245,@AmazonHelp Well how am i able to watch on my tablet or phone? And why are you advertising here? And why was i sold a firestick here that is no good,Well how am i able to watch on my tablet or phone? And why are you advertising here? And why was i sold a firestick here that is no good,60246,@129772 We'd like to look into this with you! Please be sure to reach out via phone or chat here: https://t.co/JzP7hlA23B ^MT,Thu Nov 02 20:21:37 +0000 2017,129772,AmazonHelp,1,False,device_digital_content,['device_digital_content'],1,single_match,device_digital_content,device_digital_content
35845,35851,@AmazonHelp they took additional details and verified my phone and still failed to deliver today.  I assume i need to stand out on the street waving.,they took additional details and verified my phone and still failed to deliver today. I assume i need to stand out on the street waving.,35852,@123811 Please give us a call: https://t.co/JzP7hlA23B to go over your available options. ^CO,Thu Nov 02 20:26:35 +0000 2017,123811,AmazonHelp,1,False,delivery_order_status,['delivery_order_status'],1,single_match,delivery_order_status,delivery_order_status
59559,59563,@AmazonHelp it's being investigated. I've tried to cancel and heard nothing else. Don't get how a gift card has taken this long! 😔,it's being investigated. I've tried to cancel and heard nothing else. Don't get how a gift card has taken this long! 😔,59564,@129586 I certainly understand! Were you given a time frame for when you're suppose to hear something again? ^HC,Thu Nov 02 20:49:28 +0000 2017,129586,AmazonHelp,1,False,payment_billing,['payment_billing'],1,single_match,payment_billing,payment_billing
16467,16466,@AmazonHelp The link didnt go to app instead asked me to buy movies :-) I am looking for those on Amazon prime. Search function said did not exist,The link didnt go to app instead asked me to buy movies :-) I am looking for those on Amazon prime. Search function said did not exist,16468,@119627 I'm sorry the link didn't work. You can view the list of Audio Descriptions by clicking here: https://t.co/M37Heh3Uak ^AY,Thu Nov 02 21:37:06 +0000 2017,119627,AmazonHelp,1,False,other,[],0,zero_match,other,
35147,35146,@AmazonHelp I am still waiting for the product to be picked up and refund,I am still waiting for the product to be picked up and refund,35148,@123653 Could you confirm if you've escalated this to our support team from the link provided earlier? ^SQ,Thu Nov 02 22:58:54 +0000 2017,123653,AmazonHelp,1,False,refund_return,['refund_return'],1,single_match,refund_return,refund_return
36582,36599,"@AmazonHelp #pathetic post sale service

@115850",#pathetic post sale service,36600,"@123971 That is quite a remark, Suryamani.  You must have received an email correspondence here: https://t.co/K40Gne7zUU. Please reply to the email sent for more information. ^KS",Thu Nov 09 17:09:23 +0000 2017,123971,AmazonHelp,1,False,service_complaint,['service_complaint'],1,single_match,service_complaint,service_complaint
35197,35203,"@AmazonHelp Bonjour, voici mon point quotidien pour signaler que nous sommes toujours dans le top 300 (et en promo radio quotidienne) et pas dans la bonne catégorie. D'autant plus frustrant que vu de l'extérieur, ça ressemble à un truc solvable en 30 secondes.","Bonjour, voici mon point quotidien pour signaler que nous sommes toujours dans le top 300 (et en promo radio quotidienne) et pas dans la bonne catégorie. D'autant plus frustrant que vu de l'extérieur, ça ressemble à un truc solvable en 30 secondes.",35204,"@123665 Bonjour, nous avons bien remonté cela, notre service en charge est en train de vérifier votre dossier et reviendra vers vous. 
^KE",Thu Nov 09 18:51:34 +0000 2017,123665,AmazonHelp,1,False,other,[],0,zero_match,other,
58203,58201,"@AmazonHelp Yes, products never delivered with promise time.","Yes, products never delivered with promise time.",58200,@129216 Sorry to know about the miss of estimates shared with you. Please reach us from here: https://t.co/rS49hgaADF we'll check your details and assist you further. ^SV,Thu Nov 23 01:24:26 +0000 2017,129216,AmazonHelp,1,False,delivery_order_status,['delivery_order_status'],1,single_match,delivery_order_status,delivery_order_status
58203,58199,"@AmazonHelp I checked and but there is no proper response, thing is if you are not delivering products with provided data and time in amazon.in why you are attracting customers by putting false time https://t.co/zw42buT5jH are cheating Customers.","I checked and but there is no proper response, thing is if you are not delivering products with provided data and time in amazon.in why you are attracting customers by putting false time are cheating Customers.",58198,@129216 Sorry about the miss of estimated delivery date. We never intended this delay. Please share your details here: https://t.co/GIJyeYqKE0 I'll reach out to you with further assistance. ^SV,Thu Nov 23 01:42:23 +0000 2017,129216,AmazonHelp,1,False,delivery_order_status,['delivery_order_status'],1,single_match,delivery_order_status,delivery_order_status
59143,59143,"アマゾンジャパン相談係から何か来ました。どうしようどうしよう(/_;)
#アマゾンジャパン相談係 #amazon
#詐欺メール https://t.co/P7qhZeYWlk",アマゾンジャパン相談係から何か来ました。どうしようどうしよう(/_;) #アマゾンジャパン相談係 #amazon #詐欺メール,59142,@129474 ご承知のとおり、残念ながら悪質な詐欺が増加しているようですので引き続きお気を付けください。https://t.co/st4oU5QbhP を装った詐欺と思われる連絡を受け取った際はこちらをご覧ください。→ https://t.co/AoZ8jWhYQl SK,Thu Nov 23 02:08:25 +0000 2017,129474,AmazonHelp,1,True,other,[],0,zero_match,other,
61007,61007,"仕事中にSMSでAmazonの登録料金未払いとかいうのが来たが、架空請求なんだね
初めて詐欺メール届いたわ",仕事中にSMSでAmazonの登録料金未払いとかいうのが来たが、架空請求なんだね 初めて詐欺メール届いたわ,61006,"@129962 アマゾンです。企業を装い個人情報を取得しようとする詐欺が発生しているようです。メールの識別方法についてのヘルプページがございますので、ご参照くださいませ。https://t.co/bb8fhhqpMr
なお、当サイトではSMSにてご請求をすることはございません。ET",Thu Nov 23 03:17:38 +0000 2017,129962,AmazonHelp,1,False,other,[],0,zero_match,other,
69267,69266,"@AmazonHelp yeah its on that episode of cheers but I tried another episode and it didn't appear to be there, maybe it's just that episode?","yeah its on that episode of cheers but I tried another episode and it didn't appear to be there, maybe it's just that episode?",69268,@131676 Can you tell us which Amazon site you have your account set up on? Is it https://t.co/AEq71cHRaJ etc? ^BZ,Thu Nov 23 06:37:21 +0000 2017,131676,AmazonHelp,1,False,other,[],0,zero_match,other,
69267,69269,"@AmazonHelp no, it's the main US version, and I'm accessing prime video on my Roku","no, it's the main US version, and I'm accessing prime video on my Roku",69270,@131676 Can I ask if you have tried this episode on any other device to see if the same issue occurs? ^KI,Thu Nov 23 06:58:25 +0000 2017,131676,AmazonHelp,1,False,device_digital_content,['device_digital_content'],1,single_match,device_digital_content,device_digital_content
71038,71038,デッキ2号のリモコンが壊れたので昨日アマゾンで頼んだらもう来たわー早いわー,デッキ2号のリモコンが壊れたので昨日アマゾンで頼んだらもう来たわー早いわー,71037,@131955 早いお届けが出来て良かったです( *´艸｀) Amazonをご利用いただきありがとうございました！ EK,Thu Nov 23 07:07:28 +0000 2017,131955,AmazonHelp,1,True,other,[],0,zero_match,other,
29472,29474,"@AmazonHelp watching the driver drive away from the delivery point for the third time, this is unbelievable! other Amazon drivers have been there hundreds of times.,","watching the driver drive away from the delivery point for the third time, this is unbelievable! other Amazon drivers have been there hundreds of times.,",29475,@122478 We want our team to investigate this further with you. Please reach out to us using this secure link: https://t.co/dgeFlnJ2hP ^GR,Thu Nov 23 18:13:06 +0000 2017,122478,AmazonHelp,1,False,delivery_order_status,['delivery_order_status'],1,single_match,delivery_order_status,delivery_order_status
71970,71970,"@115821 can't deliver prime packages in 2 days,  will take 5 days to get my prime order due to UPS","can't deliver prime packages in 2 days, will take 5 days to get my prime order due to UPS",71968,@132147 So sorry for the trouble! Have you received any e-mail regarding a delay? What does the current tracking indicate for your order? You can find this information here: https://t.co/Y5jpI9gRhE. ^VB,Thu Nov 30 02:53:29 +0000 2017,132147,AmazonHelp,1,False,delivery_order_status,['delivery_order_status'],1,single_match,delivery_order_status,delivery_order_status
74617,74617,@115821 where is my coffee pot? It was to be delivered Monday. Your cust svc said to be patient it would be delivered today.  3 days without coffee makes me irritable. #whypayforPrime #iwantcoffee,where is my coffee pot? It was to be delivered Monday. Your cust svc said to be patient it would be delivered today. 3 days without coffee makes me irritable. #whypayforPrime #iwantcoffee,74616,"@132709 We don't want you to miss out on your caffeinated cup of goodness! I'm so sorry for the delay, Michelle. When you reached out, what additional information did we provide? Have you been notified with an updated delivery date? ^JP",Thu Nov 30 03:20:45 +0000 2017,132709,AmazonHelp,1,False,delivery_order_status,['delivery_order_status'],1,single_match,delivery_order_status,delivery_order_status
64228,64222,"@AmazonHelp Your assistance cannot cannect me,
Can't cannect on costumer care. Facing so many problem,
Than I using social media platform, tell your assistant to contact me, on call or email","Your assistance cannot cannect me, Can't cannect on costumer care. Facing so many problem, Than I using social media platform, tell your assistant to contact me, on call or email",64221,@130737 Sorry to know that you're facing trouble in reaching out to our support team. Kindly drop in your details here: https://t.co/beaaDm0muc and we'll get back to you with an update at the earliest. ^EM,Thu Nov 30 05:32:21 +0000 2017,130737,AmazonHelp,1,False,service_complaint,['service_complaint'],1,single_match,service_complaint,service_complaint
65861,65861,I would love to know why a simple delivery of my @115821  package could not be made. It was supposed to arrive on the 26th. C'mon...,I would love to know why a simple delivery of my package could not be made. It was supposed to arrive on the 26th. C'mon...,65860,@131064 Sorry to hear it hasn't arrived yet. Which site did you purchase through? Amazon .com / .de / .co.uk? ^MI,Thu Nov 30 06:53:43 +0000 2017,131064,AmazonHelp,1,False,delivery_order_status,['delivery_order_status'],1,single_match,delivery_order_status,delivery_order_status
64228,64220,@AmazonHelp resolved my problrm as soon as problem @AmazonHelp,resolved my problrm as soon as problem,64219,"@130737 If you've filled in your details through the link provided earlier, please be assured our respective team will reach out to you at the earliest. ^PB",Thu Nov 30 07:01:39 +0000 2017,130737,AmazonHelp,1,False,other,[],0,zero_match,other,
67575,67567,@AmazonHelp Shows as ‘on its way’ and only having left carrier depot at 9.40pm this evening. Delivery is by Amazon Logistics. App still shows the delivery date as today but when I go through the support section of the app it tells me scheduled delivery is tomorrow (30th),Shows as ‘on its way’ and only having left carrier depot at 9.40pm this evening. Delivery is by Amazon Logistics. App still shows the delivery date as today but when I go through the support section of the app it tells me scheduled delivery is tomorrow (30th),67566,"@131427 Hi, If the parcel is not with you by the 30th, please do let us know Here are some safe place options if you are not available for the delivery: https://t.co/TwFGvxbNe6 ^CR",Thu Nov 30 07:01:56 +0000 2017,131427,AmazonHelp,1,False,delivery_order_status,['delivery_order_status'],1,single_match,delivery_order_status,delivery_order_status
64149,64149,"So many days yet no update. @AmazonHelp 
There are cases of fraud pick ups.
Guys be aware @130725 @130726 @17497 @130727 @115530 @130728 @115531 @115532 @130729 @115533 @130730 https://t.co/dLyuiAUNro",So many days yet no update. There are cases of fraud pick ups. Guys be aware,64148,"@130724 Please reply to the email received from our team. We will check and connect with you accordingly. Please don't provide your order details, as we consider it to be personal information. Our Twitter page is public.​ ^RW",Thu Nov 30 07:09:20 +0000 2017,130724,AmazonHelp,1,False,delivery_order_status,['delivery_order_status'],1,single_match,delivery_order_status,delivery_order_status
63899,63899,@122232 @AmazonHelp @115830 my parcel hasn't arrived even though DPD say it will be delivered yesterday... driver has clearly made a mistake and doesn't read requests to leave it either. Monday it was due. Nothing since.,my parcel hasn't arrived even though DPD say it will be delivered yesterday... driver has clearly made a mistake and doesn't read requests to leave it either. Monday it was due. Nothing since.,63898,@130677 Oh no! Sorry to hear this. What is the current status on your tracking? You can find this here: https://t.co/aaDyEz1VgE ^ES,Thu Nov 30 07:12:45 +0000 2017,130677,AmazonHelp,1,False,delivery_order_status,['delivery_order_status'],1,single_match,delivery_order_status,delivery_order_status
64182,64182,"@AmazonHelp Three days, and case still unresolved. It doesn't even seem your people ""get"" what the problem is. Escalate the case to tech or whatever to investigate where the missing credits went. Replied to A1OMV7KNFMOJF0 and barely managed to sound patient.","Three days, and case still unresolved. It doesn't even seem your people ""get"" what the problem is. Escalate the case to tech or whatever to investigate where the missing credits went. Replied to A1OMV7KNFMOJF0 and barely managed to sound patient.",64181,"@130733 Sorry to hear that, were you given a waiting time period? ^AS",Thu Nov 30 07:21:49 +0000 2017,130733,AmazonHelp,1,False,service_complaint,['service_complaint'],1,single_match,service_complaint,service_complaint
64214,64204,"@AmazonHelp Still waiting on a call back, my item is saying delivered AGAIN when it hasn’t arrived, this is the 2nd time. It’s beyond ridiculous now! Last time it was delivered at 11:45pm now at 10:42pm, both outside of amazon delivery hours with no signature. Any chance of somebody calling? https://t.co/Ndp4Ane34x","Still waiting on a call back, my item is saying delivered AGAIN when it hasn’t arrived, this is the 2nd time. It’s beyond ridiculous now! Last time it was delivered at 11:45pm now at 10:42pm, both outside of amazon delivery hours with no signature. Any chance of somebody calling?",64203,"@130736 Can I ask, have you checked your spam/junk folder? Our email response may have been directed here.^GA",Thu Nov 30 07:27:02 +0000 2017,130736,AmazonHelp,1,False,delivery_order_status,['delivery_order_status'],1,single_match,delivery_order_status,delivery_order_status
64182,64180,"@AmazonHelp No. I was assured by CS via chat credit would appear in 5 or so hrs. I just waited longer in case. Yet I'm still being given the ""these gift order #s have been redeemed"" when nope, still not in my account either as ebooks or credit.","No. I was assured by CS via chat credit would appear in 5 or so hrs. I just waited longer in case. Yet I'm still being given the ""these gift order #s have been redeemed"" when nope, still not in my account either as ebooks or credit.",64179,@130733 Can I ask which site you are using? Amazon .com / .co.uk / .de etc? ^MI,Thu Nov 30 07:29:16 +0000 2017,130733,AmazonHelp,1,False,other,[],0,zero_match,other,
64184,64184,"Got the signed copy today .... Very excited .... @3709 thnx @115850 ""the boy with a broken heart"" https://t.co/a7vX1k2Wjr","Got the signed copy today .... Very excited .... thnx ""the boy with a broken heart""",64183,"@130734 After all, the antidote to heartache is love. Happy reading! ^KA",Thu Nov 30 07:32:33 +0000 2017,130734,AmazonHelp,1,False,item_quality_issue,['item_quality_issue'],1,single_match,item_quality_issue,item_quality_issue
69821,69819,@AmazonHelp You're customer experience team is not solving The problem. They Said they have no solution. I am preparing video for YouTube/ Facebook/ instagram . If I don't get replacement I will create awareness on weekends to entire India,You're customer experience team is not solving The problem. They Said they have no solution. I am preparing video for YouTube/ Facebook/ instagram . If I don't get replacement I will create awareness on weekends to entire India,69818,@131812 I'm sorry to know that the resolution provided wasn't as you expected. Kindly respond to the email sent to you by the Social Media team and we'll take this up further. Appreciate your understanding. ^EM,Thu Nov 30 07:33:24 +0000 2017,131812,AmazonHelp,1,False,refund_return,['refund_return'],1,single_match,refund_return,refund_return
63968,63968,First time @14249 has failed me with the 2-day delivery in over 4 years. Sad 😞,First time has failed me with the 2-day delivery in over 4 years. Sad 😞,63967,@130692 Sorry to hear that. Without giving out personal info please let us know what happened? ^RS,Thu Nov 30 07:33:42 +0000 2017,130692,AmazonHelp,1,False,delivery_order_status,['delivery_order_status'],1,single_match,delivery_order_status,delivery_order_status
64214,64202,"@AmazonHelp The form/link I was sent was my details for somebody to call me back, I’ve never given my email. Is there a number for a call centre in England I can ring? Or can you arrange for somebody to call me.","The form/link I was sent was my details for somebody to call me back, I’ve never given my email. Is there a number for a call centre in England I can ring? Or can you arrange for somebody to call me.",64201,"@130736 Can I ask, can you click on the link from your post yesterday and fill out your details again but ask can you receive a callback from us? You can use the following link to reach out to our customer service team if you would prefer: https://t.co/hApLpMlfHN.^GA",Thu Nov 30 07:36:20 +0000 2017,130736,AmazonHelp,1,False,service_complaint,['service_complaint'],1,single_match,service_complaint,service_complaint
64096,64096,"@AmazonHelp Hi Amazon, I signed up this week and placed an order. Now when I try sign in, it says my email isn't registered? Please help!","Hi Amazon, I signed up this week and placed an order. Now when I try sign in, it says my email isn't registered? Please help!",64095,@130714 Oh no! Sorry to hear this. When you signed up a week ago did you receive an email from us?^ES,Thu Nov 30 07:39:35 +0000 2017,130714,AmazonHelp,1,False,account_access,['account_access'],1,single_match,account_access,account_access
64228,64217,"@AmazonHelp contact me on phone number, as soon as possible","contact me on phone number, as soon as possible",64215,"@130737 We've received your details. Our team is currently looking into this, they'll reach out to you with an update anytime soon. Appreciate your patience and understanding. ^EM",Thu Nov 30 07:40:16 +0000 2017,130737,AmazonHelp,1,False,service_complaint,['service_complaint'],1,single_match,service_complaint,service_complaint
64037,64034,@130703 @115830 And this is how amazon deal with a request to close down an account. To bombard you with calls at half six in the morning https://t.co/l9HtnvkW67,And this is how amazon deal with a request to close down an account. To bombard you with calls at half six in the morning,64033,"@130702 Hi Peter, I'm sorry to hear about the calls so early. Did you request a call back via the website or had you emailed us about closing your account? Unfortunately in order to close an account we do need to speak to the account holder for security reason. ^MI",Thu Nov 30 07:41:28 +0000 2017,130702,AmazonHelp,1,False,other,[],0,zero_match,other,
64214,64193,@AmazonHelp Also the link you have gave me is for America not the UK so my order isn’t showing.,Also the link you have gave me is for America not the UK so my order isn’t showing.,64191,@130736 Sorry about the incorrect link. You can contact Amazon UK here:  https://t.co/JzP7hlA23B. ^MI,Thu Nov 30 07:44:23 +0000 2017,130736,AmazonHelp,1,False,delivery_order_status,['delivery_order_status'],1,single_match,delivery_order_status,delivery_order_status
64149,64144,@AmazonHelp I have given the reply for the 6th time now,I have given the reply for the 6th time now,64142,"@130724 I certainly understand the trouble regarding your concern. Sorry for the stretch. But as this is a social media platform we can't help you with the information here. Hence, kindly reply to our correspondence to assist you further. ^HR",Thu Nov 30 07:46:18 +0000 2017,130724,AmazonHelp,1,False,other,[],0,zero_match,other,
63899,63897,"@AmazonHelp Tracking is wrong.
Got hourly window, didn't arrive.
Put request on website to leave in safe place that day but apparently 'attempts delivery' and no one was in AND left invisible calling card.
Doesn't arrive Tuesday
Says on @122232 dpdarriving Wednesday 29th
Still not here","Tracking is wrong. Got hourly window, didn't arrive. Put request on website to leave in safe place that day but apparently 'attempts delivery' and no one was in AND left invisible calling card. Doesn't arrive Tuesday Says on dpdarriving Wednesday 29th Still not here",63896,@130677 I'm sorry to hear about the delay and that your safe place was not followed. Unfortunately if you only added the safe place on the day of the attempt it may not have updated to the carrier in time. I know its wrong but what does the tracking on your order say? ^MI,Thu Nov 30 07:46:31 +0000 2017,130677,AmazonHelp,1,False,delivery_order_status,['delivery_order_status'],1,single_match,delivery_order_status,delivery_order_status
63856,63855,@130671 That's how @115830 delivered a parcel to us yesterday. Not impressed.,That's how delivered a parcel to us yesterday. Not impressed.,63854,@130670 I'm sorry to hear about the poor experience. Have you contacted us directly about this? What was advised? ^MI,Thu Nov 30 07:46:48 +0000 2017,130670,AmazonHelp,1,False,delivery_order_status,['delivery_order_status'],1,single_match,delivery_order_status,delivery_order_status
64064,64062,@AmazonHelp They told me to wait 5 business days to investigate and another 5 days for the refund..what a joke..wasted so much of my time and energy...atleast i should get some compensation,They told me to wait 5 business days to investigate and another 5 days for the refund..what a joke..wasted so much of my time and energy...atleast i should get some compensation,64061,"@130706 Sorry for the stretch in investigating your concern. We do not have any compensation policy, but I shall forward this as a feedback to the concerned teams for review to make sure this isn't repeated. Appreciate your understanding. ^HR",Thu Nov 30 07:49:01 +0000 2017,130706,AmazonHelp,1,False,refund_return,['refund_return'],1,single_match,refund_return,refund_return
64072,64072,"@AmazonHelp @115821 your customer service agents try but can’t solve real problems. I have regular issues with Amazon and no one ever does anything different. As a long time prime member, I don’t feel valued at all nor do I get “prime” service. Want someone higher up to hear me.","your customer service agents try but can’t solve real problems. I have regular issues with Amazon and no one ever does anything different. As a long time prime member, I don’t feel valued at all nor do I get “prime” service. Want someone higher up to hear me.",64071,@130707 Sorry to hear that. Without giving out personal info please let us know what happened? ^RS,Thu Nov 30 07:49:32 +0000 2017,130707,AmazonHelp,1,False,service_complaint,['service_complaint'],1,single_match,service_complaint,service_complaint
64173,64167,"@AmazonHelp There is no contact establish by ur customer care.
I don't expect this form @AmazonHelp .",There is no contact establish by ur customer care. I don't expect this form .,64165,@130732 If you have shared your details through the link provided earlier. You must have received a correspondence here: https://t.co/9OllYTGo3U kindly check. ^SY,Thu Nov 30 07:51:18 +0000 2017,130732,AmazonHelp,1,False,service_complaint,['service_complaint'],1,single_match,service_complaint,service_complaint
63871,63871,Disappointing from @115830 had parcel out for delivery for 2 days. No idea if it will actually arrive this week.,Disappointing from had parcel out for delivery for 2 days. No idea if it will actually arrive this week.,63870,@130674 Oh no! Sorry to hear. What delivery date were you given in your order confirmation email?ES,Thu Nov 30 07:51:48 +0000 2017,130674,AmazonHelp,1,False,delivery_order_status,['delivery_order_status'],1,single_match,delivery_order_status,delivery_order_status
64135,64135,アマゾンから支払い番号のメール来んやんけ,アマゾンから支払い番号のメール来んやんけ,64134,@130720 お待たせしております。お支払い番号は、出荷準備が開始される段階で発行されるため、発行のタイミングは商品によって異なります。https://t.co/w7pekJAmOO  ご心配をおかけして申し訳ございませんが、発行まで今しばらくお待ちください。RI,Thu Nov 30 07:52:11 +0000 2017,130720,AmazonHelp,1,True,other,[],0,zero_match,other,
64072,64070,@AmazonHelp It’s a looooong story. It just feels like Amazon could be doing simpler things to help Prime members but instead offers things that just add to the frustration. My specific issue tonight won’t fit in 280 characters. If you want to DM or call me I’d love to discuss.,It’s a looooong story. It just feels like Amazon could be doing simpler things to help Prime members but instead offers things that just add to the frustration. My specific issue tonight won’t fit in 280 characters. If you want to DM or call me I’d love to discuss.,64069,@130707 Hi Wes. You can get in touch with us and voice your concerns via this link: https://t.co/hApLpMlfHN. ^DC,Thu Nov 30 07:56:59 +0000 2017,130707,AmazonHelp,1,False,service_complaint,['service_complaint'],1,single_match,service_complaint,service_complaint
63856,63853,"@AmazonHelp Just get your delivery team to try attracting customers attention by door bell or knocking. I was in. Package found behind a bin. Only found as it was bin day here!
Had it been raining the items would have been soaked.",Just get your delivery team to try attracting customers attention by door bell or knocking. I was in. Package found behind a bin. Only found as it was bin day here! Had it been raining the items would have been soaked.,63852,@130670 Sorry to hear this. Who was the carrier that delivered your order? Were there any issues with the items in your order?^ES,Thu Nov 30 07:57:49 +0000 2017,130670,AmazonHelp,1,False,delivery_order_status,['delivery_order_status'],1,single_match,delivery_order_status,delivery_order_status
64114,64105,"@AmazonHelp Morning, still no sign of my package","Morning, still no sign of my package",64104,@130716 Sorry to hear this. Can you contact us here:  https://t.co/JzP7hlA23B so we can take a look at what options we have? ^MI,Thu Nov 30 07:59:35 +0000 2017,130716,AmazonHelp,1,False,delivery_order_status,['delivery_order_status'],1,single_match,delivery_order_status,delivery_order_status
64088,64086,"@130712 @130713 @1445 Damn, love these. But amazon screwed up my order and now I got the orange. ☹️ https://t.co/i9DNqQOtKs","Damn, love these. But amazon screwed up my order and now I got the orange. ☹️",64084,"@130711 Hi Michael, sorry to hear about this. You can organise a return for the item at our Online Returns Centre: http:https://t.co/DLe9KUYAqA. ^PJ",Thu Nov 30 08:00:30 +0000 2017,130711,AmazonHelp,1,False,delivery_order_status,['delivery_order_status'],1,single_match,delivery_order_status,delivery_order_status
63968,63966,"@AmazonHelp 3 packages, one arrived a day early, other arrived on time, last one appeared to be “on track” but then I was updated saying that it was brought back to UPS warehouse which makes no sense since they had it out for delivery.","3 packages, one arrived a day early, other arrived on time, last one appeared to be “on track” but then I was updated saying that it was brought back to UPS warehouse which makes no sense since they had it out for delivery.",63965,@130692 Hi Efrain! There are many reasons why a carrier would return a parcel. You can find info here: https://t.co/uIAHM0EXnw.^CN,Thu Nov 30 08:01:04 +0000 2017,130692,AmazonHelp,1,False,delivery_order_status,['delivery_order_status'],1,single_match,delivery_order_status,delivery_order_status
64037,64032,@AmazonHelp Up until now I had been a great advocate for your company. Now I don’t want to have anything to do with you. And I was always told that your support was top notch.,Up until now I had been a great advocate for your company. Now I don’t want to have anything to do with you. And I was always told that your support was top notch.,64031,@130702 I am sorry to hear this Peter. Can you please reach out to us using the following link so we can take action on this for you:https://t.co/JzP7hlA23B.^GA,Thu Nov 30 08:01:07 +0000 2017,130702,AmazonHelp,1,False,other,[],0,zero_match,other,
64119,64119,@AmazonHelp since when did you start charging return postage??,since when did you start charging return postage??,64118,@130717 Hi Sarah! What was the reason for return?^CN,Thu Nov 30 08:02:11 +0000 2017,130717,AmazonHelp,1,False,payment_billing,['payment_billing'],1,single_match,payment_billing,payment_billing
64138,64138,"@3710 y'all are incredibly late with delivering my large order. 3 days late, I called today and they said it's still not even out for delivery. Their excuse? It was black Friday, we're busy. You actually suck for using that excuse. @115821 this is on you too.","y'all are incredibly late with delivering my large order. 3 days late, I called today and they said it's still not even out for delivery. Their excuse? It was black Friday, we're busy. You actually suck for using that excuse. this is on you too.",64136,"@130721 Hello, I am sorry to hear about the delay. Have you been provided a delivery date for your items? ^CR",Thu Nov 30 08:02:31 +0000 2017,130721,AmazonHelp,1,False,delivery_order_status,['delivery_order_status'],1,single_match,delivery_order_status,delivery_order_status
63929,63929,"Someone's trying to get into my amazon account, but when @115830 send the confirmation code, there's no way to tell them it wasn't asked for.","Someone's trying to get into my amazon account, but when send the confirmation code, there's no way to tell them it wasn't asked for.",63928,"@130685 Hello, I am sorry to hear about the issues occurring with your account. Please reach out to us directly so we may look into this for you: https://t.co/JzP7hlA23B ^CR",Thu Nov 30 08:04:11 +0000 2017,130685,AmazonHelp,1,False,other,[],0,zero_match,other,
64078,64078,@116928 como se hace para no recibir mas paquetes de amazon de un servicio de mensajería concreto? porque lo de @130709 es una vergüenza.,como se hace para no recibir mas paquetes de amazon de un servicio de mensajería concreto? porque lo de es una vergüenza.,64076,"@130708 ¡Hola Andrés! Lamento los problemas ocasionados con las entregas de ASM en tu código postal, en este caso no es posible elegir un transportista en concreto sin embargo es importante que nos brindes este tipo de información para evaluar las entregas. ^JL",Thu Nov 30 08:05:15 +0000 2017,130708,AmazonHelp,1,False,other,[],0,zero_match,other,
63826,63938,"@AmazonHelp filled the form and got this message 
Your message has been sent. We will contact you within 12 business hours, 7 days a week 10:00 to 19:00 IST.
12 days you need to solve this issue
what the hell it is team","filled the form and got this message Your message has been sent. We will contact you within 12 business hours, 7 days a week 10:00 to 19:00 IST. 12 days you need to solve this issue what the hell it is team",63936,@130667 Please confirm if you have provided the details shared earlier by 'SC' and we'll look into your concern at the earliest. ^SF,Thu Nov 30 08:05:34 +0000 2017,130667,AmazonHelp,1,False,other,[],0,zero_match,other,
63906,63906,Why is @116618 showing AV_MOBILE_IOS_DETAILS_AIRDATE_WITH_COLON everywhere? Did you guys get hacked? @115850 @115851 https://t.co/Tw9THtkiTP,Why is showing AV_MOBILE_IOS_DETAILS_AIRDATE_WITH_COLON everywhere? Did you guys get hacked?,63904,@130679 I'm sorry for that error. Our application is safe. Please try reinstalling it. ^RW,Thu Nov 30 08:05:37 +0000 2017,130679,AmazonHelp,1,False,account_access,['account_access'],1,single_match,account_access,account_access
64096,64092,"@AmazonHelp Not that I can find, but the payment is taken from my account? Can I DM you my email address?","Not that I can find, but the payment is taken from my account? Can I DM you my email address?",64091,"@130714 We cannot check accounts here, Sam. Can I ask has our emails been directed to your spam/junk folder please?^GA",Thu Nov 30 08:06:06 +0000 2017,130714,AmazonHelp,1,False,other,[],0,zero_match,other,
63871,63869,@AmazonHelp Tuesday. Has been out twice for delivery. 1 is unlucky 2 is careless,Tuesday. Has been out twice for delivery. 1 is unlucky 2 is careless,63868,@130674 Have there been any further updates on the tracking for your order?^PJ,Thu Nov 30 08:06:47 +0000 2017,130674,AmazonHelp,1,False,delivery_order_status,['delivery_order_status'],1,single_match,delivery_order_status,delivery_order_status
63920,63920,@116316 why do I even pay for prime when all my delivery dates get postponed ON the day of delivery anyways? 🙃 #fail,why do I even pay for prime when all my delivery dates get postponed ON the day of delivery anyways? 🙃 #fail,63919,@130682 This is not how it should be :( Did you contact our customer service in order to check why the orders are late? https://t.co/Su5eCHNYlH ^AV,Thu Nov 30 08:07:15 +0000 2017,130682,AmazonHelp,1,False,delivery_order_status,['delivery_order_status'],1,single_match,delivery_order_status,delivery_order_status
64026,64024,"@130701 Ah ma su @120540 
Se non dovessi regalar la domenica l’avrei rispedita indietro",Ah ma su Se non dovessi regalar la domenica l’avrei rispedita indietro,64023,@130700 Ti suggerisco di segnalare l'accaduto al nostro Servizio Clienti da qui: https://t.co/7KeFKgeoSa. I miei colleghi sono a tua completa disposizione. A presto! ^MZ,Thu Nov 30 08:07:18 +0000 2017,130700,AmazonHelp,1,False,other,[],0,zero_match,other,
63826,63935,"@AmazonHelp i am ok with the information 
have filled the form
please call asap now and solve this matter",i am ok with the information have filled the form please call asap now and solve this matter,63933,@130667 Thanks for the update. Our teams will reach out to you soon. ^VM,Thu Nov 30 08:07:24 +0000 2017,130667,AmazonHelp,1,False,other,[],0,zero_match,other,
63968,63964,@AmazonHelp I forgot to mention that all 3 packages were from the same purchase order so I fail to see how any of these would apply since I’ve received 2/3 already.,I forgot to mention that all 3 packages were from the same purchase order so I fail to see how any of these would apply since I’ve received 2/3 already.,63962,"@130692 Hi Efrain, as the items from the same order were shipped separately it could have been delayed due a number of reasons. What does the current tracking info say? You can find the tracking info here:  https://t.co/Y5jpI9gRhE. ^MI",Thu Nov 30 08:11:22 +0000 2017,130692,AmazonHelp,1,False,delivery_order_status,['delivery_order_status'],1,single_match,delivery_order_status,delivery_order_status
63971,63971,Thanks @115830 for delivering my son's main Christmas present with no box or other form of cover. He now knows what he's getting - and that it won't come from Father Christmas,Thanks for delivering my son's main Christmas present with no box or other form of cover. He now knows what he's getting - and that it won't come from Father Christmas,63969,@130693 I'm sorry to hear of this. Was this item sold directly by Amazon or from one of our Marketplace Sellers? ^KI,Thu Nov 30 08:11:26 +0000 2017,130693,AmazonHelp,1,False,delivery_order_status,['delivery_order_status'],1,single_match,delivery_order_status,delivery_order_status
64072,64067,@AmazonHelp Right. I’ve been through this over and over again via chat and phone customer service agents. Nothing changes and I never have my actual issue solved; which is how Amazon handles problems. That support system isn’t designed to help beyond apologizing and issuing credits.,Right. I’ve been through this over and over again via chat and phone customer service agents. Nothing changes and I never have my actual issue solved; which is how Amazon handles problems. That support system isn’t designed to help beyond apologizing and issuing credits.,64065,"@130707 I am sorry to hear this Wes. Without giving us sensive account info, please explain the issue to us so we can assist you further.^GA",Thu Nov 30 08:12:44 +0000 2017,130707,AmazonHelp,1,False,service_complaint,['service_complaint'],1,single_match,service_complaint,service_complaint
63944,63944,"@116316 @115821 @115830 #amazontheft Thanks for nothing. Now I get to try and find my kids gifts somewhere else. Never again with amazon. 2 orders lost, surprisingly items 'sold' by amazon. others showed. Tell your couriers to stop stealing from kids.","#amazontheft Thanks for nothing. Now I get to try and find my kids gifts somewhere else. Never again with amazon. 2 orders lost, surprisingly items 'sold' by amazon. others showed. Tell your couriers to stop stealing from kids.",63943,"@130689 Hello, we would like to help. Which site have you used to make your purchase ? Has your parcel been lost ? ^CR",Thu Nov 30 08:17:08 +0000 2017,130689,AmazonHelp,1,False,delivery_order_status,['delivery_order_status'],1,single_match,delivery_order_status,delivery_order_status
63911,63911,"@AmazonHelp bonjour, je souhaiterai savoir si mes commandes seront envoyées, aucune information, ne bouge, d'habitude je reçois en 3j et là le suivi me dit la même chose depuis 3j, ''en préparation''","bonjour, je souhaiterai savoir si mes commandes seront envoyées, aucune information, ne bouge, d'habitude je reçois en 3j et là le suivi me dit la même chose depuis 3j, ''en préparation''",63909,"@130680 Bonjour, je suis désolée pour cela. Quelle est la date de livraison estimée SVP ? ^SM",Thu Nov 30 08:18:21 +0000 2017,130680,AmazonHelp,1,False,other,[],0,zero_match,other,
63899,63895,@AmazonHelp Says rescheduled when it wasn't. I just updated a safe place as my hour window was not met on Monday. Now it's nowhere to be seen. Even @122232 said delivery for yesterday and nothing. https://t.co/yahZHLp8jq,Says rescheduled when it wasn't. I just updated a safe place as my hour window was not met on Monday. Now it's nowhere to be seen. Even said delivery for yesterday and nothing.,63893,"@130677 Hi Danny. Can you contact us directly regarding this via the below link, we can look into this further for you.  https://t.co/JzP7hlA23B Thank you. ^NV",Thu Nov 30 08:19:31 +0000 2017,130677,AmazonHelp,1,False,delivery_order_status,['delivery_order_status'],1,single_match,delivery_order_status,delivery_order_status
63871,63866,"@AmazonHelp It might be delivered today, same the previous two days. In over 10 years of buying from you this has never happened. Doesn't look good coming up to Christmas","It might be delivered today, same the previous two days. In over 10 years of buying from you this has never happened. Doesn't look good coming up to Christmas",63864,"@130674 I am sorry to hear this. Can I ask, have you been updated via email as to why this order has been delayed? Please check your spam/junk folder because our emails may have been directed there.^GA",Thu Nov 30 08:21:08 +0000 2017,130674,AmazonHelp,1,False,delivery_order_status,['delivery_order_status'],1,single_match,delivery_order_status,delivery_order_status
63903,63901,@AmazonHelp It was delivered by amazon itself. How do I report it on the app? I seem to get lost in an endless loop when I go via that link,It was delivered by amazon itself. How do I report it on the app? I seem to get lost in an endless loop when I go via that link,63900,"@130678 Sorry Joanne, that link was for tips locating orders scanned as delivered. You can contact us directly here: https://t.co/JzP7hlA23B so we can take a look. ^MI",Thu Nov 30 08:21:54 +0000 2017,130678,AmazonHelp,1,False,delivery_order_status,['delivery_order_status'],1,single_match,delivery_order_status,delivery_order_status
64056,64039,"@AmazonHelp Yes, but I also received a new (incorrect) delivery date on Monday. I spent a few hours on the phone with UPS today, maybe tomorrow will be different.

I'm not concerned with the delay itself, I am with the inaccuracy. Don't call it an guarantee if it's gonna take 2x as long.","Yes, but I also received a new (incorrect) delivery date on Monday. I spent a few hours on the phone with UPS today, maybe tomorrow will be different. I'm not concerned with the delay itself, I am with the inaccuracy. Don't call it an guarantee if it's gonna take 2x as long.",64041,@130704 Thanks for keeping us informed. Please keep us posted about the delivery tomorrow and let us know if there are any further issues.^PJ,Thu Nov 30 08:23:52 +0000 2017,130704,AmazonHelp,1,False,delivery_order_status,['delivery_order_status'],1,single_match,delivery_order_status,delivery_order_status
65795,65788,"@AmazonHelp still no update, how much time will take?","still no update, how much time will take?",65786,"@131048 We haven't received the mail yet. I request you to kindly fill in the details once again through the link provided to you earlier from your registered email ID so that we can work on this right away, without any further delay.
 
Karthika | Amazon Customer Service",Thu Nov 30 08:24:41 +0000 2017,131048,AmazonHelp,1,False,other,[],0,zero_match,other,
65765,65765,@115850 I got an order cancellation notification for a cancellation I did not do. I even got a refund. Can u pls tell me what's going on?,I got an order cancellation notification for a cancellation I did not do. I even got a refund. Can u pls tell me what's going on?,65764,@131043 Apologies for the order cancellation. We'll not be able to check your information on Twitter. Please report it to our support team here: https://t.co/MDszy6ZxQg and you will be connected to our team to assist further.  ^SC,Thu Nov 30 08:24:55 +0000 2017,131043,AmazonHelp,1,False,refund_return,['refund_return'],1,single_match,refund_return,refund_return
65801,65799,@AmazonHelp Le suivi Colissimo dit que le colis a été livré dans la boîte aux lettres. Ma réclamation et leur recherche le confirme...je suis donc perdant de 30€ et ma surprise a été ratée,Le suivi Colissimo dit que le colis a été livré dans la boîte aux lettres. Ma réclamation et leur recherche le confirme...je suis donc perdant de 30€ et ma surprise a été ratée,65798,@131049 L'avez-vous signalé à notre SAV ? ^SN,Thu Nov 30 08:25:17 +0000 2017,131049,AmazonHelp,1,False,other,[],0,zero_match,other,
65891,65891,"@AmazonHelp @115830 
getting very realistic looking spam emails about renewing prime. asking for bank details... I don't have prime and my credit card doesn't expire for 11 months... https://t.co/akKFy716xP",getting very realistic looking spam emails about renewing prime. asking for bank details... I don't have prime and my credit card doesn't expire for 11 months...,65890,@131071 Hello. You can report these types of mailings to us directly. Check out our help pages here and it will explain further how to report: https://t.co/jU3lUWIzH4 Thanks. ^NV,Thu Nov 30 08:29:28 +0000 2017,131071,AmazonHelp,1,False,payment_billing,['payment_billing'],1,single_match,payment_billing,payment_billing
67575,67559,@AmazonHelp I am only available to accept the parcel during specific times and do not want it left unattended given its value. My perspective is that it’s down to you to now ensure you deliver it during the times I am available given that you have failed to meet the selected NDD.,I am only available to accept the parcel during specific times and do not want it left unattended given its value. My perspective is that it’s down to you to now ensure you deliver it during the times I am available given that you have failed to meet the selected NDD.,67557,@131427 We understand and value your time. Please connect with our support team from here https://t.co/TxK11znixD and they would do the needful to get the package delivered when you are available to collect. ^KK,Thu Nov 30 08:32:52 +0000 2017,131427,AmazonHelp,1,False,delivery_order_status,['delivery_order_status'],1,single_match,delivery_order_status,delivery_order_status
65861,65859,"@AmazonHelp Amazon.de it says ""delivered"" in the website but the carrier it's still ""on its way to the distribution center"", but for 2 days it showed ""out for delivery"" in the carrier. I spent those 2 days at home so I could receive it but it never arrived.","Amazon.de it says ""delivered"" in the website but the carrier it's still ""on its way to the distribution center"", but for 2 days it showed ""out for delivery"" in the carrier. I spent those 2 days at home so I could receive it but it never arrived.",65857,@131064 Please contact our customer service via https://t.co/24XL9C4y1x as we do not have any access to your orders here. My colleagues will take a closer look at this. ^KM,Thu Nov 30 08:36:09 +0000 2017,131064,AmazonHelp,1,False,delivery_order_status,['delivery_order_status'],1,single_match,delivery_order_status,delivery_order_status
65779,65779,Franchement @120533 vous me décevez énormément la ...,Franchement vous me décevez énormément la ...,65778,"@131046 Bonjour, en quoi puis-je vous aider ? ^SN",Thu Nov 30 08:37:37 +0000 2017,131046,AmazonHelp,1,False,other,[],0,zero_match,other,
65785,65782,"@AmazonHelp Colis Amazon, j’ai contacté vos services qui ne donnent aucune solution. Carte bleue bloquée , impossible de m’en servir et malgré ça vous continuez à essayer de débiter mon compte","Colis Amazon, j’ai contacté vos services qui ne donnent aucune solution. Carte bleue bloquée , impossible de m’en servir et malgré ça vous continuez à essayer de débiter mon compte",65780,"@131047 Afin qu'on puisse vérifier votre dossier, merci de remplir ce formulaire via un PC : https://t.co/HtUowg2UGX 
^SM",Thu Nov 30 08:37:38 +0000 2017,131047,AmazonHelp,1,False,other,[],0,zero_match,other,
65801,65797,@AmazonHelp Je ne vois pas où je peux le signaler sur mon espace client ? J’ai envoyé un message au vendeur qui est resté sans réponse,Je ne vois pas où je peux le signaler sur mon espace client ? J’ai envoyé un message au vendeur qui est resté sans réponse,65796,@131049 Veuillez le signaler à notre SAV via le lien suivant :  https://t.co/hgIrz98cdI ^FA,Thu Nov 30 08:38:43 +0000 2017,131049,AmazonHelp,1,False,other,[],0,zero_match,other,
65763,65762,@AmazonHelp  https://t.co/1P0u4Qd6HE,,65805,"@131042 Hi, is the white one refurbished or new ? ^CR",Thu Nov 30 08:40:10 +0000 2017,131042,AmazonHelp,1,True,other,[],0,zero_match,other,
65804,65803,@AmazonHelp Yes it says it’s going to be Re delivered today but yesterday was already a Re delivery of same parcel?,Yes it says it’s going to be Re delivered today but yesterday was already a Re delivery of same parcel?,65802,@131050 Sorry for the continued issues with your delivery. Please keep us posted on the delivery today and let us know if you experience any further delays. Thank you. ^NV,Thu Nov 30 08:41:11 +0000 2017,131050,AmazonHelp,1,False,delivery_order_status,['delivery_order_status'],1,single_match,delivery_order_status,delivery_order_status
64173,64166,"@AmazonHelp Yes i do!!
And they said that they will contact me in 12hours after my query but they don't!!",Yes i do!! And they said that they will contact me in 12hours after my query but they don't!!,64168,@130732 We've escalated the issue the to our concerned team. We'll get back to you as soon as we have an update. Appreciate your understanding. ^AR,Thu Nov 30 08:41:48 +0000 2017,130732,AmazonHelp,1,False,service_complaint,['service_complaint'],1,single_match,service_complaint,service_complaint
65763,65760,"@AmazonHelp Won’t ship black kindle to Northern Ireland, but will ship white?!🤷🏻‍♀️","Won’t ship black kindle to Northern Ireland, but will ship white?!🤷🏻‍♀️",65759,"@131042 Hey Kelsey, do you have the link so we can check that for you? ^RS",Thu Nov 30 08:41:51 +0000 2017,131042,AmazonHelp,1,False,device_digital_content,['device_digital_content'],1,single_match,device_digital_content,device_digital_content
71977,71975,@132150 @120540 Aspetto da lunedì una consegna: che dicono tentata tre volte ma qui da me non si è visto nessuno. Servizio scandaloso. Adesso però magari capisco un pò di più. #BRT,Aspetto da lunedì una consegna: che dicono tentata tre volte ma qui da me non si è visto nessuno. Servizio scandaloso. Adesso però magari capisco un pò di più. #BRT,71973,"@132149 Mi spiace per l'accaduto. Hai segnalato al nostro Servizio Clienti il ritardo? Se non lo hai fatto clicca qui https://t.co/PumEOhM9rG, i colleghi sono a tua disposzione dalle 6 alle 24. ^BC",Thu Nov 30 08:43:15 +0000 2017,132149,AmazonHelp,1,False,other,[],0,zero_match,other,
64228,64216,@AmazonHelp Ok I'm waiting,Ok I'm waiting,64218,"@130737 Thanks for the heads up, Imran. We will get back to you with an update soon. ^AH",Thu Nov 30 08:43:47 +0000 2017,130737,AmazonHelp,1,False,other,[],0,zero_match,other,
63871,63865,"@AmazonHelp ""From Amazon Shipping at Wednesday, 29 November.
Delay in delivery due to external factors"" External factor being courier I guess.","""From Amazon Shipping at Wednesday, 29 November. Delay in delivery due to external factors"" External factor being courier I guess.",63867,@130674 Thanks for checking for us. Seems the delay is with the carrier. Please keep us posted on this today and let us know when your order arrives. Thank you. ^NV,Thu Nov 30 08:43:56 +0000 2017,130674,AmazonHelp,1,False,delivery_order_status,['delivery_order_status'],1,single_match,delivery_order_status,delivery_order_status
65680,65680,@115830 prime unlimited one day delivery. now thats a joke.nothing of mine have been delivered next day for ages.then 8 items i ordered were suppose to come yesterday then changed to https://t.co/PE9KMSiBUT its between today and another 5 days,prime unlimited one day delivery. now thats a joke.nothing of mine have been delivered next day for ages.then 8 items i ordered were suppose to come yesterday then changed to its between today and another 5 days,65679,@131033 Sorry to hear about the delays. Have you contacted us directly about this? What was advised? ^MI,Thu Nov 30 08:46:27 +0000 2017,131033,AmazonHelp,1,False,delivery_order_status,['delivery_order_status'],1,single_match,delivery_order_status,delivery_order_status
67467,67467,@115850 is this aachi masala costs ₹1776?? Wat is this to be used for?? Sperm whale curry?? https://t.co/feDA162o8J,is this aachi masala costs ₹1776?? Wat is this to be used for?? Sperm whale curry??,67466,"@131411 Prices on our website is offered as per seller's discretion. However, we will consider this as feedback and pass it on internally for improvements. ^RW",Thu Nov 30 08:48:04 +0000 2017,131411,AmazonHelp,1,False,other,[],0,zero_match,other,
65698,65688,.@AmazonHelp I’m kinda done - I spent 1.5 hours in talks with four (!) different hotliners which ended up not being able to help until I bought more (!) to have my cart be above $25 so I could return three other broken CDs. Will return &amp; scout local stores instead. @115851,. I’m kinda done - I spent 1.5 hours in talks with four (!) different hotliners which ended up not being able to help until I bought more (!) to have my cart be above $25 so I could return three other broken CDs. Will return &amp; scout local stores instead.,65685,@131035 Were you advised as to why your cart had to be above $25? Were we able to provide a return label for the broken CDs?^PJ,Thu Nov 30 08:48:14 +0000 2017,131035,AmazonHelp,1,False,item_quality_issue,['item_quality_issue'],1,single_match,item_quality_issue,item_quality_issue
65714,65702,"@AmazonHelp 24 hours come and gone, but no update yet again. Do I have to call to get one?","24 hours come and gone, but no update yet again. Do I have to call to get one?",65700,@131036 I am sorry to hear this. Please click on the following link to contact us: https://t.co/JzP7hlA23B.^GA,Thu Nov 30 08:51:59 +0000 2017,131036,AmazonHelp,1,False,other,[],0,zero_match,other,
65680,65678,@AmazonHelp yes i phoned and was told its because of black friday but this has been going on for ages. i have not had a item i have bought delivered next day for ages.then the guy said would you like me to cancel all your orders.i am fuming why would i not want them,yes i phoned and was told its because of black friday but this has been going on for ages. i have not had a item i have bought delivered next day for ages.then the guy said would you like me to cancel all your orders.i am fuming why would i not want them,65677,"@131033 I am sorry to hear this. Can I ask, what was the estimated delivery date given to you on the confirmation email we sent you when this order was placed please?",Thu Nov 30 08:53:07 +0000 2017,131033,AmazonHelp,1,False,delivery_order_status,['delivery_order_status'],1,single_match,delivery_order_status,delivery_order_status
65683,65683,"yup @115821 we paid for shipping to get the package Tuesday and seen this last night at 10pm  We're sorry your package is late
We don't have a new delivery date from UPS, but we recommend waiting as it'll usually arrive within a few days. NO!!!!!","yup we paid for shipping to get the package Tuesday and seen this last night at 10pm We're sorry your package is late We don't have a new delivery date from UPS, but we recommend waiting as it'll usually arrive within a few days. NO!!!!!",65681,@131034 I'm sorry to hear about the delay. Is there any further information on your tracking? You can find your tracking here:  https://t.co/Y5jpI9gRhE. ^MI,Thu Nov 30 08:53:32 +0000 2017,131034,AmazonHelp,1,False,delivery_order_status,['delivery_order_status'],1,single_match,delivery_order_status,delivery_order_status
67588,67588,@AmazonHelp my friend ordered for a memory card but he got an empty parcel. what should he do next?,my friend ordered for a memory card but he got an empty parcel. what should he do next?,67586,@131432 Oh no! Sorry to hear this. What site did your friend place the order on Amazon IN/ US/UK or another location?^ES,Thu Nov 30 08:55:47 +0000 2017,131432,AmazonHelp,1,False,delivery_order_status,['delivery_order_status'],1,single_match,delivery_order_status,delivery_order_status
69944,69944,"Hi @AmazonHelp my order has been delayed twice ❗️And when I tried to call your client service, they wanted to transfer my call to Amazon India (whereas I am in Luxembourg !). Any help ?","Hi my order has been delayed twice ❗️And when I tried to call your client service, they wanted to transfer my call to Amazon India (whereas I am in Luxembourg !). Any help ?",69942,"@131824 Sorry to hear about the confusion, Charles. What domain did you purchase the order from https://t.co/ykTUEmdsQA, .com., .fr etc?^SM",Thu Nov 30 08:57:07 +0000 2017,131824,AmazonHelp,1,False,delivery_order_status,['delivery_order_status'],1,single_match,delivery_order_status,delivery_order_status
67577,67577,Studying @3973 articles on @115821 #Kindle using article-mode is amazing🤓🤓 https://t.co/eXWWXCrYwM,Studying articles on #Kindle using article-mode is amazing🤓🤓,67576,@131428 Glad to hear your enjoying it! ^MI,Thu Nov 30 08:58:00 +0000 2017,131428,AmazonHelp,1,False,device_digital_content,['device_digital_content'],1,single_match,device_digital_content,device_digital_content
65717,65716,@AmazonHelp I was advised exactly what I said - to return the item and I’d get refunded. That was it. Apparently not a full refund as there’s no option for ‘this was amazon’s mistake’.,I was advised exactly what I said - to return the item and I’d get refunded. That was it. Apparently not a full refund as there’s no option for ‘this was amazon’s mistake’.,65718,"@131038 Can I ask, does the duplicate order show here please: https://t.co/aaDyEz1VgE. If the order does not show here and you have not accidentally ordered 2 of the item, we would cover the cost of the return.^GA",Thu Nov 30 08:59:47 +0000 2017,131038,AmazonHelp,1,False,refund_return,['refund_return'],1,single_match,refund_return,refund_return
63948,63947,@AmazonHelp Yes 2 days then emailed after said wanted another 2 days and still nothing,Yes 2 days then emailed after said wanted another 2 days and still nothing,63949,"@130690 Emails can get routed to your spam/junk folder, did you check there?^CN",Thu Nov 30 09:03:29 +0000 2017,130690,AmazonHelp,1,False,service_complaint,['service_complaint'],1,single_match,service_complaint,service_complaint
67469,67469,"せっかく届いてたのに……

めっちゃ折れてる……

返品したい……( ´•̥̥̥ω•̥̥̥`)

Amazon……ひどいや…… https://t.co/trzbESlQnN",せっかく届いてたのに…… めっちゃ折れてる…… 返品したい……( ´•̥̥̥ω•̥̥̥`) Amazon……ひどいや……,67468,@131412 商品に不具合があったとの事で、ご迷惑をおかけしております。返品を承ります。お手続き方法についてはこちらのヘルプページをご参照下さい。 https://t.co/IC7ig4Jh8n EK,Thu Nov 30 09:05:33 +0000 2017,131412,AmazonHelp,1,True,other,[],0,zero_match,other,
63948,63950,@AmazonHelp Honestly your going with that 😂😂😂😂,Honestly your going with that 😂😂😂😂,63951,@130690 If there isn't an update there then please reach out to us directly so that we can look into this for your. You can do this by clicking on the following link:  https://t.co/JzP7hlA23B ^KI,Thu Nov 30 09:06:03 +0000 2017,130690,AmazonHelp,1,False,other,[],0,zero_match,other,
69949,69949,"@115850 It's been 24 hours since I ordered on Amazon but the product is not yet dispatched. Estimated delivery is  5 Dec, can I surely get it by the time.","It's been 24 hours since I ordered on Amazon but the product is not yet dispatched. Estimated delivery is 5 Dec, can I surely get it by the time.",69948,"@131825 I understand your concern regarding the delivery of your order. However, our products are shipped on time so that they can reach you by the estimated delivery date (EDD). I request you to please wait until the EDD and the product would be delivered to you. ^AH",Thu Nov 30 09:06:55 +0000 2017,131825,AmazonHelp,1,False,delivery_order_status,['delivery_order_status'],1,single_match,delivery_order_status,delivery_order_status
67509,67509,"Surprised at how patronising, rude and unhelpful @115830's customer service is. Spent 30 minutes having my own words said back to me with no solution. Literally ""you have ordered this item"" - YES I KNOW. IT'S WHY I'M HERE.","Surprised at how patronising, rude and unhelpful 's customer service is. Spent 30 minutes having my own words said back to me with no solution. Literally ""you have ordered this item"" - YES I KNOW. IT'S WHY I'M HERE.",67508,"@131417 Sorry to hear that, Dan. Without revealing any personal information, can you tell me a bit more about the issue?^TI",Thu Nov 30 09:09:34 +0000 2017,131417,AmazonHelp,1,False,service_complaint,['service_complaint'],1,single_match,service_complaint,service_complaint
63948,63952,@AmazonHelp I have done TWICE palmed off once no reply other,I have done TWICE palmed off once no reply other,63953,"@130690 I'm sorry about the poor experience. As the refund was processed for you the investigation with the carrier would have been internal, you may not receive any update from that. If you contact us at the link provided we can check if any info was provided. ^MI",Thu Nov 30 09:10:43 +0000 2017,130690,AmazonHelp,1,False,service_complaint,['service_complaint'],1,single_match,service_complaint,service_complaint
67484,67484,"Wish @115830 would stop charging me more than they should and actually reply to my emails, money grabbers 🤬","Wish would stop charging me more than they should and actually reply to my emails, money grabbers 🤬",67481,@131415 Without providing us any personal information can you explain the issue you are having a bit more? Thank you.^SM,Thu Nov 30 09:11:45 +0000 2017,131415,AmazonHelp,1,False,payment_billing,['payment_billing'],1,single_match,payment_billing,payment_billing
64056,64048,"@AmazonHelp Sold by: https://t.co/8lsCC88NSG LLC

https://t.co/JGNPnX1uku",Sold by: LLC,64049,"@130704 Hi, if UPS have confirmed they will provide delivery of the mattress tomorrow the tracking might not have been updated yet. Please do let us know if the mattress is not with you by tomorrow as the carrier advised. ^CR",Thu Nov 30 09:13:42 +0000 2017,130704,AmazonHelp,1,False,other,[],0,zero_match,other,
65714,65701,"@AmazonHelp Sorry, I fail to see how pointing me at your self help page is meant to help. May as well just call again. Please take ownership of the case and give me regular updates. While I've got your attention. It would be nice to have a case management section in account details.","Sorry, I fail to see how pointing me at your self help page is meant to help. May as well just call again. Please take ownership of the case and give me regular updates. While I've got your attention. It would be nice to have a case management section in account details.",65703,"@131036 Hi. The link we provided previously was the ""Contact Us"" link. As we are unable to access accounts through social media, it is the best means of proceeding. ^DC",Thu Nov 30 09:15:30 +0000 2017,131036,AmazonHelp,1,False,other,[],0,zero_match,other,
67440,67440,"Hey @115830, when is Vikings being released? I thought it was supposed to be today?","Hey , when is Vikings being released? I thought it was supposed to be today?",67439,"@131404 Hi, we don't get advanced notice of when it will go live. Please check back for updates. ^KI",Thu Nov 30 09:16:19 +0000 2017,131404,AmazonHelp,1,False,other,[],0,zero_match,other,
67420,67420,"Good Work @115830  for managing to not help me find my package. Amazon: ""Well it has been signed for!""
Me: By who???
Amazon: ""Don't know!""

Brilliant! 
Have a good Christmas Delivery man...my treat!
#Smallfry #charity #buyerbeware","Good Work for managing to not help me find my package. Amazon: ""Well it has been signed for!"" Me: By who??? Amazon: ""Don't know!"" Brilliant! Have a good Christmas Delivery man...my treat! #Smallfry #charity #buyerbeware",67419,@131398 I'm sorry to hear of the mix up. Check out our help page on locating goods marked as delivered: https://t.co/cVe1l4OjvB ^KI,Thu Nov 30 09:18:27 +0000 2017,131398,AmazonHelp,1,False,delivery_order_status,['delivery_order_status'],1,single_match,delivery_order_status,delivery_order_status
69680,69680,１ヶ月以上前にAmazonで予約したCDのコンビニ決済のメールがまだ届かないんだが、何でだ？発売日（１２月１３日）に近づいたらちゃんとメール来るんだろうな？,１ヶ月以上前にAmazonで予約したCDのコンビニ決済のメールがまだ届かないんだが、何でだ？発売日（１２月１３日）に近づいたらちゃんとメール来るんだろうな？,69679,@131791 コンビニ・ATM・ネットバンキング・電子マネー払いのお支払番号は、ご注文の出荷準備が開始されるタイミングで発行されます。出荷準備開始後は、注文履歴の「領収書／購入明細書」からお支払い番号を確認頂けます。発行まで今しばらくお待ちください。 EK,Thu Nov 30 09:20:18 +0000 2017,131791,AmazonHelp,1,True,other,[],0,zero_match,other,
65698,65691,"@AmazonHelp I also have provided feedback throughout all this and for most of my packages over the last years. Zero effect, so it seems that I might as well save the time and don’t do it anymore. :/","I also have provided feedback throughout all this and for most of my packages over the last years. Zero effect, so it seems that I might as well save the time and don’t do it anymore. :/",65693,@131035 Sorry to hear your received multiple broken CDs. Was the carrier the same for all orders?^ES,Thu Nov 30 09:24:10 +0000 2017,131035,AmazonHelp,1,False,delivery_order_status,['delivery_order_status'],1,single_match,delivery_order_status,delivery_order_status
69783,69783,"Hi @115850, how do you manage your deliveries in countries like USA or Canada where things like #Aadhaar don't exist? Pls stop fooling people.","Hi , how do you manage your deliveries in countries like USA or Canada where things like #Aadhaar don't exist? Pls stop fooling people.",69782,@131808 It looks like you've had an unpleasant experience. Kindly elaborate on your concern so that we can look into this right away. ^BV,Thu Nov 30 09:26:03 +0000 2017,131808,AmazonHelp,1,False,delivery_order_status,['delivery_order_status'],1,single_match,delivery_order_status,delivery_order_status
69780,69780,"Hi @115850...im confused i have 2 items in my cart...but each of them has different sellers with lesser price in the ""sellers tab""...why is it so and is it save to buy from them???","Hi ...im confused i have 2 items in my cart...but each of them has different sellers with lesser price in the ""sellers tab""...why is it so and is it save to buy from them???",69779,@131807 I understand you're concerned regarding the price and authenticity of the products. Please reach out to us here: https://t.co/vlvfJr4nN9 and we will help you. ^AH,Thu Nov 30 09:29:16 +0000 2017,131807,AmazonHelp,1,False,seller_marketplace,['seller_marketplace'],1,single_match,seller_marketplace,seller_marketplace
69935,69935,"@115830 I get things delivered to work but your guys often deliver after hours (registered business address). Had a call from the neighbour this morning, my things had been left in his front garden. They'd not seen a courier and I had no card! Could've been rained on or nicked!","I get things delivered to work but your guys often deliver after hours (registered business address). Had a call from the neighbour this morning, my things had been left in his front garden. They'd not seen a courier and I had no card! Could've been rained on or nicked!",69934,"@131821 I'm sorry to hear this, Mat. Can you contact us so we can look into this further? You can reach us here: https://t.co/oGDklFYAep. ^PJ",Thu Nov 30 09:31:48 +0000 2017,131821,AmazonHelp,1,False,delivery_order_status,['delivery_order_status'],1,single_match,delivery_order_status,delivery_order_status
69847,69847,@AmazonHelp hi an item i orderd says it cannot be delivered and i am to contact amazon for assistance?,hi an item i orderd says it cannot be delivered and i am to contact amazon for assistance?,69845,"@131816 Hi Ricky, can you contact us here: https://t.co/oGDklGgbCZ so that we can assist you further with your order?^PJ",Thu Nov 30 09:33:22 +0000 2017,131816,AmazonHelp,1,False,delivery_order_status,['delivery_order_status'],1,single_match,delivery_order_status,delivery_order_status
67437,67436,"@AmazonHelp I haven't. I've been told that I need to revise the payment method for two things I've ordered. When I go in to select my card, I just get ""We're sorry, but we encountered an error when processing your request. Please try again."" Now I'm stuck.","I haven't. I've been told that I need to revise the payment method for two things I've ordered. When I go in to select my card, I just get ""We're sorry, but we encountered an error when processing your request. Please try again."" Now I'm stuck.",67438,@131403 I am sorry to hear you are experiencing payment issues. Here is a link that will assist you with this:https://t.co/bVGDclPYKP.^GA,Thu Nov 30 09:35:55 +0000 2017,131403,AmazonHelp,1,False,payment_billing,['payment_billing'],1,single_match,payment_billing,payment_billing
69774,69774,"@AmazonHelp have emailed &amp; phoned regarding my recent order being cancelled and still no help, pls can someone look into it?","have emailed &amp; phoned regarding my recent order being cancelled and still no help, pls can someone look into it?",69771,"@131806 Sorry to hear that, Ruby. Without revealing any personal information, can you tell me a bit more about the issue?^TI",Thu Nov 30 09:36:04 +0000 2017,131806,AmazonHelp,1,False,service_complaint,['service_complaint'],1,single_match,service_complaint,service_complaint
71972,71972,@115850 I am not able to see the video option on my echo dot. Hence not able to link fire TV as well. https://t.co/mkT1mJdk59,I am not able to see the video option on my echo dot. Hence not able to link fire TV as well.,71971,"@132148 In India, Echo doesn't support Fire TV stick, for the time being. Keep checking the Echo page for new devices that will support Alexa. Stay tuned! ^HR",Thu Nov 30 09:36:46 +0000 2017,132148,AmazonHelp,1,False,device_digital_content,['device_digital_content'],1,single_match,device_digital_content,device_digital_content
64155,64161,"@AmazonHelp Please confirm the estimated date, as you said in last tweet. I am hoping you will do the delivery at the earliest.","Please confirm the estimated date, as you said in last tweet. I am hoping you will do the delivery at the earliest.",64162,@130698 I'm sorry you've not received your order yet. I'd like to assist you with this. Please fill this form: https://t.co/beaaDm0muc and we'll look into it right away. ^AR,Thu Nov 30 09:38:44 +0000 2017,130698,AmazonHelp,1,False,delivery_order_status,['delivery_order_status'],1,single_match,delivery_order_status,delivery_order_status
64173,64169,"@AmazonHelp Please do fast all u can do.
I want my refund as fast as possible.",Please do fast all u can do. I want my refund as fast as possible.,64170,"@130732 I get that you're concerned about the refund. Be assured, we're working on it and we'll get back to you at the earliest. Appreciate your patience. ^BV",Thu Nov 30 09:39:35 +0000 2017,130732,AmazonHelp,1,False,refund_return,['refund_return'],1,single_match,refund_return,refund_return
69770,69768,"@AmazonHelp Thanks, the order is from Amazon. I've checked my order online repeatedly, and ""Delay in delivery due to external factors"" is the reason given. It was meant to be here last Friday :-(","Thanks, the order is from Amazon. I've checked my order online repeatedly, and ""Delay in delivery due to external factors"" is the reason given. It was meant to be here last Friday :-(",69766,"@131805 Hi Charlotte. Thanks for confirming that. If you get in touch: https://t.co/hApLpMlfHN, we'll be happy to see what additional information is available. ^DC",Thu Nov 30 09:42:17 +0000 2017,131805,AmazonHelp,1,False,delivery_order_status,['delivery_order_status'],1,single_match,delivery_order_status,delivery_order_status
67420,67421,@131398 @115830 Their delivery driver chucked one over our back gate yesterday and said it’d been signed for!!,Their delivery driver chucked one over our back gate yesterday and said it’d been signed for!!,69652,@131783 I'm sorry to hear this Glenn. Was your product damaged at all?^PJ,Thu Nov 30 09:44:18 +0000 2017,131783,AmazonHelp,1,False,delivery_order_status,['delivery_order_status'],1,single_match,delivery_order_status,delivery_order_status
67484,67486,@AmazonHelp The only email I have received said that the money that was ‘pending’ would be taken out or would be cancelled when I received my order but it hasn’t so I still have almost £200 pending and don’t know if the payments are coming or going over a week after I got the first delivery,The only email I have received said that the money that was ‘pending’ would be taken out or would be cancelled when I received my order but it hasn’t so I still have almost £200 pending and don’t know if the payments are coming or going over a week after I got the first delivery,67487,@131415 I am sorry to hear this Lois. Can you please contact us through the following link so we can investigate this for you and we will also look to see can we change the delivery method for you: https://t.co/JzP7hlA23B.^GA,Thu Nov 30 09:47:08 +0000 2017,131415,AmazonHelp,1,False,delivery_order_status,['delivery_order_status'],1,single_match,delivery_order_status,delivery_order_status
69641,69641,E la grandezza si vede nella gestione dell'errore. Ottimo follow-up di @4017 e @AmazonHelp ad un problema che ha causato l'annullamento di un mio ordine #primenow#kudos :),E la grandezza si vede nella gestione dell'errore. Ottimo follow-up di e ad un problema che ha causato l'annullamento di un mio ordine #primenow#kudos :),69640,"@131782 Grazie per aver condiviso con noi il tuo feedback, Davide! Siamo felici che tutto si sia risolto per il meglio! 😊 ^VE",Thu Nov 30 09:47:24 +0000 2017,131782,AmazonHelp,1,False,other,[],0,zero_match,other,
69651,69646,@AmazonHelp We are at work today and out today at a private appointment. We can't take another day off for Amazon deliveries.,We are at work today and out today at a private appointment. We can't take another day off for Amazon deliveries.,69645,@131784 Have you left safe place instruction for where the driver can leave the order should you not be in?^SM,Thu Nov 30 09:47:29 +0000 2017,131784,AmazonHelp,1,False,delivery_order_status,['delivery_order_status'],1,single_match,delivery_order_status,delivery_order_status
69651,69650,@AmazonHelp We now been told the tree will arrive by Dec 8th. That's more than a week than what we were promised when we made the purchase. We could have gone with another provider instead if Amazon had been upfront about this! Now we won't have a tree for the first Advent December weekend!,We now been told the tree will arrive by Dec 8th. That's more than a week than what we were promised when we made the purchase. We could have gone with another provider instead if Amazon had been upfront about this! Now we won't have a tree for the first Advent December weekend!,72017,"@131784 Hello, I am sorry to hear about this delay. You can contact us directly here:  https://t.co/JzP7hlA23B and we can investigate further for you. ^HS",Thu Nov 30 09:49:22 +0000 2017,131784,AmazonHelp,1,False,delivery_order_status,['delivery_order_status'],1,single_match,delivery_order_status,delivery_order_status
69655,69655,@115830 Hello I ordered 2 Kiki Archer books to be sent to my kindle paid for them but they've not appeared on my list yet.Can u please tell me what the hold up is and when I will receive them and thank u Jose.M.Taylor,Hello I ordered 2 Kiki Archer books to be sent to my kindle paid for them but they've not appeared on my list yet.Can u please tell me what the hold up is and when I will receive them and thank u Jose.M.Taylor,69653,"@131785 Hi, sorry to hear you haven't received your Kindle books yet. Did you receive emails confirming the orders were successful?^ES",Thu Nov 30 09:51:15 +0000 2017,131785,AmazonHelp,1,False,device_digital_content,['device_digital_content'],1,single_match,device_digital_content,device_digital_content
69607,69607,Even paid $20 to get my @115821 order before an important event and STILL didn’t arrive on time. #Notcool #whenamigoingtolearn #procrastination,Even paid $20 to get my order before an important event and STILL didn’t arrive on time. #Notcool #whenamigoingtolearn #procrastination,69605,@131776 Sorry to hear that you didn't receive your order. What delivery date were you advised on your order confirmation email?^ES,Thu Nov 30 09:51:23 +0000 2017,131776,AmazonHelp,1,False,delivery_order_status,['delivery_order_status'],1,single_match,delivery_order_status,delivery_order_status
71830,71830,@115850 performance seller support is not working well. Please do not trouble your sellers if they wanted to understand the proceeding activities.,performance seller support is not working well. Please do not trouble your sellers if they wanted to understand the proceeding activities.,71829,"@132118 Apologies for any trouble with our seller support team, Kiran. Please fill out this form: https://t.co/GIJyeYqKE0 and we'll do the needful. ^RI",Thu Nov 30 09:57:10 +0000 2017,132118,AmazonHelp,1,False,seller_marketplace,['seller_marketplace'],1,single_match,seller_marketplace,seller_marketplace
73628,73628,"After playing with Echo Plus since afternoon my daughter asked me ""Does is know only English or it can understand Malayalam"" 😁","After playing with Echo Plus since afternoon my daughter asked me ""Does is know only English or it can understand Malayalam"" 😁",73625,@132467 She's new here and only understands English. We're hopeful she'll pick-up regional languages soon 😊 ^VN,Thu Nov 30 09:57:25 +0000 2017,132467,AmazonHelp,1,False,device_digital_content,['device_digital_content'],1,single_match,device_digital_content,device_digital_content
72009,72009,"@AmazonHelp I ordered 4 items last week, and Amazon says they all delivered yesterday, but only 3 items came - the PS4 game didn't. Please advise","I ordered 4 items last week, and Amazon says they all delivered yesterday, but only 3 items came - the PS4 game didn't. Please advise",72007,"@132156 Hi Scarlett, really sorry to hear this! Please check out our help page for when parcels have been marked as delivered, but not received, this will give you all the info you need for the next steps to take: https://t.co/XQBYdYR4no. ^JC",Thu Nov 30 09:57:30 +0000 2017,132156,AmazonHelp,1,False,delivery_order_status,['delivery_order_status'],1,single_match,delivery_order_status,delivery_order_status
72016,72016,@116875 cuando van a liberar la tercera temporada de el hombre en el castillo?,cuando van a liberar la tercera temporada de el hombre en el castillo?,72015,"@132158 Hola Anthony, esperamos que te encuentres bien. Por el momento no contamos con un anuncio oficial pero te recomendamos estar al tanto de nuestro sitio y redes sociales por cualquier novedad ^AV",Thu Nov 30 09:57:44 +0000 2017,132158,AmazonHelp,1,False,other,[],0,zero_match,other,
69858,69857,@AmazonHelp Gestionado por amazon,Gestionado por amazon,69859,"@131818 Vale, ¿Podrías indicarnos además la fecha estimada de entrega para este pedido? ^DQ.",Thu Nov 30 09:58:47 +0000 2017,131818,AmazonHelp,1,False,other,[],0,zero_match,other,
71885,71885,Very disappointed with @115821 customer service. Terrible experience. The call just got worse and worse.  #AmazonPrime @AmazonHelp,Very disappointed with customer service. Terrible experience. The call just got worse and worse. #AmazonPrime,71884,"@132127 I  apologise for the bad experience.We would love to help you out with this, but can you just give us a bit more info first. Thank you.^SM",Thu Nov 30 10:00:57 +0000 2017,132127,AmazonHelp,1,False,service_complaint,['service_complaint'],1,single_match,service_complaint,service_complaint
71970,71967,"@AmazonHelp No all update, had to track the package after it never showed up. AMAZON HAD IT being delivered by 8pm","No all update, had to track the package after it never showed up. AMAZON HAD IT being delivered by 8pm",71966,"@132147 I am sorry for the delay, Ray. Your order will be with you soon, please keep us updated if this does not arrive in the specified time.^SM",Thu Nov 30 10:01:00 +0000 2017,132147,AmazonHelp,1,False,delivery_order_status,['delivery_order_status'],1,single_match,delivery_order_status,delivery_order_status
69774,69772,@AmazonHelp you cancelled my order bc you thought someone else was on my account but i cant repurchase it bc it was a lightning deal,you cancelled my order bc you thought someone else was on my account but i cant repurchase it bc it was a lightning deal,69775,@131806 Hi Ruby. We wouldn't have the option to replace a canceled order. You would need to replace the order directly. Have you since regained access to your account? ^NV,Thu Nov 30 10:03:08 +0000 2017,131806,AmazonHelp,1,False,delivery_order_status,['delivery_order_status'],1,single_match,delivery_order_status,delivery_order_status
71940,71939,@115850 Still it's pending @AmazonHelp,Still it's pending,71938,@132141 We can apprehend to the connected excitement. We will burst the bubble soon and  personally notify the winners. Wishing you all the luck. ^CB,Thu Nov 30 10:06:01 +0000 2017,132141,AmazonHelp,1,False,other,[],0,zero_match,other,
71903,71903,"@115821 very bad Couriar service.
you make fake promise guarantee for delivery.
your call centre executive not give right information.
your company make fake promise.
All are talk rudely. 
My order No. # 171-0728961-5293153",very bad Couriar service. you make fake promise guarantee for delivery. your call centre executive not give right information. your company make fake promise. All are talk rudely. My order No. # 171-0728961-5293153,71902,"@132131 Also, please don't provide your order details, we consider it to be personal info. Our page is visible to the public. (2/2)^SF",Thu Nov 30 10:06:32 +0000 2017,132131,AmazonHelp,2,False,delivery_order_status,['delivery_order_status'],1,single_match,delivery_order_status,delivery_order_status
71845,71845,"@115830 been trying to login to my account to place an order, but it won’t let me! What’s going on?! #Irritating","been trying to login to my account to place an order, but it won’t let me! What’s going on?! #Irritating",71844,"@132121 Hi Zoe, have you checked to make sure your username and password are correct? You could always try to choose the ""forgot username/password"" option and follow the instructions from there. ^HS",Thu Nov 30 10:06:44 +0000 2017,132121,AmazonHelp,1,False,account_access,['account_access'],1,single_match,account_access,account_access
73568,73568,@115850 @AmazonHelp where are the result of one plus 5t quiz?,where are the result of one plus 5t quiz?,73565,"@132452 As we have multiple contests running on Oneplus 5T, could you please let us know which one are your referring to, Sanket? ^RI",Thu Nov 30 10:07:00 +0000 2017,132452,AmazonHelp,1,False,other,[],0,zero_match,other,
71921,71921,昨日の夜ポチったのが帰ったら届いてた！ありがとうAmazon！ #prfm https://t.co/dp7M3bjl2C,昨日の夜ポチったのが帰ったら届いてた！ありがとうAmazon！ #prfm,71920,@132135 Amazonをご利用いただきありがとうございました😁 無事到着して良かったです🎶 EK,Thu Nov 30 10:08:45 +0000 2017,132135,AmazonHelp,1,False,other,[],0,zero_match,other,
71923,71923,Fam these amazon drivers don't even wait for me to bus the door. They leave my shit on the floor n cut asap wth?,Fam these amazon drivers don't even wait for me to bus the door. They leave my shit on the floor n cut asap wth?,71922,@132136 I'm sorry to hear of this. Do you have any noted safe place locations for delivery in cases where you don't get to the door quickly? ^KI,Thu Nov 30 10:10:53 +0000 2017,132136,AmazonHelp,1,False,delivery_order_status,['delivery_order_status'],1,single_match,delivery_order_status,delivery_order_status
71834,71834,"@115817 the Amazon package I'm waiting for is at the local delivery hub, ,supposed to be delivered today. Notified of a carrier delay, and delivery will be rescheduled. Whhaatis a carrier delay?","the Amazon package I'm waiting for is at the local delivery hub, ,supposed to be delivered today. Notified of a carrier delay, and delivery will be rescheduled. Whhaatis a carrier delay?",71833,@132119 Carrier delays can be caused by different factors. Is there any further information on the carriers own website tracking? ^MI,Thu Nov 30 10:13:01 +0000 2017,132119,AmazonHelp,1,False,delivery_order_status,['delivery_order_status'],1,single_match,delivery_order_status,delivery_order_status
71845,71843,@AmazonHelp I’ve already done this and changed my password and it still won’t log me in 🤷🏼‍♀️,I’ve already done this and changed my password and it still won’t log me in 🤷🏼‍♀️,71842,@132121 Sorry to hear this. Please reach out to us here: https://t.co/zYVX1Qi29G so we can look into this for you.^ES,Thu Nov 30 10:13:25 +0000 2017,132121,AmazonHelp,1,False,account_access,['account_access'],1,single_match,account_access,account_access
73556,73552,"@115821 @132448 t'achètes un jeu pendant le black friday on t'envoie une boite même pas emballée et à l'intérieur il manque le jeu, bravo le veau 👏🏻","t'achètes un jeu pendant le black friday on t'envoie une boite même pas emballée et à l'intérieur il manque le jeu, bravo le veau 👏🏻",73550,"@132447 Bonjour, désolée d'apprendre cela :/ l'avez-vous signalé à notre SAV ? ^SN",Thu Nov 30 10:15:10 +0000 2017,132447,AmazonHelp,1,False,other,[],0,zero_match,other,
73536,73536,"@AmazonHelp Trying to register my phone number on my new dots. Get ""The mobile phone number you provided is already in use. Please use a different mobile phone number."" Please help","Trying to register my phone number on my new dots. Get ""The mobile phone number you provided is already in use. Please use a different mobile phone number."" Please help",73535,"@132442 Hi there, I am sorry to hear that, please get in touch with us here:  https://t.co/hApLpMlfHN. We can look into this further for you. ^HS",Thu Nov 30 10:15:31 +0000 2017,132442,AmazonHelp,1,False,service_complaint,['service_complaint'],1,single_match,service_complaint,service_complaint
69940,69939,"@AmazonHelp All sorted now, a replacement has been sorted. Thanks","All sorted now, a replacement has been sorted. Thanks",69941,@131823 Glad to hear it! 👍 If you need anything else then please don't hesitate to let us know! ^KI,Thu Nov 30 10:17:16 +0000 2017,131823,AmazonHelp,1,False,refund_return,['refund_return'],1,single_match,refund_return,refund_return
69774,69776,"@AmazonHelp I can't replace the order as it was the nintendo switch bundle cyber monday deal so it was a different price than usual, I have access to my account though","I can't replace the order as it was the nintendo switch bundle cyber monday deal so it was a different price than usual, I have access to my account though",69777,@131806 I am glad that you now have access to your account. We are unable to price match on lightining deals once the time expires.^SM,Thu Nov 30 10:17:36 +0000 2017,131806,AmazonHelp,1,False,delivery_order_status,['delivery_order_status'],1,single_match,delivery_order_status,delivery_order_status
71878,71878,@116316 ich muss in Dezember in Spanien bleiben. Wird  mein Prime Video DE auch mit eine spanischer Internet verbindung  funktionieren? Und die Fire TV stick? Danke!,ich muss in Dezember in Spanien bleiben. Wird mein Prime Video DE auch mit eine spanischer Internet verbindung funktionieren? Und die Fire TV stick? Danke!,71876,"@132126 Prime Video-Titel stehen aus lizenzrechtlichen Gründen nur innerhalb Deutschlands und Österreichs zur Verfügung. Die einzige Ausnahme hierzu bilden die Amazon Originals-Titel, die auch im Ausland gestreamt und heruntergeladen werden können: https://t.co/QIt8HZVhSv ^KM",Thu Nov 30 10:18:11 +0000 2017,132126,AmazonHelp,1,False,device_digital_content,['device_digital_content'],1,single_match,device_digital_content,device_digital_content
71851,71851,@115830 let’s see if your delivery driver actually deliver today. Yesterday he turned up at my office walked into reception and walked straight back out again for me to get an ‘attempted delivery’. For that effort... just deliver the package! #pointless,let’s see if your delivery driver actually deliver today. Yesterday he turned up at my office walked into reception and walked straight back out again for me to get an ‘attempted delivery’. For that effort... just deliver the package! #pointless,71850,@132123 Sorry to hear you did not receive your order yesterday. Let us know if you have any issues with delivery today.^ES,Thu Nov 30 10:18:33 +0000 2017,132123,AmazonHelp,1,False,delivery_order_status,['delivery_order_status'],1,single_match,delivery_order_status,delivery_order_status
71885,71882,"@AmazonHelp Too long to write but when I called it was more of a friendly inquiry and when I hung up I was downright confused, angered and don't know if or when my order will arrive at this point. Horrible call.","Too long to write but when I called it was more of a friendly inquiry and when I hung up I was downright confused, angered and don't know if or when my order will arrive at this point. Horrible call.",71880,@132127 I am very sorry to hear that. Is your current parcel delayed ? Have you been provided with any new tracking information ?  ^CR,Thu Nov 30 10:19:19 +0000 2017,132127,AmazonHelp,1,False,delivery_order_status,['delivery_order_status'],1,single_match,delivery_order_status,delivery_order_status
71834,71832,@AmazonHelp UPS website says delayed due to unexpected circumstances. Not very helpful.,UPS website says delayed due to unexpected circumstances. Not very helpful.,71831,@132119 I'm sorry about the delay and lack of information. Usually these delays are resolved very quickly and your order could still reach today. Let us know if there are no further updates. ^MI,Thu Nov 30 10:20:11 +0000 2017,132119,AmazonHelp,1,False,delivery_order_status,['delivery_order_status'],1,single_match,delivery_order_status,delivery_order_status
71845,71841,@AmazonHelp Ok thank you all done and sent.,Ok thank you all done and sent.,71840,"@132121 Great, please keep us informed about this!^PJ",Thu Nov 30 10:21:41 +0000 2017,132121,AmazonHelp,1,False,other,[],0,zero_match,other,
73587,73587,"Trop énorme la surprise offerte par @AmazonHelp ! Hâte de rentrer pour montrer le tunnel et les jouets à Kuro, il l'aura bien mérité après toutes ces commandes ! ;) 
Merci à @4087 d'avoir été le chercher à la poste ❤ https://t.co/rzboFwwJM7","Trop énorme la surprise offerte par ! Hâte de rentrer pour montrer le tunnel et les jouets à Kuro, il l'aura bien mérité après toutes ces commandes ! ;) Merci à d'avoir été le chercher à la poste ❤",73585,@132456 😍😍 N'hésitez pas à partager avec nous d'autres photos 😉,Thu Nov 30 10:22:30 +0000 2017,132456,AmazonHelp,1,False,other,[],0,zero_match,other,
69607,69609,@AmazonHelp In the last 30 mins? No.,In the last 30 mins? No.,69610,"@131776 Hi Sally, you can get in touch with us here:  https://t.co/hApLpMlfHN. We can investigate this further for you. ^HS",Thu Nov 30 10:23:09 +0000 2017,131776,AmazonHelp,1,False,other,[],0,zero_match,other,
73610,73610,"@115850 need to update its app services to update address after order . I ordered some books and paid by @115823 but want to update my address because i’m not available there even you should help me out to deliver all my orders at same day.
#helpmeout",need to update its app services to update address after order . I ordered some books and paid by but want to update my address because i’m not available there even you should help me out to deliver all my orders at same day. #helpmeout,73608,@132463 We don't have direct access to your Amazon account over Twitter. Allow our support team to look into this. You can connect with us here: https://t.co/R3EfhzgU8B ^CB.,Thu Nov 30 10:24:53 +0000 2017,132463,AmazonHelp,1,False,delivery_order_status,['delivery_order_status'],1,single_match,delivery_order_status,delivery_order_status
69821,69796,@AmazonHelp I want replacement ! Don't fool people! I not  Stopping until I get original product!,I want replacement ! Don't fool people! I not Stopping until I get original product!,69798,@131812 We're working to resolve this soon and we'll be sure to reach out to you with an update at the earliest. Your patience is much appreciated. ^VN,Thu Nov 30 10:26:42 +0000 2017,131812,AmazonHelp,1,False,refund_return,['refund_return'],1,single_match,refund_return,refund_return
67484,67488,"@AmazonHelp I have done and it is the 3rd email I have sent in the last 2 days, is there a way you can ensure I get a reply please as I still haven’t had one since I first queried the payment issues last week?","I have done and it is the 3rd email I have sent in the last 2 days, is there a way you can ensure I get a reply please as I still haven’t had one since I first queried the payment issues last week?",67489,@131415 We wouldn't have access from here for security reasons to check for an update on this. I would suggest the phone or chat option for immediate response on this for you and to avoid any further back and forth. You can use this link: https://t.co/JzP7hlA23B Thanks ^NV,Thu Nov 30 10:27:24 +0000 2017,131415,AmazonHelp,1,False,other,[],0,zero_match,other,
71980,71979,@AmazonHelp I put something on my wishlist last night for £59.99 (&amp; it's still showing that price atm on my list) click on the actual product &amp; price jumps up to £84.99?,I put something on my wishlist last night for £59.99 (&amp; it's still showing that price atm on my list) click on the actual product &amp; price jumps up to £84.99?,71981,"@132151 Hey Ron, do you have the link to the item on the website? ^RS",Thu Nov 30 10:29:11 +0000 2017,132151,AmazonHelp,1,False,other,[],0,zero_match,other,
73545,73545,@115830 #AmazonUK @AmazonHelp why is it that when I signed up for Amazon prime you stated free next day delivery but my parcel that was supposed to be delivered today is delayed why,#AmazonUK why is it that when I signed up for Amazon prime you stated free next day delivery but my parcel that was supposed to be delivered today is delayed why,73544,"@132445 Hey I'm sorry to hear this, have you had any updates as to why your order has been delayed?^PJ",Thu Nov 30 10:29:38 +0000 2017,132445,AmazonHelp,1,False,delivery_order_status,['delivery_order_status'],1,single_match,delivery_order_status,delivery_order_status
63826,63820,"@AmazonHelp i am still waiting for a solution for this pathetic fraud
didnt got any call",i am still waiting for a solution for this pathetic fraud didnt got any call,63822,"@130667 I understand your concern regarding the order you've received. However, as informed earlier please be assured that we'll get in touch with you at the earliest. ^BV",Thu Nov 30 10:31:20 +0000 2017,130667,AmazonHelp,1,False,service_complaint,['service_complaint'],1,single_match,service_complaint,service_complaint
71826,71823,@AmazonHelp Make sure it gets delivered today. It has been in my city since yesterday early morning. I’m sure it can be done unless you would rather chose to make a fool out of your customers,Make sure it gets delivered today. It has been in my city since yesterday early morning. I’m sure it can be done unless you would rather chose to make a fool out of your customers,71825,"@130691 I see that you're concerned about the delivery of your order. As informed earlier, we're working on it and we'll get this issue resolved at the earliest. ^BV",Thu Nov 30 10:31:45 +0000 2017,130691,AmazonHelp,1,False,delivery_order_status,['delivery_order_status'],1,single_match,delivery_order_status,delivery_order_status
73469,73469,"Salut @120533, y'aurait il une chance de voir Echo arrivé pour Noel ou début Janvier en FRANCE ???","Salut , y'aurait il une chance de voir Echo arrivé pour Noel ou début Janvier en FRANCE ???",73467,"@132430 Bonjour, bonne question ! Nous n'avons rien encore annoncé, mais votre commentaire sera remonté. Excellente journée.",Thu Nov 30 10:33:17 +0000 2017,132430,AmazonHelp,1,False,other,[],0,zero_match,other,
73518,73518,@115830 do you consider a communal area of a block of flats a safe place to leave a delivery? Especially when I am in the flat all day? Lucky my neighbours are not thieves.,do you consider a communal area of a block of flats a safe place to leave a delivery? Especially when I am in the flat all day? Lucky my neighbours are not thieves.,73516,"@132439 I am sorry to hear this, Alan. Is this the first time this ha happened? If not have you raised this with us directly?^SM",Thu Nov 30 10:34:31 +0000 2017,132439,AmazonHelp,1,False,delivery_order_status,['delivery_order_status'],1,single_match,delivery_order_status,delivery_order_status
73515,73515,Despite paying for @115830 Prime they still sometimes struggle to deliver within a week!,Despite paying for Prime they still sometimes struggle to deliver within a week!,73514,"@132438 Hi Dominic, are you waiting for orders to be delivered? ^JC.",Thu Nov 30 10:35:06 +0000 2017,132438,AmazonHelp,1,False,delivery_order_status,['delivery_order_status'],1,single_match,delivery_order_status,delivery_order_status
73508,73505,"@AmazonHelp Hi, after leaving me on D phone on hold 4 over 20 minutes, she dropped the my call &amp; never bothered to return to let me know but insisted my delivery will come by 9pm last night even though I repeated “nobody delivers round here at that time”!! Really upset about her attitude","Hi, after leaving me on D phone on hold 4 over 20 minutes, she dropped the my call &amp; never bothered to return to let me know but insisted my delivery will come by 9pm last night even though I repeated “nobody delivers round here at that time”!! Really upset about her attitude",73503,"@132436 I am sorry to hear about this, Fatima. What day was your order scheduled to be delivered? Has the tracking on your order been updated?^SM",Thu Nov 30 10:35:51 +0000 2017,132436,AmazonHelp,1,False,delivery_order_status,['delivery_order_status'],1,single_match,delivery_order_status,delivery_order_status
73466,73466,@AmazonHelp good morning. Apparently my package was delivered yesterday.. but I haven't received it. Can you help please?? Thanks,good morning. Apparently my package was delivered yesterday.. but I haven't received it. Can you help please?? Thanks,73465,@132429 Sorry to hear that you haven't received it. This page will give you some handy tips in locating parcels scanned as delivered: https://t.co/L76CBge35P. ^MI,Thu Nov 30 10:36:33 +0000 2017,132429,AmazonHelp,1,False,delivery_order_status,['delivery_order_status'],1,single_match,delivery_order_status,delivery_order_status
73502,73502,"@115830 I ordered from the UK site, now see it is in transit from the States! I purposely ordered from the UK to not get customs charges/additional VAT. What to do when I get charged?","I ordered from the UK site, now see it is in transit from the States! I purposely ordered from the UK to not get customs charges/additional VAT. What to do when I get charged?",73501,"@132435 Hi, was your order fulfilled by us or a seller?^ES",Thu Nov 30 10:37:04 +0000 2017,132435,AmazonHelp,1,False,payment_billing,['payment_billing'],1,single_match,payment_billing,payment_billing
73511,73511,@115821 Why there is no translation of the application in Arabic,Why there is no translation of the application in Arabic,73509,@132437 Sorry to hear that. Can I ask which application you are referring to?^TI,Thu Nov 30 10:37:53 +0000 2017,132437,AmazonHelp,1,False,other,[],0,zero_match,other,
73574,73574,"@115830 If an e mail account has been hacked and can't be accessed, how else can you retrieve the link to reset Amazon password?","If an e mail account has been hacked and can't be accessed, how else can you retrieve the link to reset Amazon password?",73572,@132453 Sorry to hear your email account has been hacked. Please reach out to us here: https://t.co/zH8UlhTGcc so we can assist you further.^ES,Thu Nov 30 10:39:04 +0000 2017,132453,AmazonHelp,1,False,account_access,['account_access'],1,single_match,account_access,account_access
73437,73437,"@AmazonHelp Bjr, je dois recevoir un colis demain via Amazon logistics. Cependant je ne serai pas chez moi et personne ne pourra le recevoir à ma place. Possible de le recevoir à une autre adresse ? Merci","Bjr, je dois recevoir un colis demain via Amazon logistics. Cependant je ne serai pas chez moi et personne ne pourra le recevoir à ma place. Possible de le recevoir à une autre adresse ? Merci",73436,"@132422 Bonjour, le changement d'adresse prend deux jours ouvrés afin que le colis soit livré. Je vous invite à prendre contact avec notre SAV via le lien suivant :  https://t.co/hgIrz98cdI",Thu Nov 30 10:40:39 +0000 2017,132422,AmazonHelp,1,False,other,[],0,zero_match,other,
73502,73499,@AmazonHelp A seller. It wasn’t obvious that they’re in the States when ordering.,A seller. It wasn’t obvious that they’re in the States when ordering.,73497,"@132435 Sorry to hear that. You can contact the seller to see if it's possible to cancel your order, more info on that for you here: https://t.co/lblJ8hPXmg ^TI",Thu Nov 30 10:41:52 +0000 2017,132435,AmazonHelp,1,False,seller_marketplace,['seller_marketplace'],1,single_match,seller_marketplace,seller_marketplace
73533,73533,"@115830 I just received a delivery and half the order was missing, how do I get in contact please?","I just received a delivery and half the order was missing, how do I get in contact please?",73531,"@132441 Hello, I am sorry to hear this. Could this order have been separated into two separate shipments ? Have a look here : https://t.co/Y5jpI9gRhE ^CR",Thu Nov 30 10:42:18 +0000 2017,132441,AmazonHelp,1,False,delivery_order_status,['delivery_order_status'],1,single_match,delivery_order_status,delivery_order_status
71980,71982,"@AmazonHelp Sorry! I don't to hand. It's the 'Lego Star Wars The Last Jedi BB-8'. £59.99 on my wishlist, £84.99 when I click on the link.","Sorry! I don't to hand. It's the 'Lego Star Wars The Last Jedi BB-8'. £59.99 on my wishlist, £84.99 when I click on the link.",71983,"@132151 Hi Ron, thanks for confirming. When you click on the item, and the price increases, can you see who the item is sold by? Is it sold by us, or a seller? ^JC.",Thu Nov 30 10:43:11 +0000 2017,132151,AmazonHelp,1,False,other,[],0,zero_match,other,
73466,73464,@AmazonHelp Hi. I've done that. I've had no delivery card or notification. My neighbours haven't signed for it either. Can you help.,Hi. I've done that. I've had no delivery card or notification. My neighbours haven't signed for it either. Can you help.,73463,@132429 Sorry to hear you haven't receive your order. What time was your order scanned as delivered?^ES,Thu Nov 30 10:43:24 +0000 2017,132429,AmazonHelp,1,False,delivery_order_status,['delivery_order_status'],1,single_match,delivery_order_status,delivery_order_status
73417,73417,E comunque da quando @120540 usa il suo corriere non si riesce più ad avere un pacco in 24 ore ...sempre problemi e mail di scuse per il ritardo,E comunque da quando usa il suo corriere non si riesce più ad avere un pacco in 24 ore ...sempre problemi e mail di scuse per il ritardo,73415,"@132419 Ciao Michele, hai riscontrato un ritardo con la consegna di un ordine spedito tramite Amazon Logistics? Qual è la data di consegna prevista, indicata al momento dell'ordine? ^MZ",Thu Nov 30 10:43:51 +0000 2017,132419,AmazonHelp,1,False,other,[],0,zero_match,other,
74685,74685,"@115850 no delivery after 7 days of fake promises.. this is not what is expected from a brand that is ""Trusted By Crores ofIndians"" https://t.co/1uAiBMCTVs","no delivery after 7 days of fake promises.. this is not what is expected from a brand that is ""Trusted By Crores ofIndians""",74683,@132725 That's not cool; I'm so sorry to learn about the delay with the delivery. We never want you to experience this.  Allow us to sort this for you by sharing your details here: https://t.co/GIJyeYqKE0. We'll check and reach out to you with an update. ^VN,Thu Nov 30 10:44:15 +0000 2017,132725,AmazonHelp,1,False,delivery_order_status,['delivery_order_status'],1,single_match,delivery_order_status,delivery_order_status
73454,73452,@AmazonHelp sí! uno de los gratuitos que están disponibles! Hay un apartado concreto para los libros gratuitos en la tienda Kindle? @117634 Gracias!,sí! uno de los gratuitos que están disponibles! Hay un apartado concreto para los libros gratuitos en la tienda Kindle? Gracias!,73451,"@132427 Sito, actualmente puedes filtrar las búsquedas por precio y ofertas especiales. En el siguiente enlace puedes verlo al lado izquierdo: https://t.co/3H0CbZzSiP  ^FZ",Thu Nov 30 10:44:53 +0000 2017,132427,AmazonHelp,1,False,device_digital_content,['device_digital_content'],1,single_match,device_digital_content,device_digital_content
73556,73551,@AmazonHelp Je ne sais pas si je l'ai signalé au SAV mais j'ai fait une demande de remboursement et imprimé les étiquettes de retour. Faut-il faire autre chose ? Ce serait bête que ça arrive à d'autre. Peut-on utiliser le colis amazon pour le retour ? Merci,Je ne sais pas si je l'ai signalé au SAV mais j'ai fait une demande de remboursement et imprimé les étiquettes de retour. Faut-il faire autre chose ? Ce serait bête que ça arrive à d'autre. Peut-on utiliser le colis amazon pour le retour ? Merci,73553,"@132447 Bonjour, je vous invite à le signaler à notre SAV afin qu'il puisse vérifier cela pour vous, via: https://t.co/hgIrz98cdI ^FT",Thu Nov 30 10:47:10 +0000 2017,132447,AmazonHelp,1,False,delivery_order_status,['delivery_order_status'],1,single_match,delivery_order_status,delivery_order_status
73466,73462,@AmazonHelp No idea. My app tells me it was delivered.,No idea. My app tells me it was delivered.,73461,"@132429 Sorry about this, we're unable to access your account via Twitter to look further into this for you. Can you contact us here:  https://t.co/JzP7hlA23B so we can take a look? ^MI",Thu Nov 30 10:49:37 +0000 2017,132429,AmazonHelp,1,False,delivery_order_status,['delivery_order_status'],1,single_match,delivery_order_status,delivery_order_status
73610,73609,@AmazonHelp I’d already contact to #amazoncustomerservice but there is not such type of service yet now what?,I’d already contact to #amazoncustomerservice but there is not such type of service yet now what?,73611,"@132463 We won't be able to make any changes to orders that are successfully placed, Ankit. However, I'll ensure to share your comments as feedback to our concerned team and get it reviewed. ^RI",Thu Nov 30 10:53:55 +0000 2017,132463,AmazonHelp,1,False,other,[],0,zero_match,other,
73469,73468,@AmazonHelp Merci beaucoup !,Merci beaucoup !,73470,@132430 A votre service,Thu Nov 30 10:53:57 +0000 2017,132430,AmazonHelp,1,False,other,[],0,zero_match,other,
73423,73423,@115830 the state of my parcel from amazon this morning!!!! Disgraceful https://t.co/XVkqCnHYPx,the state of my parcel from amazon this morning!!!! Disgraceful,73421,"@132420 Sorry that your item arrived in that condition, was it sold directly by Amazon or a seller?^CN",Thu Nov 30 10:55:17 +0000 2017,132420,AmazonHelp,1,False,delivery_order_status,['delivery_order_status'],1,single_match,delivery_order_status,delivery_order_status
74680,74680,"@116316 Hey Amazon, eure neue auf 2 getrennte Bildschirme aufgeteilte Login/Passwort-Anmeldung saugt verfaulte Eier. Was soll der Scheiss?","Hey Amazon, eure neue auf 2 getrennte Bildschirme aufgeteilte Login/Passwort-Anmeldung saugt verfaulte Eier. Was soll der Scheiss?",74679,"@132722 Dein Feedback dazu geben wir weiter. Wann und ob es geändert wird, dazu haben wir keine Infos. ^SK",Thu Nov 30 10:56:27 +0000 2017,132722,AmazonHelp,1,False,account_access,['account_access'],1,single_match,account_access,account_access
73511,73510,@AmazonHelp We want to add Arabic to all your sites and applications. Can it happen?,We want to add Arabic to all your sites and applications. Can it happen?,73512,@132437 You provide further feedback on this to us directly here: https://t.co/zNI8NNUGbo thank you ^MI,Thu Nov 30 10:57:09 +0000 2017,132437,AmazonHelp,1,False,other,[],0,zero_match,other,
73460,73456,"@AmazonHelp I just want to return this, pls raise my concern. Not able to do this from my end. Dont expect anything from my end. If this not done then i will make sure will not buy anymore from @115850","I just want to return this, pls raise my concern. Not able to do this from my end. Dont expect anything from my end. If this not done then i will make sure will not buy anymore from",73458,@132428 We understand your concern regarding the return of your order. Kindly connect with our support team here: https://t.co/rS49hgaADF and we'll assist you accordingly. ^VH,Thu Nov 30 10:57:48 +0000 2017,132428,AmazonHelp,1,False,refund_return,['refund_return'],1,single_match,refund_return,refund_return
69821,69800,@AmazonHelp I am expecting a call from Amazon with date on which product will get replaced! If not I will create a video on how Amazon fools customer in India with fake product,I am expecting a call from Amazon with date on which product will get replaced! If not I will create a video on how Amazon fools customer in India with fake product,69801,"@131812 I understand that at this point of time asking you to wait would be disappointing, Rajath. We wouldn't be able to arrange a call back from Twitter. Kindly write back to the email sent by us with your preferred time and we'll get in touch with you.^AR",Thu Nov 30 11:00:14 +0000 2017,131812,AmazonHelp,1,False,item_quality_issue,['item_quality_issue'],1,single_match,item_quality_issue,item_quality_issue
74682,74682,RT @132724: Explique-moi @120533 comment ce #livre est proposé d'occasion alors qu'il n'a eu aucune vente (il est imprimé à la demande) 😐 #algorithms #wrong #Marketplace https://t.co/nLB57fAkbO,RT : Explique-moi comment ce #livre est proposé d'occasion alors qu'il n'a eu aucune vente (il est imprimé à la demande) 😐 #algorithms #wrong #Marketplace,74681,"@132723 Bonjour, pouvez-vous nous fournir plus d'informations je vous prie.",Thu Nov 30 11:01:16 +0000 2017,132723,AmazonHelp,1,False,seller_marketplace,['seller_marketplace'],1,single_match,seller_marketplace,seller_marketplace
74690,74690,@115830 you get some slack about packaging.. but we love the packaging you send your parcels in! Almost as good as the item we actually ordered 😂 #keepupthegoodwork #recycle https://t.co/QgMl9ZwDzv,you get some slack about packaging.. but we love the packaging you send your parcels in! Almost as good as the item we actually ordered 😂 #keepupthegoodwork #recycle,74689,"@132726 Whether you're a kid or a cat, our boxes keep 'em entertained! 😁 📦 #OurCustomersRock ^KN",Thu Nov 30 11:02:08 +0000 2017,132726,AmazonHelp,1,False,delivery_order_status,['delivery_order_status'],1,single_match,delivery_order_status,delivery_order_status
74678,74678,@115830 I am trying to email you through your site but the option is not coming up? I have a problem with an order I have placed and have also had email from seller.  Pls advise?,I am trying to email you through your site but the option is not coming up? I have a problem with an order I have placed and have also had email from seller. Pls advise?,74677,"@132721 Hi, Angela! You can get in touch with us by going here: https://t.co/JzP7hlA23B ^RB",Thu Nov 30 11:13:49 +0000 2017,132721,AmazonHelp,1,False,seller_marketplace,['seller_marketplace'],1,single_match,seller_marketplace,seller_marketplace
74617,74615,@AmazonHelp Thank you for contacting me. Updated delivery date was yesterday 11/29 and did not arrive. Issue has been resolved after some digging. thank you again!,Thank you for contacting me. Updated delivery date was yesterday 11/29 and did not arrive. Issue has been resolved after some digging. thank you again!,74614,"@132709 Its been a pleasure assisting you, Michelle .Just give us another shout if you ever need anything else 🙂^SM",Thu Nov 30 11:16:48 +0000 2017,132709,AmazonHelp,1,False,delivery_order_status,['delivery_order_status'],1,single_match,delivery_order_status,delivery_order_status
74685,74684,@AmazonHelp The item is being returned undelivered by the courier,The item is being returned undelivered by the courier,74686,"@132725 As the package is returned to the seller, we wouldn't be able to reinstate the order. Kindly place a new order. Further, I've forwarded your feedback internally and we'll ensure this won't be repeated. ^SY",Thu Nov 30 11:18:19 +0000 2017,132725,AmazonHelp,1,False,delivery_order_status,['delivery_order_status'],1,single_match,delivery_order_status,delivery_order_status
74613,74613,"@115821 has been disappointing lately. The only reason I have prime is for the 2 day shipping, my last 3 orders have all been hella late. Don’t make promises, what you can’t keep. 😢","has been disappointing lately. The only reason I have prime is for the 2 day shipping, my last 3 orders have all been hella late. Don’t make promises, what you can’t keep. 😢",74612,@132708 Sorry to hear this. What date were you given in your order confirmation email?^ES,Thu Nov 30 11:19:00 +0000 2017,132708,AmazonHelp,1,False,delivery_order_status,['delivery_order_status'],1,single_match,delivery_order_status,delivery_order_status
74619,74619,Muchas gracias por la rapidez y resolución de la atención al cliente y del repartidor de @116928 Todo perfecto y solucionando los imprevistos del reparto del pedido en tiempo record! Geniales! Da gusto este servicio! Enhorabuena por el trabajo! ;),Muchas gracias por la rapidez y resolución de la atención al cliente y del repartidor de Todo perfecto y solucionando los imprevistos del reparto del pedido en tiempo record! Geniales! Da gusto este servicio! Enhorabuena por el trabajo! ;),74618,"@132710 Hola, gracias a ti por tus comentarios. Nos alegra saber que todo se encuentra bien con tu pedido. 😉 ¡Qué tengas un buen día! ^KA",Thu Nov 30 11:20:42 +0000 2017,132710,AmazonHelp,1,False,other,[],0,zero_match,other,
73502,73498,"@AmazonHelp Already dispatched, so not possible. It’s how I saw it’s coming from the US.","Already dispatched, so not possible. It’s how I saw it’s coming from the US.",73500,@132435 We'd like to help with this! Please reach out to us here: https://t.co/JzP7hlA23B ^RO,Thu Nov 30 11:35:35 +0000 2017,132435,AmazonHelp,1,False,delivery_order_status,['delivery_order_status'],1,single_match,delivery_order_status,delivery_order_status
73587,73586,@AmazonHelp (Faudrait que je ramasse le bouquet de lavandes... 😂) https://t.co/SFDUJQtRGx,(Faudrait que je ramasse le bouquet de lavandes... 😂),73588,"@132456 C’est trop mignon, Kuro est adorable 😍😍 Il a l’air de bien s’amuser, mission accomplie 😜 ^BR",Thu Nov 30 11:48:37 +0000 2017,132456,AmazonHelp,1,False,other,[],0,zero_match,other,
72009,72008,"@AmazonHelp Thank you for getting back. It's definitely not with a neighbour and it's definitely not been left outside anywhere, there's no note to say they tried to deliver or anything like that.","Thank you for getting back. It's definitely not with a neighbour and it's definitely not been left outside anywhere, there's no note to say they tried to deliver or anything like that.",72010,@132156 Please get in touch with us here: https://t.co/JzP7hlA23B so we can assist you further.^CN,Thu Nov 30 12:13:13 +0000 2017,132156,AmazonHelp,1,False,delivery_order_status,['delivery_order_status'],1,single_match,delivery_order_status,delivery_order_status
73533,73532,@AmazonHelp No i ordered one item and it says it has been delivered. Part of the item is missing. This was a gift for someone tomorrow so I needed to receive it by today,No i ordered one item and it says it has been delivered. Part of the item is missing. This was a gift for someone tomorrow so I needed to receive it by today,73534,"@132441 Thanks for the additional information! We'd like to take a look into this with you! When you get a moment, please contact us via chat or phone: https://t.co/JzP7hlA23B ^SW",Thu Nov 30 12:23:05 +0000 2017,132441,AmazonHelp,1,False,delivery_order_status,['delivery_order_status'],1,single_match,delivery_order_status,delivery_order_status
64138,64137,@AmazonHelp Yup and we're about 3 days late,Yup and we're about 3 days late,64139,"@130721 Just for the clarification, could you please confirm whether the order has been placed in Amazon.in or https://t.co/nUUp5MLhYl? ^MD",Thu Nov 30 12:31:17 +0000 2017,130721,AmazonHelp,1,False,other,[],0,zero_match,other,
64214,64195,"@AmazonHelp I need some from a UK call centre to call me, I am getting nowhere with customer service. Can somebody arrange this for me please?","I need some from a UK call centre to call me, I am getting nowhere with customer service. Can somebody arrange this for me please?",64196,"@130736 Hi Dan, really sorry to hear you've had a bad experience. Without posting account information, can you advise what's happened? ^JC.",Thu Nov 30 12:53:11 +0000 2017,130736,AmazonHelp,1,False,service_complaint,['service_complaint'],1,single_match,service_complaint,service_complaint
74685,74687,@AmazonHelp Everyone said the same thing. Useless customer service,Everyone said the same thing. Useless customer service,74688,@132725 We would make sure that your comments are closely reviewed. Further we will ensure that such instances doesn't reoccur in the future. ^MD,Thu Nov 30 12:55:28 +0000 2017,132725,AmazonHelp,1,False,service_complaint,['service_complaint'],1,single_match,service_complaint,service_complaint
64214,64197,@AmazonHelp Are you unable to look through this thread of tweets? Why is the customer service so bad. Is a joke?,Are you unable to look through this thread of tweets? Why is the customer service so bad. Is a joke?,64198,"@130736 I'm very sorry that we've missed the mark here, Dan. Please take a moment to provide your details so that we can have someone reach out to you for a resolution: https://t.co/IocsKmhGry  ^SP",Thu Nov 30 12:59:59 +0000 2017,130736,AmazonHelp,1,False,service_complaint,['service_complaint'],1,single_match,service_complaint,service_complaint
69821,69806,@AmazonHelp Taking customer for ride ! I need a original product not refund!,Taking customer for ride ! I need a original product not refund!,69808,@131812 You can check for our correspondence here : https://t.co/DTSNmGldJf. Do check with the same and kindly write back. We'll work on it accordingly. Appreciate your cooperation here. ^CB,Thu Nov 30 13:13:29 +0000 2017,131812,AmazonHelp,1,False,refund_return,['refund_return'],1,single_match,refund_return,refund_return
69821,69809,"@AmazonHelp You're customer service I spoke just now , they can't solve my problem. They don't have power","You're customer service I spoke just now , they can't solve my problem. They don't have power",69810,"@131812 We've responded to you. Please check for our email from social media team. In case, you need more assistance, please reach out to us bu replying to it. ^HS",Thu Nov 30 13:32:05 +0000 2017,131812,AmazonHelp,1,False,service_complaint,['service_complaint'],1,single_match,service_complaint,service_complaint
69821,69811,@AmazonHelp I have not received any mail s from your end. My mail I'd is __email__,I have not received any mail s from your end. My mail I'd is __email__,69812,"@131812 We have sent you mail correspondence to your registered e-mail address; you may check this here: https://t.co/8DAc10S7ww. Also, please don't provide your order details, we consider it to be personal information. Our page is visible to the public. ^VH",Thu Nov 30 14:04:45 +0000 2017,131812,AmazonHelp,1,False,other,[],0,zero_match,other,
67575,67558,"@AmazonHelp Called - they have been absolutely no help whatsoever. They have already tried to deliver today, outside of the times I specified, and will now try and deliver again but cant gaurantee it will be in specified time. What’s the point? You missed the original NDD, you need to fix it","Called - they have been absolutely no help whatsoever. They have already tried to deliver today, outside of the times I specified, and will now try and deliver again but cant gaurantee it will be in specified time. What’s the point? You missed the original NDD, you need to fix it",67560,"@131427 Hello, were you able to try to provide a safe place for the parcel to be left? ^CR",Thu Nov 30 14:22:27 +0000 2017,131427,AmazonHelp,1,False,delivery_order_status,['delivery_order_status'],1,single_match,delivery_order_status,delivery_order_status
69821,69813,@AmazonHelp I wrote mail back ! I understand you want cheat Indian customer and you don't want solve the problem. Till I get my product I won't stop tweeting. Worst experience in the world- Amazon,I wrote mail back ! I understand you want cheat Indian customer and you don't want solve the problem. Till I get my product I won't stop tweeting. Worst experience in the world- Amazon,69814,@131812 We value your time and make sure to resolve this at the earliest. Appreciate your patience. ^MN,Thu Nov 30 14:38:25 +0000 2017,131812,AmazonHelp,1,False,service_complaint,['service_complaint'],1,single_match,service_complaint,service_complaint
73417,73419,"@AmazonHelp Si codice tracking BA0104708903         
Oltretutto non aggiornate mai la sezione traccia il mio pacco con questo corriere...per quest'ordine cosi come per altri precedenti",Si codice tracking BA0104708903 Oltretutto non aggiornate mai la sezione traccia il mio pacco con questo corriere...per quest'ordine cosi come per altri precedenti,73420,@132419 Permetti a me e al mio team di verificare l'accaduto. Clicca qui: https://t.co/YqSLjWcfCa ed inserisci i dati richiesti. A presto! ^CS,Thu Nov 30 14:50:18 +0000 2017,132419,AmazonHelp,1,False,delivery_order_status,['delivery_order_status'],1,single_match,delivery_order_status,delivery_order_status
63918,63914,"@AmazonHelp Entendi, obrigada","Entendi, obrigada",63916,@130681 Imagina! Estamos para te ajudar. ^VL,Thu Nov 30 15:54:54 +0000 2017,130681,AmazonHelp,1,False,other,[],0,zero_match,other,
67575,67562,@AmazonHelp I take it that no response means that no one is capable of correcting your failures and resolving this issue?,I take it that no response means that no one is capable of correcting your failures and resolving this issue?,67563,"@131427 option doesn't work for you, then please reach out to us via phone or chat so that we can explore a resolution together.  https://t.co/JzP7hlA23B  ^SP (2/2)",Thu Nov 30 18:35:13 +0000 2017,131427,AmazonHelp,2,False,service_complaint,['service_complaint'],1,single_match,service_complaint,service_complaint
29662,29662,@115833 my echo keeps telling me that I need to link my premium spotify account to play music from there but I have already done that. Can you help?,my echo keeps telling me that I need to link my premium spotify account to play music from there but I have already done that. Can you help?,29660,"@122516 We're here to help, Eric! Have you had the chance to review these helpful tips: https://t.co/KWtq9zzjUW? Please let us know if this helps! ^VB",Thu Nov 30 19:41:15 +0000 2017,122516,AmazonHelp,1,False,other,[],0,zero_match,other,
29662,29661,@AmazonHelp Ya I've done that already and it's still telling me I need to link my account...,Ya I've done that already and it's still telling me I need to link my account...,29663,"@122516 OK try this:  ask ""Alexa Spotify connect""she will reply with  something like ""choose echo from Spotify connect list""  then you can go into your Spotify app and choose echo under device list. Let us know if this helps. I know it is not a link but it may help you! ^DJ",Thu Nov 30 19:49:16 +0000 2017,122516,AmazonHelp,1,False,other,[],0,zero_match,other,
65909,65909,@AmazonHelp I have a delivery that was supposed to come today but still hasn’t arrived can you help please? Tracking ID Q31155496393,I have a delivery that was supposed to come today but still hasn’t arrived can you help please? Tracking ID Q31155496393,65908,"@131075 Hey there! With Twitter, we're unable to access account or order information but we're here to help! What does your tracking information currently display here: https://t.co/aaDyEz1VgE Please, let us know. ^JE",Thu Nov 30 20:01:38 +0000 2017,131075,AmazonHelp,1,False,delivery_order_status,['delivery_order_status'],1,single_match,delivery_order_status,delivery_order_status
65909,65907,@AmazonHelp It says it has been out for delivery since 8:14am today,It says it has been out for delivery since 8:14am today,65906,@131075 Our couriers can deliver until 21:00. Keep us posted on the delivery! ^MT,Thu Nov 30 20:11:11 +0000 2017,131075,AmazonHelp,1,False,delivery_order_status,['delivery_order_status'],1,single_match,delivery_order_status,delivery_order_status
29662,29664,"@AmazonHelp thanks DJ, that did allow me to play music now using spotify as if it was a bluetooth speaker but I was really hoping to link it for voice control, etc. Could it be that my wife is the echo account owner? I feel like that shouldn't have an effect tho...","thanks DJ, that did allow me to play music now using spotify as if it was a bluetooth speaker but I was really hoping to link it for voice control, etc. Could it be that my wife is the echo account owner? I feel like that shouldn't have an effect tho...",29665,"@122516 Thanks for the additional information, Eric! We'd like to take a look into this with you. When you get a moment, please contact us via chat or phone: https://t.co/hApLpMlfHN ^SW",Thu Nov 30 20:15:58 +0000 2017,122516,AmazonHelp,1,False,other,[],0,zero_match,other,
65909,65905,@AmazonHelp It said it would be delivered by 8pm today on the app,It said it would be delivered by 8pm today on the app,65904,@131075 Thanks for the information! Please reach out to us via phone or chat here: https://t.co/JzP7hlA23B ^AJ,Thu Nov 30 20:17:24 +0000 2017,131075,AmazonHelp,1,False,delivery_order_status,['delivery_order_status'],1,single_match,delivery_order_status,delivery_order_status
15447,15447,@115830 thank you for delaying my package again and again. Not like I wanted it or anything,thank you for delaying my package again and again. Not like I wanted it or anything,15446,@119403 I'm sorry for the delay! Have we provided an updated delivery estimate for your order? Please check here: https://t.co/mm84Ic925f ^MB,Thu Nov 30 20:25:25 +0000 2017,119403,AmazonHelp,1,False,delivery_order_status,['delivery_order_status'],1,single_match,delivery_order_status,delivery_order_status
54364,54364,Right just cancel the order @AmazonHelp December the 5th was not the agreed date it was today! @118373 @128305 3rd time this month it's joke!,Right just cancel the order December the 5th was not the agreed date it was today! 3rd time this month it's joke!,54363,"@128304 I'm terribly sorry your package was delayed! We'd like to look into this for you! When your packages are delayed, do you see a trend in the carrier?  ^AR",Thu Nov 30 20:34:59 +0000 2017,128304,AmazonHelp,1,False,delivery_order_status,['delivery_order_status'],1,single_match,delivery_order_status,delivery_order_status
15140,15140,Another night.  Another non-delivery.  Another useless ‘chat’ conversation with false promises and excuses.  @115830 - you have let me down yet again.  Your promises are full of shit. #whereismybloodystuff,Another night. Another non-delivery. Another useless ‘chat’ conversation with false promises and excuses. - you have let me down yet again. Your promises are full of shit. #whereismybloodystuff,15138,@119301 Oh no! I'm so sorry we've let you down! Were we able to offer any options when you reached out? ^JO,Thu Nov 30 20:40:11 +0000 2017,119301,AmazonHelp,1,False,delivery_order_status,['delivery_order_status'],1,single_match,delivery_order_status,delivery_order_status
69607,69611,@AmazonHelp I’d rather the order just be cancelled so I don’t have the extra hassle of returning items because they didn’t arrive on time. That’s a waste of my time.,I’d rather the order just be cancelled so I don’t have the extra hassle of returning items because they didn’t arrive on time. That’s a waste of my time.,69612,"@131776 We have no access to your account or orders through social media. If you haven't done so already, please reach us directly via the ^HS provided so we may look into available options for you. ^BV",Thu Nov 30 20:55:05 +0000 2017,131776,AmazonHelp,1,False,delivery_order_status,['delivery_order_status'],1,single_match,delivery_order_status,delivery_order_status
29568,29568,"Hey @115850 , since you have launched echo and tap in india. Time to get #alexa working too, please. @115821 @116935","Hey , since you have launched echo and tap in india. Time to get #alexa working too, please.",29565,@122492 The Alexa app will be available in the App Store / Play Store when the devices start shipping the week of Oct 30.^HR,Thu Oct 26 07:37:05 +0000 2017,122492,AmazonHelp,1,False,device_digital_content,['device_digital_content'],1,single_match,device_digital_content,device_digital_content
65655,65637,@AmazonHelp @131027 please resonpd on your ticket 323630 and take action against amzon .so that i can go ahead with cusomer court,please resonpd on your ticket 323630 and take action against amzon .so that i can go ahead with cusomer court,65638,"@131026 Hi, as informed earlier, we'll contact you with an update soon. ^OG.",Tue Jun 27 11:49:45 +0000 2017,131026,AmazonHelp,1,False,other,[],0,zero_match,other,
36582,36594,"@AmazonHelp @115850

Sick of your post sales services., Decide to uninstall Amazon. And no more shopping from Amazon India.
Pathetic service level..","Sick of your post sales services., Decide to uninstall Amazon. And no more shopping from Amazon India. Pathetic service level..",36595,@123971 Sorry about your recent experience. Kindly contact us here: https://t.co/vlvfJr4nN9 &amp; we'll be glad to help you. ^SY,Tue Nov 07 10:59:57 +0000 2017,123971,AmazonHelp,1,False,service_complaint,['service_complaint'],1,single_match,service_complaint,service_complaint
36582,36597,"@AmazonHelp @115850
Pathetic software . Never receive call. Check snapshot..

Pathetic post sales service https://t.co/peqBNSVrZ2",Pathetic software . Never receive call. Check snapshot.. Pathetic post sales service,36598,@123971 Thanks a bunch for sharing your details. We shall reach out to you at the earliest. ^CB,Tue Nov 07 15:59:12 +0000 2017,123971,AmazonHelp,1,False,service_complaint,['service_complaint'],1,single_match,service_complaint,service_complaint
65870,65869,@AmazonHelp @115850 @115821 I contacted your customer service center and even selected return option. But service boy refused to take back product this is fruad .I want to share such fruad info with people to aware of your such fruad work,I contacted your customer service center and even selected return option. But service boy refused to take back product this is fruad .I want to share such fruad info with people to aware of your such fruad work,65868,"@131066 Please confirm, if you have shared your details on the link that was provided to you earlier. If not yet, then I'd request you to please do so that we could check and get this resolved at the earliest. ^KK",Tue Nov 28 05:40:55 +0000 2017,131066,AmazonHelp,1,False,service_complaint,['service_complaint'],1,single_match,service_complaint,service_complaint
69933,69933,"@119625 Hi, can you please check your DM? :)","Hi, can you please check your DM? :)",69932,@131820 Apologies that the DM was left unanswered. Kindly drop in the details on the secured link here https://t.co/beaaDm0muc we would check on it and connect with you. ^KK,Tue Nov 28 10:25:39 +0000 2017,131820,AmazonHelp,1,False,other,[],0,zero_match,other,
64114,64114,@115830 another triumph of customer service. Useless.,another triumph of customer service. Useless.,64112,@130716 Hello! Without posting account information can you tell us more about the issue you're having? We'll be glad to help!^CN,Tue Nov 28 11:05:33 +0000 2017,130716,AmazonHelp,1,False,service_complaint,['service_complaint'],1,single_match,service_complaint,service_complaint
64114,64111,@AmazonHelp I had a message saying it was through my letterbox,I had a message saying it was through my letterbox,64110,@130716 Oh no! That is not good! Let's look into this in real time. Please call or chat with us here: https://t.co/9CEufyI5mq. ^BA,Tue Nov 28 11:11:26 +0000 2017,130716,AmazonHelp,1,False,other,[],0,zero_match,other,
64114,64109,"@AmazonHelp I just rang customer services and was told to wait 48 hours, you see my frustration??","I just rang customer services and was told to wait 48 hours, you see my frustration??",64108,"@130716 Hi Laura, I know its frustrating but this could just be a mis-scan. That's why we ask you to wait a little longer as there is a good chance this will still turn up within the next 48 hours. If not we will take full responsibility and replace or refund for you. ^KK",Tue Nov 28 11:15:24 +0000 2017,130716,AmazonHelp,1,False,service_complaint,['service_complaint'],1,single_match,service_complaint,service_complaint
65714,65714,Second TV attempted to be delivered and Second TV to do a vanishing act. Come on @115830 - we would like our TV now please. Something very fishy about all this...,Second TV attempted to be delivered and Second TV to do a vanishing act. Come on - we would like our TV now please. Something very fishy about all this...,65712,"@131037 Thank you for reaching out today, Hayley. I'm sorry for the recurring issues. Is the status marked as delivered: https://t.co/aaDyEz1VgE? ^KB",Tue Nov 28 20:14:49 +0000 2017,131037,AmazonHelp,1,False,delivery_order_status,['delivery_order_status'],1,single_match,delivery_order_status,delivery_order_status
65714,65711,@AmazonHelp It’s just not fair. It’s not our fault and yet we’re the ones out of pocket and the goods undelivered. Best to use another courier or go to another address??,It’s just not fair. It’s not our fault and yet we’re the ones out of pocket and the goods undelivered. Best to use another courier or go to another address??,65709,@131037 Thanks for the information! We'd like to look into this with you. Please reach out to us via phone or chat here: https://t.co/JzP7hlA23B ^AJ,Tue Nov 28 21:11:59 +0000 2017,131037,AmazonHelp,1,False,delivery_order_status,['delivery_order_status'],1,single_match,delivery_order_status,delivery_order_status
34558,34558,Day two without #AmazonIN #Prime.,Day two without #AmazonIN #Prime.,34557,@123487 I couldn't comprehend your concern. Could you elaborate the issue so that we can assist you accordingly? ^SQ,Tue Oct 24 00:05:47 +0000 2017,123487,AmazonHelp,1,False,other,[],0,zero_match,other,
34558,34554,@AmazonHelp Already requested. No resolution.,Already requested. No resolution.,34553,"@123487 Once the echo order is dispatched, the membership will be activated. Appreciate your patience. ^HR",Tue Oct 24 06:01:40 +0000 2017,123487,AmazonHelp,1,False,other,[],0,zero_match,other,
16796,16782,"@AmazonHelp How much more time is needed?
I think everything is online..
Is ur seller not responding? Or approval is needed from any ministry?",How much more time is needed? I think everything is online.. Is ur seller not responding? Or approval is needed from any ministry?,16781,@119700 Did you receive our email on your revert? ^HK,Tue Oct 24 11:03:26 +0000 2017,119700,AmazonHelp,1,False,seller_marketplace,['seller_marketplace'],1,single_match,seller_marketplace,seller_marketplace
16796,16780,@AmazonHelp No..!!,No..!!,16779,@119700 Request you to check for our response using this link: https://t.co/DTSNmGldJf ^SK,Tue Oct 24 11:48:25 +0000 2017,119700,AmazonHelp,1,False,other,[],0,zero_match,other,
18159,18159,"Really unhappy, @AmazonHelp. I'm sitting here at home all day and I got this text a few minutes ago. https://t.co/w35PxLWI0K","Really unhappy, . I'm sitting here at home all day and I got this text a few minutes ago.",18158,@120034 Hello! I'm really sorry for the frustration. Who was the carrier for the order? You can find that here: https://t.co/Y5jpI9gRhE ^AJ,Tue Oct 31 00:09:04 +0000 2017,120034,AmazonHelp,1,False,other,[],0,zero_match,other,
18159,18157,"@AmazonHelp USPS is the carrier. They are usually here 10 am-12 pm, so I don't know what's going on.","USPS is the carrier. They are usually here 10 am-12 pm, so I don't know what's going on.",18156,@120034 That's really weird! Have you contacted them to see if they could provide any insight? ^AJ,Tue Oct 31 00:17:05 +0000 2017,120034,AmazonHelp,1,False,other,[],0,zero_match,other,
18159,18155,"@AmazonHelp No, is USPS even contactable, esp after hours?  I'll wait and see what happens tomorrow. Two delivery mishaps this month - one UPS, one USPS","No, is USPS even contactable, esp after hours? I'll wait and see what happens tomorrow. Two delivery mishaps this month - one UPS, one USPS",18154,"@120034 Unfortunately not. However, you can check the carrier website for more detailed tracking information. Please keep us posted. ^SY",Tue Oct 31 00:30:12 +0000 2017,120034,AmazonHelp,1,False,delivery_order_status,['delivery_order_status'],1,single_match,delivery_order_status,delivery_order_status
9147,9146,"@115850 Under the same order ID another product of 617 was delivered, paid 700 asked to add the balance to the wallet, same thing, not added","Under the same order ID another product of 617 was delivered, paid 700 asked to add the balance to the wallet, same thing, not added",9145,@117638 Thank you for providing the details. We are working on it and we'll get back to you soon. ^SY,Tue Oct 31 04:42:13 +0000 2017,117638,AmazonHelp,1,False,delivery_order_status,['delivery_order_status'],1,single_match,delivery_order_status,delivery_order_status
18206,18206,"#amazonindia Since when Amazon has started cheating its customers ?🤔
Feeling cheated as i ordered Amazon echo plus on 6th october.",#amazonindia Since when Amazon has started cheating its customers ?🤔 Feeling cheated as i ordered Amazon echo plus on 6th october.,18204,"@120039 That's quite a comment, Abhilash. Please elaborate your concern for us to assist you better. ^SV",Tue Oct 31 06:17:16 +0000 2017,120039,AmazonHelp,1,False,device_digital_content,['device_digital_content'],1,single_match,device_digital_content,device_digital_content
21956,21956,@1404 @AmazonHelp  product is not deliverable to any single pincode in India. making customers fool by listing product at low price https://t.co/3hxhLgCaWd,product is not deliverable to any single pincode in India. making customers fool by listing product at low price,21955,@120779 Certain products can't be shipped to some selected pincodes because of the unavailability of courier facility there. (1/2)^AU,Tue Oct 31 07:22:14 +0000 2017,120779,AmazonHelp,1,False,delivery_order_status,['delivery_order_status'],1,single_match,delivery_order_status,delivery_order_status
22213,22208,"@AmazonHelp Hier c'était écrit ""envoi aujourd'hui"" dans le suivi, et ça n'a pas été expédié hier... #troll","Hier c'était écrit ""envoi aujourd'hui"" dans le suivi, et ça n'a pas été expédié hier... #troll",22207,@120849 L'avez-vous signalé à notre SAV s'il vous plaît? ^SA,Tue Oct 31 08:15:28 +0000 2017,120849,AmazonHelp,1,False,other,[],0,zero_match,other,
22213,22206,@AmazonHelp Où dois puis-je trouver votre SAV? c'est introuvable sur votre site...,Où dois puis-je trouver votre SAV? c'est introuvable sur votre site...,22205,"@120849 Vous pouvez joindre notre SAV via le lien suivant:  https://t.co/hgIrz98cdI 
^SA",Tue Oct 31 08:49:57 +0000 2017,120849,AmazonHelp,1,False,other,[],0,zero_match,other,
21966,21965,@1402 @AmazonHelp can you guys stop the harassment and send me the product I ordered?,can you guys stop the harassment and send me the product I ordered?,21964,@120780 We're following up with your query here: https://t.co/b6M8qTWFD8. Please refer. ^GS,Tue Oct 31 09:15:21 +0000 2017,120780,AmazonHelp,1,False,other,[],0,zero_match,other,
27901,27901,@115821 I understand shipping to Puerto Rico is now behind but orders not shipping after 2/3 weeks? Expedition taking weeks...,I understand shipping to Puerto Rico is now behind but orders not shipping after 2/3 weeks? Expedition taking weeks...,27900,@122104 Apologies Siobhan. Have you been provided with revised delivery dates? ^TP,Tue Oct 31 10:09:53 +0000 2017,122104,AmazonHelp,1,False,delivery_order_status,['delivery_order_status'],1,single_match,delivery_order_status,delivery_order_status
21966,21962,@AmazonHelp kindly expedite your process it's already been 2 days since I filed this forgery and it's still not resolved.,kindly expedite your process it's already been 2 days since I filed this forgery and it's still not resolved.,21961,@120780 We value your time. We shall get things right for you at the earliest. ^CB,Tue Oct 31 10:14:51 +0000 2017,120780,AmazonHelp,1,False,service_complaint,['service_complaint'],1,single_match,service_complaint,service_complaint
24505,24505,My @115830 Prime 'expedited' delivery has been 'out for delivery' for 70 hours. I could have WALKED to Amazon warehouse &amp; back in 58 hrs. https://t.co/3VpfI4JFQS,My Prime 'expedited' delivery has been 'out for delivery' for 70 hours. I could have WALKED to Amazon warehouse &amp; back in 58 hrs.,24504,"@121282 Hi, sorry for the wait! Please keep us posted, our carrier delivers until 9pm today. ^TS",Tue Oct 31 11:24:02 +0000 2017,121282,AmazonHelp,1,False,delivery_order_status,['delivery_order_status'],1,single_match,delivery_order_status,delivery_order_status
37623,37623,@115821 Amazon Logistics is again not delivering packages. It seems like a trend  and not being addressed.#AMZLFail https://t.co/n1Xq7w5wZR,Amazon Logistics is again not delivering packages. It seems like a trend and not being addressed.#AMZLFail,37621,@124165 This is not the experience we hope for! Please contact us here: https://t.co/Z6QSYpWP3i so we can investigate more for you. ^CS,Tue Oct 31 12:14:34 +0000 2017,124165,AmazonHelp,1,False,delivery_order_status,['delivery_order_status'],1,single_match,delivery_order_status,delivery_order_status
25974,25974,@AmazonHelp why am I getting ‘delivered’ updates when they haven’t been?!,why am I getting ‘delivered’ updates when they haven’t been?!,25973,"@121666 I'm sorry to hear this! Just to confirm,what is the current status of this package showing ? https://t.co/hApLpMlfHN ^MW",Tue Oct 31 12:58:23 +0000 2017,121666,AmazonHelp,1,False,delivery_order_status,['delivery_order_status'],1,single_match,delivery_order_status,delivery_order_status
25974,25972,@AmazonHelp Delivered,Delivered,25971,@121666 Oh no! Have you tried these steps to locate your parcel: https://t.co/rM4khb1tx5? Let us know! ^TG,Tue Oct 31 13:04:26 +0000 2017,121666,AmazonHelp,1,False,delivery_order_status,['delivery_order_status'],1,single_match,delivery_order_status,delivery_order_status
18178,18177,@115850 @AmazonHelp Does you app have a feedback option “product not delivered” ?,Does you app have a feedback option “product not delivered” ?,18176,@120037 Sorry for the hassle. Please report this to our support team here: https://t.co/vlvfJr4nN9 and we'll check this. ^HN,Tue Oct 31 15:48:59 +0000 2017,120037,AmazonHelp,1,False,delivery_order_status,['delivery_order_status'],1,single_match,delivery_order_status,delivery_order_status
20764,20764,@115830 can you let me know the status of parcel #Q40724393184. Thank you x,can you let me know the status of parcel #Q40724393184. Thank you x,20763,@120542 I'm so sorry! We don't have access to order information via Twitter. What does the tracking show here? https://t.co/aaDyEz1VgE ^TK,Tue Oct 31 15:51:37 +0000 2017,120542,AmazonHelp,1,False,delivery_order_status,['delivery_order_status'],1,single_match,delivery_order_status,delivery_order_status
2540,2533,"@AmazonHelp 先日教えていただいたように、fireTVstickとルーターの両方を再起動してみたら、前回のようには途切れなくなりました！ありがとうございます😊今の所大丈夫ですが、あとは72時間TV当日に接続が切れてしまわないように祈るのみです...。
お礼と報告まで。 https://t.co/hS5VmxuIfX",先日教えていただいたように、fireTVstickとルーターの両方を再起動してみたら、前回のようには途切れなくなりました！ありがとうございます😊今の所大丈夫ですが、あとは72時間TV当日に接続が切れてしまわないように祈るのみです...。 お礼と報告まで。,2532,@116312 わざわざご連絡をいただき、ありがとうございます。問題が改善されたようで、何よりでございます。万が一再度お困りのことがございましたら、ご遠慮なくお知らせください🙏 YM,Tue Oct 31 15:52:42 +0000 2017,116312,AmazonHelp,1,False,device_digital_content,['device_digital_content'],1,single_match,device_digital_content,device_digital_content
18691,18691,"@115850 This in unacceptable. You sell a book that has a MRP of Rs. 299 for Rs. 336 to me. Then, you drop the price to 302. https://t.co/Tut8jxM4vd","This in unacceptable. You sell a book that has a MRP of Rs. 299 for Rs. 336 to me. Then, you drop the price to 302.",18690,@120171 Pricing and offers are decision of the sellers. The constantly changing marketplace 1/2^HN,Tue Oct 31 17:31:10 +0000 2017,120171,AmazonHelp,1,False,service_complaint,['service_complaint'],1,single_match,service_complaint,service_complaint
13165,13154,@AmazonHelp May i just add that realising NO ACTION HAS BEEN TAKEN on my complaint is not much fun. Worst customer care EVER ! https://t.co/bHOHPNnZFA,May i just add that realising NO ACTION HAS BEEN TAKEN on my complaint is not much fun. Worst customer care EVER !,13153,"@118701 Please don't provide your order details, we consider it personal information. Our Twitter page is visible to public. (2/2) ^SV",Tue Oct 31 18:44:35 +0000 2017,118701,AmazonHelp,1,False,service_complaint,['service_complaint'],1,single_match,service_complaint,service_complaint
1708,1708,"@115821 being charged for amazon prime &amp; when I go to cancel it, it’s saying I’m not a member😠😠😠","being charged for amazon prime &amp; when I go to cancel it, it’s saying I’m not a member😠😠😠",1707,@116083 Hmm... We'd like to take a better look at this with you. Please reach us via phone/chat here: https://t.co/JzP7hlA23B ^KP,Tue Oct 31 19:08:41 +0000 2017,116083,AmazonHelp,1,False,payment_billing,['payment_billing'],1,single_match,payment_billing,payment_billing
2602,2594,@AmazonHelp Want to speak to someone at corp to address these issues.,Want to speak to someone at corp to address these issues.,2592,@116325 Have you tried deleting the card from the account and re-adding it? Have you reached out to USPS about these deliveries? ^AF https://t.co/1XyLaGkcaN,Tue Oct 31 20:18:44 +0000 2017,116325,AmazonHelp,1,False,other,[],0,zero_match,other,
11619,11619,@AmazonHelp how do I inform your delivery drivers to just leave my package at my front door?,how do I inform your delivery drivers to just leave my package at my front door?,11618,"@118238 Hey, Hugh! Are you having trouble receiving a recent order? ^LA",Tue Oct 31 20:38:37 +0000 2017,118238,AmazonHelp,1,False,delivery_order_status,['delivery_order_status'],1,single_match,delivery_order_status,delivery_order_status
1715,1715,Seriously @115821? I order 6 identical washing up bowls and they are all being dispatched as separate orders? My phone is buzzing non-stop!,Seriously ? I order 6 identical washing up bowls and they are all being dispatched as separate orders? My phone is buzzing non-stop!,1714,@116086 Sorry for the inconvenience! Check out how to manage your notifications here: https://t.co/DLN4bDuc5B ^SG,Tue Oct 31 21:14:40 +0000 2017,116086,AmazonHelp,1,False,delivery_order_status,['delivery_order_status'],1,single_match,delivery_order_status,delivery_order_status
695,695,Just pulled another #Amazon delivery out of the bushes since the #amzl people can’t walk the extra 2 ft to my door. So tired of this.,Just pulled another #Amazon delivery out of the bushes since the #amzl people can’t walk the extra 2 ft to my door. So tired of this.,694,@115853 I'm sorry we let you down! We'd like to make sure this is addressed. Please provide some details here: https://t.co/z6evtFsZI5 ^BN,Tue Oct 31 21:17:03 +0000 2017,115853,AmazonHelp,1,False,delivery_order_status,['delivery_order_status'],1,single_match,delivery_order_status,delivery_order_status
2577,2577,@115830 amazonuk took money without any https://t.co/w25zXi7DYp they are not giving it back nor giving clear statement of my refund proces,amazonuk took money without any they are not giving it back nor giving clear statement of my refund proces,2575,"@116321 I'm sorry for the frustration! Without giving personal/account details, could you tell us a bit more about what's going on? ^DG",Tue Oct 31 21:17:08 +0000 2017,116321,AmazonHelp,1,False,refund_return,['refund_return'],1,single_match,refund_return,refund_return
632,632,"@115830 my package was ‘accidentally’ opened.. 4 items missing worth £97.
You need better delivery drivers!! https://t.co/f6SaVBSMqM",my package was ‘accidentally’ opened.. 4 items missing worth £97. You need better delivery drivers!!,631,@115829 I'm sorry your order arrived in this condition! Please reach out to us for available options: https://t.co/JzP7hlA23B ^DG,Tue Oct 31 21:34:58 +0000 2017,115829,AmazonHelp,1,False,delivery_order_status,['delivery_order_status'],1,single_match,delivery_order_status,delivery_order_status
678,676,@115847 @115821 Yeah idk the shipping company and it says “mike Ziemer” signed for it in the mail room at our building lol,Yeah idk the shipping company and it says “mike Ziemer” signed for it in the mail room at our building lol,675,@115846 That's okay! Thanks for checking! Please contact us by phone or chat and we can look into this: https://t.co/hApLpMlfHN ^BN,Tue Oct 31 21:39:25 +0000 2017,115846,AmazonHelp,1,False,delivery_order_status,['delivery_order_status'],1,single_match,delivery_order_status,delivery_order_status
634,634,@115821 @AmazonHelp why is my order at my local courier for the last 6 days and still hasn’t been delivered to me?? Over 1 week late 😡,why is my order at my local courier for the last 6 days and still hasn’t been delivered to me?? Over 1 week late 😡,633,@115831 I'm sorry for the wait. Please reach out to us so we can take a closer look at this delivery: https://t.co/JzP7hlA23B ^SH,Tue Oct 31 21:39:58 +0000 2017,115831,AmazonHelp,1,False,delivery_order_status,['delivery_order_status'],1,single_match,delivery_order_status,delivery_order_status
646,646,.@AmazonHelp Item has not been delivered but tracking says it was handed to me over an hour ago... 2nd time this has happened. Sort it out https://t.co/42W82GcARk,. Item has not been delivered but tracking says it was handed to me over an hour ago... 2nd time this has happened. Sort it out,644,@115835 I'm so sorry you didn't receive your parcel! We'd like a chance to look into this with you here: https://t.co/JzP7hlA23B ^SY,Tue Oct 31 21:40:30 +0000 2017,115835,AmazonHelp,1,False,delivery_order_status,['delivery_order_status'],1,single_match,delivery_order_status,delivery_order_status
3759,3759,@115830 you pay for prime expecting next day delivery. Then receive 2 emails half hr apart 'failed delivery' but your sitting at home 😡,you pay for prime expecting next day delivery. Then receive 2 emails half hr apart 'failed delivery' but your sitting at home 😡,3758,"@116619  I'm sorry your parcel wasn't delivered. Please reach us here: https://t.co/XRh1cqD2lT, so we can look into this with you. ^MO",Tue Oct 31 21:40:54 +0000 2017,116619,AmazonHelp,1,False,delivery_order_status,['delivery_order_status'],1,single_match,delivery_order_status,delivery_order_status
2577,2574,@AmazonHelp and redund issued on 13th https://t.co/1uydlorGCp no sing of my money and amazonuk just saying its in the billing department.no signof devlp,and redund issued on 13th no sing of my money and amazonuk just saying its in the billing department.no signof devlp,2573,@116321 When you last contacted us what information did we provide? Have you spoken with your bank to see if they have the refund? ^LR,Tue Oct 31 21:43:12 +0000 2017,116321,AmazonHelp,1,False,payment_billing,['payment_billing'],1,single_match,payment_billing,payment_billing
690,690,@115850 @115821 @AmazonHelp @115851 Order# 3632693-6196346. You couldn't deliver EVEN AFTER A MONTH. You should be ashamed of yourself.,Order# 3632693-6196346. You couldn't deliver EVEN AFTER A MONTH. You should be ashamed of yourself.,689,@115849 Please report this to our support team here: https://t.co/TdDksLo6Mf and we'll look into this. 2/2 ^HD,Tue Oct 31 21:45:15 +0000 2017,115849,AmazonHelp,1,False,delivery_order_status,['delivery_order_status'],1,single_match,delivery_order_status,delivery_order_status
26920,26918,"@AmazonHelp Pre ordered a book and treated myself to another book, neither have even dispatched! The order is still at will dispatch on 22nd Oct.","Pre ordered a book and treated myself to another book, neither have even dispatched! The order is still at will dispatch on 22nd Oct.",26917,@121893 When you placed the order what was the stated delivery date? You can quickly check from here:  https://t.co/aaDyEz1VgE ^CH,Tue Oct 31 21:54:20 +0000 2017,121893,AmazonHelp,1,False,delivery_order_status,['delivery_order_status'],1,single_match,delivery_order_status,delivery_order_status
636,636,"Thanks for the style advice, @115833 look ...I think? #Halloween2017 #flamingo https://t.co/XvI54La043","Thanks for the style advice, look ...I think? #Halloween2017 #flamingo",635,@115832 Alexa says both styles are working for you! My vote goes to the Flamingo look! ^SE,Tue Oct 31 22:05:36 +0000 2017,115832,AmazonHelp,1,False,other,[],0,zero_match,other,
690,686,@AmazonHelp Already contacted 3-4 times in the last month. But all I got was assurance that matter is escalated &amp; new status will be provided in 1 day!,Already contacted 3-4 times in the last month. But all I got was assurance that matter is escalated &amp; new status will be provided in 1 day!,684,@115849 Please share your details here:https://t.co/GIJyeYqKE0 and I'll get back to you. 2/2 ^HD,Tue Oct 31 22:06:53 +0000 2017,115849,AmazonHelp,1,False,service_complaint,['service_complaint'],1,single_match,service_complaint,service_complaint
26920,26916,@AmazonHelp Between 24th and 26th I believe,Between 24th and 26th I believe,26915,@121893 Have you contacted us about the delay: https://t.co/JzP7hlA23B? ^KB,Tue Oct 31 22:07:16 +0000 2017,121893,AmazonHelp,1,False,other,[],0,zero_match,other,
1748,1748,@AmazonHelp that is not my apartment!!!!!!! This is the sending time!!!! Where is my package!!!!!!!!!! https://t.co/EIY6DZUCDC,that is not my apartment!!!!!!! This is the sending time!!!! Where is my package!!!!!!!!!!,1747,"@116094 (2/2) Also, for your security, I'd recommend deleting the image, as it contains your tracking number. ^WT",Tue Oct 31 22:07:19 +0000 2017,116094,AmazonHelp,2,False,delivery_order_status,['delivery_order_status'],1,single_match,delivery_order_status,delivery_order_status
667,667,"Anna Inspired in idea lab at school to be @115821 package being shipped to Narnia! ""Amazon can go anywhere"" according to Anna. https://t.co/TyvKhuu7su","Anna Inspired in idea lab at school to be package being shipped to Narnia! ""Amazon can go anywhere"" according to Anna.",665,@115843 You're not lion! She even shows witch way is up! That's quite the wardrobe! ^AC,Tue Oct 31 22:11:10 +0000 2017,115843,AmazonHelp,1,False,delivery_order_status,['delivery_order_status'],1,single_match,delivery_order_status,delivery_order_status
682,681,@115821  https://t.co/Gb0beuA3IN,,680,@115848 I'm sorry for the trouble this has caused you; please contact us so we may lend you a hand: https://t.co/hApLpMlfHN ^WM,Tue Oct 31 22:11:34 +0000 2017,115848,AmazonHelp,1,True,other,[],0,zero_match,other,
2577,2570,"@AmazonHelp yes i did,but amazonuk is not doing the refund process.if they do it .i will get the money","yes i did,but amazonuk is not doing the refund process.if they do it .i will get the money",2569,"@116321 I would like someone from our team to take a look into this for you, Sanu. Please reach out here: https://t.co/QtC7bueYoR ^LA",Tue Oct 31 22:16:47 +0000 2017,116321,AmazonHelp,1,False,refund_return,['refund_return'],1,single_match,refund_return,refund_return
649,649,"In response to your @115830 packing video, this packaging was for a 2ft washing line pole @115837 https://t.co/X21SQHgC0K","In response to your packing video, this packaging was for a 2ft washing line pole",648,@115836 Thanks for bringing this to our attention! Please also leave packing feedback here: https://t.co/PMiShxgPvp so we may improve.^KL,Tue Oct 31 22:17:47 +0000 2017,115836,AmazonHelp,1,False,other,[],0,zero_match,other,
1741,1741,@115821 please spend time &amp; money to fix your app. Constant issues with it.,please spend time &amp; money to fix your app. Constant issues with it.,1739,"@116092 Oh no, Barton! Have you tried uninstalling and re-installing the app? Perhaps a power cycle too? Please let us know. ^KL",Tue Oct 31 22:20:43 +0000 2017,116092,AmazonHelp,1,False,other,[],0,zero_match,other,
1736,1736,Two fake items in one day. Time to cancel my Amazon Prime membership. @AmazonHelp,Two fake items in one day. Time to cancel my Amazon Prime membership.,1734,@116091 Oh no! I'm so sorry to hear this. Was the item sold by Amazon directly or Third-party seller: https://t.co/aaDyEz1VgE. ^LH,Tue Oct 31 22:21:42 +0000 2017,116091,AmazonHelp,1,False,prime_membership,['prime_membership'],1,single_match,prime_membership,prime_membership
2602,2591,@AmazonHelp No on the card. It works only half the time. Yes on USPS. They say my delivery person won’t deliver anything over 30 lbs. just sends it back,No on the card. It works only half the time. Yes on USPS. They say my delivery person won’t deliver anything over 30 lbs. just sends it back,2587,"@116325 We'd like another chance to look into this. Please reach out by phone or chat: https://t.co/hApLpMlfHN

Please keep us updated. ^FJ",Tue Oct 31 22:24:18 +0000 2017,116325,AmazonHelp,1,False,delivery_order_status,['delivery_order_status'],1,single_match,delivery_order_status,delivery_order_status
652,651,"@AmazonHelp I don't want a form to fill out that logs a response no one reads. I want to prevent AMZL from touching my stuff. Possible, or no?","I don't want a form to fill out that logs a response no one reads. I want to prevent AMZL from touching my stuff. Possible, or no?",653,"@115838 Is there a current order you're having difficulties with? Please let us know, we'd like to help! ^KL",Tue Oct 31 22:25:58 +0000 2017,115838,AmazonHelp,1,False,other,[],0,zero_match,other,
624,623,"@AmazonHelp Okay, danke für die Info","Okay, danke für die Info",625,@115824 Wir haben zu danken. Schönen Abend noch. ^JS,Tue Oct 31 22:32:07 +0000 2017,115824,AmazonHelp,1,False,other,[],0,zero_match,other,
1708,1706,"@AmazonHelp I have tried. It’s not allowing me to access my account to cancel my membership, I haven’t even used prime in almost 3 months.","I have tried. It’s not allowing me to access my account to cancel my membership, I haven’t even used prime in almost 3 months.",1705,@116083 I'm sorry to hear you're not able to access your account. Please use this link instead to contact us: https://t.co/zYVX1Qi29G. ^LH,Tue Oct 31 22:33:08 +0000 2017,116083,AmazonHelp,1,False,other,[],0,zero_match,other,
1710,1710,@AmazonHelp where can I chat with a support member for a false charge,where can I chat with a support member for a false charge,1709,@116084 I'm sorry you've encountered an unknown charge! We'd be happy to look into this with you here: https://t.co/hApLpMlfHN ^BL,Tue Oct 31 22:33:35 +0000 2017,116084,AmazonHelp,1,False,service_complaint,['service_complaint'],1,single_match,service_complaint,service_complaint
3729,3729,@AmazonHelp i reset my password 3 times and it still says incorrect you gotta be shitting me,i reset my password 3 times and it still says incorrect you gotta be shitting me,3727,@116611 I'm sorry for the trouble! Have you tried the steps outlined here? https://t.co/POJ37mWiEk ^LA,Tue Oct 31 22:34:33 +0000 2017,116611,AmazonHelp,1,False,account_access,['account_access'],1,single_match,account_access,account_access
1695,1695,@115821 my order hasn’t arrived (it was due 14th October). Can you help?,my order hasn’t arrived (it was due 14th October). Can you help?,1692,@116081 Hey Georgia! Sorry you haven't received your package. We'd love to help! What does the current tracking say on your order? ^AJ,Tue Oct 31 22:40:01 +0000 2017,116081,AmazonHelp,1,False,delivery_order_status,['delivery_order_status'],1,single_match,delivery_order_status,delivery_order_status
2568,2568,"Hey @115821, why is your Prime 2-day delivery not arriving until Monday? Is there a holiday I don't know about?","Hey , why is your Prime 2-day delivery not arriving until Monday? Is there a holiday I don't know about?",2566,"@116320 Most items are readily available for shipping; however, some aren't and may have a longer processing time than others. ^QJ",Tue Oct 31 22:40:57 +0000 2017,116320,AmazonHelp,1,False,delivery_order_status,['delivery_order_status'],1,single_match,delivery_order_status,delivery_order_status
1736,1735,"@AmazonHelp Fulfilled by Amazon. It’s quite disturbing you’re selling counterfeit items, and can’t be trusted.","Fulfilled by Amazon. It’s quite disturbing you’re selling counterfeit items, and can’t be trusted.",1737,"@116091 We'd like to look into this with you in real time, Bry. When you can, please ring or chat in with us: https://t.co/JzP7hlA23B ^BL",Tue Oct 31 22:41:11 +0000 2017,116091,AmazonHelp,1,False,item_quality_issue,['item_quality_issue'],1,single_match,item_quality_issue,item_quality_issue
2580,2580,the @amazonhelp queue is clueless on Amazon Household,the queue is clueless on Amazon Household,2578,"@116322 I'm sorry for the frustration! Without giving account/personal details, can you please provide us with more info? ^AC",Tue Oct 31 22:46:16 +0000 2017,116322,AmazonHelp,1,False,other,[],0,zero_match,other,
10650,10650,勝手にAmazonプライム会員になってて毎月会員費とられてた😇😇😇,勝手にAmazonプライム会員になってて毎月会員費とられてた😇😇😇,10649,@117951 (1/2)意図しないご登録となり申し訳ありません。プライム無料体験をご利用ではなかったでしょうか。ご登録後に自動更新をオフに設定されていない場合、体験期間終了後に有料会員へと移行となります。 YM,Tue Oct 31 22:49:19 +0000 2017,117951,AmazonHelp,1,False,other,[],0,zero_match,other,
2580,2581,"@AmazonHelp I've been in the prime queue, kindle queue, the echo queue, and now on hold again.","I've been in the prime queue, kindle queue, the echo queue, and now on hold again.",2582,@116322 We'd like to look deeper into this issue. Please provide us with more information here: https://t.co/wpDDiHUP4k. ^LH,Tue Oct 31 22:50:46 +0000 2017,116322,AmazonHelp,1,False,device_digital_content,['device_digital_content'],1,single_match,device_digital_content,device_digital_content
3726,3726,@115830 Why do you say that an article is eligible for free delivery then offer nothing but standard option at £4.75?,Why do you say that an article is eligible for free delivery then offer nothing but standard option at £4.75?,3725,@116610 Is everything in your basket eligible? You can find more info here: https://t.co/d1x19RiAXm Let us know if this helps! ^EB,Tue Oct 31 22:53:28 +0000 2017,116610,AmazonHelp,1,False,delivery_order_status,['delivery_order_status'],1,single_match,delivery_order_status,delivery_order_status
652,654,@AmazonHelp Already started the return. UPS gets it from my doorstep tomorrow. Order 111-5014070-4118645,Already started the return. UPS gets it from my doorstep tomorrow. Order 111-5014070-4118645,655,@115838 Provide your details here: https://t.co/6f6cWZv7vm and my team will escalate the order to Amazon Logistics for feedback. ^EZ,Tue Oct 31 22:53:50 +0000 2017,115838,AmazonHelp,1,False,other,[],0,zero_match,other,
1695,1693,@AmazonHelp but I can’t find the options to cancel or re-order?,but I can’t find the options to cancel or re-order?,1696,@116081 I'm sorry for the delay! We'd like to take a further look into this with you! Please reach us here: https://t.co/hApLpMlfHN ^AG,Tue Oct 31 22:54:54 +0000 2017,116081,AmazonHelp,1,False,other,[],0,zero_match,other,
3733,3733,"@AmazonHelp um, my account was locked as soon as I tried to login on desktop. I still haven’t received an email on how to get it unlocked...","um, my account was locked as soon as I tried to login on desktop. I still haven’t received an email on how to get it unlocked...",3731,@116612 I'm sorry your account is locked! Please reach out directly to us here: https://t.co/jzvkhdlrK5 so we can take a closer look. ^TN,Tue Oct 31 22:57:48 +0000 2017,116612,AmazonHelp,1,False,account_access,['account_access'],1,single_match,account_access,account_access
1699,1701,@AmazonHelp You have to log in. I don't remember the email address I used. Can you look up the account by my bank information?,You have to log in. I don't remember the email address I used. Can you look up the account by my bank information?,1704,@116082 It would be best if you get in touch with us by phone or chat.use this link to do so:  https://t.co/hApLpMlfHN ^CH,Tue Oct 31 22:58:06 +0000 2017,116082,AmazonHelp,1,False,account_access,['account_access'],1,single_match,account_access,account_access
4829,4829,@115830  website impossible to navigate - all I want to do is email about a faulty item - 20 min going round in circles. Infuriating 😡😡😡,website impossible to navigate - all I want to do is email about a faulty item - 20 min going round in circles. Infuriating 😡😡😡,4828,"@116845 I'm sorry for the trouble! Let's go over your available options here:  https://t.co/JzP7hlA23B
^LL",Tue Oct 31 22:59:05 +0000 2017,116845,AmazonHelp,1,False,item_quality_issue,['item_quality_issue'],1,single_match,item_quality_issue,item_quality_issue
17912,17912,@AmazonHelp @119973 Es nervt das ich mich seit neusten  beinahe täglich auf. Fire tv stick neu einloggen muss 😈,Es nervt das ich mich seit neusten beinahe täglich auf. Fire tv stick neu einloggen muss 😈,17911,"@119972 Oje! Melde dich doch gleich mal hier https://t.co/wWn0qM25US und lass meine Kollegen prüfen, was da los sein könnte. Gruß ^DS",Tue Oct 31 23:09:32 +0000 2017,119972,AmazonHelp,1,False,device_digital_content,['device_digital_content'],1,single_match,device_digital_content,device_digital_content
4861,4861,"To the person or persons that stole that big, heavy Amazon box of my porch today: enjoy 200 13 gallon garbage bags!","To the person or persons that stole that big, heavy Amazon box of my porch today: enjoy 200 13 gallon garbage bags!",4860,"@116850 Oh no! Have you had a chance to report this to us: https://t.co/CYqkdUakWJ? If so, what options and insight did we provide? ^GM",Tue Oct 31 23:11:36 +0000 2017,116850,AmazonHelp,1,False,other,[],0,zero_match,other,
62198,62198,Wtf @115821 no deliveries being done in Atlanta since Saturday? #unprofessional,Wtf no deliveries being done in Atlanta since Saturday? #unprofessional,62197,@130244 I'm sorry for the wait! Is there a current order that's missed its delivery date here: https://t.co/Y5jpI9gRhE? ^LL,Tue Oct 31 23:15:53 +0000 2017,130244,AmazonHelp,1,False,delivery_order_status,['delivery_order_status'],1,single_match,delivery_order_status,delivery_order_status
5806,5805,@117095 @115821 My audiobook hasn’t shipped (but the site still says I’ll get it by 8PM 🙄),My audiobook hasn’t shipped (but the site still says I’ll get it by 8PM 🙄),5804,@117094 I'm sorry for the wait! Please let us know if it does not arrive by 8PM. We want to make sure you receive the order. ^DD,Tue Oct 31 23:22:05 +0000 2017,117094,AmazonHelp,1,False,delivery_order_status,['delivery_order_status'],1,single_match,delivery_order_status,delivery_order_status
8513,8513,"@115830 when you can't get my Prime order to me on time, what happens? I needed it on time! It's a gift! Your courier not up to the job?","when you can't get my Prime order to me on time, what happens? I needed it on time! It's a gift! Your courier not up to the job?",8512,"@117494 We're unable to view your account, but we'd like to help in real-time, via phone or chat here: https://t.co/JzP7hlA23B ^NN",Tue Oct 31 23:26:02 +0000 2017,117494,AmazonHelp,1,False,delivery_order_status,['delivery_order_status'],1,single_match,delivery_order_status,delivery_order_status
3733,3732,@AmazonHelp I can’t log in because it’s locked.,I can’t log in because it’s locked.,3734,"@116612 The link ^TN provided will allow you to contact us without signing in! Select ""skip log in"" and you'll be in touch in no time! ^VB",Tue Oct 31 23:29:03 +0000 2017,116612,AmazonHelp,1,False,account_access,['account_access'],1,single_match,account_access,account_access
11036,11036,"Uhh... my 10 y/o just asked Alexa to play Halloween music. First song opening lyric: ""yippee kiyay motherfucker."" Wtf @116935??","Uhh... my 10 y/o just asked Alexa to play Halloween music. First song opening lyric: ""yippee kiyay motherfucker."" Wtf ??",11035,@118080 Yikes! We'd like to take a closer look into this. Please reach out with more information here: https://t.co/6Z7czEwEfV ^DG,Tue Oct 31 23:31:22 +0000 2017,118080,AmazonHelp,1,False,device_digital_content,['device_digital_content'],1,single_match,device_digital_content,device_digital_content
5782,5782,@117086 tem previsao para liberar a terceira temporada de #mrrobot no #amazonprimebrasil ?,tem previsao para liberar a terceira temporada de #mrrobot no #amazonprimebrasil ?,5780,"@117085 Olá, H.o! No momento não temos previsão, mas qualquer novidade será anunciada diretamente no nosso site e redes sociais. ^CR",Tue Oct 31 23:35:25 +0000 2017,117085,AmazonHelp,1,False,other,[],0,zero_match,other,
9788,9788,@115833 please teach Alexa slang. I've been trying to play Momentz by gorillaz for the last 30 minutes.,please teach Alexa slang. I've been trying to play Momentz by gorillaz for the last 30 minutes.,9787,@117792 We are always looking for ways to improve! You can provide your feedback to our developers here: https://t.co/XD4MGgu8XV ^EA,Tue Oct 31 23:39:31 +0000 2017,117792,AmazonHelp,1,False,device_digital_content,['device_digital_content'],1,single_match,device_digital_content,device_digital_content
11974,11974,@AmazonHelp My Halloween costume is a day late. Can you help?,My Halloween costume is a day late. Can you help?,11973,"@118354 I'm so sorry we've let you down. Please reach us here: https://t.co/hApLpMlfHN, so we can explore options with you. ^LL",Tue Oct 31 23:39:57 +0000 2017,118354,AmazonHelp,1,False,other,[],0,zero_match,other,
8540,8540,@115850 pls investigate ur satara (Maharashtra) amzn staff or ur reputation is doomed in the region in long term.,pls investigate ur satara (Maharashtra) amzn staff or ur reputation is doomed in the region in long term.,8539,@117088 Request you to please fill in the details in the link provided earlier and we'll look into this. ^MK,Tue Oct 31 23:41:31 +0000 2017,117088,AmazonHelp,1,False,other,[],0,zero_match,other,
8537,8537,@115821 why do I pay for 2 day shipping and it's going on 4 days.,why do I pay for 2 day shipping and it's going on 4 days.,8536,"@117499 (2/2) If we’ve missed the date in our order confirmation e-mail, please let us know here: https://t.co/hApLpMlfHN! ^WT",Tue Oct 31 23:42:01 +0000 2017,117499,AmazonHelp,2,False,delivery_order_status,['delivery_order_status'],1,single_match,delivery_order_status,delivery_order_status
9823,9823,@115821 thanks for the new movies on Prime video. Something new to distract from pain during CRPS flare ups #TheWitches 🌙🎃,thanks for the new movies on Prime video. Something new to distract from pain during CRPS flare ups #TheWitches 🌙🎃,9822,@117802 We are happy that our new selections bring you some comfort. Stay strong Cassandra ^CH,Tue Oct 31 23:57:48 +0000 2017,117802,AmazonHelp,1,False,device_digital_content,['device_digital_content'],1,single_match,device_digital_content,device_digital_content
9817,9817,Please explain this @AmazonHelp https://t.co/VJ4d1ii4PH,Please explain this,9815,@117800 I'm sorry it hasn't arrived! We strive to meet the delivery date in your confirmation e-mail. Have we missed that date? ^MO,Tue Oct 31 23:58:58 +0000 2017,117800,AmazonHelp,1,False,other,[],0,zero_match,other,
9129,9129,@AmazonHelp It looks as though someone has changed the email address linked to my acct &amp; I can no longer log in. Help!,It looks as though someone has changed the email address linked to my acct &amp; I can no longer log in. Help!,9128,"@117632 We're here to help! Please, reach us phone or e-mail so we can investigate: https://t.co/jzvkhdlrK5 ^EB",Tue Oct 31 23:59:46 +0000 2017,117632,AmazonHelp,1,False,account_access,['account_access'],1,single_match,account_access,account_access
9137,9137,@AmazonHelp Had a package scheduled for delivery today and it didn’t come I’m not happy,Had a package scheduled for delivery today and it didn’t come I’m not happy,9136,@117636 I'm sorry your shipment hasn't arrived; what is the latest status on the order: https://t.co/Y5jpI9gRhE? ^LR,Wed Nov 01 00:00:01 +0000 2017,117636,AmazonHelp,1,False,delivery_order_status,['delivery_order_status'],1,single_match,delivery_order_status,delivery_order_status
9791,9791,Ordered cases for our new iPhone X and @115821 sent me iPhone 8 cases for BOTH ones. NOT THE SAME PHONE! #pissed,Ordered cases for our new iPhone X and sent me iPhone 8 cases for BOTH ones. NOT THE SAME PHONE! #pissed,9789,@117793 I'm sorry you didn't receive the correct items! I recommend trying the steps here for wrong items: https://t.co/3B6iUhjS3U ^SJ,Wed Nov 01 00:05:55 +0000 2017,117793,AmazonHelp,1,False,other,[],0,zero_match,other,
9825,9825,"Hey @117804, é possível sincronizar minha conta do @695 para ler no Kindle?","Hey , é possível sincronizar minha conta do para ler no Kindle?",9824,"@117803 Olá, Tiago. Atualmente essa opção não está disponível. Qualquer novidade será anunciada no nosso site e redes sociais. ^CR",Wed Nov 01 00:09:24 +0000 2017,117803,AmazonHelp,1,False,device_digital_content,['device_digital_content'],1,single_match,device_digital_content,device_digital_content
9132,9132,Haha @117634 has been sneakily charging me $9.99 SINCE FEBRUARY for a service I never use💩🙈👎 $90 gone!!! Thanks @AmazonHelp,Haha has been sneakily charging me $9.99 SINCE FEBRUARY for a service I never use💩🙈👎 $90 gone!!! Thanks,9130,@117633 Oh no! We'd like to review these charges and available options with you. Please reach us here: https://t.co/hApLpMlfHN. ^EZ,Wed Nov 01 00:09:41 +0000 2017,117633,AmazonHelp,1,False,payment_billing,['payment_billing'],1,single_match,payment_billing,payment_billing
10653,10653,hey @115821 why did i pay extra for shipping only for my order to say 'arriving today' and it still hasnt shipped yet just wondering.,hey why did i pay extra for shipping only for my order to say 'arriving today' and it still hasnt shipped yet just wondering.,10652,@117952 I'm sorry your order hasn't arrived! We'd like to see how we can help so please reach us here: https://t.co/hApLpMlfHN ^DD,Wed Nov 01 00:10:50 +0000 2017,117952,AmazonHelp,1,False,delivery_order_status,['delivery_order_status'],1,single_match,delivery_order_status,delivery_order_status
9129,9125,@AmazonHelp I'm UK based. Are the contact details the same?,I'm UK based. Are the contact details the same?,9122,@117632 Sorry! Try this one instead: https://t.co/JzP7hlA23B ^TR,Wed Nov 01 00:11:46 +0000 2017,117632,AmazonHelp,1,False,other,[],0,zero_match,other,
9812,9810,@AmazonHelp Was sent this item in 6x9 size. Trying to return &amp; UPS did not show up today. I'd keep item if I could get refund for price difference. https://t.co/G1a6por32Z,Was sent this item in 6x9 size. Trying to return &amp; UPS did not show up today. I'd keep item if I could get refund for price difference.,9809,@117798 We would like to investigate further with you. Please reach out to us at your convenience: https://t.co/hApLpMlfHN ^JP,Wed Nov 01 00:12:14 +0000 2017,117798,AmazonHelp,1,False,refund_return,['refund_return'],1,single_match,refund_return,refund_return
10634,10634,How does amazon have late shipping? Multi billion dollar company @115821,How does amazon have late shipping? Multi billion dollar company,10632,@117948 I'm sorry we let you down! Do you have a current order that has passed the delivery date? ^DD,Wed Nov 01 00:12:37 +0000 2017,117948,AmazonHelp,1,False,delivery_order_status,['delivery_order_status'],1,single_match,delivery_order_status,delivery_order_status
9821,9819,@AmazonHelp if thats the case because if I pay for overnight shipping/delivery i expect to get what I paid for.,if thats the case because if I pay for overnight shipping/delivery i expect to get what I paid for.,9818,"@117801 (2/2) If we’ve missed the date in our order confirmation e-mail, please let us know here: https://t.co/hApLpMlfHN! ^WT",Wed Nov 01 00:13:08 +0000 2017,117801,AmazonHelp,2,False,delivery_order_status,['delivery_order_status'],1,single_match,delivery_order_status,delivery_order_status
9799,9798,@115850 I mean I don't have problem with most of the orders but the black dot moving with the green bar is quite irritating,I mean I don't have problem with most of the orders but the black dot moving with the green bar is quite irritating,9797,"@117797 I get your concern, BIgral. I'll share your comments with internal teams for review. Do keep us posted. ^SV",Wed Nov 01 00:16:48 +0000 2017,117797,AmazonHelp,1,False,delivery_order_status,['delivery_order_status'],1,single_match,delivery_order_status,delivery_order_status
11053,11053,@AmazonHelp it's been 7 days &amp; my @115821 order still hasn't shipped. #fail https://t.co/apV29xdWuM,it's been 7 days &amp; my order still hasn't shipped. #fail,11052,@118084 I'm sorry that your package has not shipped! Did we miss the promised Delivery date found here: https://t.co/Y5jpI9gRhE  ^LM,Wed Nov 01 00:17:36 +0000 2017,118084,AmazonHelp,1,False,delivery_order_status,['delivery_order_status'],1,single_match,delivery_order_status,delivery_order_status
11073,11073,@AmazonHelp isn't prime two day shipping supposed to be guaranteed? what happens when its late?,isn't prime two day shipping supposed to be guaranteed? what happens when its late?,11071,@118088 I'm sorry you haven't received your order yet! Have we missed the delivery date confirmed via e-mail: https://t.co/CTNCjpcgOm? ^GM,Wed Nov 01 00:19:00 +0000 2017,118088,AmazonHelp,1,False,delivery_order_status,['delivery_order_status'],1,single_match,delivery_order_status,delivery_order_status
10665,10664,@AmazonHelp @115766 Can I get a confirmation that it will ship tomorrow?,Can I get a confirmation that it will ship tomorrow?,10663,@117957 We always strive to get your order to you at the stated expected delivery time that is stated at the time of checkout ^CH,Wed Nov 01 00:19:10 +0000 2017,117957,AmazonHelp,1,False,other,[],0,zero_match,other,
9784,9784,"@115821 , #fake I phone 7 received from amazon , India - order ID: amazon India has refused to replace @115850 pictures attach herewith. https://t.co/iYmtFWzE6o",", #fake I phone 7 received from amazon , India - order ID: amazon India has refused to replace pictures attach herewith.",9783,"@117791 Please don't provide your details, we consider it personal information. Our Twitter page is visible to public. 2/2 ^MK",Wed Nov 01 00:20:46 +0000 2017,117791,AmazonHelp,2,False,delivery_order_status,['delivery_order_status'],1,single_match,delivery_order_status,delivery_order_status
11079,11079,"I'm thinking that @115821 tracking is total fiction - package has been ""Out for Delivery"" for 2 days &amp; hasn't arrived. 3 days late.","I'm thinking that tracking is total fiction - package has been ""Out for Delivery"" for 2 days &amp; hasn't arrived. 3 days late.",11077,@118090 Oh no! I'm sorry you haven't received your order! Please contact us here so we may look into this: https://t.co/hApLpMlfHN ^BN,Wed Nov 01 00:25:01 +0000 2017,118090,AmazonHelp,1,False,delivery_order_status,['delivery_order_status'],1,single_match,delivery_order_status,delivery_order_status
10660,10660,My package from @115821 was supposed to arrive today. Now it not coming till Friday. Why the hell do I pay for prime. Doesn't do shit.,My package from was supposed to arrive today. Now it not coming till Friday. Why the hell do I pay for prime. Doesn't do shit.,10659,"@117955 Oh no, Blair! Can you confirm the delivery date that was provided in your order confirmation email? ^LA",Wed Nov 01 00:25:02 +0000 2017,117955,AmazonHelp,1,False,delivery_order_status,['delivery_order_status'],1,single_match,delivery_order_status,delivery_order_status
10656,10656,E já estou desesperada achando que não vai dar tempo da @117086 entregar o terceiro livro antes de eu teminar esse.,E já estou desesperada achando que não vai dar tempo da entregar o terceiro livro antes de eu teminar esse.,10654,@117953 Oi Juliana. Qual é a data de entrega do seu pedido? 🤔 ^JJ,Wed Nov 01 00:29:05 +0000 2017,117953,AmazonHelp,1,False,other,[],0,zero_match,other,
9781,9780,@AmazonHelp I've returned several things lately and don't want Amazon to think I'm abusing the return policy.,I've returned several things lately and don't want Amazon to think I'm abusing the return policy.,9782,@117790 I understand! Returns can be made as long as they fall under this policy: https://t.co/i3QyGkjfQI. Hope this helps! ^BL,Wed Nov 01 00:31:20 +0000 2017,117790,AmazonHelp,1,False,other,[],0,zero_match,other,
9807,9804,@AmazonHelp I have filled the details,I have filled the details,9805,"@117791 If you've shared your details in the link, we'll check and get back to you with an update soon. ^MK",Wed Nov 01 00:37:25 +0000 2017,117791,AmazonHelp,1,False,other,[],0,zero_match,other,
11039,11039,I'm so anxious to see that my Xbox one X will be shipping. I'm seeing other people get their confirmations. Where's mine @115821,I'm so anxious to see that my Xbox one X will be shipping. I'm seeing other people get their confirmations. Where's mine,11037,@118081 I'm sorry you haven't received an update on your shipping details! You can check your order here: https://t.co/Y5jpI9gRhE ^MO,Wed Nov 01 00:43:23 +0000 2017,118081,AmazonHelp,1,False,delivery_order_status,['delivery_order_status'],1,single_match,delivery_order_status,delivery_order_status
11070,11066,Regretting having bought @115821 Kindle Fire Kids Edition. Every day it has some random problem I have to fix. Now saying theres no SD card.,Regretting having bought Kindle Fire Kids Edition. Every day it has some random problem I have to fix. Now saying theres no SD card.,11062,@118087 Please try to remove and reinsert the SD card following the steps here: https://t.co/ZtaYsyA9rO. Let us know how this helps! ^MB,Wed Nov 01 00:43:24 +0000 2017,118087,AmazonHelp,1,False,device_digital_content,['device_digital_content'],1,single_match,device_digital_content,device_digital_content
10634,10633,@AmazonHelp I have an order that was supposed to be here on the 25th which has not arrived yet.,I have an order that was supposed to be here on the 25th which has not arrived yet.,10635,"@117948 What does the current tracking indicate? Also, who does the tracking indicate as carrier?: https://t.co/PyACxvY8Qo ^VB",Wed Nov 01 00:48:39 +0000 2017,117948,AmazonHelp,1,False,delivery_order_status,['delivery_order_status'],1,single_match,delivery_order_status,delivery_order_status
11053,11049,@AmazonHelp Original promised delivery date was yesterday to this Friday.,Original promised delivery date was yesterday to this Friday.,11047,@118084 Please give us a call here: https://t.co/Q7Ftz6nj80 so we can take a look into this with you! ^TR,Wed Nov 01 00:49:34 +0000 2017,118084,AmazonHelp,1,False,delivery_order_status,['delivery_order_status'],1,single_match,delivery_order_status,delivery_order_status
11017,11015,"@AmazonHelp Didn’t know I needed to. Is that really a thing?! But still Prime shipping should be 2 days, correct?","Didn’t know I needed to. Is that really a thing?! But still Prime shipping should be 2 days, correct?",11013,"@118078 Yes, Release-Date Delivery is definitely a thing and the Amazon Prime two day shipping does mean two days after processed. ^CN",Wed Nov 01 00:49:57 +0000 2017,118078,AmazonHelp,1,False,delivery_order_status,['delivery_order_status'],1,single_match,delivery_order_status,delivery_order_status
11603,11603,"@amazonhelp My order 113-8951188-2020217 says ""Left in mailroom"" but my house doesn't have a mailroom and I've been home all day.","My order 113-8951188-2020217 says ""Left in mailroom"" but my house doesn't have a mailroom and I've been home all day.",11601,@118235 Oh no! Have you checked the mailbox? These steps may help locate the order: https://t.co/7jZ5OuoXoK. Keep us posted! ^BN,Wed Nov 01 00:55:04 +0000 2017,118235,AmazonHelp,1,False,delivery_order_status,['delivery_order_status'],1,single_match,delivery_order_status,delivery_order_status
12502,12502,"Amazon Kindle の「スライダー」が「マイライブラリー」になったの、本当に不便。「スライダー」は「スライダーから削除」を使うことで、「今、読んでいる(or次に読みたい)本」の枠として便利だった。「マイライブラリー」はどんな思想の枠ですか？
@118500",Amazon Kindle の「スライダー」が「マイライブラリー」になったの、本当に不便。「スライダー」は「スライダーから削除」を使うことで、「今、読んでいる(or次に読みたい)本」の枠として便利だった。「マイライブラリー」はどんな思想の枠ですか？,12501,@118499 ご不便をおかけしております。アップデートにより仕様が変更される場合がありますが、変更の背景等については詳細をお伝えすることができませんことをご了承ください。ご指摘いただいた点は担当部署に伝えさせていただき、今後もサービスや機能の改善に努めて参ります。 YM,Wed Nov 01 00:55:46 +0000 2017,118499,AmazonHelp,1,False,device_digital_content,['device_digital_content'],1,single_match,device_digital_content,device_digital_content
11619,11617,@AmazonHelp Lol that's not my real name. But basically yeah they won't just leave it at my front door. Tomorrow's the final attempt.,Lol that's not my real name. But basically yeah they won't just leave it at my front door. Tomorrow's the final attempt.,11616,"@118238 Hi, not Hugh:) Who is the carrier for this delivery? You can find this information here: https://t.co/Y5jpI9gRhE  ^LM",Wed Nov 01 00:56:29 +0000 2017,118238,AmazonHelp,1,False,other,[],0,zero_match,other,
11979,11979,@116090 don't promise a 1 day shipping with a GUARANTEED 8pm delivery when you can't keep it,don't promise a 1 day shipping with a GUARANTEED 8pm delivery when you can't keep it,11978,@118233 Oh no! Have we missed the estimated delivery date showing in your order confirmation e-mail? We're here to help! ^ML,Wed Nov 01 00:59:46 +0000 2017,118233,AmazonHelp,1,True,delivery_order_status,['delivery_order_status'],1,single_match,delivery_order_status,delivery_order_status
11982,11982,"@AmazonHelp what the hell is going on?! Today's last day to deliver and still not shipped!!
Should I pledge that I won't ever order from u?!",what the hell is going on?! Today's last day to deliver and still not shipped!! Should I pledge that I won't ever order from u?!,11980,"@118356 I understand your concern, Nihal. Could you confirm if you've report this to our team using the link provided earlier? ^HD",Wed Nov 01 01:00:15 +0000 2017,118356,AmazonHelp,1,False,delivery_order_status,['delivery_order_status'],1,single_match,delivery_order_status,delivery_order_status
11597,11597,@AmazonHelp  don't promise a 1 day shipping with a GUARANTEED 8pm delivery when you can't keep it,don't promise a 1 day shipping with a GUARANTEED 8pm delivery when you can't keep it,11596,@118233 I'm so sorry for the wait! What does tracking information say here: https://t.co/PyACxvY8Qo? ^MH,Wed Nov 01 01:00:30 +0000 2017,118233,AmazonHelp,1,False,delivery_order_status,['delivery_order_status'],1,single_match,delivery_order_status,delivery_order_status
10634,10637,"@AmazonHelp The tracking indicated as here, and then, it seemed to go back in time, saying it was not here anymore. I believe it's USPS","The tracking indicated as here, and then, it seemed to go back in time, saying it was not here anymore. I believe it's USPS",10642,@117948 Please get in touch with us here: https://t.co/Q7Ftz6nj80 and we'd be happy to review available options with you. ^EZ,Wed Nov 01 01:03:39 +0000 2017,117948,AmazonHelp,1,False,delivery_order_status,['delivery_order_status'],1,single_match,delivery_order_status,delivery_order_status
10634,10636,"@AmazonHelp My apologies, it says now that the delivery date is October 31st. Still hasn't come though.","My apologies, it says now that the delivery date is October 31st. Still hasn't come though.",10638,"@117948 Hi Mark!

Deliveries will run up until 21:00.  Let us know what happens.

Chuck H",Wed Nov 01 01:05:58 +0000 2017,117948,AmazonHelp,1,False,delivery_order_status,['delivery_order_status'],1,single_match,delivery_order_status,delivery_order_status
11976,11976,Seriously @115821 what is up with ordering things and it being open?  You guys shipping returned items.  2nd day in a row this happens :SMH: https://t.co/gMyT1z9Zu1,Seriously what is up with ordering things and it being open? You guys shipping returned items. 2nd day in a row this happens :SMH:,11975,@118355 We do not want this to happen and are eager to help. Reach out to us for more assistance here: https://t.co/hApLpMlfHN ^LM,Wed Nov 01 01:06:19 +0000 2017,118355,AmazonHelp,1,False,delivery_order_status,['delivery_order_status'],1,single_match,delivery_order_status,delivery_order_status
11603,11602,"@AmazonHelp Not in the mailbox, not on the porch, not in my house, not at the neighbors. This was a Prime order, late/lost again.","Not in the mailbox, not on the porch, not in my house, not at the neighbors. This was a Prime order, late/lost again.",11604,@118235 I'm sorry those steps didn't help! Who was the carrier for this order? You can check here: https://t.co/Y5jpI9gRhE ^BL,Wed Nov 01 01:10:15 +0000 2017,118235,AmazonHelp,1,False,delivery_order_status,['delivery_order_status'],1,single_match,delivery_order_status,delivery_order_status
11070,11063,@AmazonHelp when its removed the system says it's inserted but unrecognized. When it's inserted the tablet behaves as though there's no card,when its removed the system says it's inserted but unrecognized. When it's inserted the tablet behaves as though there's no card,11067,@118087 Check the SD Card slot and make sure there is no particulate matter which may be effecting how the card is being detected. ^CH,Wed Nov 01 01:12:38 +0000 2017,118087,AmazonHelp,1,False,other,[],0,zero_match,other,
11575,11574,"@AmazonHelp enviei meu ebook para o premio Kindle às 22h de hoje. Porém, a ferramenta kdp fala q demora 72h pra publicar. Vou concorrer mesmo assim, certo?","enviei meu ebook para o premio Kindle às 22h de hoje. Porém, a ferramenta kdp fala q demora 72h pra publicar. Vou concorrer mesmo assim, certo?",11576,"@118230 Recomendo entrar em contato diretamente com o SAC da KDP, para eles conferirem o seu caso: https://t.co/iAtVDKIvAN ^CR",Wed Nov 01 01:12:45 +0000 2017,118230,AmazonHelp,1,False,device_digital_content,['device_digital_content'],1,single_match,device_digital_content,device_digital_content
11053,11048,"@AmazonHelp Thanks, I called. The agent says the order has been received, but not shipped. Still anticipate a Friday delivery","Thanks, I called. The agent says the order has been received, but not shipped. Still anticipate a Friday delivery",11050,@118084 Thanks for the information. Please let us know if your order doesn't arrive by Friday. ^EZ,Wed Nov 01 01:13:03 +0000 2017,118084,AmazonHelp,1,False,delivery_order_status,['delivery_order_status'],1,single_match,delivery_order_status,delivery_order_status
2540,2541,@116313 FireTVstick購入し接続完了、画面の切り替えも問題ないのですが、音声が切り替わらないです。どうしたらいいのでしょうか？(＞＜),FireTVstick購入し接続完了、画面の切り替えも問題ないのですが、音声が切り替わらないです。どうしたらいいのでしょうか？(＞＜),12507,"@118502 Fire TV Stickのご注文ありがとうございます。
音声が切り替わらないとのことなので、設定等を確認の上ご案内させていただきます。
よろしければ、下記URLよりご連絡ください。https://t.co/bwBU0NvYIn TY",Wed Nov 01 01:13:37 +0000 2017,118502,AmazonHelp,1,False,device_digital_content,['device_digital_content'],1,single_match,device_digital_content,device_digital_content
13170,13170,@115821 why is your AMZL US shipping service not show more updates online? I had another package with this not delivered.,why is your AMZL US shipping service not show more updates online? I had another package with this not delivered.,13168,@118704 Are you currently waiting on the delivery of a delayed order? ^QJ,Wed Nov 01 01:16:07 +0000 2017,118704,AmazonHelp,1,False,delivery_order_status,['delivery_order_status'],1,single_match,delivery_order_status,delivery_order_status
11070,11065,"@AmazonHelp it was doing this a few days ago and a factory reset fixed it, for two days. A hard reboot with card in or out does not resolve.","it was doing this a few days ago and a factory reset fixed it, for two days. A hard reboot with card in or out does not resolve.",11069,"@118087 That's odd! We'd like to help further with this. When you can, please reach out to us here: https://t.co/hApLpMlfHN ^HM",Wed Nov 01 01:21:59 +0000 2017,118087,AmazonHelp,1,False,other,[],0,zero_match,other,
12511,12511,@115850 why to you promise false discounts with wrong mrp ...the device I bought showed a mrp of 7999 when its actual mrp is 7499 https://t.co/1kqHQVHBcl,why to you promise false discounts with wrong mrp ...the device I bought showed a mrp of 7999 when its actual mrp is 7499,12510,@118504 from our sellers. You may also visit this link: https://t.co/yQb39uNRsX for more information. 2/2 ^MK,Wed Nov 01 01:29:26 +0000 2017,118504,AmazonHelp,2,False,other,[],0,zero_match,other,
13567,13565,@AmazonHelp https://t.co/saX0kAZVCW!,,13564,@118829 Can you confirm the delivery date provided in your order confirmation email? It can be viewed here: https://t.co/1aMUiU8Rcg ^LA,Wed Nov 01 01:33:35 +0000 2017,118829,AmazonHelp,1,True,other,[],0,zero_match,other,
13558,13558,@115821 any idea when this order will arrive? I have a sassy Brit since grocery stopped carrying his @118826 #teatime #isthisatrick https://t.co/wb8uMOsjcW,any idea when this order will arrive? I have a sassy Brit since grocery stopped carrying his #teatime #isthisatrick,13557,@118825 I'm sorry there was a delay! Let us know if your package doesn't arrive by November 2. Please keep us posted on its delivery. ^TN,Wed Nov 01 01:35:24 +0000 2017,118825,AmazonHelp,1,False,delivery_order_status,['delivery_order_status'],1,single_match,delivery_order_status,delivery_order_status
12496,12496,@115821 WTF MAN. YALL LET SOME RANDO CHANGE MY EMAIL TO MY ACCOUNT AND NOW I CANT LOG IN. FIX IT!!!!!,WTF MAN. YALL LET SOME RANDO CHANGE MY EMAIL TO MY ACCOUNT AND NOW I CANT LOG IN. FIX IT!!!!!,12493,"@118498 I'm so sorry about that, Alexis. When you can, please reach us here so we can better assist: https://t.co/hApLpMlfHN ^BL",Wed Nov 01 01:35:30 +0000 2017,118498,AmazonHelp,1,False,account_access,['account_access'],1,single_match,account_access,account_access
13165,13152,@AmazonHelp Thanks. I wish the same degree of concern were shown about my complaint though.,Thanks. I wish the same degree of concern were shown about my complaint though.,13151,@118701 Could you please confirm if you have replied to our email? ^MK,Wed Nov 01 01:36:51 +0000 2017,118701,AmazonHelp,1,False,service_complaint,['service_complaint'],1,single_match,service_complaint,service_complaint
11603,11605,"@AmazonHelp Carrier: AMZL US, Tracking #: TBA516106123000","Carrier: AMZL US, Tracking #: TBA516106123000",11606,"@118235 I'd like someone from my team to check into this. When you can, please drop your details here: https://t.co/jNvrqbIPwn ^BL",Wed Nov 01 01:38:00 +0000 2017,118235,AmazonHelp,1,False,delivery_order_status,['delivery_order_status'],1,single_match,delivery_order_status,delivery_order_status
14291,14291,What the hell @115821?! This boxed is beyond damaged. I wanted a new one! https://t.co/J36cokDm6l,What the hell ?! This boxed is beyond damaged. I wanted a new one!,14290,@119040 I'm sorry! Was it shipped by Amazon or a third-party seller as seen here: https://t.co/MiIirnEONI? ^SE,Wed Nov 01 01:42:36 +0000 2017,119040,AmazonHelp,1,False,item_quality_issue,['item_quality_issue'],1,single_match,item_quality_issue,item_quality_issue
13189,13189,"Hi @AmazonHelp, I’ve purchased something via your app and it’s broken! How can I get it replaced?","Hi , I’ve purchased something via your app and it’s broken! How can I get it replaced?",13187,"@118710 Hi, Reece! I'm sorry about the broken item. You can check into options here: https://t.co/Ueduyt85xq ^BL",Wed Nov 01 01:44:51 +0000 2017,118710,AmazonHelp,1,False,item_quality_issue,['item_quality_issue'],1,single_match,item_quality_issue,item_quality_issue
12496,12494,@AmazonHelp I already emailed y’all.,I already emailed y’all.,12497,"@118498 I'm sorry about the link. For a faster response, contact us by phone here: https://t.co/jzvkhdlrK5 without signing in. ^BE",Wed Nov 01 01:45:07 +0000 2017,118498,AmazonHelp,1,False,service_complaint,['service_complaint'],1,single_match,service_complaint,service_complaint
13571,13571,"おいいいいい！発売する三ヶ月前から予約注文で受け付けた品物くらい発売日にきっちり届けろよAmazonさんw

だからkonozamaとか言われるんだよw",おいいいいい！発売する三ヶ月前から予約注文で受け付けた品物くらい発売日にきっちり届けろよAmazonさんw だからkonozamaとか言われるんだよw,13570,@118831 恐れ入りますが、予約商品でも発売日のお届けを確約しておりません。https://t.co/vwDxlbpOLC  なお、発売日/発売日前日にお届けする場合、一定の条件を満たしている注文のみです。https://t.co/f3TKbgOOgv  TY,Wed Nov 01 01:45:31 +0000 2017,118831,AmazonHelp,1,False,other,[],0,zero_match,other,
15306,15306,"Hi @AmazonHelp, when I placed my order I requested a VAT receipt either via email or post but I still haven’t had one?","Hi , when I placed my order I requested a VAT receipt either via email or post but I still haven’t had one?",15305,"@118710 I'm sorry for the inconvenience.  Please see here: https://t.co/3gp9Udo7j5, for more info on accessing your invoice. ^LM",Wed Nov 01 01:45:36 +0000 2017,118710,AmazonHelp,1,False,delivery_order_status,['delivery_order_status'],1,single_match,delivery_order_status,delivery_order_status
13165,13132,@AmazonHelp I have. And I have spoken to customer care again on chat.,I have. And I have spoken to customer care again on chat.,13129,"@118701 If you've replied to the email sent by us, we'll check and get back to you with an update shortly. ^NR",Wed Nov 01 01:47:25 +0000 2017,118701,AmazonHelp,1,False,service_complaint,['service_complaint'],1,single_match,service_complaint,service_complaint
13563,13563,@AmazonHelp when do you guys charge for the Xbox one X I preordered? It ships the 6th.,when do you guys charge for the Xbox one X I preordered? It ships the 6th.,13561,@118828 Thanks for reaching out to us! You will be charged for your order once it ships out. ^FJ,Wed Nov 01 01:53:28 +0000 2017,118828,AmazonHelp,1,False,other,[],0,zero_match,other,
13900,13900,@AmazonHelp is there a way to know if the Amazon gift cards I send are being used?,is there a way to know if the Amazon gift cards I send are being used?,13899,@118920 You would only be able to confirm gift card balances on the account it is redeemed on. ^JP,Wed Nov 01 01:56:33 +0000 2017,118920,AmazonHelp,1,False,payment_billing,['payment_billing'],1,single_match,payment_billing,payment_billing
14289,14289,@115821 u need2 srsly consider cutting ties w/ @115817 nothing but probs they deliv sum1 elses package now I'm gettin the run around 2get mine,u need2 srsly consider cutting ties w/ nothing but probs they deliv sum1 elses package now I'm gettin the run around 2get mine,14288,"@119039 I so sorry for the repeated delivery problems! When you contacted UPS, what options were provided? Please keep us posted. ^CC",Wed Nov 01 02:03:36 +0000 2017,119039,AmazonHelp,1,False,delivery_order_status,['delivery_order_status'],1,single_match,delivery_order_status,delivery_order_status
12496,12498,@AmazonHelp Is that a 24 hr line,Is that a 24 hr line,12499,@118498 Yes. Our main customer service line is open 24 hours a day. ^LJ,Wed Nov 01 02:06:55 +0000 2017,118498,AmazonHelp,1,False,other,[],0,zero_match,other,
16451,16451,@115821 nice dead flower delivery for 14 dollars. https://t.co/MjaNedn12J,nice dead flower delivery for 14 dollars.,16450,"@119623 I'm so sorry your flowers were damaged! Please reach us here: https://t.co/hApLpMlfHN, so we can find available options. ^NS",Wed Nov 01 02:16:48 +0000 2017,119623,AmazonHelp,1,False,delivery_order_status,['delivery_order_status'],1,single_match,delivery_order_status,delivery_order_status
13903,13903,I lose faith in humanity on days like this. My friend sends me a 🎁 from @115821 after a crappy week and I come home and it’s been stolen.,I lose faith in humanity on days like this. My friend sends me a 🎁 from after a crappy week and I come home and it’s been stolen.,13901,@118921 I'm so sorry! We'd like to look into our available options. Please reach us here: https://t.co/hApLpMlfHN ^AG,Wed Nov 01 02:18:01 +0000 2017,118921,AmazonHelp,1,False,other,[],0,zero_match,other,
13165,13130,@AmazonHelp I had replied almost as soon as you posted about the email and sent it. I want to know what action has been taken on my complaint.,I had replied almost as soon as you posted about the email and sent it. I want to know what action has been taken on my complaint.,13133,"@118701 Sorry to know about the delivery issue. As you've confirmed sharing your details, you should've received an email from (1/2)^KA",Wed Nov 01 02:23:06 +0000 2017,118701,AmazonHelp,2,False,service_complaint,['service_complaint'],1,single_match,service_complaint,service_complaint
11982,11981,@AmazonHelp Many times..Always got them saying well deliver it by deadline...I hate your service now,Many times..Always got them saying well deliver it by deadline...I hate your service now,11983,@118356 Sorry about the delay with the order. Please share your details here: https://t.co/GIJyeYqKE0 and we'll check this. ^KA,Wed Nov 01 02:24:08 +0000 2017,118356,AmazonHelp,1,False,delivery_order_status,['delivery_order_status'],1,single_match,delivery_order_status,delivery_order_status
15286,15286,@115821 I ordered a ghilie suit with one day shipping for Halloween 3 days ago and guess what can’t do anything now because I don’t have it,I ordered a ghilie suit with one day shipping for Halloween 3 days ago and guess what can’t do anything now because I don’t have it,15285,@119354 I'm sorry your suit didn't arrive before Halloween. Did we miss the delivery date shown here: https://t.co/Y5jpI9gRhE? ^EA,Wed Nov 01 02:28:01 +0000 2017,119354,AmazonHelp,1,False,delivery_order_status,['delivery_order_status'],1,single_match,delivery_order_status,delivery_order_status
15288,15288,@118919 @119356 अगर आप नोकिया 6 mobile को समय पर  नही पहुंचा पाते हैं customer को  तो क्यों आप नोकिया का फ़ोन बेचते है,अगर आप नोकिया 6 mobile को समय पर नही पहुंचा पाते हैं customer को तो क्यों आप नोकिया का फ़ोन बेचते है,15287,@119355 : https://t.co/r8OjOjMdND and we'll look into this for you. (2/2) ^VM,Wed Nov 01 02:41:18 +0000 2017,119355,AmazonHelp,2,False,other,[],0,zero_match,other,
16467,16467,"@117795 Now that I’m streaming to your Prime Do U have audio assisted movies, TV, etc. as I am visually impaired. ?","Now that I’m streaming to your Prime Do U have audio assisted movies, TV, etc. as I am visually impaired. ?",16465,@119627 That's a great question! You can learn more on how to turn on Audio Descriptions here: https://t.co/qiN8mb0MXN ^SE,Wed Nov 01 02:44:09 +0000 2017,119627,AmazonHelp,1,False,device_digital_content,['device_digital_content'],1,single_match,device_digital_content,device_digital_content
16474,16474,"@115821  hi, can you guys give me the country code of amazon usa. amazon  gave me headaches..","hi, can you guys give me the country code of amazon usa. amazon gave me headaches..",16472,@119449  I'm sorry for the trouble! You can dial +1-206-266-2992 to reach us internationally. ^BT,Wed Nov 01 02:44:35 +0000 2017,119449,AmazonHelp,1,False,other,[],0,zero_match,other,
15681,15681,@115821 everytime I try to purachase something my account will get blocked.. worst service ever. sorry to tell that.,everytime I try to purachase something my account will get blocked.. worst service ever. sorry to tell that.,15680,"@119449 I'm so sorry for the account trouble! Have you received an e-mail regarding this issue? If so, please reply to it for more info. ^CC",Wed Nov 01 02:45:57 +0000 2017,119449,AmazonHelp,1,False,service_complaint,['service_complaint'],1,single_match,service_complaint,service_complaint
15294,15294,アマゾンの荷物届かないんですけどー！！聞いたこと無い業者から配達されるから怪しいと思ってたらこれだよ。,アマゾンの荷物届かないんですけどー！！聞いたこと無い業者から配達されるから怪しいと思ってたらこれだよ。,15293,"@119357 ご心配をおかけしております。
お届け予定日の最終日を経過している場合は、状況を確認させていただければと存じます。
よろしければ、下記URLよりご連絡ください。https://t.co/J6YEizo6qC TY",Wed Nov 01 02:53:50 +0000 2017,119357,AmazonHelp,1,True,other,[],0,zero_match,other,
15268,15268,.@115850 @AmazonHelp thanks for no replies whatsoever on my complaint.an you please tell me what more should I do? @119351 @1015,. thanks for no replies whatsoever on my complaint.an you please tell me what more should I do?,15267,@119350 Please fill in your details using the link: https://t.co/JzRdscmdH9 and I'll get in touch with you soon. ^AK (2/2),Wed Nov 01 02:53:53 +0000 2017,119350,AmazonHelp,2,False,service_complaint,['service_complaint'],1,single_match,service_complaint,service_complaint
15704,15704,.@115821 don't say you'll deliver the next business day then come back the same day. I won't let someone in my building I'm not expecting.,. don't say you'll deliver the next business day then come back the same day. I won't let someone in my building I'm not expecting.,15703,@119453 I'm sorry for the frustration. Who was the carrier for this delivery? You can check here: https://t.co/Y5jpI9gRhE ^EA,Wed Nov 01 02:54:33 +0000 2017,119453,AmazonHelp,1,False,delivery_order_status,['delivery_order_status'],1,single_match,delivery_order_status,delivery_order_status
15707,15707,@AmazonHelp have a query regarding cash back during 14-17 October sale. Email/DM ?,have a query regarding cash back during 14-17 October sale. Email/DM ?,15705,@119454 We'd like to help you with the cash back. Kindly get in touch with our support team here: https://t.co/rS49hgaADF ^AK,Wed Nov 01 02:55:13 +0000 2017,119454,AmazonHelp,1,False,other,[],0,zero_match,other,
15692,15686,"@AmazonHelp Order no - 403-7559101-5645129 
Return reference - 710398288491
Article name - puma shoes",Order no - 403-7559101-5645129 Return reference - 710398288491 Article name - puma shoes,15684,"@119451 number. Also, please don't provide order details, we consider it to be personal info. Our page is visible to the public.(2/2)^SF",Wed Nov 01 02:56:50 +0000 2017,119451,AmazonHelp,2,False,delivery_order_status,['delivery_order_status'],1,single_match,delivery_order_status,delivery_order_status
15700,15694,@AmazonHelp How many times will the pick-up be rescheduled? https://t.co/oQuGBF84QS,How many times will the pick-up be rescheduled?,15693,"@119452 Please don't provide your order details, we consider it personal information. Our Twitter page is visible to public. ^AK 3/3",Wed Nov 01 02:58:27 +0000 2017,119452,AmazonHelp,3,False,delivery_order_status,['delivery_order_status'],1,single_match,delivery_order_status,delivery_order_status
11982,11984,@AmazonHelp It's point less to actually fill this form.Since you always give me those replies with I'll personally follow up and stuff..,It's point less to actually fill this form.Since you always give me those replies with I'll personally follow up and stuff..,11985,@118356 details through the link provided above so that we can look into the issue. 2/2 ^SH,Wed Nov 01 03:01:38 +0000 2017,118356,AmazonHelp,2,False,other,[],0,zero_match,other,
15668,15668,"#SuperValueDayQuiz

Where is the result of super value day quiz conducted on Oct 1 and 2 ? @AmazonHelp",#SuperValueDayQuiz Where is the result of super value day quiz conducted on Oct 1 and 2 ?,15666,@119446 The results will be announced soon. Kindly stay tuned for updates. ^AK,Wed Nov 01 03:18:19 +0000 2017,119446,AmazonHelp,1,False,other,[],0,zero_match,other,
15692,15685,@AmazonHelp Yes i have received reference number,Yes i have received reference number,15687,@119451 Please share your detail here: https://t.co/GIJyeYqKE0 and I'll be glad to help you with an update about the refund. ^KA,Wed Nov 01 03:21:08 +0000 2017,119451,AmazonHelp,1,False,other,[],0,zero_match,other,
16105,16105,"@115850 Yerwada, Pune delivery folks r habituated/instructed to mark package delivered, wen customer not reachable n product nt delivered","Yerwada, Pune delivery folks r habituated/instructed to mark package delivered, wen customer not reachable n product nt delivered",16106,@119533 I'm sorry to know about the conflicting tracking update. Have you reported this to our team here: https://t.co/vlvfJrlYEH ? ^GK,Wed Nov 01 03:26:09 +0000 2017,119533,AmazonHelp,1,False,delivery_order_status,['delivery_order_status'],1,single_match,delivery_order_status,delivery_order_status
16098,16097,@AmazonHelp Where do I send it to?,Where do I send it to?,16096,"@119531 The link to the item can be tweeted to us here, or reviewed here: https://t.co/hApLpMlfHN ^QJ",Wed Nov 01 03:26:37 +0000 2017,119531,AmazonHelp,1,False,other,[],0,zero_match,other,
16426,16426,@AmazonHelp somehow Siri can turn off my lights but Alexa is incapable. #pleasefixit #buggedupdate https://t.co/wLNncaWcX1,somehow Siri can turn off my lights but Alexa is incapable. #pleasefixit #buggedupdate,16425,"@119618 If Alexa doesn't discover your smart home device, here are some solutions to try: https://t.co/4WOgoyFtgG Hope this helps! ^NN",Wed Nov 01 03:27:42 +0000 2017,119618,AmazonHelp,1,False,device_digital_content,['device_digital_content'],1,single_match,device_digital_content,device_digital_content
16470,16470,@115850 do u think human cloning is real? I am sitting @ home and you tell me I rcvd a package and signed 4 it too. I didn't. Only explntn,do u think human cloning is real? I am sitting @ home and you tell me I rcvd a package and signed 4 it too. I didn't. Only explntn,16469,@119628 https://t.co/r8OjOjMdND and we'll look into this for you. (2/2) ^VM,Wed Nov 01 03:28:20 +0000 2017,119628,AmazonHelp,2,False,delivery_order_status,['delivery_order_status'],1,single_match,delivery_order_status,delivery_order_status
16105,16107,"@115850 Order#406-0952229-5801128 not yet delivered, ws supposed to be delivered on Friday, prime 1 day delivery promise. Marked delivered on Monday","Order#406-0952229-5801128 not yet delivered, ws supposed to be delivered on Friday, prime 1 day delivery promise. Marked delivered on Monday",16462,@119533 it to be personal information. Our page is visible to the public. 3/3^AR,Wed Nov 01 03:28:33 +0000 2017,119533,AmazonHelp,3,False,delivery_order_status,['delivery_order_status'],1,single_match,delivery_order_status,delivery_order_status
16105,16103,"@115850 Earlier this month it happened for Order# 406-8378174-9300362. Complained, escalated. No lessons learnt, no actions taken.","Earlier this month it happened for Order# 406-8378174-9300362. Complained, escalated. No lessons learnt, no actions taken.",16102,@119533 get back to you.  Please don’t provide your details as we consider them to be personal information. Our page is public. 2/2 ^SH,Wed Nov 01 03:30:38 +0000 2017,119533,AmazonHelp,2,False,service_complaint,['service_complaint'],1,single_match,service_complaint,service_complaint
16117,16115,@AmazonHelp Ur customer care didnt provide me a correct answer,Ur customer care didnt provide me a correct answer,16114,@119535 I'm sorry about the experience. Kindly share your details here: https://t.co/beaaDm0muc and we'll check. ^GK,Wed Nov 01 03:33:45 +0000 2017,119535,AmazonHelp,1,False,service_complaint,['service_complaint'],1,single_match,service_complaint,service_complaint
16110,16110,My package still doesn’t have a tracking number @115821  I ordered  last week...and no updated email just says not shipped ...,My package still doesn’t have a tracking number I ordered last week...and no updated email just says not shipped ...,16108,@119534 I'm sorry for any inconvenience! Can you tell us when your order is due to arrive? ^EZ,Wed Nov 01 03:38:00 +0000 2017,119534,AmazonHelp,1,False,delivery_order_status,['delivery_order_status'],1,single_match,delivery_order_status,delivery_order_status
16764,16764,"Honestly, @117795 it's like a pyramid scheme. Pay extra to be mistreated. Issue not resolved even after 45 min calls. #disconected https://t.co/xffbrvQ2fl","Honestly, it's like a pyramid scheme. Pay extra to be mistreated. Issue not resolved even after 45 min calls. #disconected",16761,@119698 I'm sorry for the poor experience! Will you tell us more about the issue and what info or options we were able to provide? ^BN,Wed Nov 01 03:38:11 +0000 2017,119698,AmazonHelp,1,False,service_complaint,['service_complaint'],1,single_match,service_complaint,service_complaint
16424,16420,"@116090 It's now 9:38pm the next day and still nothing. No calls, no emails, not a single thing 🙃🙃🙃","It's now 9:38pm the next day and still nothing. No calls, no emails, not a single thing 🙃🙃🙃",16417,@119617 I'm sorry you still haven't received the order. Was there any update on the tracking here: https://t.co/PyACxvY8Qo ^LA,Wed Nov 01 03:39:04 +0000 2017,119617,AmazonHelp,1,False,other,[],0,zero_match,other,
16110,16109,@AmazonHelp My order is due to arrive on Friday,My order is due to arrive on Friday,16111,@119534 Orders can ship at any time; once the order has been processed it will be assigned a tracking number. ^LR,Wed Nov 01 03:39:27 +0000 2017,119534,AmazonHelp,1,False,delivery_order_status,['delivery_order_status'],1,single_match,delivery_order_status,delivery_order_status
10634,10640,@AmazonHelp No package.,No package.,10641,@117948 I'm sorry it hasn't arrived! Please get in touch with us here: https://t.co/hApLpMlfHN for available options. ^EZ,Wed Nov 01 03:48:03 +0000 2017,117948,AmazonHelp,1,False,delivery_order_status,['delivery_order_status'],1,single_match,delivery_order_status,delivery_order_status
16442,16442,@115821 is 0/3 on orders being delivered this week. All three Prime orders that were due to be delivered haven’t arrived.,is 0/3 on orders being delivered this week. All three Prime orders that were due to be delivered haven’t arrived.,16440,@119621 I apologize that we missed the mark. What is the most recent tracking update? You can find that here: https://t.co/Y5jpI9gRhE? ^BA,Wed Nov 01 03:48:38 +0000 2017,119621,AmazonHelp,1,False,delivery_order_status,['delivery_order_status'],1,single_match,delivery_order_status,delivery_order_status
17908,17908,"Two DOA orders. First hard drive came bouncing in a giant box, second one crushed in a padded envelope... sigh. Refund on way. @AmazonHelp https://t.co/4bRVrNlrBy","Two DOA orders. First hard drive came bouncing in a giant box, second one crushed in a padded envelope... sigh. Refund on way.",17906,@119970 Please help us to improve by providing your packaging feedback here: https://t.co/9eu9vrS5HB ^SY,Wed Nov 01 03:50:21 +0000 2017,119970,AmazonHelp,1,False,refund_return,['refund_return'],1,single_match,refund_return,refund_return
17254,17254,.@115850 will Echo help in playing Antakshari or if we could play same with her? :P #pp,. will Echo help in playing Antakshari or if we could play same with her? :P #pp,17253,"@119797 You can ask Alexa, and it would play the song for you :) ^KA",Wed Nov 01 03:52:10 +0000 2017,119797,AmazonHelp,1,False,other,[],0,zero_match,other,
16796,16776,@AmazonHelp Would like to thankyou for ur efforts..amount credited back to my account today.!!,Would like to thankyou for ur efforts..amount credited back to my account today.!!,16775,@119700 You're most welcome. Glad to know that refund has been credited. Have a great day ahead! ^AR,Wed Nov 01 03:52:31 +0000 2017,119700,AmazonHelp,1,False,other,[],0,zero_match,other,
16827,16827,@115821 sure is frustrating to pay $100 a year for Prime and not have my Prime items delivered after 5 days.,sure is frustrating to pay $100 a year for Prime and not have my Prime items delivered after 5 days.,16825,"@119702 Two-Day Shipping refers to transit time, in business days, once shipped. Did we miss our mark? https://t.co/0oSkv5Jwgq ^BE",Wed Nov 01 03:55:48 +0000 2017,119702,AmazonHelp,1,False,delivery_order_status,['delivery_order_status'],1,single_match,delivery_order_status,delivery_order_status
17672,17672,Hey @115821 wth does this mean? How can the iOS app on the phone be offline? #AmazonEcho https://t.co/bsAmAY4b38,Hey wth does this mean? How can the iOS app on the phone be offline? #AmazonEcho,17670,@119906 I'm sorry about the error you're seeing! Please try uninstalling and reinstalling the app. Let us know how it goes. ^JP,Wed Nov 01 03:59:28 +0000 2017,119906,AmazonHelp,1,False,other,[],0,zero_match,other,
16424,16418,@AmazonHelp And there was no indication that they had re-attempted delivery,And there was no indication that they had re-attempted delivery,16421,@119617 Who is the courier shown on the tracking info? Have you contacted the courier? ^LJ,Wed Nov 01 04:00:08 +0000 2017,119617,AmazonHelp,1,False,delivery_order_status,['delivery_order_status'],1,single_match,delivery_order_status,delivery_order_status
16758,16758,@AmazonHelp fuck you guys. Canceling Prime. Not gonna do business with you guys ever again.,fuck you guys. Canceling Prime. Not gonna do business with you guys ever again.,16755,"@119697 This isn't how we want you to feel. We'd like to help, if possible. Please let us know more about what's going. ^BH",Wed Nov 01 04:07:06 +0000 2017,119697,AmazonHelp,1,False,other,[],0,zero_match,other,
16110,16112,@AmazonHelp Ahhh okay makes sense :) thank you! I hope my package comes Friday 🙌,Ahhh okay makes sense :) thank you! I hope my package comes Friday 🙌,16113,@119534 Please keep us posted as we want to make sure your order arrives!  ^AG,Wed Nov 01 04:07:41 +0000 2017,119534,AmazonHelp,1,False,delivery_order_status,['delivery_order_status'],1,single_match,delivery_order_status,delivery_order_status
17183,17183,"'Hey @AmazonHelp i haven't received my ""delivered"" order.' 
'Did you check around your house' lmao https://t.co/w6FRcwmoFX","'Hey i haven't received my ""delivered"" order.' 'Did you check around your house' lmao",17181,@119790 I'm sorry you didn't receive your order. Did our customer service agent provide a solution for you? ^SE,Wed Nov 01 04:10:07 +0000 2017,119790,AmazonHelp,1,False,delivery_order_status,['delivery_order_status'],1,single_match,delivery_order_status,delivery_order_status
17237,17237,"Hey @115821 please tell your vendors that addressing packages to customer ""or current resident"" is not acceptable shipping procedures.","Hey please tell your vendors that addressing packages to customer ""or current resident"" is not acceptable shipping procedures.",17236,@119795 We would love to help in any way. Please provide your feedback here for review: https://t.co/ExK1OfAqCF ^SH,Wed Nov 01 04:12:39 +0000 2017,119795,AmazonHelp,1,False,delivery_order_status,['delivery_order_status'],1,single_match,delivery_order_status,delivery_order_status
17910,17910,@115830 I’ve just earned a £6 promo for a purchase of gift cards. Where within my account is it? I can’t find it? I’ve got a confirmation,I’ve just earned a £6 promo for a purchase of gift cards. Where within my account is it? I can’t find it? I’ve got a confirmation,17909,@119971 I'm sorry you're not seeing the credit! Many promos apply at checkout. You can learn more here: https://t.co/SMIdJzrWkH ^SG,Wed Nov 01 04:18:25 +0000 2017,119971,AmazonHelp,1,False,payment_billing,['payment_billing'],1,single_match,payment_billing,payment_billing
16758,16757,@AmazonHelp No one knows what to do to get my refund back to me! https://t.co/q71Ycboikm,No one knows what to do to get my refund back to me!,16759,"@119697 I'm sorry for the trouble. Generally, the bank can issue a refund to the new active card on file. Please keep us updated. ^LR",Wed Nov 01 04:19:56 +0000 2017,119697,AmazonHelp,1,False,refund_return,['refund_return'],1,single_match,refund_return,refund_return
18159,18150,@AmazonHelp I gave it another day and still not delivered. 😡,I gave it another day and still not delivered. 😡,18148,"@120034 I'm so sorry for the trouble. If you have a moment, please contact us by phone or chat here: https://t.co/hApLpMlfHN. ^LH",Wed Nov 01 04:21:26 +0000 2017,120034,AmazonHelp,1,False,delivery_order_status,['delivery_order_status'],1,single_match,delivery_order_status,delivery_order_status
17669,17669,"@115850 : can we connect echo dot to videocon smart tv? If yes, how?",": can we connect echo dot to videocon smart tv? If yes, how?",17668,@119905 You'll not be able to connect the Echo to your smart TV. ^SH,Wed Nov 01 04:27:34 +0000 2017,119905,AmazonHelp,1,False,device_digital_content,['device_digital_content'],1,single_match,device_digital_content,device_digital_content
16442,16443,@AmazonHelp What’s the point in me paying for prime shipping when things are just going to show up days after their estimates? No confidence.,What’s the point in me paying for prime shipping when things are just going to show up days after their estimates? No confidence.,16445,@119621 Unforeseen circumstances can cause delays and we appreciate your patience while we are working to get your packages delivered. ^TN,Wed Nov 01 04:30:43 +0000 2017,119621,AmazonHelp,1,False,delivery_order_status,['delivery_order_status'],1,single_match,delivery_order_status,delivery_order_status
16433,16436,@AmazonHelp Pls call me on 9820255387,Pls call me on 9820255387,16438,"@119620 Please don't provide your order details, as we consider it to be personal information. Our Twitter page is public.​ ^RW",Wed Nov 01 04:38:56 +0000 2017,119620,AmazonHelp,2,False,service_complaint,['service_complaint'],1,single_match,service_complaint,service_complaint
17656,17656,@AmazonHelp @115850 I have bought a product and now it's size is not matching I want to return it and also requested return process.,I have bought a product and now it's size is not matching I want to return it and also requested return process.,17651,@119904 You may refer here: https://t.co/M27c4qF86m for details on refund for return shipping charges. Hope this helps! 3/3 ^AB,Wed Nov 01 04:45:08 +0000 2017,119904,AmazonHelp,3,False,refund_return,['refund_return'],1,single_match,refund_return,refund_return
17634,17634,"@115850 I am a amazon prime user, I don’t see great offers nor I see any difference between prime and non prime, what’s the point then ?","I am a amazon prime user, I don’t see great offers nor I see any difference between prime and non prime, what’s the point then ?",17633,@119901 know more prime benefits here: https://t.co/SNrRNxbF4n 2/2 ^SH,Wed Nov 01 04:50:28 +0000 2017,119901,AmazonHelp,2,False,other,[],0,zero_match,other,
17678,17674,"@AmazonHelp #unprofessional order id # 
403-7503264-7181114,403-8300003-6354735,403-5491238-8117144","#unprofessional order id # 403-7503264-7181114,403-8300003-6354735,403-5491238-8117144",17679,@119907 Please share your details here: https://t.co/GIJyeYqKE0 and I'll reach out to you. (2/2) ^KA,Wed Nov 01 04:50:59 +0000 2017,119907,AmazonHelp,2,False,delivery_order_status,['delivery_order_status'],1,single_match,delivery_order_status,delivery_order_status
17641,17637,@AmazonHelp The pick up has been arranged 5 times now and cancelled at the last moment without citing any reason!,The pick up has been arranged 5 times now and cancelled at the last moment without citing any reason!,17636,@119902 I'd like to take a closer look into it. Please fill in this form: https://t.co/GIJyeYqKE0 and I'll revert shortly. ^AB,Wed Nov 01 04:51:47 +0000 2017,119902,AmazonHelp,1,False,delivery_order_status,['delivery_order_status'],1,single_match,delivery_order_status,delivery_order_status
17900,17900,Hey @115851 unpredictable delivery processes r killing Amazon experience in India. Loyal customers like me are dissatisfied. DO SOMETHING,Hey unpredictable delivery processes r killing Amazon experience in India. Loyal customers like me are dissatisfied. DO SOMETHING,17898,@119628 have reported the issue to our support team here:  https://t.co/EatWZQxM6E? 2/2 ^SH,Wed Nov 01 04:57:16 +0000 2017,119628,AmazonHelp,2,False,delivery_order_status,['delivery_order_status'],1,single_match,delivery_order_status,delivery_order_status
18424,18424,また #詐欺 からショートメール来たよ。今度はアマゾンサポートセンター 0363847899 https://t.co/8OicafY1Pz,また #詐欺 からショートメール来たよ。今度はアマゾンサポートセンター 0363847899,18422,@120094 失礼いたします。ご存知かと存じますが、当サイトからSMSでメールをお送りすることはございません。アマゾンの名をかたるフィッシング行為が増えているようです。どうぞお気を付けくださいませ。https://t.co/k4jy2iTq1Y  SM,Wed Nov 01 05:03:17 +0000 2017,120094,AmazonHelp,1,False,other,[],0,zero_match,other,
18206,18188,"@AmazonHelp I have submitted all the required details, please do the necessary else i'll have to go to consumer forum this time :(","I have submitted all the required details, please do the necessary else i'll have to go to consumer forum this time :(",18186,@120039 Thanks for sharing your details. We'll get in touch with you soon. ^AK,Wed Nov 01 05:09:25 +0000 2017,120039,AmazonHelp,1,False,other,[],0,zero_match,other,
18169,18169,"@AmazonHelp Accidentally bought Amazon Prime when I misread it for the free month trial, and I wanted to know if theres any way for a refund","Accidentally bought Amazon Prime when I misread it for the free month trial, and I wanted to know if theres any way for a refund",18167,@120036 You can cancel your Prime membership and receive a refund if you haven't used the benefits here: https://t.co/H4QaQR9DYf  ^SE,Wed Nov 01 05:12:17 +0000 2017,120036,AmazonHelp,1,False,refund_return,['refund_return'],1,single_match,refund_return,refund_return
18178,18173,@AmazonHelp Package yet to be received. The delivery boy must’ve signed himself or delivered to someone else. Also if possible send me photo of the sign,Package yet to be received. The delivery boy must’ve signed himself or delivered to someone else. Also if possible send me photo of the sign,18172,@120037 I'm sorry about the conflicting tracking update. Kindly share your details here: https://t.co/beaaDm0muc ^GK,Wed Nov 01 05:13:02 +0000 2017,120037,AmazonHelp,1,False,delivery_order_status,['delivery_order_status'],1,single_match,delivery_order_status,delivery_order_status
18709,18709,@AmazonHelp why is Videos option missing in the skills for Alexa in India? Not able to connect my fire TV.,why is Videos option missing in the skills for Alexa in India? Not able to connect my fire TV.,18707,"@120174 This feature, as of now isn't available. It will soon be available. Kindly stay tuned! ^HR",Wed Nov 01 05:19:36 +0000 2017,120174,AmazonHelp,1,False,device_digital_content,['device_digital_content'],1,single_match,device_digital_content,device_digital_content
13165,13146,@AmazonHelp Can someone please call me. I have responded to multiple emails and surveys now without my question being addressed. This is very annoying.,Can someone please call me. I have responded to multiple emails and surveys now without my question being addressed. This is very annoying.,13147,@118701 We're unable to arrange a callback for you over Twitter. Please make a request by responding to the email and we'll oblige. ^AB,Wed Nov 01 05:29:12 +0000 2017,118701,AmazonHelp,1,False,service_complaint,['service_complaint'],1,single_match,service_complaint,service_complaint
18716,18716,@8078 @115821 I don't know who is at fault. I ordered an elgato hd60s but received an empty box. There are 5 others in same sitch https://t.co/XgYujaMC94,I don't know who is at fault. I ordered an elgato hd60s but received an empty box. There are 5 others in same sitch,18714,@120175 Oh no! I'm sorry your package arrived empty! Was this order shipped by Amazon or a third-party seller? ^QJ,Wed Nov 01 05:35:30 +0000 2017,120175,AmazonHelp,1,False,item_quality_issue,['item_quality_issue'],1,single_match,item_quality_issue,item_quality_issue
18684,18684,"@115850 I ordered an Alexa and it's stuck in customs. @120169 sends me an email to upload the KYC. However, the link doesn't work. #Help","I ordered an Alexa and it's stuck in customs. sends me an email to upload the KYC. However, the link doesn't work. #Help",18683,@120168 here: https://t.co/vlvfJr4nN9 &amp; we'll help you. 2/2^AH,Wed Nov 01 05:41:02 +0000 2017,120168,AmazonHelp,2,False,device_digital_content,['device_digital_content'],1,single_match,device_digital_content,device_digital_content
18694,18694,"@115850 am not seeing any update on my order since Sunday , kindly advice if it's still on time ? https://t.co/RTqSMhgGeR","am not seeing any update on my order since Sunday , kindly advice if it's still on time ?",18693,"@120172 provide your order details, we consider it to be personal information. Our page is visible to the public. 2/2 ^SY",Wed Nov 01 05:44:18 +0000 2017,120172,AmazonHelp,2,False,delivery_order_status,['delivery_order_status'],1,single_match,delivery_order_status,delivery_order_status
18682,18682,@115821 My brother had a delivery driver give his XBOX 1 S he ordered to one of my neighbors yesterday. Not it is gone.,My brother had a delivery driver give his XBOX 1 S he ordered to one of my neighbors yesterday. Not it is gone.,18680,@120167 We'd like to look into options. Please contact us by phone or chat here: https://t.co/hApLpMlfHN ^RR,Wed Nov 01 05:46:53 +0000 2017,120167,AmazonHelp,1,False,delivery_order_status,['delivery_order_status'],1,single_match,delivery_order_status,delivery_order_status
18716,18715,@AmazonHelp I am assuming it's by Amazon since I chose Amazon global priority shipping. https://t.co/C9vq5RkuuV this is the link to the product page.,I am assuming it's by Amazon since I chose Amazon global priority shipping. this is the link to the product page.,18717,@120175 Please reach out to us by phone here: https://t.co/hApLpMlfHN ^RR,Wed Nov 01 05:52:19 +0000 2017,120175,AmazonHelp,1,False,delivery_order_status,['delivery_order_status'],1,single_match,delivery_order_status,delivery_order_status
18894,18894,"@115850 Funny!Yesterday prime account activation was rs499 , today 999 with 500 cash back into amazon pay . Creepy offer for intense user https://t.co/b0DdLAmFoe","Funny!Yesterday prime account activation was rs499 , today 999 with 500 cash back into amazon pay . Creepy offer for intense user",18893,"@120224 Umm.. creepy, not sure. The offer was rolled out keeping in mind the benefit of our existing customers. Enjoy! ^AB",Wed Nov 01 05:53:21 +0000 2017,120224,AmazonHelp,1,False,other,[],0,zero_match,other,
18904,18904,"Dear @115850  my order #407-7208892-2195534 is suppose to deliver by 31 Oct 2017...
Still not received...",Dear my order #407-7208892-2195534 is suppose to deliver by 31 Oct 2017... Still not received...,18903,@120226 I’m sorry about the issue you’re facing with delivery. Let us look into it. (1/3)^HR,Wed Nov 01 05:54:03 +0000 2017,120226,AmazonHelp,3,False,delivery_order_status,['delivery_order_status'],1,single_match,delivery_order_status,delivery_order_status
18709,18708,@AmazonHelp Also when will Amazon prime music be available for Indian users of Alexa?,Also when will Amazon prime music be available for Indian users of Alexa?,18710,"@120174 In order to stream music from Amazon Prime Music on the echo devices, the customer has to be an Amazon Prime member. 2/2^AR",Wed Nov 01 05:54:36 +0000 2017,120174,AmazonHelp,2,False,device_digital_content,['device_digital_content'],1,single_match,device_digital_content,device_digital_content
18969,18969,"Can't change my new Email address with @115821 ! I'm repeatedly told: ""There was a problem with your Password"".... https://t.co/s4mcgxbdtP","Can't change my new Email address with ! I'm repeatedly told: ""There was a problem with your Password""....",18968,"@120230 Hey, did you try and change your password first? Do you have access to the email address associated with your account? ^AS",Wed Nov 01 05:56:51 +0000 2017,120230,AmazonHelp,1,False,account_access,['account_access'],1,single_match,account_access,account_access
19191,19191,@AmazonHelp is my parcel lost in transit I’ve never experienced a delay with delivery from you!! https://t.co/DJ4tGuR94P,is my parcel lost in transit I’ve never experienced a delay with delivery from you!!,19189,"@120262 Hi, sorry to hear that, delays happen for unforeseen reasons, were you emailed with a reason for the delay?^AS",Wed Nov 01 06:01:43 +0000 2017,120262,AmazonHelp,1,False,delivery_order_status,['delivery_order_status'],1,single_match,delivery_order_status,delivery_order_status
19214,19214,"Can't change my new Email address with @115821 ! I'm repeatedly told: ""There was a problem with your Password""","Can't change my new Email address with ! I'm repeatedly told: ""There was a problem with your Password""",19213,"@120230 Hi, sorry to hear that you're having trouble logging in. Please contact us here:https://t.co/jzvkhdlrK5 to look into this.^JJ",Wed Nov 01 06:03:16 +0000 2017,120230,AmazonHelp,1,True,account_access,['account_access'],1,single_match,account_access,account_access
19216,19216,@115850 you don't care about the time of non prime customers !! Really sad to see the bad delivery of Amazon! Still waiting for delivery.,you don't care about the time of non prime customers !! Really sad to see the bad delivery of Amazon! Still waiting for delivery.,19215,"@120266 Please don't provide your order details, we consider it personal information. Our Twitter page is visible to public. ^AK (3/3)",Wed Nov 01 06:05:05 +0000 2017,120266,AmazonHelp,3,False,delivery_order_status,['delivery_order_status'],1,single_match,delivery_order_status,delivery_order_status
19212,19212,@118919,,19211,"@120265 Hi, how can we help you today? ^HK",Wed Nov 01 06:05:06 +0000 2017,120265,AmazonHelp,1,True,other,[],0,zero_match,other,
19209,19199,@AmazonHelp problem not resolved yet...high time now,problem not resolved yet...high time now,19197,@120264 Please fill in your details using the link: https://t.co/JzRdscmdH9 and I'll get in touch with you soon. ^AK (2/2),Wed Nov 01 06:06:33 +0000 2017,120264,AmazonHelp,2,False,service_complaint,['service_complaint'],1,single_match,service_complaint,service_complaint
18965,18965,@115850 can you update me the status as its already 5 days over till date material not dispatched. https://t.co/wpcmD6WMhO,can you update me the status as its already 5 days over till date material not dispatched.,18963,"@120229 Please don't provide your order details, as we consider it to be personal information. Our Twitter page is public.​ ^RW",Wed Nov 01 06:06:53 +0000 2017,120229,AmazonHelp,2,False,delivery_order_status,['delivery_order_status'],1,single_match,delivery_order_status,delivery_order_status
18972,18971,@AmazonHelp @115833 What is 2nd Generation? I have Amazon Echo from US ? Not the Echo Dot.,What is 2nd Generation? I have Amazon Echo from US ? Not the Echo Dot.,18973,@120231 Please connect with us here: https://t.co/vlvfJr4nN9 over phone so we could explain you the difference. ^HK,Wed Nov 01 06:09:44 +0000 2017,120231,AmazonHelp,1,False,device_digital_content,['device_digital_content'],1,single_match,device_digital_content,device_digital_content
19485,19485,"@115821 @115850 I have received the product in damaged condition, it's tempered from outside though material was not spilling.","I have received the product in damaged condition, it's tempered from outside though material was not spilling.",19483,@120325 Apologies for the inconvenience. Have you tried reporting this to our support team here: https://t.co/2t6DQoUmNZ ? ^AB,Wed Nov 01 06:13:14 +0000 2017,120325,AmazonHelp,1,False,item_quality_issue,['item_quality_issue'],1,single_match,item_quality_issue,item_quality_issue
13165,13149,@AmazonHelp asm mentioned before. You all are just idiots.,asm mentioned before. You all are just idiots.,13150,@118701 Thanks for replying. We'll get in touch with you soon. Appreciate your understanding. ^AK,Wed Nov 01 06:14:52 +0000 2017,118701,AmazonHelp,1,False,other,[],0,zero_match,other,
19475,19475,@AmazonHelp HorrbleService👿Booked #Redmi4 on 16.10.17.  Neither phn recd nor refnd. complnt alrdy made.  No response at all. Fed up wd amzon,HorrbleService👿Booked #Redmi4 on 16.10.17. Neither phn recd nor refnd. complnt alrdy made. No response at all. Fed up wd amzon,19474,@120323 I'm sorry for the trouble with your order. Have you reached out to our support team from here: https://t.co/2t6DQoUmNZ? ^RW,Wed Nov 01 06:24:08 +0000 2017,120323,AmazonHelp,1,False,service_complaint,['service_complaint'],1,single_match,service_complaint,service_complaint
20046,20046,@115850 missed to buy the cheaper #amazonprime . Please help :),missed to buy the cheaper #amazonprime . Please help :),20045,@120405 Prime membership was being offered at an introductory price of Rs. 499 per year. Since the promotion has 1/2 ^SH,Wed Nov 01 06:31:01 +0000 2017,120405,AmazonHelp,2,False,other,[],0,zero_match,other,
19439,19435,"@AmazonHelp Arriving Today: Your package with Dell KM117 Wireless Keyboard Mouse is out for delivery.Amt: Rs.1,399. https://t.co/JuXkvDFU1Q","Arriving Today: Your package with Dell KM117 Wireless Keyboard Mouse is out for delivery.Amt: Rs.1,399.",19433,"@120316 When the product is out for delivery, it will be delivered before 8 pm. Kindly wait until then. Do keep us posted. ^AK",Wed Nov 01 06:31:11 +0000 2017,120316,AmazonHelp,1,False,delivery_order_status,['delivery_order_status'],1,single_match,delivery_order_status,delivery_order_status
20486,20486,@AmazonHelp Why Amazon.in prime members are not allowed to access kindle prime reading section? @117634 @115850 @115821,Why Amazon.in prime members are not allowed to access kindle prime reading section?,20484,@120475 Please connect with us here: https://t.co/vlvfJr4nN9 and we'll help you with this. ^HK,Wed Nov 01 06:32:20 +0000 2017,120475,AmazonHelp,1,False,device_digital_content,['device_digital_content'],1,single_match,device_digital_content,device_digital_content
20034,20034,@AmazonHelp how do i delete my old credit cards from the list,how do i delete my old credit cards from the list,20033,@120404 please check this link here: https://t.co/nGMwhpjmNo (2/2) ^KA,Wed Nov 01 06:36:29 +0000 2017,120404,AmazonHelp,2,False,payment_billing,['payment_billing'],1,single_match,payment_billing,payment_billing
20431,20431,@AmazonHelp When will Madam Secretary S4 will be available on Amazon Prime Video India?,When will Madam Secretary S4 will be available on Amazon Prime Video India?,20430,"@120466 Currently, we do not have an update on this. Please stay tuned. ^HK",Wed Nov 01 06:36:42 +0000 2017,120466,AmazonHelp,1,False,device_digital_content,['device_digital_content'],1,single_match,device_digital_content,device_digital_content
20052,20052,@AmazonHelp cannot change default wishlist in any app or browser regardless of mobile device. log out/in does not fix. Error message. Advise,cannot change default wishlist in any app or browser regardless of mobile device. log out/in does not fix. Error message. Advise,20050,@120407 Sorry to hear that. What error message are you getting? ^RS,Wed Nov 01 06:36:44 +0000 2017,120407,AmazonHelp,1,False,other,[],0,zero_match,other,
19428,19428,"@115821 @115850 How can you keep the item status as delivered without reaching us, and telling us to wait for it?","How can you keep the item status as delivered without reaching us, and telling us to wait for it?",19426,@120315 I'm sorry for the incorrect tracking update. Kindly reach out to us here: https://t.co/vlvfJr4nN9 and we will fix this for you. ^AH,Wed Nov 01 06:37:28 +0000 2017,120315,AmazonHelp,1,False,delivery_order_status,['delivery_order_status'],1,single_match,delivery_order_status,delivery_order_status
20754,20754,"So Echo Dot in India only has skills if you necessarily use the English (India) language option, any update to fix that @115821?","So Echo Dot in India only has skills if you necessarily use the English (India) language option, any update to fix that ?",20752,"@120541 a degraded experience. So for the best experience, you need both PFM India and language English India. (3/3) ^VM",Wed Nov 01 06:38:12 +0000 2017,120541,AmazonHelp,3,False,device_digital_content,['device_digital_content'],1,single_match,device_digital_content,device_digital_content
19439,19434,@AmazonHelp Daily same msg coming but do not delivered,Daily same msg coming but do not delivered,19436,@120316 we have missed on the estimated delivery date? 2/2 ^SB,Wed Nov 01 06:44:04 +0000 2017,120316,AmazonHelp,2,False,delivery_order_status,['delivery_order_status'],1,single_match,delivery_order_status,delivery_order_status
20037,20037,"I must say, I see why @115821 is the #1 Company in the world. They are so courteous. So compliant. So helpful.... https://t.co/d645vzyNjy","I must say, I see why is the #1 Company in the world. They are so courteous. So compliant. So helpful....",20036,@120230 Thanks Bill. I hope you get your issue sorted soon. ^KM,Wed Nov 01 06:44:51 +0000 2017,120230,AmazonHelp,1,False,other,[],0,zero_match,other,
20043,20043,@115850  order no #408-984423-033528 need sS,order no #408-984423-033528 need sS,20042,@120402 We'd like to help you with your query. Kindly contact our support team here: https://t.co/vlvfJrlYEH. (1/2) ^ZH,Wed Nov 01 06:46:07 +0000 2017,120402,AmazonHelp,2,False,delivery_order_status,['delivery_order_status'],1,single_match,delivery_order_status,delivery_order_status
20028,20028,Nothing like paying @115821 for prime to get free quick shipping to be told the one thing I order per 6 months won't be on time lol,Nothing like paying for prime to get free quick shipping to be told the one thing I order per 6 months won't be on time lol,20026,@120403 Sorry to hear this. Has any reason been given for the delay? ^KM,Wed Nov 01 06:46:09 +0000 2017,120403,AmazonHelp,1,False,delivery_order_status,['delivery_order_status'],1,single_match,delivery_order_status,delivery_order_status
19428,19427,@AmazonHelp No use from your link or Amazon app support call or chat. Please see the order details.just telling us to wait.Not updating the status also. https://t.co/Uwp0eOu6Ia,No use from your link or Amazon app support call or chat. Please see the order details.just telling us to wait.Not updating the status also.,19429,"@120315 Please don't provide your order details, we consider it personal information. Our Twitter page is visible to public. (2/2) ^ZH",Wed Nov 01 06:46:44 +0000 2017,120315,AmazonHelp,2,False,delivery_order_status,['delivery_order_status'],1,single_match,delivery_order_status,delivery_order_status
20475,20475,Man @115828 has become the most inept release day delivery service out there. What happened? You used to be the industry leader.,Man has become the most inept release day delivery service out there. What happened? You used to be the industry leader.,20474,@120470 Sorry to hear this. Has any reason been given for the delay? ^KM,Wed Nov 01 06:48:20 +0000 2017,120470,AmazonHelp,1,False,delivery_order_status,['delivery_order_status'],1,single_match,delivery_order_status,delivery_order_status
19109,19108,"@AmazonHelp Not Amazon customer service, that’s what’s down. Way down.","Not Amazon customer service, that’s what’s down. Way down.",19110,@120259 Sorry to hear that you feel this way. Please report it to an agent with access to your acc here: https://t.co/hApLpMlfHN.^JJ,Wed Nov 01 06:49:39 +0000 2017,120259,AmazonHelp,1,False,service_complaint,['service_complaint'],1,single_match,service_complaint,service_complaint
20024,20024,@115850  order no. 408-9844239-0335528 bed side table is not delivered till now.,order no. 408-9844239-0335528 bed side table is not delivered till now.,20023,"@120402 Please don't provide your order details, we consider it personal information. Our Twitter page is visible to public. ^ZH",Wed Nov 01 06:50:46 +0000 2017,120402,AmazonHelp,2,False,delivery_order_status,['delivery_order_status'],1,single_match,delivery_order_status,delivery_order_status
15288,15290,@118919 @119356  https://t.co/nei7OW1h0M,,20470,@119355 Have you reached out to our support team as suggested earlier? ^RW,Wed Nov 01 06:50:56 +0000 2017,119355,AmazonHelp,1,True,other,[],0,zero_match,other,
20034,20032,@AmazonHelp Thank u.......done,Thank u.......done,20031,@120404 You're most welcome. Thanks for keeping us posted. ^AB,Wed Nov 01 06:53:01 +0000 2017,120404,AmazonHelp,1,False,other,[],0,zero_match,other,
20421,20421,@115850 amazon stick from https://t.co/cvJQ06p7ve is authorized seller?,amazon stick from is authorized seller?,20419,@120462 You can find the list of authorized seller's here: https://t.co/JotO6OLmGA ^SH,Wed Nov 01 06:56:22 +0000 2017,120462,AmazonHelp,1,False,seller_marketplace,['seller_marketplace'],1,single_match,seller_marketplace,seller_marketplace
20418,20418,"I’m trying to order a Fire HD Kids tablet from @115821 but I can’t seem to find any region that ships to Denmark. Not UK, DE or US 😞","I’m trying to order a Fire HD Kids tablet from but I can’t seem to find any region that ships to Denmark. Not UK, DE or US 😞",20417,"@120461 Hey, US should ship to Denmark, are you getting an error message? ^AS",Wed Nov 01 06:56:44 +0000 2017,120461,AmazonHelp,1,False,other,[],0,zero_match,other,
20052,20051,@AmazonHelp Amazon has encountered an error. Please try again shortly. This message appears every time I attempt to change my default list for days now.,Amazon has encountered an error. Please try again shortly. This message appears every time I attempt to change my default list for days now.,20053,@120407 My apologies Christopher. Have you tried from a non mobile device? ^DC,Wed Nov 01 06:58:33 +0000 2017,120407,AmazonHelp,1,False,other,[],0,zero_match,other,
20434,20434,"@115850 Want to try Amazon Echo Dot, have requested an invite. Invite bhej do yaar!!","Want to try Amazon Echo Dot, have requested an invite. Invite bhej do yaar!!",20432,"@120467 We send a limited number of invitations each week to customers, so keep an eye on your inbox. ^ZH",Wed Nov 01 06:58:57 +0000 2017,120467,AmazonHelp,1,False,device_digital_content,['device_digital_content'],1,single_match,device_digital_content,device_digital_content
21035,21035,Today a amazon delivery boy shouted on me to not hve change of 1390 ..very shameful how the behave with customer @115821.com,Today a amazon delivery boy shouted on me to not hve change of 1390 ..very shameful how the behave with customer .com,21034,@120610 Apologies. That's certainly unexpected. Kindly report it here: https://t.co/2t6DQoUmNZ and our team will look into it. ^AB,Wed Nov 01 07:07:16 +0000 2017,120610,AmazonHelp,1,False,delivery_order_status,['delivery_order_status'],1,single_match,delivery_order_status,delivery_order_status
20764,20760,@AmazonHelp Did not arrive. Please could you confirm which day it is. https://t.co/3NEPf3QAyG,Did not arrive. Please could you confirm which day it is.,20759,"@120542 You should receive it today or tomorrow according to the tracking information, unfortunately I can't look into it further here ^AS",Wed Nov 01 07:11:27 +0000 2017,120542,AmazonHelp,1,False,delivery_order_status,['delivery_order_status'],1,single_match,delivery_order_status,delivery_order_status
17900,17903,"@AmazonHelp Got it just now about 4 hours after it was supposedly delivered. As I said, unpredictable and non-trustworthy delivery process","Got it just now about 4 hours after it was supposedly delivered. As I said, unpredictable and non-trustworthy delivery process",17904,@119628 Thanks for keeping us posted. I'll be sure to share your comments on this as feedback with the team internally. ^AB,Wed Nov 01 07:13:03 +0000 2017,119628,AmazonHelp,1,False,delivery_order_status,['delivery_order_status'],1,single_match,delivery_order_status,delivery_order_status
21503,21502,@118919 @115850 @120697 Pathetic service from Amazon...,Pathetic service from Amazon...,21501,@120696 I understand your concern. Kindly fill in your details through the link provided earlier &amp; we'll contact you soon. ^SY,Wed Nov 01 07:22:25 +0000 2017,120696,AmazonHelp,1,False,service_complaint,['service_complaint'],1,single_match,service_complaint,service_complaint
21082,21082,@115850 I hv ord BB Q5 in Sept mth but recd BBQ10 which picked on 7th Oct but still not recd refund after follow up #Amazon  #Cheater https://t.co/f0mfVylfuG,I hv ord BB Q5 in Sept mth but recd BBQ10 which picked on 7th Oct but still not recd refund after follow up #Amazon #Cheater,21081,@120615 Our Twitter page is visible to public. 3/3 ^SB,Wed Nov 01 07:22:51 +0000 2017,120615,AmazonHelp,3,False,refund_return,['refund_return'],1,single_match,refund_return,refund_return
21088,21088,"@116313 送料を顧客が払えるオプションつけてくれません？",送料を顧客が払えるオプションつけてくれません？,21087,"@120617 あゆむん。さま、通常配送でご注文金額が2,000円(税込)以上に満たない場合、配送料をご請求させていただいております。配送について詳しくはこちらをご参照ください。https://t.co/0DMnosZ9xU ET",Wed Nov 01 07:26:08 +0000 2017,120617,AmazonHelp,1,True,other,[],0,zero_match,other,
21086,21086,"Thanks @115821 for your ""Same Day Delivery""!! It's not like I was hoping to get my order on my day off or anything. #AMZLFail https://t.co/ewUKuXuRzh","Thanks for your ""Same Day Delivery""!! It's not like I was hoping to get my order on my day off or anything. #AMZLFail",21085,"@120616 sorry to hear that, sometimes delays happen for unforeseen reasons. ^AS",Wed Nov 01 07:27:10 +0000 2017,120616,AmazonHelp,1,False,delivery_order_status,['delivery_order_status'],1,single_match,delivery_order_status,delivery_order_status
9129,9123,@AmazonHelp Hello? So how do I contact someone if I can't log in?! I'm really concerned about what is happening with my acct and who has access to it!,Hello? So how do I contact someone if I can't log in?! I'm really concerned about what is happening with my acct and who has access to it!,9126,@117632 Hi Emma. I understand. You can use this link (which doesn't require a log in) to get in touch: https://t.co/zYVX1Qi29G ^DC,Wed Nov 01 07:28:02 +0000 2017,117632,AmazonHelp,1,False,account_access,['account_access'],1,single_match,account_access,account_access
19462,19464,"@AmazonHelp Scam, just scam, sellers don't send out my products~ 6 orders. so bad~","Scam, just scam, sellers don't send out my products~ 6 orders. so bad~",19465,@120322 I'm sorry to hear that. What were you advised when you contacted us by phone/chat? ^DC,Wed Nov 01 07:36:24 +0000 2017,120322,AmazonHelp,1,False,seller_marketplace,['seller_marketplace'],1,single_match,seller_marketplace,seller_marketplace
21956,21949,@AmazonHelp 2 days and zero outcome,2 days and zero outcome,21947,"@120779 Just to confirm, have you reported this to our support team as requested earlier? If not kindly let them know about it. ^AB",Wed Nov 01 07:36:42 +0000 2017,120779,AmazonHelp,1,False,other,[],0,zero_match,other,
21510,21510,"No, @115821, 2 day shipping doesn't mean it should arrive next Monday, much less next Tuesday. I guess I'm going to a store for that gift.","No, , 2 day shipping doesn't mean it should arrive next Monday, much less next Tuesday. I guess I'm going to a store for that gift.",21509,"@120699 Hi, apologies, the shipping speed refers to time in transit but doesn't include the time an order takes to dispatch. ^JJ",Wed Nov 01 07:39:49 +0000 2017,120699,AmazonHelp,1,False,delivery_order_status,['delivery_order_status'],1,single_match,delivery_order_status,delivery_order_status
21408,21408,@115821 My package has this damage at reception. https://t.co/wV1FoIw6UO,My package has this damage at reception.,21406,@120684 I'm sorry that you have received a damaged product. Please report this to our support team here: https://t.co/rS49hgaADF ^VH,Wed Nov 01 07:42:02 +0000 2017,120684,AmazonHelp,1,False,delivery_order_status,['delivery_order_status'],1,single_match,delivery_order_status,delivery_order_status
21456,21449,"@120688 @AmazonHelp @1386 As discussed over call, I have sent email @AmazonHelp - As explained the vouchers of 1000 has not been issued by them. Request you to help.","As discussed over call, I have sent email - As explained the vouchers of 1000 has not been issued by them. Request you to help.",21448,@120687 Thanks for the update. We'll check and get back to you at the earliest. ^SC,Wed Nov 01 07:45:07 +0000 2017,120687,AmazonHelp,1,False,other,[],0,zero_match,other,
21100,21099,@AmazonHelp I have the parcel now but my point is that I’m paying a monthly fee for a service that I’m not getting the benefit of,I have the parcel now but my point is that I’m paying a monthly fee for a service that I’m not getting the benefit of,21101,"@120620 Sorry, did you report the delay to us: https://t.co/JzP7hlA23B? Here's a list of all Prime benefits: https://t.co/1F8zzRxUMC!^JJ",Wed Nov 01 07:45:14 +0000 2017,120620,AmazonHelp,1,False,delivery_order_status,['delivery_order_status'],1,single_match,delivery_order_status,delivery_order_status
21905,21905,Anyone here who has used Amazon Echo or Echo plus? How is the experience? Have a couple of questions that their @AmazonHelp rep doesn't know,Anyone here who has used Amazon Echo or Echo plus? How is the experience? Have a couple of questions that their rep doesn't know,21902,@120773 Sorry about that. Kindly elaborate the issue and we'll be happy to help. ^AK,Wed Nov 01 07:46:03 +0000 2017,120773,AmazonHelp,1,False,device_digital_content,['device_digital_content'],1,single_match,device_digital_content,device_digital_content
22219,22219,@115850 @AmazonHelp @115851 #my Prime membership expired &amp; I got a notification AFTER that. Now I've had to renew at higher cost. (1),#my Prime membership expired &amp; I got a notification AFTER that. Now I've had to renew at higher cost. (1),22218,@120852 That's definitely something we must look into. Apologies for this. I'd share this feedback internally with the right team. ^JC,Wed Nov 01 07:46:32 +0000 2017,120852,AmazonHelp,1,False,prime_membership,['prime_membership'],1,single_match,prime_membership,prime_membership
21423,21421,"@AmazonHelp I ordered from .fr, but I do not have my order number, only my name and address, scenes as it was ordered for me","I ordered from .fr, but I do not have my order number, only my name and address, scenes as it was ordered for me",21419,@120685 I understand. Was it ordered through your own account or on somebody elses? ^DC,Wed Nov 01 07:47:04 +0000 2017,120685,AmazonHelp,1,False,delivery_order_status,['delivery_order_status'],1,single_match,delivery_order_status,delivery_order_status
22186,22185,@115850 @118919 Strange stil no action @1450 @1451 @__NAINA__ @120844,Strange stil no action,22184,"@120843 Sorry for the trouble with the canceled order. Once an order is canceled, it cannot be reinstated. Kindly place a new order. ^AK",Wed Nov 01 07:51:07 +0000 2017,120843,AmazonHelp,1,False,other,[],0,zero_match,other,
21423,21418,"@AmazonHelp Somebody else’s, I don’t have any of their emails or anything, it’s really urgent because it’s a present and I need to know if I’ll have it","Somebody else’s, I don’t have any of their emails or anything, it’s really urgent because it’s a present and I need to know if I’ll have it",21417,@120685 Our customer service will help you on the following link https://t.co/hgIrz98cdI,Wed Nov 01 07:51:29 +0000 2017,120685,AmazonHelp,1,False,other,[],0,zero_match,other,
21405,21405,Hey @115821 if you are going to drop wiper blades from S&amp;S maybe make sure the ones you suggest as a replacement fit my vehicle? https://t.co/dp8pfho8Iv,Hey if you are going to drop wiper blades from S&amp;S maybe make sure the ones you suggest as a replacement fit my vehicle?,21404,@120683 Sorry about this. Thanks for the feedback. ^KM,Wed Nov 01 07:52:36 +0000 2017,120683,AmazonHelp,1,False,refund_return,['refund_return'],1,single_match,refund_return,refund_return
22175,22175,"@115850 @115821 Ths is so unprofessional of u guys.10k ws deducted frm my ac4no reasn&amp;tld tht it wil b compensated,but there's no ans.","Ths is so unprofessional of u guys.10k ws deducted frm my ac4no reasn&amp;tld tht it wil b compensated,but there's no ans.",22174,@120840 We're sorry to keep you waiting. Please fill in your details here: https://t.co/GIJyeYqKE0 and we'll check right away. ^HK,Wed Nov 01 07:53:54 +0000 2017,120840,AmazonHelp,1,False,payment_billing,['payment_billing'],1,single_match,payment_billing,payment_billing
21871,21871,Yo @115830 stop putting my account on hold! I just got it off hold yesterday and it's already back on hold and orders cancelled wtf!?,Yo stop putting my account on hold! I just got it off hold yesterday and it's already back on hold and orders cancelled wtf!?,21870,"@120768 Sorry about that, have you received an email from an account specialist? ^KM",Wed Nov 01 07:56:57 +0000 2017,120768,AmazonHelp,1,False,account_access,['account_access'],1,single_match,account_access,account_access
21093,21092,@AmazonHelp Order placed 30/10 with stated prime delivery of 31/10. At 7.30pm informed delayed allow further 2 days! Not 1st time prime has failed!!,Order placed 30/10 with stated prime delivery of 31/10. At 7.30pm informed delayed allow further 2 days! Not 1st time prime has failed!!,21094,"@120619 sorry to hear that, delays can happen sometimes for unforeseen reasons, its not what we want you to experience. ^AS",Wed Nov 01 08:01:08 +0000 2017,120619,AmazonHelp,1,False,delivery_order_status,['delivery_order_status'],1,single_match,delivery_order_status,delivery_order_status
21861,21860,"@AmazonHelp Error message telling me ""wrong password"", but I am 100% sure my password was right. This happens to everyone around me ...","Error message telling me ""wrong password"", but I am 100% sure my password was right. This happens to everyone around me ...",21872,@120765 Can you try to change your password? ^AS,Wed Nov 01 08:02:35 +0000 2017,120765,AmazonHelp,1,False,account_access,['account_access'],1,single_match,account_access,account_access
646,645,@AmazonHelp That page is useless - doesn’t allow me to state it hasn’t been delivered; only tells me it has! How can you sort this out?,That page is useless - doesn’t allow me to state it hasn’t been delivered; only tells me it has! How can you sort this out?,647,@115835 You can also request a call back here Martin https://t.co/zH8UlhTGcc ^KM,Wed Nov 01 08:04:52 +0000 2017,115835,AmazonHelp,1,False,delivery_order_status,['delivery_order_status'],1,single_match,delivery_order_status,delivery_order_status
22554,22554,"@115850 horrible experience.
Pathetic cs care . Worst experience.
Even a prime member",horrible experience. Pathetic cs care . Worst experience. Even a prime member,22553,@120927 Please fill in your details using the link: https://t.co/JzRdscmdH9 and I'll get in touch with you soon. ^AK (2/2),Wed Nov 01 08:05:53 +0000 2017,120927,AmazonHelp,2,False,service_complaint,['service_complaint'],1,single_match,service_complaint,service_complaint
21861,21858,"@AmazonHelp OKAY, now I get ""connection timed out"", does GFW play a part here? (I'm in China). Even though, why ""wrong password""?","OKAY, now I get ""connection timed out"", does GFW play a part here? (I'm in China). Even though, why ""wrong password""?",21857,"@120765 Hi. If you get in touch: https://t.co/hApLpMlfHN, we'll be happy to look into this with you. ^DC",Wed Nov 01 08:06:03 +0000 2017,120765,AmazonHelp,1,False,account_access,['account_access'],1,single_match,account_access,account_access
22147,22147,"@115851 @AmazonHelp @115850 @115821  Jeff,India help team is useless. Just provides link https://t.co/ZiE6eGp1Im but fails to act.","Jeff,India help team is useless. Just provides link but fails to act.",22145,@120778 We are following up with you over email. Please reply to it for further insight on it. ^RW,Wed Nov 01 08:08:45 +0000 2017,120778,AmazonHelp,1,False,other,[],0,zero_match,other,
22499,22499,"@115821 three times I have asked @120169 UAE to deliver my parcel and it is still at their warehouse, absolutely rubbish!!!!!!","three times I have asked UAE to deliver my parcel and it is still at their warehouse, absolutely rubbish!!!!!!",22497,@120917 Which Amazon website did you order from? ^KM,Wed Nov 01 08:13:35 +0000 2017,120917,AmazonHelp,1,False,delivery_order_status,['delivery_order_status'],1,single_match,delivery_order_status,delivery_order_status
23170,23170,@115850 is it #ethical to sell Audible in India if the support lies on shore? Why push this service down a customers throat?,is it #ethical to sell Audible in India if the support lies on shore? Why push this service down a customers throat?,23169,@121046 Sorry for the trouble. We've received your details. Please allow us some time and we'll reach out to you. ^KA,Wed Nov 01 08:13:35 +0000 2017,121046,AmazonHelp,1,False,device_digital_content,['device_digital_content'],1,single_match,device_digital_content,device_digital_content
21880,21879,@AmazonHelp the above link only signs me into my account. Have already spoken with over 15 of ur cust care staff. No use. Give me ph no of senior staff.,the above link only signs me into my account. Have already spoken with over 15 of ur cust care staff. No use. Give me ph no of senior staff.,21881,@120770 I'm sorry for the hassle. Please fill your details here: https://t.co/GIJyeYqKE0 We'll look into it. ^SB,Wed Nov 01 08:17:32 +0000 2017,120770,AmazonHelp,1,False,other,[],0,zero_match,other,
22593,22593,@115850 need a help..ordered a gift for sister...would you please deliver it before coming Sunday ? https://t.co/2Qx7IwPXto,need a help..ordered a gift for sister...would you please deliver it before coming Sunday ?,22590,@120934 We cannot guarantee an early delivery. I request you to kindly wait until the estimated delivery date. 2/2 ^AR,Wed Nov 01 08:20:40 +0000 2017,120934,AmazonHelp,2,False,delivery_order_status,['delivery_order_status'],1,single_match,delivery_order_status,delivery_order_status
22548,22548,"@115850 
@AmazonHelp what's update of this? https://t.co/rZxXAjgtps",what's update of this?,22547,@120925 Please confirm if the order is picked up for the return. You may check the return status here: https://t.co/6z4yoQYZ7T (2/2)^SF,Wed Nov 01 08:22:03 +0000 2017,120925,AmazonHelp,2,False,other,[],0,zero_match,other,
22569,22562,@115821 would have made sense if there was record of it being delivered but it still said “shipped”....,would have made sense if there was record of it being delivered but it still said “shipped”....,22560,@120930 Did the tracking say it was delivered? ^KM,Wed Nov 01 08:22:55 +0000 2017,120930,AmazonHelp,1,False,delivery_order_status,['delivery_order_status'],1,single_match,delivery_order_status,delivery_order_status
22538,22538,Dear @AmazonHelp I've been paying for prime for awhile and having 2 packages due today &amp; one being undeliverable is VERY annoying. Explain,Dear I've been paying for prime for awhile and having 2 packages due today &amp; one being undeliverable is VERY annoying. Explain,22536,"@120923 Hi sorry to hear that, were you given a reason for the delay? ^AS",Wed Nov 01 08:26:35 +0000 2017,120923,AmazonHelp,1,False,delivery_order_status,['delivery_order_status'],1,single_match,delivery_order_status,delivery_order_status
23995,23995,Absolutely love @115850 They processed a return on a product that a local vendor would not have even pursued the warranty.,Absolutely love They processed a return on a product that a local vendor would not have even pursued the warranty.,23994,@121159 Glad to hear that. Please keep us posted if you need any further assistance. ^GS,Wed Nov 01 08:27:52 +0000 2017,121159,AmazonHelp,1,False,item_quality_issue,['item_quality_issue'],1,single_match,item_quality_issue,item_quality_issue
23213,23212,@121055 When do you add Japan to the list of countries with access through the Xbox one app? @116313 @115821,When do you add Japan to the list of countries with access through the Xbox one app?,23211,"@121054 Thank you for the question. But we are unable to inform you when or if we will. if we do, we will let you know on our website.^ET",Wed Nov 01 08:28:50 +0000 2017,121054,AmazonHelp,1,False,other,[],0,zero_match,other,
22505,22505,"@AmazonHelp Is there a problem with books in the last couple of days?  Been trying to buy one that is a bestseller but you say only third parties offer it which is odd.  Similarly, the link for a book I ghosted - also a bestseller at the moment - says 3rd party only.","Is there a problem with books in the last couple of days? Been trying to buy one that is a bestseller but you say only third parties offer it which is odd. Similarly, the link for a book I ghosted - also a bestseller at the moment - says 3rd party only.",22500,"@120918 Hi, no issues have been reported. Can you send us a link for the two title please? We can take a look. ^TS",Wed Nov 01 08:32:17 +0000 2017,120918,AmazonHelp,1,False,seller_marketplace,['seller_marketplace'],1,single_match,seller_marketplace,seller_marketplace
22478,22478,@115821 @115850 @AmazonHelp delivery boy was too arrogant when I asked him to deliver my order next day he cancelled my order#annoyed,delivery boy was too arrogant when I asked him to deliver my order next day he cancelled my order#annoyed,22477,"@120913 Apologies for the unpleasant experience, have you reported this to our support here: https://t.co/vlvfJr4nN9? ^AH",Wed Nov 01 08:34:10 +0000 2017,120913,AmazonHelp,1,False,delivery_order_status,['delivery_order_status'],1,single_match,delivery_order_status,delivery_order_status
21403,21397,"@AmazonHelp 😂😂😂 Wie gesagt euch ein schönen restlichen Feiertag, auch wenn ich Supportet (nennt man das so?) 😂","😂😂😂 Wie gesagt euch ein schönen restlichen Feiertag, auch wenn ich Supportet (nennt man das so?) 😂",21398,"@120682 Danke, dir auch. Wir supporten dann mal fleißig weiter 😄 ^AN",Wed Nov 01 08:38:10 +0000 2017,120682,AmazonHelp,1,False,other,[],0,zero_match,other,
22487,22487,"@AmazonHelp heißt das, das  ich umsonst zu Hause geblieben bin und ich hätte zur Arbeit gehen können da es wohl heute nicht mehr kommt? https://t.co/gSCaua0Qrd","heißt das, das ich umsonst zu Hause geblieben bin und ich hätte zur Arbeit gehen können da es wohl heute nicht mehr kommt?",22485,@120916 Das lässt sich über Twitter schlecht sagen. Hast du mal in der Sendungsverfolgung des Transportdienstes nachgeschaut? ^AN,Wed Nov 01 08:38:35 +0000 2017,120916,AmazonHelp,1,False,other,[],0,zero_match,other,
23208,23208,@AmazonHelp can you explain why a package I was due to receive yesterday was marked as refused at my address - when no one refused it? Poor.,can you explain why a package I was due to receive yesterday was marked as refused at my address - when no one refused it? Poor.,23206,"@121053 Hi Mick, did you receive a calling card? Is your parcel listed as out for delivery again today: https://t.co/BQmcNXViiI ^TS",Wed Nov 01 08:39:58 +0000 2017,121053,AmazonHelp,1,False,delivery_order_status,['delivery_order_status'],1,single_match,delivery_order_status,delivery_order_status
22548,22550,@115850 @AmazonHelp Order has not been picked up niether any update from Amazon or courier partner...,Order has not been picked up niether any update from Amazon or courier partner...,23973,@120925 Sorry that the pickup is still pending. Please contact us here: https://t.co/rS49hgaADF &amp; we'll get it checked for you. ^SY,Wed Nov 01 08:40:44 +0000 2017,120925,AmazonHelp,1,False,delivery_order_status,['delivery_order_status'],1,single_match,delivery_order_status,delivery_order_status
22505,22502,@AmazonHelp https://t.co/QCt7kMtESE,,22506,"@120918 Hi, have you been in touch with the publishers to check the details? ^TS",Wed Nov 01 08:42:56 +0000 2017,120918,AmazonHelp,1,True,other,[],0,zero_match,other,
24056,24056,Hello @115821 order not delivered OD__credit_card__ not delivered but SMS &amp; email received regarding its delivery.ph 08797297187,Hello order not delivered OD__credit_card__ not delivered but SMS &amp; email received regarding its delivery.ph 08797297187,24054,"@121179 your order/account details, we consider it to be personal info. Our page is visible to the public. (3/3)^SF",Wed Nov 01 08:47:12 +0000 2017,121179,AmazonHelp,3,False,delivery_order_status,['delivery_order_status'],1,single_match,delivery_order_status,delivery_order_status
24562,24562,@115850 @121294 Yesterday my LGQ6 was delivered and I complain for its heating issue but didn't get any appropriate response.,Yesterday my LGQ6 was delivered and I complain for its heating issue but didn't get any appropriate response.,24561,@121293 Please share your details from the link here: https://t.co/beaaDm0muc to assist you accordingly. (2/2)^HR,Wed Nov 01 08:49:19 +0000 2017,121293,AmazonHelp,2,False,delivery_order_status,['delivery_order_status'],1,single_match,delivery_order_status,delivery_order_status
23997,23997,"@115821 @115850 @AmazonHelp I placed ds ordr n status is still ‘on d way’, is not dis ur failure to track ur deliveries on time? Disgustng https://t.co/u7Yco0g6DP","I placed ds ordr n status is still ‘on d way’, is not dis ur failure to track ur deliveries on time? Disgustng",23996,"@121160 your order details, we consider it to be personal info. Our page is visible to the public. (3/3)^SF",Wed Nov 01 08:50:11 +0000 2017,121160,AmazonHelp,3,False,delivery_order_status,['delivery_order_status'],1,single_match,delivery_order_status,delivery_order_status
23208,23209,"@AmazonHelp It notes its being sent back to the sender - which, if true, is totally unacceptable - not exactly #prime level service","It notes its being sent back to the sender - which, if true, is totally unacceptable - not exactly #prime level service",23210,"@121053 Hi, please reach out to us here: https://t.co/JzP7hlA23B we can look into the order for you. ^AS",Wed Nov 01 08:51:13 +0000 2017,121053,AmazonHelp,1,False,service_complaint,['service_complaint'],1,single_match,service_complaint,service_complaint
23983,23983,"@115830 pre-ordered CoD WW2 on the 5th july, says today it won’t be delivered until 4th Nov, the day after release? Why is this?","pre-ordered CoD WW2 on the 5th july, says today it won’t be delivered until 4th Nov, the day after release? Why is this?",23981,"@121156 Hi Lucy, is the game shipping to an address in the UK? ^RL",Wed Nov 01 08:51:24 +0000 2017,121156,AmazonHelp,1,False,delivery_order_status,['delivery_order_status'],1,single_match,delivery_order_status,delivery_order_status
22538,22537,@AmazonHelp Undeliverable. Which makes no sense because my first package was easily delivered at 2pm but this one wasn't at 6pm?,Undeliverable. Which makes no sense because my first package was easily delivered at 2pm but this one wasn't at 6pm?,22539,@120923 My apologies Erin. Has any re-delivery attempt information been provided? ^DC,Wed Nov 01 08:54:11 +0000 2017,120923,AmazonHelp,1,False,delivery_order_status,['delivery_order_status'],1,single_match,delivery_order_status,delivery_order_status
23961,23961,@115830 paid my yearly prime fee and my next order I get a delivery attempt sms even though I was waiting at the address. Not impressed!,paid my yearly prime fee and my next order I get a delivery attempt sms even though I was waiting at the address. Not impressed!,23959,"@121152 sorry to hear that, were you given a reason for the delay? ^AS",Wed Nov 01 08:54:45 +0000 2017,121152,AmazonHelp,1,False,delivery_order_status,['delivery_order_status'],1,single_match,delivery_order_status,delivery_order_status
23969,23969,@115850 You customer service number doesn't let me reach any rep. How do I talk to someone ?,You customer service number doesn't let me reach any rep. How do I talk to someone ?,23968,"@121153 Choose Reason &gt; Choose Issue &gt; Choose the mode of contact phone, e-mail or chat. (2/2) ^VH",Wed Nov 01 08:55:44 +0000 2017,121153,AmazonHelp,2,False,service_complaint,['service_complaint'],1,single_match,service_complaint,service_complaint
24472,24472,@1584 be careful while ordering any item from @115850 and asking for an extended warranty. Activating the warranty is a nightmare,be careful while ordering any item from and asking for an extended warranty. Activating the warranty is a nightmare,24471,@121277 I couldn'r comprehend you issue could you please elaborate? ^VH,Wed Nov 01 08:56:28 +0000 2017,121277,AmazonHelp,1,False,item_quality_issue,['item_quality_issue'],1,single_match,item_quality_issue,item_quality_issue
24572,24570,"@AmazonHelp I did - when you asked already
https://t.co/QCt7kMtESE",I did - when you asked already,24568,"@120918 Apologies Linda, multiple tweets were picked up! The best option is to contact the publisher, they should have more info. ^TS",Wed Nov 01 09:06:17 +0000 2017,120918,AmazonHelp,1,False,other,[],0,zero_match,other,
25013,25013,"@115850 I gt 2 updated from Amazon
First my product got shiped..
2nd I refused to take product...no cl for delivery",I gt 2 updated from Amazon First my product got shiped.. 2nd I refused to take product...no cl for delivery,25011,@121408 Sorry for the trouble with the delivery. Have you reported this to our support team here: https://t.co/2t6DQoUmNZ? ^HR,Wed Nov 01 09:06:45 +0000 2017,121408,AmazonHelp,1,False,delivery_order_status,['delivery_order_status'],1,single_match,delivery_order_status,delivery_order_status
22505,22507,@AmazonHelp How would they know why you are directing people to The Works?,How would they know why you are directing people to The Works?,22509,@120918 The latest information we have regarding an item's availability will be reflected on our website. ^BM,Wed Nov 01 09:07:29 +0000 2017,120918,AmazonHelp,1,False,other,[],0,zero_match,other,
24559,24559,How about a ‘where IS my package?’ button @AmazonHelp? £40 lost. 😡 https://t.co/SS9iH4oZFI,How about a ‘where IS my package?’ button ? £40 lost. 😡,24557,"@121292 Hi, sorry to hear that, contact us here: https://t.co/JzP7hlA23B we'll help ^AS",Wed Nov 01 09:09:22 +0000 2017,121292,AmazonHelp,1,False,delivery_order_status,['delivery_order_status'],1,single_match,delivery_order_status,delivery_order_status
24986,24976,@AmazonHelp I am receiving the same mails... Amazon is not at all cooperating..,I am receiving the same mails... Amazon is not at all cooperating..,24975,"@121404 For details, you may refer here: https://t.co/AEcmUNz7HR. 2/2 ^SB",Wed Nov 01 09:12:02 +0000 2017,121404,AmazonHelp,2,False,other,[],0,zero_match,other,
23961,23960,"@AmazonHelp Simply delivery attempt. Could not deliver today. I imagine it was because it was a business add and after 5, but no attempt was ever made.","Simply delivery attempt. Could not deliver today. I imagine it was because it was a business add and after 5, but no attempt was ever made.",23962,@121152 Is there any information regarding when another attempt will be made? ^BM,Wed Nov 01 09:15:17 +0000 2017,121152,AmazonHelp,1,False,delivery_order_status,['delivery_order_status'],1,single_match,delivery_order_status,delivery_order_status
24999,24990,"@AmazonHelp Yes, I just did. Not helping. Provide an email ID I can write to.","Yes, I just did. Not helping. Provide an email ID I can write to.",24989,@121405 Choose Reason &gt; Choose Issue &gt; Choose the mode of contact E-mail (2/2) ^GK,Wed Nov 01 09:17:09 +0000 2017,121405,AmazonHelp,2,False,other,[],0,zero_match,other,
25008,25008,@115850 your Amazon pay offer is more complected than GST and thats all a bundle of crooks.,your Amazon pay offer is more complected than GST and thats all a bundle of crooks.,25006,@121407 We're sorry to hear that. Could you please tell us what went wrong so we could check? ^HK,Wed Nov 01 09:17:15 +0000 2017,121407,AmazonHelp,1,False,other,[],0,zero_match,other,
24505,24491,"@AmazonHelp Thanks but I have tried that every day since Sunday. ""Still investigating"" - you should send a replacement and investigate afterwards","Thanks but I have tried that every day since Sunday. ""Still investigating"" - you should send a replacement and investigate afterwards",24489,@121282 Did you contact us via phone or chat for instant support? ^AS,Wed Nov 01 09:17:55 +0000 2017,121282,AmazonHelp,1,False,refund_return,['refund_return'],1,single_match,refund_return,refund_return
24556,24556,@AmazonHelp your courier sucks really!,your courier sucks really!,24554,"@121283 Well that doesn't sound good, what happened? ^AS",Wed Nov 01 09:18:36 +0000 2017,121283,AmazonHelp,1,False,delivery_order_status,['delivery_order_status'],1,single_match,delivery_order_status,delivery_order_status
24479,24479,@AmazonHelp once again can you tell me why my one day delivery items haven’t even been dispatched yet and are supposed to be here today?,once again can you tell me why my one day delivery items haven’t even been dispatched yet and are supposed to be here today?,24477,"@121279 Hi Sian, orders are often dispatched &amp; delivered on the same day, as our carriers deliver until 9pm. ^TS",Wed Nov 01 09:19:55 +0000 2017,121279,AmazonHelp,1,False,delivery_order_status,['delivery_order_status'],1,single_match,delivery_order_status,delivery_order_status
22505,22510,"@AmazonHelp Except that isn't the case.
1 Why not?
2 Why are you sending people to The Works?
3 Why is that book in Home &amp; KItchen?
4 What do you suggest I say to Bonnier when I call their switchboard as you suggest, to find out what Amazon is up to?
5 What is the point of having Prime?","Except that isn't the case. 1 Why not? 2 Why are you sending people to The Works? 3 Why is that book in Home &amp; KItchen? 4 What do you suggest I say to Bonnier when I call their switchboard as you suggest, to find out what Amazon is up to? 5 What is the point of having Prime?",22511,"@120918 Hi, you will need to speak with the publishers about this,as ^BM said the latest info we have is reflected on the website^AS.",Wed Nov 01 09:20:53 +0000 2017,120918,AmazonHelp,1,False,other,[],0,zero_match,other,
25004,25004,@AmazonHelp had an email saying payment has been reversed but has been taken AGAIN this morning.,had an email saying payment has been reversed but has been taken AGAIN this morning.,25002,"@121406 Hi, sorry to hear that, please get in touch with us here: https://t.co/JzP7hlA23B we'll help ^AS",Wed Nov 01 09:24:18 +0000 2017,121406,AmazonHelp,1,False,other,[],0,zero_match,other,
19428,19431,@AmazonHelp Anyway you are redirecting the above link to your customer support..What is the use of it?? Same reply from them...,Anyway you are redirecting the above link to your customer support..What is the use of it?? Same reply from them...,19432,"@120315 Filling in your details wouldn't lead you to our support team, Uday. Please do the same, we'll reach out to you personally. ^JC",Wed Nov 01 09:25:14 +0000 2017,120315,AmazonHelp,1,False,service_complaint,['service_complaint'],1,single_match,service_complaint,service_complaint
24562,24565,@115850 @121294  https://t.co/iifNtZ3xNJ,,25957,"@121293 As I can confirm that the link provided is working properly, please clear the caches &amp; cookies and try again. ^SI",Wed Nov 01 09:29:30 +0000 2017,121293,AmazonHelp,1,True,other,[],0,zero_match,other,
23961,23963,@AmazonHelp No. I’ve signed in and it still says due 31st,No. I’ve signed in and it still says due 31st,23964,@121152 Sorry to hear that. We'll be happy to look into that for you. Please reach out to us here: https://t.co/JzP7hlA23B ^RS,Wed Nov 01 09:29:55 +0000 2017,121152,AmazonHelp,1,False,other,[],0,zero_match,other,
24972,24971,@117093 Thanks for the mold amazonfresh https://t.co/0GR6LuOxAp,Thanks for the mold amazonfresh,24970,@121402 Oh no!!! Have you been in touch with us about this? ^AS,Wed Nov 01 09:32:51 +0000 2017,121402,AmazonHelp,1,False,other,[],0,zero_match,other,
25004,25003,@AmazonHelp No i’ve already done that and you have taken more money out of my bank! Someone needs to contact me not an auto form,No i’ve already done that and you have taken more money out of my bank! Someone needs to contact me not an auto form,25005,@121406 We're unable to access your acc here. Get in touch here: https://t.co/JzP7hlA23B and we'll be happy to help. ^RS,Wed Nov 01 09:34:46 +0000 2017,121406,AmazonHelp,1,False,service_complaint,['service_complaint'],1,single_match,service_complaint,service_complaint
25947,25947,@115850 i love u but the amount of plastic and the size of the box in comparison to the size of the product is gargantuan! @115821 https://t.co/Ha9vi9hA8z,i love u but the amount of plastic and the size of the box in comparison to the size of the product is gargantuan!,25946,@121662 We value your comments! You can personally drop all packaging feedback here : https://t.co/lvha47jKgQ. ^CB,Wed Nov 01 09:38:18 +0000 2017,121662,AmazonHelp,1,False,other,[],0,zero_match,other,
25935,25935,"Echt jetzt, @116316 ? https://t.co/oh9izlNE8G","Echt jetzt, ?",25934,"@121658 Oje, ich hoffe, die Ansicht ist nur nicht aktuell. Lass das doch bitte gleich mal prüfen: https://t.co/va1VRoK7GS Gruß ^DW",Wed Nov 01 09:39:08 +0000 2017,121658,AmazonHelp,1,False,other,[],0,zero_match,other,
25974,25970,@AmazonHelp It just been delivered now!,It just been delivered now!,25969,@121666 Hurrayy! ^AS,Wed Nov 01 09:39:08 +0000 2017,121666,AmazonHelp,1,False,delivery_order_status,['delivery_order_status'],1,single_match,delivery_order_status,delivery_order_status
26979,26967,@AmazonHelp still no response. Great going guys,still no response. Great going guys,26966,@121902 Could you confirm sharing your details in the link shared earlier? ^GK,Wed Nov 01 09:41:03 +0000 2017,121902,AmazonHelp,1,False,service_complaint,['service_complaint'],1,single_match,service_complaint,service_complaint
25848,25848,"@115850 Its more than two week now, never had such pathetic experience with Amazon.","Its more than two week now, never had such pathetic experience with Amazon.",25846,@121648 I'm sorry to hear that. Could you please let us know what went wrong? We'd like to help. ^VM,Wed Nov 01 09:44:56 +0000 2017,121648,AmazonHelp,1,False,service_complaint,['service_complaint'],1,single_match,service_complaint,service_complaint
24505,24493,@AmazonHelp Please send a link to the phone number. Almost impossible to find on your website. I need to get sorted ASAP as this is a birthday present,Please send a link to the phone number. Almost impossible to find on your website. I need to get sorted ASAP as this is a birthday present,24494,@121282 You can request a call back here https://t.co/zH8UlhTGcc ^KM,Wed Nov 01 09:45:21 +0000 2017,121282,AmazonHelp,1,False,service_complaint,['service_complaint'],1,single_match,service_complaint,service_complaint
25935,25931,@AmazonHelp Screenshot wurde vor 10 Minuten gemacht :) Danke für die schnelle Rückmeldung.,Screenshot wurde vor 10 Minuten gemacht :) Danke für die schnelle Rückmeldung.,25929,@121658 Gerne.,Wed Nov 01 09:46:57 +0000 2017,121658,AmazonHelp,1,False,other,[],0,zero_match,other,
25839,25834,"@AmazonHelp yeah, other screen shot is confirmation email. Also logged in with same account.","yeah, other screen shot is confirmation email. Also logged in with same account.",25831,@121644 Pls reach out here so we can check this for you Kris https://t.co/q8uNognC5E ^KM,Wed Nov 01 09:48:23 +0000 2017,121644,AmazonHelp,1,False,account_access,['account_access'],1,single_match,account_access,account_access
26959,26959,"@115833 Good morning.  Is the Alexa App down?  It’s timing out here in London, UK.","Good morning. Is the Alexa App down? It’s timing out here in London, UK.",26958,"@121900 Hi, we've had no reports of issues. Have you tried restarting your device? ^TS",Wed Nov 01 09:48:57 +0000 2017,121900,AmazonHelp,1,False,device_digital_content,['device_digital_content'],1,single_match,device_digital_content,device_digital_content
26962,26962,Oh heck. Looks like dodgy seller on @115830 has swizzled me with my Fingerlings order &amp; now they are OOS everywhere :( not a happy mama,Oh heck. Looks like dodgy seller on has swizzled me with my Fingerlings order &amp; now they are OOS everywhere :( not a happy mama,26960,@121901 I'm sorry to hear that Natasha. Have you been in touch with us already by phone/chat to discuss this? ^DC,Wed Nov 01 09:51:27 +0000 2017,121901,AmazonHelp,1,False,seller_marketplace,['seller_marketplace'],1,single_match,seller_marketplace,seller_marketplace
26920,26914,@AmazonHelp Just now! I gave you the benefit of the doubt but I have now cancelled the order.,Just now! I gave you the benefit of the doubt but I have now cancelled the order.,26912,"@121893 Hi, what info did we give about the dispatch issue? Were any options provided? ^TS",Wed Nov 01 09:54:00 +0000 2017,121893,AmazonHelp,1,False,delivery_order_status,['delivery_order_status'],1,single_match,delivery_order_status,delivery_order_status
26901,26895,@120474 Thank you! It now works,Thank you! It now works,26894,"@121890 Hi, thanks for the update. Enjoy the show! ^TS",Wed Nov 01 09:54:52 +0000 2017,121890,AmazonHelp,1,False,other,[],0,zero_match,other,
26893,26887,"@120474 Ok, thanks. It wasn't showing on the page I was looking at x","Ok, thanks. It wasn't showing on the page I was looking at x",26884,@121888 Enjoy! ^BM,Wed Nov 01 09:56:42 +0000 2017,121888,AmazonHelp,1,False,other,[],0,zero_match,other,
25848,25847,@AmazonHelp Amazon Cust Cre is not able to resolve my problem related to refund. Checkout details of my a/c.(Reg Mob No: 9867111188),Amazon Cust Cre is not able to resolve my problem related to refund. Checkout details of my a/c.(Reg Mob No: 9867111188),25849,"@121648 Please don't provide your order details, as we consider it to be personal information. Our Twitter page is public.​ (2/2) ^SI",Wed Nov 01 10:00:44 +0000 2017,121648,AmazonHelp,2,False,refund_return,['refund_return'],1,single_match,refund_return,refund_return
26904,26904,"@115850 inspite of all the problems faced, your customer service officers have an audacity to hang up! #PerksofBeingAPrimeMember","inspite of all the problems faced, your customer service officers have an audacity to hang up! #PerksofBeingAPrimeMember",26903,"@121891 Apologies, that's unacceptable indeed. Please fill this form: https://t.co/beaaDm0muc  and we'll get back to you soon. ^SI",Wed Nov 01 10:00:53 +0000 2017,121891,AmazonHelp,1,False,service_complaint,['service_complaint'],1,single_match,service_complaint,service_complaint
26850,26848,@120474 When? It’s not up yet?,When? It’s not up yet?,26847,@121882 If you get in touch https://t.co/gYlykpxXKL we'll be happy to help. ^BM,Wed Nov 01 10:01:00 +0000 2017,121882,AmazonHelp,1,False,other,[],0,zero_match,other,
19485,19484,@AmazonHelp I have reported the same..Hoping for a genuine product in perfect condition to be delivered now.,I have reported the same..Hoping for a genuine product in perfect condition to be delivered now.,19486,"@120325 In that case, please fill out this form: https://t.co/GIJyeYqKE0 and we'll look into this for you. ^AM",Wed Nov 01 10:01:08 +0000 2017,120325,AmazonHelp,1,False,delivery_order_status,['delivery_order_status'],1,single_match,delivery_order_status,delivery_order_status
25839,25841,"@AmazonHelp yeah I am, I only have the one login!","yeah I am, I only have the one login!",25842,@121645 We want to help! Please use the link provided by ^KM so we can take a look into the situation.,Wed Nov 01 10:01:12 +0000 2017,121645,AmazonHelp,1,False,account_access,['account_access'],1,single_match,account_access,account_access
27410,27410,@120474 help. I’m asking for 2 tickets https://t.co/RYFYylCSZ8,help. I’m asking for 2 tickets,27407,"@122008 Hi, please get in touch with us here: https://t.co/oGDklGgbCZ &amp; we'll look into this for you. ^TS",Wed Nov 01 10:03:10 +0000 2017,122008,AmazonHelp,1,False,other,[],0,zero_match,other,
27427,27427,@120474 trying to buy 2 tickets for RAH 'You have exceeded the maximum allowed number of tickets for this event' ???,trying to buy 2 tickets for RAH 'You have exceeded the maximum allowed number of tickets for this event' ???,27425,"@122011 Hi, sorry to see this. Please use this link to contact us: https://t.co/JzP7hlA23B and we'll look into this for you. ^RL",Wed Nov 01 10:04:47 +0000 2017,122011,AmazonHelp,1,False,other,[],0,zero_match,other,
27421,27421,"@120474 the site is telling me I exceeded ""of tickets when I am purchasing only 1 ticket &amp; haven't purchased any before.Can u help?","the site is telling me I exceeded ""of tickets when I am purchasing only 1 ticket &amp; haven't purchased any before.Can u help?",27419,@122010 Please reach out here so we can check this for you https://t.co/rZJrSLn1Xj  ^KM,Wed Nov 01 10:04:58 +0000 2017,122010,AmazonHelp,1,False,other,[],0,zero_match,other,
27406,27406,@AmazonHelp trying to book morrissey tickets. Saying I've exceeded amount. No I haven't. Help me.,trying to book morrissey tickets. Saying I've exceeded amount. No I haven't. Help me.,27405,@121889 Sorry to hear this. Please reach out to us here: https://t.co/CJO45iBHVu and we can look into this. ^PK,Wed Nov 01 10:05:11 +0000 2017,121889,AmazonHelp,1,False,other,[],0,zero_match,other,
26893,26892,@120474 @121888 I’m getting the same wtf,I’m getting the same wtf,27365,@121992 Please get in touch https://t.co/QfV30t1jzh and we'll look into this for you. ^BM,Wed Nov 01 10:05:24 +0000 2017,121992,AmazonHelp,1,False,other,[],0,zero_match,other,
27382,27382,"@120474 it says I’ve exceeded the amount of tickets for Morrissey tour, and I havernt even brought any?","it says I’ve exceeded the amount of tickets for Morrissey tour, and I havernt even brought any?",27381,"@121996 Hi Zoe, sorry to see this! Please use this link to contact us: https://t.co/JzP7hlA23B and we'll look into this for you. ^RL",Wed Nov 01 10:06:00 +0000 2017,121996,AmazonHelp,1,False,other,[],0,zero_match,other,
27395,27395,When you think you’ve got morrissey tickets then you get this email... What does this mean?? @115830 https://t.co/Pp6fAEH8Up,When you think you’ve got morrissey tickets then you get this email... What does this mean??,27394,@122003 Please reach out here so we can check this for you https://t.co/6WPqI7jhEq  ^KM,Wed Nov 01 10:06:39 +0000 2017,122003,AmazonHelp,1,False,other,[],0,zero_match,other,
27380,27377,@120474 @121997 Doing this to me too,Doing this to me too,27376,"@121996 Hi, please get in touch with us here: https://t.co/oGDklGgbCZ &amp; we'll look into this for you. ^TS",Wed Nov 01 10:07:09 +0000 2017,121996,AmazonHelp,1,False,other,[],0,zero_match,other,
27387,27387,@120474 why wont it let me buy morrisey tix?? I havent bought any. https://t.co/Y66IRf4xZX,why wont it let me buy morrisey tix?? I havent bought any.,27386,@121999 Apologies. Please reach out to us here:https://t.co/INOapUwkLQ and we'll look into it. ^PK,Wed Nov 01 10:07:22 +0000 2017,121999,AmazonHelp,1,False,other,[],0,zero_match,other,
26901,27370,"@120474 @121890 Now saying I can't buy 2 tickets as is over allowance, I haven't bought any yet! Why can't I get these tickets?","Now saying I can't buy 2 tickets as is over allowance, I haven't bought any yet! Why can't I get these tickets?",27371,"@121993 I'm sorry to hear that. If you get in touch: https://t.co/JzP7hlA23B, we'll be happy to help. ^DC",Wed Nov 01 10:07:36 +0000 2017,121993,AmazonHelp,1,False,other,[],0,zero_match,other,
27385,27385,"@120474 the site keeps saying this for the Brighton tickets, any reason? I'm only trying to buy 2? https://t.co/uRU6WEfmPu","the site keeps saying this for the Brighton tickets, any reason? I'm only trying to buy 2?",27383,@121998 Please reach out here so we can check this for you https://t.co/FWAYmjpWES  ^KM,Wed Nov 01 10:07:41 +0000 2017,121998,AmazonHelp,1,False,other,[],0,zero_match,other,
27373,27373,@115830 Why is amazon not disbursing funds to sellers and giving no information? Has amazon gone bust?,Why is amazon not disbursing funds to sellers and giving no information? Has amazon gone bust?,27372,"@121994 Hi Scott, are you having an issue with your seller account? Have you been in touch with seller support for assistance? ^TS",Wed Nov 01 10:08:09 +0000 2017,121994,AmazonHelp,1,False,seller_marketplace,['seller_marketplace'],1,single_match,seller_marketplace,seller_marketplace
26893,26886,@AmazonHelp It’s not working!!,It’s not working!!,26889,@121888 Oh no! What's the issue? What does it show? ^PK,Wed Nov 01 10:08:35 +0000 2017,121888,AmazonHelp,1,False,other,[],0,zero_match,other,
27353,27353,I have ordered 2 things from @115821 in the past month and haven't received either items and now Amazon is NOT tryna give me a refund 🗣🗣,I have ordered 2 things from in the past month and haven't received either items and now Amazon is NOT tryna give me a refund 🗣🗣,27351,"@121990 I'm so sorry to hear this! When you contacted us, what information or options were given for these orders? ^TH",Wed Nov 01 10:10:07 +0000 2017,121990,AmazonHelp,1,False,refund_return,['refund_return'],1,single_match,refund_return,refund_return
27919,27919,"@115850 
I show a add on app 13oct load amazon pay balance 15% back offer,i cant receive.,i call customer care says offer does nt exit wow","I show a add on app 13oct load amazon pay balance 15% back offer,i cant receive.,i call customer care says offer does nt exit wow",27918,"@122108 That's odd. We'd like to take a closer look, please share your details here: https://t.co/GIJyeYqKE0 ^MS",Wed Nov 01 10:11:42 +0000 2017,122108,AmazonHelp,1,False,service_complaint,['service_complaint'],1,single_match,service_complaint,service_complaint
26858,26854,@AmazonHelp The date was changed at the end of the day it was supposed to be delivered. Now it suggests it's going to take 1-2 days more.,The date was changed at the end of the day it was supposed to be delivered. Now it suggests it's going to take 1-2 days more.,26856,@121883 My apologies for that. Please let us know if it's not received within the revised delivery estimate. ^DC,Wed Nov 01 10:13:09 +0000 2017,121883,AmazonHelp,1,False,delivery_order_status,['delivery_order_status'],1,single_match,delivery_order_status,delivery_order_status
27343,27343,@120474 what's happening with Moz RAH ticket pre-sale?? Keeps telling me I've exceeded maximum - haven't bought any yet! Shambles,what's happening with Moz RAH ticket pre-sale?? Keeps telling me I've exceeded maximum - haven't bought any yet! Shambles,27341,@121987 Please reach out here so we can check this for you https://t.co/psatRNFAeh  ^KM,Wed Nov 01 10:13:16 +0000 2017,121987,AmazonHelp,1,False,other,[],0,zero_match,other,
27340,27340,@120474 why is your site telling me I’ve reached the max number of tickets when I tried to buy 1 for Morrissey at 10:00?! 😩,why is your site telling me I’ve reached the max number of tickets when I tried to buy 1 for Morrissey at 10:00?! 😩,27339,"@121986 Hi Catherine, please reach out to us here: https://t.co/oGDklGgbCZ &amp; we'lll check into this for you. ^TS",Wed Nov 01 10:14:19 +0000 2017,121986,AmazonHelp,1,False,other,[],0,zero_match,other,
26893,27917,@121888 @121992 @120474 nothing - amazon need to respond!,nothing - amazon need to respond!,27915,"@121991 Hi Richard, here is the link to the Brighton event: https://t.co/ruYPYsPbz3 ^TS",Wed Nov 01 10:15:09 +0000 2017,121991,AmazonHelp,1,False,other,[],0,zero_match,other,
27823,27823,Just received the @115850 Echo DOT &amp; @122090 is not working out of the box! No manual is provided!,Just received the Echo DOT &amp; is not working out of the box! No manual is provided!,27822,@122089 I'm sorry about the inconvenience. Kindly connect with us via https://t.co/vlvfJr4nN9 we'd like to help you. ^SG,Wed Nov 01 10:16:22 +0000 2017,122089,AmazonHelp,1,False,device_digital_content,['device_digital_content'],1,single_match,device_digital_content,device_digital_content
27890,27890,"@AmazonHelp Yo... I've had this, is this you or is it something dodge? https://t.co/HhSD6KpG7i","Yo... I've had this, is this you or is it something dodge?",27888,@122103 You can find tips here on identifying a legitimate e-mail: https://t.co/bjVXyZmUsD Let us know if you have any questions! ^KN,Wed Nov 01 10:17:11 +0000 2017,122103,AmazonHelp,1,False,other,[],0,zero_match,other,
27901,27895,@AmazonHelp To be honest after three weeks where things haven't shipped I'm now canceling orders,To be honest after three weeks where things haven't shipped I'm now canceling orders,27893,"@122104 Hi Siobhan, we aim to provide the expected delivery date in your order confirmation email. Has the date changed since then? ^TS",Wed Nov 01 10:17:18 +0000 2017,122104,AmazonHelp,1,False,delivery_order_status,['delivery_order_status'],1,single_match,delivery_order_status,delivery_order_status
33279,33278,@115821 Also 10/10 for packaging @115821 https://t.co/hEonzRj6cl,Also 10/10 for packaging,33277,@123354 We're always looking for ways to improve and we'd like to hear feedback on your experience here: https://t.co/CZABxwlQ4o ^KN,Wed Nov 01 10:17:22 +0000 2017,123354,AmazonHelp,1,False,other,[],0,zero_match,other,
26901,27871,@122002 @120474 Tried again and it stated he had exceeded his limit. Not having to stand at the Ally. #notimpressed,Tried again and it stated he had exceeded his limit. Not having to stand at the Ally. #notimpressed,27872,@121890 Hi Claire. Please use this link to get in touch and we'll help: https://t.co/JzP7hlA23B ^RL,Wed Nov 01 10:19:03 +0000 2017,121890,AmazonHelp,1,False,other,[],0,zero_match,other,
26901,27870,@122002 @120474 Now.... (not not) 😩,Now.... (not not) 😩,27869,"@121890 Hi, if you're having trouble, please get in touch with us here: https://t.co/oGDklGgbCZ ^TS",Wed Nov 01 10:20:34 +0000 2017,121890,AmazonHelp,1,False,other,[],0,zero_match,other,
25863,25944,@AmazonHelp But why I was not shown the option of next day delivery whereas it is currently shown right now.,But why I was not shown the option of next day delivery whereas it is currently shown right now.,25945,@121649 Please get in touch with us via https://t.co/TxK11znixD and check it out for you. ^AM,Wed Nov 01 10:20:40 +0000 2017,121649,AmazonHelp,1,False,delivery_order_status,['delivery_order_status'],1,single_match,delivery_order_status,delivery_order_status
27866,27866,"The @120474 email says “PRE-SALE AVAILABLE NOW FOR UK &amp; IRELAND TOUR” no option to purchase tickets for Ireland, help? #Morrissey","The email says “PRE-SALE AVAILABLE NOW FOR UK &amp; IRELAND TOUR” no option to purchase tickets for Ireland, help? #Morrissey",27865,"@122099 Hi, please get in touch with us here: https://t.co/oGDklGgbCZ &amp; we'll check the details. ^TS",Wed Nov 01 10:21:40 +0000 2017,122099,AmazonHelp,1,False,other,[],0,zero_match,other,
27863,27862,@120834 @AmazonHelp As a trial I had Glasgow WORKING - but Brighton is a non-starter as others have reported - and indeed yourself.  #terribleservice,As a trial I had Glasgow WORKING - but Brighton is a non-starter as others have reported - and indeed yourself. #terribleservice,27861,@122098 Sorry to hear that. Please reach out here: https://t.co/adGZMh2kgt and we'll look into it for you. ^RS,Wed Nov 01 10:22:05 +0000 2017,122098,AmazonHelp,1,False,service_complaint,['service_complaint'],1,single_match,service_complaint,service_complaint
27838,27837,@122094 @120474 Same,Same,27836,"@120618 Hi, we can look into this for you: https://t.co/oGDklGgbCZ Please get in touch via the link. ^TS",Wed Nov 01 10:25:51 +0000 2017,120618,AmazonHelp,1,False,other,[],0,zero_match,other,
28465,28465,@115850 @121284 the extended prime subscription that came with the echo does not reflect on my account. Pls help!,the extended prime subscription that came with the echo does not reflect on my account. Pls help!,28464,"@122228 We'd like to check this for you, kindly connect with us here: https://t.co/vlvfJr4nN9 ^SG",Wed Nov 01 10:29:24 +0000 2017,122228,AmazonHelp,1,False,prime_membership,['prime_membership'],1,single_match,prime_membership,prime_membership
27835,27834,"@116316 Die Antwort an der Hotline, dass das System das eigenständig, ohne GEOProfiling gemacht hat, ist sehr unglaubwürdig","Die Antwort an der Hotline, dass das System das eigenständig, ohne GEOProfiling gemacht hat, ist sehr unglaubwürdig",27833,@122092 Wurde deine Zahlungsart bei einer Bestellung abgelehnt? Gruß ^AN,Wed Nov 01 10:29:38 +0000 2017,122092,AmazonHelp,1,False,other,[],0,zero_match,other,
28460,28460,@115830 customer service keep putting me on hold!!!!,customer service keep putting me on hold!!!!,28459,@122105 Please keep us informed about the outcome of your call. ^MW,Wed Nov 01 10:35:44 +0000 2017,122105,AmazonHelp,1,False,service_complaint,['service_complaint'],1,single_match,service_complaint,service_complaint
28455,28455,@121284 my echo plus is on the way...... I am an existing prime user.. what will happen to the membership that is coming along with,my echo plus is on the way...... I am an existing prime user.. what will happen to the membership that is coming along with,28454,@122225 Your prime membership would be extended by one year in this case. ^GS,Wed Nov 01 10:36:12 +0000 2017,122225,AmazonHelp,1,False,device_digital_content,['device_digital_content'],1,single_match,device_digital_content,device_digital_content
28966,28966,"@115850 @115851 @1840 pathetic service for Amazon business, bihmsen service representative can't even put me touch with manager.","pathetic service for Amazon business, bihmsen service representative can't even put me touch with manager.",28964,@122372 Sorry for the trouble. Please share your details here: https://t.co/GIJyeYqKE0 &amp; we'll get in touch with you soon. ^BS,Wed Nov 01 10:36:45 +0000 2017,122372,AmazonHelp,1,False,service_complaint,['service_complaint'],1,single_match,service_complaint,service_complaint
27841,27841,@AmazonHelp @115830 My package was just 'delivered' - Your driver left it (my new phone) in an open/unsecured cupboard in my carport...,My package was just 'delivered' - Your driver left it (my new phone) in an open/unsecured cupboard in my carport...,27839,@122095 Oh no! Was the item ok? ^BM,Wed Nov 01 10:37:07 +0000 2017,122095,AmazonHelp,1,False,delivery_order_status,['delivery_order_status'],1,single_match,delivery_order_status,delivery_order_status
28453,28453,When you order something for delivery on release date and @115830  just nonchalantly push it back a day without explanation or apology...,When you order something for delivery on release date and just nonchalantly push it back a day without explanation or apology...,28452,@122224 So sorry about the delay. We do aim to deliver by the delivery date given at the time the order was placed. ^KM,Wed Nov 01 10:37:13 +0000 2017,122224,AmazonHelp,1,False,delivery_order_status,['delivery_order_status'],1,single_match,delivery_order_status,delivery_order_status
28458,28458,@120474 @1711 Usual ticket sale shambles. Very disappointing. Will have to try the general sale. Feel a bit misled.,Usual ticket sale shambles. Very disappointing. Will have to try the general sale. Feel a bit misled.,28457,@122226 Hi Percy. Please use this link to get in touch and we'll help: https://t.co/JzP7hlA23B ^RL,Wed Nov 01 10:37:47 +0000 2017,122226,AmazonHelp,1,False,other,[],0,zero_match,other,
26893,27364,@121888 @121992 @120474 same issue - and no reply from @120474,same issue - and no reply from,28450,"@122088 Hi Andy, Please use this link to get in touch and we'll help: https://t.co/JzP7hlA23B ^RL",Wed Nov 01 10:39:13 +0000 2017,122088,AmazonHelp,1,False,service_complaint,['service_complaint'],1,single_match,service_complaint,service_complaint
28879,28879,@115850 - why did you guys stop giving the goodies pack when we join prime? It was smethng to look forward to.,- why did you guys stop giving the goodies pack when we join prime? It was smethng to look forward to.,28878,"@122361 The Prime welcome card was promotional merchandise that we sent at Prime membership launch, which is discontinued now. ^AK",Wed Nov 01 10:40:14 +0000 2017,122361,AmazonHelp,1,False,other,[],0,zero_match,other,
29573,29573,@115850  Having issue with EMI  in my order..where to contact.kindly help..,Having issue with EMI in my order..where to contact.kindly help..,29571,@122494 Sorry about the issue with EMI. Please report this to our support team here: https://t.co/vlvfJr4nN9 &amp; we'll help you. ^BS,Wed Nov 01 10:44:44 +0000 2017,122494,AmazonHelp,1,False,delivery_order_status,['delivery_order_status'],1,single_match,delivery_order_status,delivery_order_status
15672,15671,"@AmazonHelp ""Refused shipment - on the way back.""","""Refused shipment - on the way back.""",15673,"@119447 Oh my! Just to clarify, can you tell us who the carrier of this order is? ^AL",Wed Nov 01 10:49:47 +0000 2017,119447,AmazonHelp,1,False,delivery_order_status,['delivery_order_status'],1,single_match,delivery_order_status,delivery_order_status
28899,28886,@AmazonHelp Is there any action taken on my issue. Now it’s 3rd month and still struggling with amazon ! 🙄🙄🙄,Is there any action taken on my issue. Now it’s 3rd month and still struggling with amazon ! 🙄🙄🙄,28884,@122363 You can check for our response here: https://t.co/DTSNmGldJf. Hope this helps. ^CB,Wed Nov 01 10:56:58 +0000 2017,122363,AmazonHelp,1,False,other,[],0,zero_match,other,
28882,28882,@AmazonHelp I have booked a package to my office address. Actually every week Saturday is holiday but this week it's on Monday.(1/2),I have booked a package to my office address. Actually every week Saturday is holiday but this week it's on Monday.(1/2),28881,"@122362 Sreedhar, please get in touch with our support team here: https://t.co/vlvfJr4nN9 and we'll check this for you. ^HN",Wed Nov 01 10:57:43 +0000 2017,122362,AmazonHelp,1,False,delivery_order_status,['delivery_order_status'],1,single_match,delivery_order_status,delivery_order_status
29577,29577,@115850 Can you please deliver my order a little quick! Please!,Can you please deliver my order a little quick! Please!,29576,"@122495 Swaroop, we ship the items to meet the estimated date of the order, kindly wait till the estimates provided. ^MS",Wed Nov 01 10:58:10 +0000 2017,122495,AmazonHelp,1,False,delivery_order_status,['delivery_order_status'],1,single_match,delivery_order_status,delivery_order_status
29568,29564,@AmazonHelp Hey guys! Just downloaded the #Alexa app but unable to finish the set up after this stage. I connected my phone to the Amazon wifi. 1/2 https://t.co/pvVYFKAVSx,Hey guys! Just downloaded the #Alexa app but unable to finish the set up after this stage. I connected my phone to the Amazon wifi. 1/2,29563,@122492 Sorry for the hassle. Please connect with our support team here: https://t.co/HQhpS2qeEd for a better assistance. ^MS,Wed Nov 01 11:00:34 +0000 2017,122492,AmazonHelp,1,False,device_digital_content,['device_digital_content'],1,single_match,device_digital_content,device_digital_content
25008,25007,@AmazonHelp Amazon Id __email__ I have added ₹460 and make a Jio recharge 399. As per your offer 101 cashback+ 20% on first top-up.I didn't,Amazon Id __email__ I have added ₹460 and make a Jio recharge 399. As per your offer 101 cashback+ 20% on first top-up.I didn't,25009,"@121407 Please don't provide your order details,we consider it to be personal information. Our page is visible to the public.2/2^SC",Wed Nov 01 11:02:48 +0000 2017,121407,AmazonHelp,2,False,other,[],0,zero_match,other,
29570,29570,@115850 wht do I understand by one-day delivery in office address when the time slot mentioned is 10 a.m - 5 p.m? Also get some trained CC,wht do I understand by one-day delivery in office address when the time slot mentioned is 10 a.m - 5 p.m? Also get some trained CC,29569,@122493 We would like to help you. Please share your details with us here: https://t.co/GIJyeYqKE0. We'll get in touch shortly.^CB,Wed Nov 01 11:05:07 +0000 2017,122493,AmazonHelp,1,False,delivery_order_status,['delivery_order_status'],1,single_match,delivery_order_status,delivery_order_status
27901,27894,@AmazonHelp Most orders I place now say that shipping date will be notified rather than an exact date. Expedited shipping taking 14 days? https://t.co/B8jCCoJ9Xo,Most orders I place now say that shipping date will be notified rather than an exact date. Expedited shipping taking 14 days?,27897,"@122104 I'm sorry for the delay! For more information on shipping to PR, visit us here: https://t.co/ShggNRpgAX ^TK",Wed Nov 01 11:09:36 +0000 2017,122104,AmazonHelp,1,False,delivery_order_status,['delivery_order_status'],1,single_match,delivery_order_status,delivery_order_status
29510,29510,Still waiting for @115830 to call me regarding my complaint about their poor Prime service. Was supposed to happen on 28/10/17... 😡,Still waiting for to call me regarding my complaint about their poor Prime service. Was supposed to happen on 28/10/17... 😡,29506,@122485 I'm sorry to hear this! Have you checked for any e-mails indicating they haven't been able to reach you? ^MJ,Wed Nov 01 11:10:00 +0000 2017,122485,AmazonHelp,1,False,service_complaint,['service_complaint'],1,single_match,service_complaint,service_complaint
29545,29545,@115850 bought #amazonprime subscription on 16.10.17 under 100% #cashback offer.nothing has been credited to my amazon a/c. pls. help,bought #amazonprime subscription on 16.10.17 under 100% #cashback offer.nothing has been credited to my amazon a/c. pls. help,29544,@122489 Sorry for the hassle. Please report this to our support team here: https://t.co/vlvfJr4nN9 and we'll check this. ^HN,Wed Nov 01 11:12:40 +0000 2017,122489,AmazonHelp,1,False,prime_membership,['prime_membership'],1,single_match,prime_membership,prime_membership
25935,25930,"@AmazonHelp Also geprüft und für negativ befunden, ich hoffe das Paket kommt heute an und vor allem gut Verpackt, die 3te Box war leider zerknickt ...","Also geprüft und für negativ befunden, ich hoffe das Paket kommt heute an und vor allem gut Verpackt, die 3te Box war leider zerknickt ...",25932,@121658 Ich drücke dir auf alle Fälle die Daumen. ^AN,Wed Nov 01 11:13:02 +0000 2017,121658,AmazonHelp,1,False,other,[],0,zero_match,other,
29516,29516,"@115850 WTF! IT'S NOT POSSIBLE TO CONNECT TO YOUR CS TEAM, EITHER ON 180030009009 OR THROUGH THE APP","WTF! IT'S NOT POSSIBLE TO CONNECT TO YOUR CS TEAM, EITHER ON 180030009009 OR THROUGH THE APP",29513,"@122486 That seems odd. Any particular error, you are seeing? Do let us know. ^CB",Wed Nov 01 11:16:43 +0000 2017,122486,AmazonHelp,1,False,other,[],0,zero_match,other,
29512,29512,"This is very sad to say that being a happy cust. this time had worst experience on returns. Yet not able to return.
@115850 @AmazonHelp",This is very sad to say that being a happy cust. this time had worst experience on returns. Yet not able to return.,29511,@122482 Could you please tell us more about the issue for better understanding? ^HN,Wed Nov 01 11:17:21 +0000 2017,122482,AmazonHelp,1,False,service_complaint,['service_complaint'],1,single_match,service_complaint,service_complaint
29483,29483,"OrderId 407-5786974-7485166
Ordered a washing machine and it was defected! No one came for taking it back. https://t.co/ZebNluoneI",OrderId 407-5786974-7485166 Ordered a washing machine and it was defected! No one came for taking it back.,29482,@122482 Please don't provide your order details as we consider it personal information. Our twitter page is visible to public.(2/2)^CB,Wed Nov 01 11:19:23 +0000 2017,122482,AmazonHelp,2,False,other,[],0,zero_match,other,
29493,29493,C’est quoi ce favoritisme à 2 balles là ? Dc si je veux le film je dois prendre un abonnement à Amazon Prime pr 49€ environ ?? @120533 https://t.co/Dq9OGOHglh,C’est quoi ce favoritisme à 2 balles là ? Dc si je veux le film je dois prendre un abonnement à Amazon Prime pr 49€ environ ??,29491,"@122484 Bonjour, Il se peut qu'un article réservé exclusivement aux membres du programme Prime, redevienne disponible pour tous les clients.",Wed Nov 01 11:19:47 +0000 2017,122484,AmazonHelp,1,False,other,[],0,zero_match,other,
29961,29961,@AmazonHelp disponible au point relais oui mais lequel ? https://t.co/xCvcH3WQTE,disponible au point relais oui mais lequel ?,29960,"@122591 2/2 Pour des questions de sécurité, veuillez supprimer la capture d'écran avec le numéro de suivi. Le mur est public. ^ARC",Wed Nov 01 11:21:51 +0000 2017,122591,AmazonHelp,2,False,other,[],0,zero_match,other,
30544,30514,"@115850 No agent shows up on Mon, Wed get a call in the morning while the slot is for 1-4pm.  Now I get an SMS that pick up is cancelled. Why?","No agent shows up on Mon, Wed get a call in the morning while the slot is for 1-4pm. Now I get an SMS that pick up is cancelled. Why?",30512,@122720 We've responded to your DM. Request you to please check it. ^AM,Wed Nov 01 11:25:24 +0000 2017,122720,AmazonHelp,1,False,delivery_order_status,['delivery_order_status'],1,single_match,delivery_order_status,delivery_order_status
29510,29498,@AmazonHelp I was told I would get a call back from Angelica who was dealing with my complaint on 28th October,I was told I would get a call back from Angelica who was dealing with my complaint on 28th October,29501,@122485 Feedback for your complaint can be directed to our leadership via the email survey form you received after the contact. ^EM,Wed Nov 01 11:26:09 +0000 2017,122485,AmazonHelp,1,False,service_complaint,['service_complaint'],1,single_match,service_complaint,service_complaint
30026,30026,"@AmazonHelp bom dia! Agora que o serviço do prime vídeo pode ser pago em Reais, fica a dúvida: os outros canais extras do prime também?","bom dia! Agora que o serviço do prime vídeo pode ser pago em Reais, fica a dúvida: os outros canais extras do prime também?",30025,"@122603 Bom dia Vini, por favor contata a Suporte ao Cliente para que possam te informar sobre o pago: https://t.co/qGpkDwGRhX. ^DA",Wed Nov 01 11:28:27 +0000 2017,122603,AmazonHelp,1,False,other,[],0,zero_match,other,
29986,29986,Warum kann ich meinen #kindle oasis und Zubehör noch nicht bewerten? @116316 Angst vor schlechten Bewertungen? Zu recht!,Warum kann ich meinen #kindle oasis und Zubehör noch nicht bewerten? Angst vor schlechten Bewertungen? Zu recht!,29985,"@122597 Vielen Dank für den Hinweis, ich lasse das gleich mal von den Kollegen prüfen. Viele Grüße ^DW",Wed Nov 01 11:30:01 +0000 2017,122597,AmazonHelp,2,False,device_digital_content,['device_digital_content'],1,single_match,device_digital_content,device_digital_content
30003,30003,"Despite the fact that I don't actually have my delivery, @115830 insist on telling me that it's delivered and won't help me get it. Highly suspicious business practices going on, even by their standards!","Despite the fact that I don't actually have my delivery, insist on telling me that it's delivered and won't help me get it. Highly suspicious business practices going on, even by their standards!",30001,"@122601 I'm sorry you don't have your parcel! Have you had the chance to reach our phone support? If so, what info was provided? ^TK",Wed Nov 01 11:30:46 +0000 2017,122601,AmazonHelp,1,False,delivery_order_status,['delivery_order_status'],1,single_match,delivery_order_status,delivery_order_status
29999,29997,@AmazonHelp Is it necessary to send fax ?? Can't we send email with supporting documents ??,Is it necessary to send fax ?? Can't we send email with supporting documents ??,29996,"@122600 Hi, the account specialists would require the information to be provided via fax. - Tara s",Wed Nov 01 11:31:33 +0000 2017,122600,AmazonHelp,1,False,other,[],0,zero_match,other,
22147,22146,@AmazonHelp I did not see any email. I only had to call again. Now I see it is rescheduled for pickup tomorrow 2nd Nov.,I did not see any email. I only had to call again. Now I see it is rescheduled for pickup tomorrow 2nd Nov.,22148,@120778 please respond to the email so that we can assist you accordingly. (2/2)^SU,Wed Nov 01 11:33:02 +0000 2017,120778,AmazonHelp,2,False,delivery_order_status,['delivery_order_status'],1,single_match,delivery_order_status,delivery_order_status
30498,30498,"@115850 Pur 50""Led TV vth extd warranty frm Amazon wch is gvng prblm. Unable 2talk 2some1 in Amazon. Micromax is infmng us 2talk 2 Amazon.","Pur 50""Led TV vth extd warranty frm Amazon wch is gvng prblm. Unable 2talk 2some1 in Amazon. Micromax is infmng us 2talk 2 Amazon.",30497,@122715 Kindly elaborate your concern regarding the warranty. We would like to help you. ^CB,Wed Nov 01 11:37:21 +0000 2017,122715,AmazonHelp,1,False,item_quality_issue,['item_quality_issue'],1,single_match,item_quality_issue,item_quality_issue
29944,29944,"2 months later, 5 phone calls, speaking to an upper level manager and I still haven't received access to my @115821 account. COOL GUYS.","2 months later, 5 phone calls, speaking to an upper level manager and I still haven't received access to my account. COOL GUYS.",29942,@122588 I'm sorry to hear that Heather. Have you been given any advice since the issue began? ^DC,Wed Nov 01 11:37:28 +0000 2017,122588,AmazonHelp,1,False,service_complaint,['service_complaint'],1,single_match,service_complaint,service_complaint
30506,30506,@AmazonHelp don't believe this. After having to cancel last order &amp; reorder for Amazon locker you've done exact same and sent from (cont),don't believe this. After having to cancel last order &amp; reorder for Amazon locker you've done exact same and sent from (cont),30505,@122718 Sorry to hear of the delay. Please get in touch and I'll have a specialist look into this for you: https://t.co/tkLCr7DNil. ^BM,Wed Nov 01 11:43:40 +0000 2017,122718,AmazonHelp,1,False,delivery_order_status,['delivery_order_status'],1,single_match,delivery_order_status,delivery_order_status
29944,29943,@AmazonHelp I was told I'd receive an email to reset my password since my account was hacked and 5 phone calls later nothing.,I was told I'd receive an email to reset my password since my account was hacked and 5 phone calls later nothing.,29945,@122588 Have you checked your junk/spam folders to make sure the e-mails aren't getting filtered out? ^MJ,Wed Nov 01 11:44:18 +0000 2017,122588,AmazonHelp,1,False,account_access,['account_access'],1,single_match,account_access,account_access
29493,29495,@AmazonHelp C’est pas ce que j’ai demandé.. mais merci quand même de votre part 😂😉👍,C’est pas ce que j’ai demandé.. mais merci quand même de votre part 😂😉👍,29496,@122484 Merci pour votre compréhension. ^FA,Wed Nov 01 11:44:38 +0000 2017,122484,AmazonHelp,1,False,other,[],0,zero_match,other,
29975,29974,@AmazonHelp Not using 'app' using desk top &amp; your webpage - leaves lot 2 be desired,Not using 'app' using desk top &amp; your webpage - leaves lot 2 be desired,29981,"@122594 Hi, you can change the quantity on the 'Review Your Order' page. https://t.co/Lh5OYypnOB",Wed Nov 01 11:45:32 +0000 2017,122594,AmazonHelp,1,False,other,[],0,zero_match,other,
15672,15674,"@AmazonHelp It was Amazon Logistics.  But the device never made it to them and ""guaranteed Oct 31"" slipped to ""expected Nov 1-2"".","It was Amazon Logistics. But the device never made it to them and ""guaranteed Oct 31"" slipped to ""expected Nov 1-2"".",15675,@119447 We'd like to look further into this. Please click the link and fill out the secure form:https://t.co/pM8TpjfEq6 ^EM,Wed Nov 01 11:46:02 +0000 2017,119447,AmazonHelp,1,False,other,[],0,zero_match,other,
31395,31394,"@AmazonHelp Hey still didn't get the charging cable with it. Don't know how to charge it. please help!!!,this time I bought 2 of it","Hey still didn't get the charging cable with it. Don't know how to charge it. please help!!!,this time I bought 2 of it",31392,"@122919 My apologies about it, Aditya. Please reach out to our support team here: https://t.co/vlvfJr4nN9 and we'll assist you. ^NK",Wed Nov 01 11:46:04 +0000 2017,122919,AmazonHelp,1,False,payment_billing,['payment_billing'],1,single_match,payment_billing,payment_billing
30504,30504,"@AmazonHelp Your help pages don't reflect changes to the site, e.g. 'Change Account Settings' no longer exists:

https://t.co/WZngOaWQbr","Your help pages don't reflect changes to the site, e.g. 'Change Account Settings' no longer exists:",30503,@122717 Thanks for highlighting this. ^KM,Wed Nov 01 11:47:38 +0000 2017,122717,AmazonHelp,1,False,other,[],0,zero_match,other,
31346,31346,Kindleがダウンロードできないぞーーーー,Kindleがダウンロードできないぞーーーー,31344,@122908 失礼いたします。Kindleのダウロードができないとのことご不便をおかけしております。　サポートさせていただきたく存じますが、電子書籍がダウンロードできないとのことでしょうか？また、よろしければエラーの状況やご利用端末をお教えいただけませんでしょうか。　SM,Wed Nov 01 11:47:38 +0000 2017,122908,AmazonHelp,1,False,device_digital_content,['device_digital_content'],1,single_match,device_digital_content,device_digital_content
29944,29946,@AmazonHelp  https://t.co/b5RacHAicP,,29947,@122588 Please provide a few more details and a member of my team will personally look into this further: https://t.co/N3eoiSF1lL ^SD,Wed Nov 01 11:48:12 +0000 2017,122588,AmazonHelp,1,True,other,[],0,zero_match,other,
29510,29504,@AmazonHelp Yes. I also emailed it and wrote it on the two feedback forms I received,Yes. I also emailed it and wrote it on the two feedback forms I received,29505,"@122485 Please give us another call, Amber. We would like to talk further with you about your complaint. ^EM",Wed Nov 01 11:53:32 +0000 2017,122485,AmazonHelp,1,False,service_complaint,['service_complaint'],1,single_match,service_complaint,service_complaint
29975,29977,"@AmazonHelp How? Have tried via rubbish website, emailed given up on order &amp; now playing Twitter","How? Have tried via rubbish website, emailed given up on order &amp; now playing Twitter",29979,"@122594 As we're unable to view your account via Twitter,pls contact here:https://t.co/zH8UlhTGcc so we can help you out. ^KM",Wed Nov 01 11:54:08 +0000 2017,122594,AmazonHelp,1,False,service_complaint,['service_complaint'],1,single_match,service_complaint,service_complaint
16827,16829,@AmazonHelp My guaranteed delivery date was Monday.,My guaranteed delivery date was Monday.,16830,@119702 My apologies. What is the latest update on the tracking?: https://t.co/Y5jpI9gRhE ^PK,Wed Nov 01 11:59:11 +0000 2017,119702,AmazonHelp,1,False,delivery_order_status,['delivery_order_status'],1,single_match,delivery_order_status,delivery_order_status
28899,28888,"@AmazonHelp I have replied all ur emails. But, after last week no response on the status and didn’t get message from you today as u mentioned.","I have replied all ur emails. But, after last week no response on the status and didn’t get message from you today as u mentioned.",28889,"@122363 Apologies. Could you confirm If you are receiving emails from our team after you respond to them? If not, let us know. ^NK",Wed Nov 01 12:00:29 +0000 2017,122363,AmazonHelp,1,False,service_complaint,['service_complaint'],1,single_match,service_complaint,service_complaint
33310,33310,"@117086 19/10 fiz 2compras no site de vcs e tive problema com as 2. No site não conseguiram solucionar, 1 quebrado e 1 ainda não entregue.","19/10 fiz 2compras no site de vcs e tive problema com as 2. No site não conseguiram solucionar, 1 quebrado e 1 ainda não entregue.",33309,"@123361 Olá Nilo, sinto muito o acontecido, você já entrou em contato com nosso Serviço ao Cliente para informar o acontecido? ^AZ",Wed Nov 01 12:03:12 +0000 2017,123361,AmazonHelp,1,False,other,[],0,zero_match,other,
31399,31399,@115850 y not ship Amazon pantry to all cities n towns.. v don't mind getting it in 3-4 days.,y not ship Amazon pantry to all cities n towns.. v don't mind getting it in 3-4 days.,31398,@122921 I'll be sure to share your comments on this as feedback with the team. ^OS,Wed Nov 01 12:07:31 +0000 2017,122921,AmazonHelp,1,False,other,[],0,zero_match,other,
31375,31375,Hey @AmazonHelp does the Fire HD with Alexa do calling like the Echo devices?,Hey does the Fire HD with Alexa do calling like the Echo devices?,31373,"@122915 It does not have the same device-to-device calling as the Alexa. However, there are apps for text/calling features via Wi-Fi. ^MJ",Wed Nov 01 12:10:28 +0000 2017,122915,AmazonHelp,1,False,device_digital_content,['device_digital_content'],1,single_match,device_digital_content,device_digital_content
31395,31391,"@AmazonHelp Hey, checked the package I think they don't Provide it","Hey, checked the package I think they don't Provide it",31390,@122919 I would recommend you to get in touch with the manufacturer for the charger if they don't sell it with the tracker. ^KS,Wed Nov 01 12:10:54 +0000 2017,122919,AmazonHelp,1,False,delivery_order_status,['delivery_order_status'],1,single_match,delivery_order_status,delivery_order_status
31333,31333,@115821 still hasn’t taken my money for my order! WHY,still hasn’t taken my money for my order! WHY,31331,@122906 Sorry for any troubles caused! What is the latest order status showing here: https://t.co/Y5jpI9gRhE ? ^TH,Wed Nov 01 12:11:58 +0000 2017,122906,AmazonHelp,1,False,delivery_order_status,['delivery_order_status'],1,single_match,delivery_order_status,delivery_order_status
31371,31368,@AmazonHelp I have shared details already but no one contact me..,I have shared details already but no one contact me..,31367,@122914 from us regarding it here: https://t.co/8DAc10S7ww 2/2 ^KH,Wed Nov 01 12:12:18 +0000 2017,122914,AmazonHelp,2,False,service_complaint,['service_complaint'],1,single_match,service_complaint,service_complaint
27817,27816,@AmazonHelp I placed a pantry order with Amazon India,I placed a pantry order with Amazon India,27818,@122087 Apologies. We'd like to check this for you. Please contact us here: https://t.co/vlvfJr4nN9. ^OS,Wed Nov 01 12:15:33 +0000 2017,122087,AmazonHelp,1,False,other,[],0,zero_match,other,
31387,31387,I don’t understand why @115821 Prime isn’t shipping promptly anymore. I spend tens of thousands a year with them. No two day service. 😬,I don’t understand why Prime isn’t shipping promptly anymore. I spend tens of thousands a year with them. No two day service. 😬,31385,@122918 Oh no! I'm sorry for the troubles. Are you currently having an issue with an expected delivery? ^AL,Wed Nov 01 12:15:35 +0000 2017,122918,AmazonHelp,1,False,delivery_order_status,['delivery_order_status'],1,single_match,delivery_order_status,delivery_order_status
31854,31854,@117086 você compra fone JBL e eles te mandam GENÉRICO isso mesmo PIRATA! Já começou bem!,você compra fone JBL e eles te mandam GENÉRICO isso mesmo PIRATA! Já começou bem!,31853,"@123033 Olá Magalhes, sentimos esta experiencia. O fone é vendido e gestionado por Amazon ou por um vendedor externo? ^DA",Wed Nov 01 12:16:32 +0000 2017,123033,AmazonHelp,1,False,other,[],0,zero_match,other,
31346,31343,@AmazonHelp ちなみにダウンロードできなかったのはKindle for PCでした。,ちなみにダウンロードできなかったのはKindle for PCでした。,31342,@122908 お知らせありがとうございます。万が一同様の事象が発生した場合は、ご利用環境など詳細を確認した上でご案内させていただきますので、以下のリンクよりカスタマーサービスにお問い合わせください。https://t.co/J6YEizo6qC TN,Wed Nov 01 12:22:47 +0000 2017,122908,AmazonHelp,1,False,device_digital_content,['device_digital_content'],1,single_match,device_digital_content,device_digital_content
31825,31825,@AmazonHelp it's been suggested I get a crime number from police for a missing parcel or no assistance. Are you crazy?!,it's been suggested I get a crime number from police for a missing parcel or no assistance. Are you crazy?!,31822,@123025 Did the e-mail suggest waiting 36 hours to allow the carrier to deliver? For more info: https://t.co/h6htxXEZeJ ^TK,Wed Nov 01 12:23:40 +0000 2017,123025,AmazonHelp,1,False,delivery_order_status,['delivery_order_status'],1,single_match,delivery_order_status,delivery_order_status
31340,31337,"@AmazonHelp 
amazonから発送のぶんです。
3日に届くようにはなっているので！3日すぎても商品が届かなかったら問い合わせしてみます。Twitterで呟いてすみません😅",amazonから発送のぶんです。 3日に届くようにはなっているので！3日すぎても商品が届かなかったら問い合わせしてみます。Twitterで呟いてすみません😅,31335,@122907 とんでもないことでございます。ご心配をお掛けし申し訳ございません。どうぞよろしくお願いいたします。TN,Wed Nov 01 12:24:36 +0000 2017,122907,AmazonHelp,1,False,other,[],0,zero_match,other,
31845,31845,@115821 my mobile not giving refund problem please help me,my mobile not giving refund problem please help me,31844,@123029 I was unable to comprehend your concern. Could you please elaborate on your issue so we could help you better? ^KH,Wed Nov 01 12:25:18 +0000 2017,123029,AmazonHelp,1,False,refund_return,['refund_return'],1,single_match,refund_return,refund_return
29991,29994,"@AmazonHelp of no use dear Amazon, please change ur delivery partner as delhivery everyone in my city is pissed of with this service https://t.co/HgJfaOBvzB","of no use dear Amazon, please change ur delivery partner as delhivery everyone in my city is pissed of with this service",29995,"@122598 Sorry to learn that you had issues with our courier partner, I'll forward this feedback internally and we'll look into it.^SU",Wed Nov 01 12:27:06 +0000 2017,122598,AmazonHelp,1,False,delivery_order_status,['delivery_order_status'],1,single_match,delivery_order_status,delivery_order_status
31857,31857,I thought I missed my Amazon 📦 yesterday but the driver came back 💃🏾,I thought I missed my Amazon 📦 yesterday but the driver came back 💃🏾,31855,@123034 Did everything work out ok? ^BM,Wed Nov 01 12:28:11 +0000 2017,123034,AmazonHelp,1,False,delivery_order_status,['delivery_order_status'],1,single_match,delivery_order_status,delivery_order_status
31365,31364,"@AmazonHelp Vendredi 3, la veille de mon anniv :) Vous m’offrez un jeu switch ? 😝😝🙈","Vendredi 3, la veille de mon anniv :) Vous m’offrez un jeu switch ? 😝😝🙈",31366,@122913 Ah super !! 😍 Joyeux anniversaire par anticipation ☺️^SB,Wed Nov 01 12:30:15 +0000 2017,122913,AmazonHelp,1,False,other,[],0,zero_match,other,
32314,32314,@115850 Promotional cash back not credited even after refund date been crossed https://t.co/YxIGHWvVmb order# 404-4707947-1460330☹️😡,Promotional cash back not credited even after refund date been crossed order# 404-4707947-1460330☹️😡,32313,@123158 That's odd! I'd like to check. Could you please fill in the details here : https://t.co/beaaDm0muc 1/2 ^PR,Wed Nov 01 12:30:23 +0000 2017,123158,AmazonHelp,2,False,refund_return,['refund_return'],1,single_match,refund_return,refund_return
31828,31828,"If this Francisco Reyes guy even exists, it’d be great to get my @115821 account back. At this point, @115821 has the worst customer service","If this Francisco Reyes guy even exists, it’d be great to get my account back. At this point, has the worst customer service",31826,"@123026 Hi Laura, have you received any update from an account specialist about your account? ^TS",Wed Nov 01 12:32:10 +0000 2017,123026,AmazonHelp,1,False,service_complaint,['service_complaint'],1,single_match,service_complaint,service_complaint
31311,31313,@AmazonHelp Form filled,Form filled,31314,@122905 Thanks for submitting your details. Our team will contact you at the earliest. ^GD,Wed Nov 01 12:32:52 +0000 2017,122905,AmazonHelp,1,False,other,[],0,zero_match,other,
32318,32318,"@115850 don't you even bother the problem of customers,you send incomplete package then Leave customer on their own
Too bad ..","don't you even bother the problem of customers,you send incomplete package then Leave customer on their own Too bad ..",32316,"@123159 kindly self return the package. Further, I'll be sure to forward your feedback. (2/2) ^MO",Wed Nov 01 12:34:15 +0000 2017,123159,AmazonHelp,2,False,delivery_order_status,['delivery_order_status'],1,single_match,delivery_order_status,delivery_order_status
32341,32341,"Mal was Nettes sagen: Dickes Lob an @116316 &amp; @AmazonHelp. Gestern ging ein Paket verloren, Nachts gemailt, heute das Geld auf dem Konto.","Mal was Nettes sagen: Dickes Lob an &amp; . Gestern ging ein Paket verloren, Nachts gemailt, heute das Geld auf dem Konto.",32340,"@123164 Schön, dass die Kollegen dir so schnell helfen konnten :) ^AN",Wed Nov 01 12:39:49 +0000 2017,123164,AmazonHelp,1,False,other,[],0,zero_match,other,
31839,31834,"@AmazonHelp one order was suppose to be delivered by 30th october , still no tracking available for the same as on 1/11/17","one order was suppose to be delivered by 30th october , still no tracking available for the same as on 1/11/17",31840,@123028 team here: https://t.co/vlvfJr4nN9 and we'll sort this for you at the earliest. 2/2 ^KH,Wed Nov 01 12:40:18 +0000 2017,123028,AmazonHelp,2,False,delivery_order_status,['delivery_order_status'],1,single_match,delivery_order_status,delivery_order_status
32345,32345,@115821 How can I contact customer services without logging into Amazon?,How can I contact customer services without logging into Amazon?,32343,"@123165 You can contact us without logging in here: https://t.co/jzvkhdlrK5 Let us know if you need anything else, Gerard! ^AD",Wed Nov 01 12:41:57 +0000 2017,123165,AmazonHelp,1,False,service_complaint,['service_complaint'],1,single_match,service_complaint,service_complaint
24505,24495,"@AmazonHelp After four days of trying,, one of your phone staff finally checked and discovered the item was LOST on Saturday. Now I have to order again.","After four days of trying,, one of your phone staff finally checked and discovered the item was LOST on Saturday. Now I have to order again.",24496,"@121282 Oh no, sorry to hear that! Has a refund been arranged? ^TS",Wed Nov 01 12:44:40 +0000 2017,121282,AmazonHelp,1,False,other,[],0,zero_match,other,
32334,32334,"Dear @119625 Please add Shubh Mangal Savdhan Movie in your play list ,
Thanks in advance 
@2082 @2083","Dear Please add Shubh Mangal Savdhan Movie in your play list , Thanks in advance",32333,"@123162 We keep adding new content frequently, stay tuned to the Prime Video website. I'll forward your feedback internally. ^MS",Wed Nov 01 12:45:33 +0000 2017,123162,AmazonHelp,1,False,other,[],0,zero_match,other,
31304,31303,@AmazonHelp Hi KJ! My order # is 114-4756629-6504233. Returning something and when it’s funded I will be re-ordering something similar. Help?,Hi KJ! My order # is 114-4756629-6504233. Returning something and when it’s funded I will be re-ordering something similar. Help?,31305,@122904 Hi. I'm afraid we can't view orders through social media. Is it being returned to us or a third party seller? ^DC,Wed Nov 01 12:46:12 +0000 2017,122904,AmazonHelp,1,False,delivery_order_status,['delivery_order_status'],1,single_match,delivery_order_status,delivery_order_status
33216,33216,".@115830 I calculate that the big box could have accommodated up to 100 batteries, not just the one I ordered. https://t.co/zZcpoFcxkD",". I calculate that the big box could have accommodated up to 100 batteries, not just the one I ordered.",33215,@123347 Hey there! We're always looking for ways to improve. You can also send packaging feedback here: https://t.co/fxgZ6hTrFA ^NM,Wed Nov 01 12:46:53 +0000 2017,123347,AmazonHelp,1,False,other,[],0,zero_match,other,
33205,33205,"It's very shameful on your part @115850, promising a day delivery and not even giving the agent's number, just to fool the customers. https://t.co/11Xyzg0epQ","It's very shameful on your part , promising a day delivery and not even giving the agent's number, just to fool the customers.",33202,@122493 into it and get back to you soon. Appreciate your patience. (2/2) ^MO,Wed Nov 01 12:47:10 +0000 2017,122493,AmazonHelp,2,False,delivery_order_status,['delivery_order_status'],1,single_match,delivery_order_status,delivery_order_status
33281,33281,"@AmazonHelp order no. 408-9613915-0161138
Just one question, what is my fault in all this and you are telling me policies @1840","order no. 408-9613915-0161138 Just one question, what is my fault in all this and you are telling me policies",33280,@123355 Please don’t provide your order details as we consider them to be personal info. Our page is visible to public. ^SG(2/2),Wed Nov 01 12:47:32 +0000 2017,123355,AmazonHelp,2,False,delivery_order_status,['delivery_order_status'],1,single_match,delivery_order_status,delivery_order_status
33262,33262,@AmazonHelp @115850 Thanks a lot for not delivering my product even after promising. Fake promises! Two orders and both not dlvd. #prime https://t.co/Y9nT10k5Lj,Thanks a lot for not delivering my product even after promising. Fake promises! Two orders and both not dlvd. #prime,33260,"@123351 As the estimated delivery date is for today, I request you to allow us time til EOD, as deliveries are done until 8 PM. ^PR",Wed Nov 01 12:48:06 +0000 2017,123351,AmazonHelp,1,False,delivery_order_status,['delivery_order_status'],1,single_match,delivery_order_status,delivery_order_status
33211,33211,"@115850 A ordered was cancelled on 30th october, by what time I can expect Amazon pay balance?","A ordered was cancelled on 30th october, by what time I can expect Amazon pay balance?",33209,@123345 We'd like to have a closer look. Could you please contact our support team through : https://t.co/2t6DQoUmNZ? ^PR,Wed Nov 01 12:49:34 +0000 2017,123345,AmazonHelp,1,False,other,[],0,zero_match,other,
31304,31306,"@AmazonHelp Hi DC. Looks like the return is to an Amazon Fulfillment Services in Saint Anne, IL. You are welcome to DM me if that is easier.","Hi DC. Looks like the return is to an Amazon Fulfillment Services in Saint Anne, IL. You are welcome to DM me if that is easier.",31307,@122904 Please reach out here so we can help you out  https://t.co/hApLpMlfHN ^KM,Wed Nov 01 12:50:21 +0000 2017,122904,AmazonHelp,1,False,service_complaint,['service_complaint'],1,single_match,service_complaint,service_complaint
29944,29948,@AmazonHelp I can't log in to my account to even do that. That's the issue. I have Zero access cause it's been hacked.,I can't log in to my account to even do that. That's the issue. I have Zero access cause it's been hacked.,29949,"@122588 No problem, Heather! Below the Sign In button there is the option to Skip Sign In. Click on that since you don't have access.",Wed Nov 01 12:51:09 +0000 2017,122588,AmazonHelp,1,False,account_access,['account_access'],1,single_match,account_access,account_access
31311,31316,@AmazonHelp Your team has contacted saying the same 24-48 hr delivery policy for order delivery. So I need to wait another 2 days. For prime your deliver fast but not for me even for your mistake.,Your team has contacted saying the same 24-48 hr delivery policy for order delivery. So I need to wait another 2 days. For prime your deliver fast but not for me even for your mistake.,31317,@122905 to you with an update shortly. (2/2) ^MO,Wed Nov 01 12:53:57 +0000 2017,122905,AmazonHelp,2,False,delivery_order_status,['delivery_order_status'],1,single_match,delivery_order_status,delivery_order_status
24505,24498,"@AmazonHelp It is being arranged ,but a week after arranging Prime delivery, I have to order it again. It is not good enough.","It is being arranged ,but a week after arranging Prime delivery, I have to order it again. It is not good enough.",24499,@121282 Apologies for any inconvenience. You should experience no further issues with your new order. ^TS,Wed Nov 01 12:54:18 +0000 2017,121282,AmazonHelp,1,False,delivery_order_status,['delivery_order_status'],1,single_match,delivery_order_status,delivery_order_status
31839,31842,@AmazonHelp i called customer care this morning and the rep doesnt even know and blurts out information without even knowing what customer asking for,i called customer care this morning and the rep doesnt even know and blurts out information without even knowing what customer asking for,31843,"@123028 My apologies about the hassle, Sidharth. Please fill this form: https://t.co/beaaDm0muc and we’ll contact you soon. ^NK",Wed Nov 01 12:54:47 +0000 2017,123028,AmazonHelp,1,False,service_complaint,['service_complaint'],1,single_match,service_complaint,service_complaint
33200,33200,"@115850 
HELP me with order no 171-2257132-6941919 which is not shipped yet.",HELP me with order no 171-2257132-6941919 which is not shipped yet.,33199,"@123344 needful. Please don't provide your order details, we consider it to be personal info. Our page is visible to the public. 2/2 ^PR",Wed Nov 01 12:56:07 +0000 2017,123344,AmazonHelp,2,False,delivery_order_status,['delivery_order_status'],1,single_match,delivery_order_status,delivery_order_status
33220,33220,アマゾンが届け予定日３日過ぎても届かないなんてはじめてだ🙄,アマゾンが届け予定日３日過ぎても届かないなんてはじめてだ🙄,33219,@123348 ご迷惑をおかけしております。状況をお調べした上でご案内させていただきますので、恐れ入りますが、ご注文商品がAmazonが発送する商品の場合は、リンクよりカスタマーサービスにお問い合わせください。https://t.co/J6YEizo6qC TN,Wed Nov 01 12:56:37 +0000 2017,123348,AmazonHelp,1,True,other,[],0,zero_match,other,
33273,33273,Got a notification from @115821 that my package was delivered 2 my neighbour even tho I'm sat @ home waiting...neighbour didn't receive it?!,Got a notification from that my package was delivered 2 my neighbour even tho I'm sat @ home waiting...neighbour didn't receive it?!,33272,@123352 This is odd! Please reach out to us by phone or chat here: https://t.co/JzP7hlA23B so we can look into this! ^KJ,Wed Nov 01 12:57:34 +0000 2017,123352,AmazonHelp,1,False,delivery_order_status,['delivery_order_status'],1,single_match,delivery_order_status,delivery_order_status
33301,33301,My order number: 171-2623585-5777153 is not yet delivered. This is the third time I am facing the problem @115850,My order number: 171-2623585-5777153 is not yet delivered. This is the third time I am facing the problem,33299,"@123358 Truly sorry about that, Akshay. Please report this to our support team here: https://t.co/vlvfJr4nN9 and we'll assist you. ^NK",Wed Nov 01 12:59:03 +0000 2017,123358,AmazonHelp,1,False,delivery_order_status,['delivery_order_status'],1,single_match,delivery_order_status,delivery_order_status
33285,33285,Hallo @AmazonHelp Kann es sein das eure Seite derzeit nicht abrufbar ist?,Hallo Kann es sein das eure Seite derzeit nicht abrufbar ist?,33283,@123356 Uns ist kein Problem bekannt. Auf welchem Gerät versuchst du es denn? Neustart schon einmal probiert? ^DW,Wed Nov 01 12:59:16 +0000 2017,123356,AmazonHelp,1,False,other,[],0,zero_match,other,
33293,33293,Hello @AmazonHelp Don't send a special edition game like this in just a cardboard sleeve. It clearly got crushed b/c bad packaging. https://t.co/zoEmj23Hh5,Hello Don't send a special edition game like this in just a cardboard sleeve. It clearly got crushed b/c bad packaging.,33291,"@123357 Hi, sorry to see this! Have you been able to review your return/replacement options? ^TS",Wed Nov 01 12:59:56 +0000 2017,123357,AmazonHelp,1,False,other,[],0,zero_match,other,
33273,33271,@AmazonHelp It just got delivered and the delivery man had no idea what I was talking about so I guess it was resolved but wtf weird,It just got delivered and the delivery man had no idea what I was talking about so I guess it was resolved but wtf weird,33270,"@123352 Thanks for keeping us in the loop! If you have further questions or concerns, please be sure to let us know! ^TG",Wed Nov 01 13:01:40 +0000 2017,123352,AmazonHelp,1,False,delivery_order_status,['delivery_order_status'],1,single_match,delivery_order_status,delivery_order_status
32345,32347,@AmazonHelp It doesn't say message sent it doesn't seem to do anything... I imagine if it was sent I would get an automated reply via email,It doesn't say message sent it doesn't seem to do anything... I imagine if it was sent I would get an automated reply via email,32348,"@123165 You should get a confirmation on your screen that says ""Thank you! Your e-mail has been sent."" Do you get that message?  ^TH",Wed Nov 01 13:03:50 +0000 2017,123165,AmazonHelp,1,False,other,[],0,zero_match,other,
34526,34526,"@116928 que pasa últimamente?? un paquete que me llegaba el día 25, cambiaron la fecha al 31 y hoy marca el 11","que pasa últimamente?? un paquete que me llegaba el día 25, cambiaron la fecha al 31 y hoy marca el 11",34524,"@123483 Hola Josu, ¿el producto es vendido y enviado por Amazon o por un vendedor externo? ¿Recibiste un correo notificando el cambio? ^LG",Wed Nov 01 13:08:36 +0000 2017,123483,AmazonHelp,1,False,other,[],0,zero_match,other,
34544,34544,"Tem coisa melhor do q receber encomenda no teu nome e ainda antes da data prevista??

@117086 te amo, namoral https://t.co/ydD9ZNF0U4","Tem coisa melhor do q receber encomenda no teu nome e ainda antes da data prevista?? te amo, namoral",34542,"@123486 A caixa da felicidade já chegou 🤗 Só amor para você, Roberto! O que você recebeu hoje? 🙊 ^LG",Wed Nov 01 13:09:01 +0000 2017,123486,AmazonHelp,1,False,other,[],0,zero_match,other,
33170,33170,Anyone know how you mirror on the new Amazon Fire TV? @116439 want to screen mirror #amazonfiretv #fireTV,Anyone know how you mirror on the new Amazon Fire TV? want to screen mirror #amazonfiretv #fireTV,33168,@123340 Sure do! You can find some helpful information on screen mirroring here: https://t.co/AwvcrMeql2 I hope this helps! ^AD,Wed Nov 01 13:09:16 +0000 2017,123340,AmazonHelp,1,False,device_digital_content,['device_digital_content'],1,single_match,device_digital_content,device_digital_content
33301,33300,@AmazonHelp I have already contacted them since two days but issue not yet solved.,I have already contacted them since two days but issue not yet solved.,33302,@123358 We'd like to help you with this. Kindly share your details here: https://t.co/beaaDm0muc and we'll contact you soon. ^MO,Wed Nov 01 13:09:17 +0000 2017,123358,AmazonHelp,1,False,service_complaint,['service_complaint'],1,single_match,service_complaint,service_complaint
33177,33177,@117795  I do not want to be an amazon prime member and how did u charge me 11.00 for my membership that I don't remember signing up,I do not want to be an amazon prime member and how did u charge me 11.00 for my membership that I don't remember signing up,33176,"@123341 I'm sorry! If no benefits have been used, canceling issues a full refund. You can do so here: https://t.co/GyqsN27GKY ^JZ",Wed Nov 01 13:10:29 +0000 2017,123341,AmazonHelp,1,False,account_access,['account_access'],1,single_match,account_access,account_access
34575,34575,"Sagt mal @116316, wann gibt es endlich Amazon Prime in der Schweiz?","Sagt mal , wann gibt es endlich Amazon Prime in der Schweiz?",34573,"@123489 Dazu haben wir keine Informationen. Wir bemühen uns natürlich, den Service für internationale Kunden weiter auszubauen. ^DS",Wed Nov 01 13:10:56 +0000 2017,123489,AmazonHelp,1,False,other,[],0,zero_match,other,
34518,34518,@1811 questa recensione e esattamente come deve essere o qualcuno non capisce inglese! https://t.co/22aoDFzNPf,questa recensione e esattamente come deve essere o qualcuno non capisce inglese!,34517,@123481 Segnala l'accaduto nostro Servizio Clienti cliccando qui: https://t.co/iRwLqR6RDW. A presto! ^GA,Wed Nov 01 13:11:36 +0000 2017,123481,AmazonHelp,1,False,other,[],0,zero_match,other,
33262,33261,@AmazonHelp I already dialed your CS team twice and as I am talking I just got the text below: what the hell is wrong with you people! I am waiting https://t.co/TzW6N8vKGH,I already dialed your CS team twice and as I am talking I just got the text below: what the hell is wrong with you people! I am waiting,33263,@123351 Please fill this form: https://t.co/beaaDm0muc and we'll contact you at the earliest. (2/2) ^MO,Wed Nov 01 13:12:16 +0000 2017,123351,AmazonHelp,2,False,other,[],0,zero_match,other,
34521,34521,@115830 will UK pre orders for cod ww2 get pre load codes soon ?,will UK pre orders for cod ww2 get pre load codes soon ?,34519,"@123482 Hello, Tom! We would love to hep! What system are you purchasing the game for? ^JZ",Wed Nov 01 13:14:10 +0000 2017,123482,AmazonHelp,1,False,other,[],0,zero_match,other,
33285,33284,"@AmazonHelp Über meinen PC, Router sowie Pc mehrmals neugestartet.","Über meinen PC, Router sowie Pc mehrmals neugestartet.",33286,@123356 Uns ist da nix bekannt. Versuch mal einen anderen Browser. ^AN,Wed Nov 01 13:14:42 +0000 2017,123356,AmazonHelp,1,False,other,[],0,zero_match,other,
34500,34500,"@AmazonHelp I am getting ""We're sorry but we encountered an error when processing your request. Please try again"" When payi with 2 dif cards","I am getting ""We're sorry but we encountered an error when processing your request. Please try again"" When payi with 2 dif cards",34498,@123477 Oh no! We'd like to help troubleshoot with you. Do you mind telling us which Amazon site you use? (.com/.ca/.co.uk/.de) Thanks! ^NM,Wed Nov 01 13:15:00 +0000 2017,123477,AmazonHelp,1,False,other,[],0,zero_match,other,
33293,33292,"@AmazonHelp Doing that right now. So I'll have to send it back if I want a replacement, right?","Doing that right now. So I'll have to send it back if I want a replacement, right?",33294,"@123357 Yes, you'll have 30 days to get the item back to us. We don't need to receive the return 1st before we ship the replacement. ^KN",Wed Nov 01 13:15:10 +0000 2017,123357,AmazonHelp,1,False,refund_return,['refund_return'],1,single_match,refund_return,refund_return
24479,24478,"@AmazonHelp Still not despatched, can you check what the delay is? This is the second problem I’ve had using prime next day delivery","Still not despatched, can you check what the delay is? This is the second problem I’ve had using prime next day delivery",24480,"@121279 Hi, for security we can't see your order here. What info is visible: https://t.co/BQmcNXViiI ^TS",Wed Nov 01 13:16:09 +0000 2017,121279,AmazonHelp,1,False,delivery_order_status,['delivery_order_status'],1,single_match,delivery_order_status,delivery_order_status
35161,35161,What happened to my order #402-7818801-0665933 it's not moving since 28/10/17 @115850,What happened to my order #402-7818801-0665933 it's not moving since 28/10/17,35160,@123656 we consider them to be personal info. Our page is visible to public. ^SG(3/3),Wed Nov 01 13:17:46 +0000 2017,123656,AmazonHelp,3,False,delivery_order_status,['delivery_order_status'],1,single_match,delivery_order_status,delivery_order_status
34471,34471,@115830 i've noticed recently all my game pre-orders are scheduled to be delivered a day late. Why is this? 🤔,i've noticed recently all my game pre-orders are scheduled to be delivered a day late. Why is this? 🤔,34469,@123471 We aim to meet the date given in your order confirmation e-mail: https://t.co/AV7avSDRdg. Has the delivery been missed? ^KJ,Wed Nov 01 13:22:15 +0000 2017,123471,AmazonHelp,1,False,delivery_order_status,['delivery_order_status'],1,single_match,delivery_order_status,delivery_order_status
29573,29572,@AmazonHelp Horrible response form your team still unable to solve the Issue....can someone call me on +91 9096377143...,Horrible response form your team still unable to solve the Issue....can someone call me on +91 9096377143...,29574,"@122494 Please don't provide your order details, we consider it to be personal information. Our page is visible to public. (2/2) ^RI",Wed Nov 01 13:22:35 +0000 2017,122494,AmazonHelp,2,False,service_complaint,['service_complaint'],1,single_match,service_complaint,service_complaint
34467,34467,@116928 Hace medio año os compre un CPU AMD. Ya no funciona. ¿Qué hago?,Hace medio año os compre un CPU AMD. Ya no funciona. ¿Qué hago?,34466,"@123470 Hola Raul, sentimos el inconveniente. El producto ¿es vendido y gestionado por Amazon o es vendido por un vendedor externo?1/2",Wed Nov 01 13:22:43 +0000 2017,123470,AmazonHelp,2,False,other,[],0,zero_match,other,
35957,35957,"It is so much fun coming home after a day at work, entering the room &amp; simply saying ""Alexa, play some trance music"". @115821 @116935 https://t.co/ikIHSIvd7g","It is so much fun coming home after a day at work, entering the room &amp; simply saying ""Alexa, play some trance music"".",35955,"@123821 Hey Vishal, she can do a lot more than that. Trying saying ""Alexa, beatbox for me"". ^MP",Wed Nov 01 13:23:58 +0000 2017,123821,AmazonHelp,1,False,device_digital_content,['device_digital_content'],1,single_match,device_digital_content,device_digital_content
34521,34520,@AmazonHelp Thanks ! PS4,Thanks ! PS4,34522,@123482 We don't have any information on the digital release times. Please keep an eye on your e-mail for any updates of the code. ^MJ,Wed Nov 01 13:25:20 +0000 2017,123482,AmazonHelp,1,False,other,[],0,zero_match,other,
33285,33287,"@AmazonHelp Habe das Problem jetzt gefunden,es lag daran das mir einer aus der Familie einen Streich gespielt hatte.Derjenige hatte die Seite gesperrt 😅","Habe das Problem jetzt gefunden,es lag daran das mir einer aus der Familie einen Streich gespielt hatte.Derjenige hatte die Seite gesperrt 😅",33288,"@123356 Welche Strafe wurde hierfür verhängt? Nein, im Ernst: Freut mich, dass es wieder klappt. Liebe Grüße ^DW",Wed Nov 01 13:25:49 +0000 2017,123356,AmazonHelp,1,False,other,[],0,zero_match,other,
33205,33203,"@AmazonHelp And you people fool your customers, very shameful.","And you people fool your customers, very shameful.",33206,@122493 to you with an update soon. Request you to wait. 2/2 ^NK,Wed Nov 01 13:26:52 +0000 2017,122493,AmazonHelp,2,False,other,[],0,zero_match,other,
35169,35169,"@115821, are you getting too big for great service? Amazon logistics is failing your company. Fed up with the lousy delivery service lately!",", are you getting too big for great service? Amazon logistics is failing your company. Fed up with the lousy delivery service lately!",35168,"@123658 I'm sorry for any poor delivery experiences you've had. Without account details, can you tell us more about what's happened? ^RA",Wed Nov 01 13:27:18 +0000 2017,123658,AmazonHelp,1,False,delivery_order_status,['delivery_order_status'],1,single_match,delivery_order_status,delivery_order_status
24479,24481,@AmazonHelp All 3 say they are arriving today but none are dispatched yet so I don’t see how they can be https://t.co/gC5LWihN4U,All 3 say they are arriving today but none are dispatched yet so I don’t see how they can be,24482,"@121279 As we're unable to view your account via Twitter,pls contact here:https://t.co/JzP7hlA23B so we can look into this.^KM",Wed Nov 01 13:27:58 +0000 2017,121279,AmazonHelp,1,False,delivery_order_status,['delivery_order_status'],1,single_match,delivery_order_status,delivery_order_status
33293,33295,"@AmazonHelp And I can use the original packaging, even if that's what caused the damage in the first place?","And I can use the original packaging, even if that's what caused the damage in the first place?",33296,@123357 You can definitely use the original packaging for your return! You could also get a return box from the carrier upon return. ^SD,Wed Nov 01 13:28:50 +0000 2017,123357,AmazonHelp,1,False,other,[],0,zero_match,other,
35176,35176,Maybe someone at @115821 can machine learn their way into telling someone at @117093 that bananas and cans don't go in the same bag?,Maybe someone at can machine learn their way into telling someone at that bananas and cans don't go in the same bag?,35174,@123660 So sorry for the poor experience! Please contact us here: https://t.co/hApLpMlfHN so we can look into this for you! ^AD,Wed Nov 01 13:30:25 +0000 2017,123660,AmazonHelp,1,False,other,[],0,zero_match,other,
34471,34470,"@AmazonHelp No, for this particular example the game releases on 3rd November but the delivery date is the 4th. I pre-ordered the game months ago","No, for this particular example the game releases on 3rd November but the delivery date is the 4th. I pre-ordered the game months ago",34472,@123471 Did you select Release Day Delivery at check-out: https://t.co/WULosJ4pBM?,Wed Nov 01 13:31:51 +0000 2017,123471,AmazonHelp,1,False,delivery_order_status,['delivery_order_status'],1,single_match,delivery_order_status,delivery_order_status
34544,34543,@AmazonHelp Meu kindle e mais alguns livros \o/ https://t.co/N7WuKp1AFi,Meu kindle e mais alguns livros \o/,34545,@123486 Felicidade mesmo! 😍 conta para gente qual é seu gênero literário favorito? ^AZ,Wed Nov 01 13:33:18 +0000 2017,123486,AmazonHelp,1,False,device_digital_content,['device_digital_content'],1,single_match,device_digital_content,device_digital_content
35172,35172,"Ordered via @AmazonHelp, notified its been delivered. Get home, not delivered. Request them to investigate, their response.Salt in the wound https://t.co/AmxnePgcpF","Ordered via , notified its been delivered. Get home, not delivered. Request them to investigate, their response.Salt in the wound",35170,@123659 My apologies Andrew. Was any additional information provided? ^DC,Wed Nov 01 13:33:29 +0000 2017,123659,AmazonHelp,1,False,delivery_order_status,['delivery_order_status'],1,single_match,delivery_order_status,delivery_order_status
35144,35144,@119625 please release Grand Tour on the same date as the global release. Waiting for it here!,please release Grand Tour on the same date as the global release. Waiting for it here!,35143,@123652 We don't have any announcement regarding it. Request you to please stay tuned to our website for updates. ^AM,Wed Nov 01 13:36:13 +0000 2017,123652,AmazonHelp,1,False,other,[],0,zero_match,other,
35156,35156,First attempt at ordering an @115821 package to an Amazon Pickup Point and they are 3 days late on delivery. Why bother paying for prime?,First attempt at ordering an package to an Amazon Pickup Point and they are 3 days late on delivery. Why bother paying for prime?,35154,"@123655 Hi, sorry to hear there's been a delay. What's your parcel status: https://t.co/PCtircFm5C ^TS",Wed Nov 01 13:37:56 +0000 2017,123655,AmazonHelp,1,False,delivery_order_status,['delivery_order_status'],1,single_match,delivery_order_status,delivery_order_status
33262,33265,@AmazonHelp This is not going to help! I understand how you people work. Your delivery team don’t deliver and they say that customer not available! Lier https://t.co/gXQwLEuJJG,This is not going to help! I understand how you people work. Your delivery team don’t deliver and they say that customer not available! Lier,33266,@123351 Please share the required details on the link provided earlier and we'll check this for you. ^YP,Wed Nov 01 13:38:30 +0000 2017,123351,AmazonHelp,1,False,delivery_order_status,['delivery_order_status'],1,single_match,delivery_order_status,delivery_order_status
35156,35155,@AmazonHelp Supposed to arrive Nov 2nd or 3rd now and I need the package no later than tomorrow night,Supposed to arrive Nov 2nd or 3rd now and I need the package no later than tomorrow night,35157,@123655 What was the original delivery date given in your order confirmation e-mail? ^MH,Wed Nov 01 13:43:20 +0000 2017,123655,AmazonHelp,1,False,delivery_order_status,['delivery_order_status'],1,single_match,delivery_order_status,delivery_order_status
34503,34505,@AmazonHelp Com certeza e é quase impossível eu não entrar hahah 💙,Com certeza e é quase impossível eu não entrar hahah 💙,34506,@123478 As pessoas costumam te perguntar quantos livros você já leu? 🙊 ^VL,Wed Nov 01 13:47:57 +0000 2017,123478,AmazonHelp,1,False,other,[],0,zero_match,other,
35949,35949,"Twin Peaks the Final Dossier was expected to arrive yesterday, the day it was released. Yay, preorder! Except @115821 hasn’t shipped it yet.","Twin Peaks the Final Dossier was expected to arrive yesterday, the day it was released. Yay, preorder! Except hasn’t shipped it yet.",35947,"@123819 Hi Pam, have we missed the date given in your order confirmation email? What info is visible here: https://t.co/PCtircFm5C ^TS",Wed Nov 01 13:48:18 +0000 2017,123819,AmazonHelp,1,False,delivery_order_status,['delivery_order_status'],1,single_match,delivery_order_status,delivery_order_status
35929,35929,"@117086 Bom dia, gostaria de saber se o livro da @2200 a vida sem filtro vai está à venda em Portugal?!","Bom dia, gostaria de saber se o livro da a vida sem filtro vai está à venda em Portugal?!",35927,"@123815 Olá, no momento não temos esta informação, mas fique de olho no site e midias socias para mais novidades. ❤ ^DA",Wed Nov 01 13:49:24 +0000 2017,123815,AmazonHelp,1,False,other,[],0,zero_match,other,
35926,35903,@AmazonHelp Already did.. Even to your escalation team.. The courier number they gave was even incorrect.. This was present for today's bday.. Ruined...,Already did.. Even to your escalation team.. The courier number they gave was even incorrect.. This was present for today's bday.. Ruined...,35901,"@123814 Certainly unintended, Bunty. Please share your details here: https://t.co/GIJyeYqKE0 and we'll check this out. ^MS",Wed Nov 01 13:49:31 +0000 2017,123814,AmazonHelp,1,False,delivery_order_status,['delivery_order_status'],1,single_match,delivery_order_status,delivery_order_status
36582,36575,@AmazonHelp @115850 Pathetic service level of amazon,Pathetic service level of amazon,36574,@123971 provided earlier? 2/2 ^KH,Wed Nov 01 13:50:25 +0000 2017,123971,AmazonHelp,2,False,service_complaint,['service_complaint'],1,single_match,service_complaint,service_complaint
35936,35936,@115821 how come the order I made today using amazon prime guarantee next day delivery says guaranteed delivery Nov 6? https://t.co/NZPhnTDEEW,how come the order I made today using amazon prime guarantee next day delivery says guaranteed delivery Nov 6?,35934,"@123816 Hi, sorry to see that. When is the order due to be dispatched: https://t.co/PyACxvY8Qo? ^JJ",Wed Nov 01 13:50:41 +0000 2017,123816,AmazonHelp,1,False,delivery_order_status,['delivery_order_status'],1,single_match,delivery_order_status,delivery_order_status
36565,36565,"@123967, @AmazonHelp: I tweeted both of your help pages but didn’t get a response. I want answers as to why my Fresh was abruptly canceled in my area. Amazon says they wouldn’t choose to stop so that leaves usps. Email says change in delivery route. ????? Doesn’t make sense.",", : I tweeted both of your help pages but didn’t get a response. I want answers as to why my Fresh was abruptly canceled in my area. Amazon says they wouldn’t choose to stop so that leaves usps. Email says change in delivery route. ????? Doesn’t make sense.",36564,"@123966 I'm sorry for this! Just to clarify, have you spoken with us via phone, so we may look into this? https://t.co/hApLpMlfHN ^AL",Wed Nov 01 13:53:22 +0000 2017,123966,AmazonHelp,1,False,delivery_order_status,['delivery_order_status'],1,single_match,delivery_order_status,delivery_order_status
36567,36567,@AmazonHelp Hi I’ve had a parcel go missing I’ve already informed Royal Mail but they said I have to let you know that’s it’s gone missing is order number 204-0980251-0540346                  do I have to do anything your end or nah??,Hi I’ve had a parcel go missing I’ve already informed Royal Mail but they said I have to let you know that’s it’s gone missing is order number 204-0980251-0540346 do I have to do anything your end or nah??,36566,@123968 Sorry to hear this! We'd like to look into some options with you.  Please reach out to us here: https://t.co/JzP7hlA23B ^TH,Wed Nov 01 13:53:34 +0000 2017,123968,AmazonHelp,1,False,delivery_order_status,['delivery_order_status'],1,single_match,delivery_order_status,delivery_order_status
35845,35845,Wow @115830 who do you use for delivery people.  Are they trained to lie?  I have been home all day.  This is shit.,Wow who do you use for delivery people. Are they trained to lie? I have been home all day. This is shit.,35843,@123811 What carrier is your order with? ^KM,Wed Nov 01 13:55:56 +0000 2017,123811,AmazonHelp,1,False,delivery_order_status,['delivery_order_status'],1,single_match,delivery_order_status,delivery_order_status
36569,36569,got an @115821 notification that my package couldn’t reach my front door/turns out they were just lazy and never came to my house bc my gate guard said no one tried to get through so i really can’t trust anyone and delivery men are lazy @AmazonHelp i’m a freaking prime member,got an notification that my package couldn’t reach my front door/turns out they were just lazy and never came to my house bc my gate guard said no one tried to get through so i really can’t trust anyone and delivery men are lazy i’m a freaking prime member,36568,@123969 Sorry to hear this Caleigh!Pleasee get in touch here: https://t.co/hApLpMlfHN and we'll look into this for you. ^RL,Wed Nov 01 13:58:42 +0000 2017,123969,AmazonHelp,1,False,delivery_order_status,['delivery_order_status'],1,single_match,delivery_order_status,delivery_order_status
36497,36497,@117634 Kindle Unlimited website and android app down?? Any ETA on fix?,Kindle Unlimited website and android app down?? Any ETA on fix?,36494,"@123961 Hi, sorry, can you tell us a bit more about the issue you're facing? ^JJ",Wed Nov 01 14:00:33 +0000 2017,123961,AmazonHelp,1,False,device_digital_content,['device_digital_content'],1,single_match,device_digital_content,device_digital_content
35926,35902,@AmazonHelp Replied... With details.. Lets see if you can help from birthday party being ruined,Replied... With details.. Lets see if you can help from birthday party being ruined,35904,@123814 Thanks for confirming. We'll check this and get back with an update shortly. ^YP,Wed Nov 01 14:00:43 +0000 2017,123814,AmazonHelp,1,False,other,[],0,zero_match,other,
22569,22563,@AmazonHelp  https://t.co/HWXuUYZUsi,,22564,@120930 We'd like to take another look into this with you. Please reach out via phone/chat here: https://t.co/hApLpMlfHN ^TK,Wed Nov 01 14:02:34 +0000 2017,120930,AmazonHelp,1,True,other,[],0,zero_match,other,
36483,36483,"Amazon didn't even ship my in stock tools, until 11 days after I ordered. 9 days after it was promised to arrive. Wtf @AmazonHelp?","Amazon didn't even ship my in stock tools, until 11 days after I ordered. 9 days after it was promised to arrive. Wtf ?",36480,@123957 I'm sorry we missed our mark. Did you receive an e-mail about a delay? Have you called to report this? ^CO,Wed Nov 01 14:04:14 +0000 2017,123957,AmazonHelp,1,False,delivery_order_status,['delivery_order_status'],1,single_match,delivery_order_status,delivery_order_status
36483,36481,@AmazonHelp not available at my nearby distro center.. Says it comes today. Kinda horrible delivery times.,not available at my nearby distro center.. Says it comes today. Kinda horrible delivery times.,36484,"@123957 I know how frustrating this is. We ask that you allow until 8pm today to deliver. If the item's not received, let us know! ^AL",Wed Nov 01 14:15:00 +0000 2017,123957,AmazonHelp,1,False,delivery_order_status,['delivery_order_status'],1,single_match,delivery_order_status,delivery_order_status
37581,37581,@AmazonHelp nice to see a parcel turn up after 2 non attempts at delivery with a giant hole in the box. #caredforbox,nice to see a parcel turn up after 2 non attempts at delivery with a giant hole in the box. #caredforbox,37579,@124158 I'm sorry your parcel arrived in this condition! Were any of the contents inside damaged? Please let us know! ^KJ,Wed Nov 01 14:16:04 +0000 2017,124158,AmazonHelp,1,False,delivery_order_status,['delivery_order_status'],1,single_match,delivery_order_status,delivery_order_status
37625,37625,"Help @AmazonHelp! My Amazon Prime biz acct was hacked. Someone reset email address, and I can't sign in to report it.","Help ! My Amazon Prime biz acct was hacked. Someone reset email address, and I can't sign in to report it.",37624,"@124166 Oh no! So sorry for the frustration, Jennifer! You can contact us, without signing in, here: https://t.co/jzvkhdlrK5 ^AD",Wed Nov 01 14:18:58 +0000 2017,124166,AmazonHelp,1,False,account_access,['account_access'],1,single_match,account_access,account_access
38176,38176,"@AmazonHelp someone has used my email address for their amazon account, what do I do?","someone has used my email address for their amazon account, what do I do?",38174,@124294 Sorry for the trouble! Please reach out through the link and provide as much detail as possible: https://t.co/zYVX1Qi29G ^TG,Wed Nov 01 14:21:24 +0000 2017,124294,AmazonHelp,1,False,other,[],0,zero_match,other,
37616,37616,@AmazonHelp I was signed up to Prime and it wasn’t me who did it. Did someone hack my account?,I was signed up to Prime and it wasn’t me who did it. Did someone hack my account?,37615,@124164 We'd like to take a better look into this with you. Please reach us via phone/chat here: https://t.co/JzP7hlA23B ^KP,Wed Nov 01 14:21:28 +0000 2017,124164,AmazonHelp,1,False,account_access,['account_access'],1,single_match,account_access,account_access
37581,37577,@AmazonHelp ... Leaves a rather sour taste in the mouth of a customer who pays for prime delivery. Not even like my house is hard to find... Unimpressed,... Leaves a rather sour taste in the mouth of a customer who pays for prime delivery. Not even like my house is hard to find... Unimpressed,37575,"@124158 I can understand why this is frustrating, Jonathan! Have you been able to contact us by phone &amp; express your concerns with us?^FR",Wed Nov 01 14:21:56 +0000 2017,124158,AmazonHelp,1,False,delivery_order_status,['delivery_order_status'],1,single_match,delivery_order_status,delivery_order_status
38165,38165,"@AmazonHelp just so you know, your text alerts that a package has been delivered arrive now a day after the delivery. Weird.","just so you know, your text alerts that a package has been delivered arrive now a day after the delivery. Weird.",38162,@124290 I'm sorry for the trouble. Are you noticing any trends when this occurs? Does this occur with a specific carrier? ^CO,Wed Nov 01 14:24:10 +0000 2017,124290,AmazonHelp,1,False,delivery_order_status,['delivery_order_status'],1,single_match,delivery_order_status,delivery_order_status
32332,32327,"@AmazonHelp To me as a customer, I felt that was a unacceptable answer. I can understand if there are shortages and whatnot but nobody's saying anything","To me as a customer, I felt that was a unacceptable answer. I can understand if there are shortages and whatnot but nobody's saying anything",32329,@123161 We're unable to provide any additional insight. Once we have a delivery date we'll notify you via e-mail. ^KP,Wed Nov 01 14:24:47 +0000 2017,123161,AmazonHelp,1,False,service_complaint,['service_complaint'],1,single_match,service_complaint,service_complaint
38143,38143,"@AmazonHelp Bonjour, pas de nouvelles de ma commande censé arriver hier 402-7454769-1903530.. pouvez vous m'aider ?'","Bonjour, pas de nouvelles de ma commande censé arriver hier 402-7454769-1903530.. pouvez vous m'aider ?'",38142,"@124282 Bonjour, désolée d'apprendre cela :/ que dit le suivi de votre colis s'il vous plaît ? ^SN",Wed Nov 01 14:26:21 +0000 2017,124282,AmazonHelp,1,False,delivery_order_status,['delivery_order_status'],1,single_match,delivery_order_status,delivery_order_status
37594,37587,@AmazonHelp Think you guys charged me twice for something im not aware of,Think you guys charged me twice for something im not aware of,37589,@124160 I'm sorry for the trouble! Was one of the items an authorisation? You can read more here: https://t.co/lS5ivdj7rw ^TG,Wed Nov 01 14:27:26 +0000 2017,124160,AmazonHelp,1,False,payment_billing,['payment_billing'],1,single_match,payment_billing,payment_billing
38185,38185,"@117086 após 30 min no telefone com o atendente, não resolveu nada! #indignação","após 30 min no telefone com o atendente, não resolveu nada! #indignação",38177,"@124295 Olá Bruno, sinto muito. O que aconteceu? ^LG",Wed Nov 01 14:27:56 +0000 2017,124295,AmazonHelp,1,False,other,[],0,zero_match,other,
38846,38846,"Hey @119625, subtitles for Rizzoli and Isles are all messed up. You should definitely fix that.","Hey , subtitles for Rizzoli and Isles are all messed up. You should definitely fix that.",38845,@124476 Thank you for flagging this. Click here: https://t.co/GIJyeYqKE0 and do the needful so we can find a fix. ^MP,Wed Nov 01 14:27:59 +0000 2017,124476,AmazonHelp,1,False,other,[],0,zero_match,other,
38197,38197,@115821 where my order at  Order number 112-3457637-0652212 https://t.co/hLZtaUwrDn,where my order at Order number 112-3457637-0652212,38196,@124296 Thanks for reaching out! What's the current delivery date and order status shown here: https://t.co/Y5jpI9gRhE? ^RA,Wed Nov 01 14:28:11 +0000 2017,124296,AmazonHelp,1,False,delivery_order_status,['delivery_order_status'],1,single_match,delivery_order_status,delivery_order_status
38168,38168,@120540 Avrei bisogno di un aiuto,Avrei bisogno di un aiuto,38167,@124291 Ti abbiamo risposto in privato! A presto! ^GA,Wed Nov 01 14:29:11 +0000 2017,124291,AmazonHelp,1,False,other,[],0,zero_match,other,
37581,37576,"@AmazonHelp I have expressed my concerns on the phone the last time the delivery wasn't even attempted, but this time I haven't yet had the chance.","I have expressed my concerns on the phone the last time the delivery wasn't even attempted, but this time I haven't yet had the chance.",37578,"@124158 When you have a moment, pls reach out via phone so we can address this feedback: https://t.co/JzP7hlA23B Keep us posted! ^KN",Wed Nov 01 14:29:57 +0000 2017,124158,AmazonHelp,1,False,delivery_order_status,['delivery_order_status'],1,single_match,delivery_order_status,delivery_order_status
29516,29515,"@AmazonHelp Then try using the app, select language as English, IVR would state the unnecessary status info about the last the order, no further options","Then try using the app, select language as English, IVR would state the unnecessary status info about the last the order, no further options",29519,"@122486 Sorry to learn that, please contact us here: https://t.co/rS49hgaADF so that we can assist you accordingly. ^SU",Wed Nov 01 14:32:35 +0000 2017,122486,AmazonHelp,1,False,delivery_order_status,['delivery_order_status'],1,single_match,delivery_order_status,delivery_order_status
38100,38100,@115850 https://t.co/rtbg4QomSM,,38099,@124275 I'm sorry about the situation. Kindly share your details here: https://t.co/GIJyeYqKE0 and I'll look into this. ^SG,Wed Nov 01 14:33:13 +0000 2017,124275,AmazonHelp,1,True,other,[],0,zero_match,other,
38096,38096,Full day since@NursingTimes stole £80.15 from my bank via @115821. No reply from customer services,Full day since stole £80.15 from my bank via . No reply from customer services,38094,@124274 I'm sorry for any trouble! Have you been in touch with us regarding this issue? What about the seller? Did they give a reason? ^MT,Wed Nov 01 14:34:49 +0000 2017,124274,AmazonHelp,1,False,service_complaint,['service_complaint'],1,single_match,service_complaint,service_complaint
28958,28962,@AmazonHelp Sir tats should be updated in page pls make sure to update all winners regularly tat way it seems u can get trust more,Sir tats should be updated in page pls make sure to update all winners regularly tat way it seems u can get trust more,28963,"@122371 Thank you for your feedback, Kaushik. I will have it forwarded to the concerned team internally. ^KS",Wed Nov 01 14:35:37 +0000 2017,122371,AmazonHelp,1,False,other,[],0,zero_match,other,
38852,38852,@115850 order returned due to damage product.. on investigation got to know seller refused to receive from blue dart,order returned due to damage product.. on investigation got to know seller refused to receive from blue dart,38850,"@124478 My apologies, Lokesh. Please fill in your details here: https://t.co/Ref6emitUG and we will get back to you soon. ^KS",Wed Nov 01 14:36:15 +0000 2017,124478,AmazonHelp,1,False,seller_marketplace,['seller_marketplace'],1,single_match,seller_marketplace,seller_marketplace
37594,37590,@AmazonHelp Yes but there are 2 different charges one is acceptable,Yes but there are 2 different charges one is acceptable,37591,"@124160 We'd be more than happy to research this w/ you! When you have a free moment, reach us via phone: https://t.co/hApLpMlfHN ^KN",Wed Nov 01 14:38:36 +0000 2017,124160,AmazonHelp,1,False,payment_billing,['payment_billing'],1,single_match,payment_billing,payment_billing
38148,38147,@AmazonHelp Was soll ich denn da auswählen? Es gibt keinen Menüpunkt für Beschwerden!,Was soll ich denn da auswählen? Es gibt keinen Menüpunkt für Beschwerden!,38149,"@124284 Du kannst die Kollegen gerne über ""Meine Bestellung"" -&gt; ""Andere Frage zur Bestellung"" -&gt; ""Sonstige Fragen"" informieren. ^SI",Wed Nov 01 14:39:54 +0000 2017,124284,AmazonHelp,1,False,other,[],0,zero_match,other,
38811,38811,"@115851 @115850  Amazon India can be rated as ""0"" for its service! Taking 60 days for a refund.","Amazon India can be rated as ""0"" for its service! Taking 60 days for a refund.",38809,"@122363 I understand that this has not been a pleasant experience, Ramaseshan. Please reply to the email sent for more information. ^KS",Wed Nov 01 14:40:47 +0000 2017,122363,AmazonHelp,1,False,refund_return,['refund_return'],1,single_match,refund_return,refund_return
38200,38199,"@AmazonHelp I sent in the link and in 1""2-24 hours"" I expect to hear from @115821. I hope the scum that hacked my account isn't on a shopping spree!","I sent in the link and in 1""2-24 hours"" I expect to hear from . I hope the scum that hacked my account isn't on a shopping spree!",38201,"@124166 I'm glad you were able to get this process started, Jennifer! Our specialists will be in contact with you soon! ^FR",Wed Nov 01 14:41:28 +0000 2017,124166,AmazonHelp,1,False,account_access,['account_access'],1,single_match,account_access,account_access
38838,38838,"3rd @117093 order, 3rd delay email. Perhaps y'all aren't ready for this zip code yet? Trying free month, def not going to pay for this.","3rd order, 3rd delay email. Perhaps y'all aren't ready for this zip code yet? Trying free month, def not going to pay for this.",38836,@124473 Terribly sorry for those delays! Were any specific reason given in those e-mails? Carrier delay etc? ^JZ,Wed Nov 01 14:43:50 +0000 2017,124473,AmazonHelp,1,False,delivery_order_status,['delivery_order_status'],1,single_match,delivery_order_status,delivery_order_status
38804,38804,"@115821 @117634 @2352 Hi, claimed 2 books, but they aren't showing up on my Kindle. The last 2 I claimed did. Please help!","Hi, claimed 2 books, but they aren't showing up on my Kindle. The last 2 I claimed did. Please help!",38802,@124467 Hi there! We'd love to help out in any way we can! Are you able to locate the books here: https://t.co/6QNgPiW20K? ^WJ,Wed Nov 01 14:44:48 +0000 2017,124467,AmazonHelp,1,False,device_digital_content,['device_digital_content'],1,single_match,device_digital_content,device_digital_content
40429,40429,"@AmazonHelp
ordered a product with delivery address j&amp;k....but ATS is trying to deliver it to Assam....track id-79244084290",ordered a product with delivery address j&amp;k....but ATS is trying to deliver it to Assam....track id-79244084290,40428,"@124860 Please don't provide your order details, we consider it personal information. Our Twitter page is visible to public. ^VN(2/2)",Wed Nov 01 14:48:06 +0000 2017,124860,AmazonHelp,2,False,delivery_order_status,['delivery_order_status'],1,single_match,delivery_order_status,delivery_order_status
39592,39592,"Argh, Hey Amazon! WHERE IS MY PACKAGE? Arriving between Nov 1&amp;3 doesn't mean shop Nov. 2 and maybe you'll get it the next day. WTF?","Argh, Hey Amazon! WHERE IS MY PACKAGE? Arriving between Nov 1&amp;3 doesn't mean shop Nov. 2 and maybe you'll get it the next day. WTF?",39591,"@124655 If your order doesn't arrive on the 3rd by 8:00, please contact us for options: https://t.co/EKXRLsnxJu ^AF",Wed Nov 01 14:53:08 +0000 2017,124655,AmazonHelp,1,False,delivery_order_status,['delivery_order_status'],1,single_match,delivery_order_status,delivery_order_status
38096,38095,@AmazonHelp They have not replied,They have not replied,38097,"@124274 If the seller doesn't respond within 2 business days, please see: https://t.co/648Qzw3XiR ^WJ",Wed Nov 01 14:55:49 +0000 2017,124274,AmazonHelp,1,False,other,[],0,zero_match,other,
39568,39568,@AmazonHelp Hilfe? Warum läuft mein FireStick über den UK Store? 😅 https://t.co/pCXttx1VNp,Hilfe? Warum läuft mein FireStick über den UK Store? 😅,39567,"@120916 Hi, welcher Standort ist bei dir eingestellt? (https://t.co/Fu09cxTWPk -&gt; Einstellungen -&gt; Ländereinstellungen)? Gruß ^MI",Wed Nov 01 14:56:28 +0000 2017,120916,AmazonHelp,1,False,device_digital_content,['device_digital_content'],1,single_match,device_digital_content,device_digital_content
38804,38803,"@AmazonHelp Thanks! Yep, I checked there, and the books I checked out through OverDrive are not listed there (even though the last two I did are).","Thanks! Yep, I checked there, and the books I checked out through OverDrive are not listed there (even though the last two I did are).",38805,@124467 I'd recommend walking through these steps: https://t.co/6JszbxM6ST ^AF,Wed Nov 01 14:56:36 +0000 2017,124467,AmazonHelp,1,False,other,[],0,zero_match,other,
38800,38799,@AmazonHelp No reply to my last tweet. Thank you for replying now tho :) https://t.co/fYVeqY9Quq,No reply to my last tweet. Thank you for replying now tho :),38801,"@124466 We don't have that information, but we’re working hard on an app for AppleTV, and expect it to launch later this year! ^FR",Wed Nov 01 14:58:46 +0000 2017,124466,AmazonHelp,1,False,service_complaint,['service_complaint'],1,single_match,service_complaint,service_complaint
39565,39565,@AmazonHelp hi! How do I check how much amazing pantry credit I have my my account? Thanks!,hi! How do I check how much amazing pantry credit I have my my account? Thanks!,39563,@124649 Hello Joyce! Hope your're having an awesome day! You can check that balance here: https://t.co/C8mcliR5uv ^JZ,Wed Nov 01 14:58:56 +0000 2017,124649,AmazonHelp,1,False,other,[],0,zero_match,other,
40410,40410,@AmazonHelp Hi I’ve had a suspicious looking email claiming to be from Amazon confirming prime which I haven’t bought. Can I dm screenshot?,Hi I’ve had a suspicious looking email claiming to be from Amazon confirming prime which I haven’t bought. Can I dm screenshot?,40409,@124859 Thanks for posting. Here's a link to our page that will help you identify and report fake emails. https://t.co/ReZKSclnRY ^EM,Wed Nov 01 15:00:33 +0000 2017,124859,AmazonHelp,1,False,other,[],0,zero_match,other,
39574,39572,"Foram maravilhosos comigo, me deram reembolso em vale presente e vou conseguir comprar de novo com o mesmo preço da promoção 💕 @117086 ❤","Foram maravilhosos comigo, me deram reembolso em vale presente e vou conseguir comprar de novo com o mesmo preço da promoção 💕 ❤",39571,"@124651 Olá Júlia, coisa boa! ❤ Depois nós conta o que achou do seu Kindle! ^DA",Wed Nov 01 15:00:50 +0000 2017,124651,AmazonHelp,1,False,other,[],0,zero_match,other,
38185,38192,@AmazonHelp Encaminhado!,Encaminhado!,38193,"@124295 Agradecemos a informação, Bruno. Vamos conferir o caso. ^LG",Wed Nov 01 15:01:18 +0000 2017,124295,AmazonHelp,1,False,other,[],0,zero_match,other,
39570,39570,Quanto amor pelo #Kindle da @117086  como fiquei tanto tempo sem um?,Quanto amor pelo #Kindle da como fiquei tanto tempo sem um?,39569,"@124650 O kindle é maravilhoso, você não vai se arrepender! 💞😊 ^VL",Wed Nov 01 15:02:22 +0000 2017,124650,AmazonHelp,1,False,device_digital_content,['device_digital_content'],1,single_match,device_digital_content,device_digital_content
41511,41509,@115821 Thanks for your amazing shipping times @115821 but I put some thought into this! 😂I'll have to see if Papa Kira (Papa Grinsha) can get it.,Thanks for your amazing shipping times but I put some thought into this! 😂I'll have to see if Papa Kira (Papa Grinsha) can get it.,41508,@125124 We'd like to help. Who's the carrier: https://t.co/Y5jpI9gRhE? Have you called them for options: https://t.co/XElP6cXQrb? ^CO,Wed Nov 01 15:06:50 +0000 2017,125124,AmazonHelp,1,False,delivery_order_status,['delivery_order_status'],1,single_match,delivery_order_status,delivery_order_status
36497,36500,"@AmazonHelp I did but while waiting for response can someone Please look into this. Tried calling kindergarten support and barely understood the CSR, which was extremely frustrating.","I did but while waiting for response can someone Please look into this. Tried calling kindergarten support and barely understood the CSR, which was extremely frustrating.",36501,@123961 We aren't able to see accounts w/ Twitter so thank you for e-mailing us! Please keep us posted on the results of your e-mail. ^DD,Wed Nov 01 15:07:51 +0000 2017,123961,AmazonHelp,1,False,other,[],0,zero_match,other,
40389,40389,".@115821 STILL hasn’t shipped pre-ordered The Final Dossier, so filling the gap with some pre-Return #TwinPeaks crit. theory from @79409. https://t.co/hzVoUztm7V",". STILL hasn’t shipped pre-ordered The Final Dossier, so filling the gap with some pre-Return #TwinPeaks crit. theory from .",40387,"@124854 I'm sorry for the wait! According to the order, what is the delivery date: https://t.co/Y5jpI9gRhE ? ^DD",Wed Nov 01 15:14:00 +0000 2017,124854,AmazonHelp,1,False,delivery_order_status,['delivery_order_status'],1,single_match,delivery_order_status,delivery_order_status
40386,40386,@AmazonHelp Recently had a number of orders that haven't been left in safe place despite this being requested. Why not? 1/2,Recently had a number of orders that haven't been left in safe place despite this being requested. Why not? 1/2,40385,@124853 We'd like to go over available options with you and submit feedback. Please contact us by phone or chat https://t.co/JzP7hlA23B ^MG,Wed Nov 01 15:14:14 +0000 2017,124853,AmazonHelp,1,False,delivery_order_status,['delivery_order_status'],1,single_match,delivery_order_status,delivery_order_status
30550,30549,@AmazonHelp Many sellers are affected by this!  We can't get our money disbursed from Amazon seller accounts.  It's been going on for a week !,Many sellers are affected by this! We can't get our money disbursed from Amazon seller accounts. It's been going on for a week !,30551,@122722 Seller Support is in the best position to help you: https://t.co/8ywYGA122j What options have they provided so far? ^AF,Wed Nov 01 15:19:31 +0000 2017,122722,AmazonHelp,1,False,seller_marketplace,['seller_marketplace'],1,single_match,seller_marketplace,seller_marketplace
39555,39554,@AmazonHelp Does sharing only work on the website? Seems unlike Dropbox you can't share a file through the mac finder by right clicking on it. 🤔,Does sharing only work on the website? Seems unlike Dropbox you can't share a file through the mac finder by right clicking on it. 🤔,39556,"@124646 Sharing is only possible via the menu icon. If this doesn't work, please inform my colleagues: https://t.co/ohyvGrpvrY ^SI",Wed Nov 01 15:21:00 +0000 2017,124646,AmazonHelp,1,False,other,[],0,zero_match,other,
40368,40368,A @117086 sempre se superando,A sempre se superando,40367,"@124850 Oi Ju, como podemos te ajudar hoje? ^VL",Wed Nov 01 15:21:34 +0000 2017,124850,AmazonHelp,1,False,other,[],0,zero_match,other,
40377,40377,"@AmazonHelp really ticked, order wont ship. 200$ worth of stuff not being shipped. Can you please help me?","really ticked, order wont ship. 200$ worth of stuff not being shipped. Can you please help me?",40375,@124852 I'm sorry your order hasn't shipped as expected! Is the item being shipped by Amazon or a third party seller? ^AH,Wed Nov 01 15:22:23 +0000 2017,124852,AmazonHelp,1,False,delivery_order_status,['delivery_order_status'],1,single_match,delivery_order_status,delivery_order_status
40372,40370,"@116316 Ist ja nicht so, als würde es öfter vorkommen 😠 diesmal schön im Regen und Paket nicht unbeschädigt zu entnehmen! @AmazonHelp wieder #pinAG https://t.co/15qrpoRTA8","Ist ja nicht so, als würde es öfter vorkommen 😠 diesmal schön im Regen und Paket nicht unbeschädigt zu entnehmen! wieder #pinAG",40369,"@124851 Ohje ☹️ Bitte informiere unseren Kundenservice nochmals darüber, damit wir das prüfen können: https://t.co/zaP5U8s49q Gruß ^MH",Wed Nov 01 15:22:53 +0000 2017,124851,AmazonHelp,1,False,other,[],0,zero_match,other,
40368,40366,@AmazonHelp Vocês já me ajudaram e muito ❤️,Vocês já me ajudaram e muito ❤️,40365,@124850 A gente fica felizão ao saber disso. Conte com a gente sempre 💞😊 ^VL,Wed Nov 01 15:24:23 +0000 2017,124850,AmazonHelp,1,False,other,[],0,zero_match,other,
40389,40388,"@AmazonHelp oh! nov 8 or 9, but it was released yesterday and hasnt shipped","oh! nov 8 or 9, but it was released yesterday and hasnt shipped",40390,@124854 I know the wait is terrible! Please let us know if you don't get the order by the delivery date given! ^JZ,Wed Nov 01 15:29:14 +0000 2017,124854,AmazonHelp,1,False,delivery_order_status,['delivery_order_status'],1,single_match,delivery_order_status,delivery_order_status
42479,42472,I really got scammed on @115821,I really got scammed on,42470,@125385 I'm sorry for the mix-up! We have a return process that will provide your available options here: https://t.co/DDuMWyf8ro ^AD,Wed Nov 01 15:29:49 +0000 2017,125385,AmazonHelp,1,False,other,[],0,zero_match,other,
42584,42584,Lolz @115850 @115821 this is such a wonderful discount. How did y'all ever ass your college years? @115851 https://t.co/OlcFnY0zgC,Lolz this is such a wonderful discount. How did y'all ever ass your college years?,42583,"@125408 Thanks for flagging, Neil. I will forward this to the concerned team internally and get this reviewed. ^NK",Wed Nov 01 15:36:41 +0000 2017,125408,AmazonHelp,1,False,other,[],0,zero_match,other,
42562,42562,"Ordering from @115821 - When it works it works great. When there is a problem (""prime"" delivery not delivered after 6 days) they fall apart.","Ordering from - When it works it works great. When there is a problem (""prime"" delivery not delivered after 6 days) they fall apart.",42559,"@125403 I'm sorry you don't have your order. Did we ask you to wait longer for it? If you need an update, call: https://t.co/JzP7hlA23B ^MG",Wed Nov 01 15:37:03 +0000 2017,125403,AmazonHelp,1,False,delivery_order_status,['delivery_order_status'],1,single_match,delivery_order_status,delivery_order_status
42538,42538,@115850 what about refund for order returned? Kindly initiate asap,what about refund for order returned? Kindly initiate asap,42536,@125400 Our support team would be happy to help you out! Please contact us from here: https://t.co/vlvfJr4nN9. ^MP,Wed Nov 01 15:37:32 +0000 2017,125400,AmazonHelp,1,False,refund_return,['refund_return'],1,single_match,refund_return,refund_return
41511,41507,"@AmazonHelp This is the first time I've had this problem, so I haven't called them yet. Thank you for the information! I will give a call later today!","This is the first time I've had this problem, so I haven't called them yet. Thank you for the information! I will give a call later today!",41506,@125124 Keep us in the loop! We want to make sure this have been taken care of for you! ^FR,Wed Nov 01 15:38:17 +0000 2017,125124,AmazonHelp,1,False,other,[],0,zero_match,other,
42566,42565,@117634 FIX it!. I can't get back to the library  in mine anymore,FIX it!. I can't get back to the library in mine anymore,42564,"@125404 I'm sorry about the troubles with our app, Antonia! Can you tell me what happens when you try to access your books? ^FR",Wed Nov 01 15:39:44 +0000 2017,125404,AmazonHelp,1,False,other,[],0,zero_match,other,
42587,42587,@115821 I normally love you but the last 3 packages have been late! Which in small business terms means “I’m losing money!” WTF bro?!,I normally love you but the last 3 packages have been late! Which in small business terms means “I’m losing money!” WTF bro?!,42585,@125409 I'm sorry your orders have been arriving late! Do you see this happening with a specific carrier: https://t.co/Y5jpI9gRhE? ^VS,Wed Nov 01 15:41:29 +0000 2017,125409,AmazonHelp,1,False,delivery_order_status,['delivery_order_status'],1,single_match,delivery_order_status,delivery_order_status
42535,42535,@115830 how can I change the shipping address on a pre order? Won’t let me edit it,how can I change the shipping address on a pre order? Won’t let me edit it,42534,"@125399 We'd like to take a look into why it won't let you change it and go over options, reach us via: https://t.co/JzP7hlA23B ^MG",Wed Nov 01 15:42:22 +0000 2017,125399,AmazonHelp,1,False,delivery_order_status,['delivery_order_status'],1,single_match,delivery_order_status,delivery_order_status
42573,42573,"Trying to cancel an order on @115821 but the website and app page come up blank when I hit ""cancel order"" @AmazonHelp","Trying to cancel an order on but the website and app page come up blank when I hit ""cancel order""",42572,"@125405 Oh no! We can help you with this, Annie! Just give us a quick call or chat here so we can assist: https://t.co/hApLpMlfHN ^JD",Wed Nov 01 15:43:15 +0000 2017,125405,AmazonHelp,1,False,other,[],0,zero_match,other,
42490,42490,@115830 Keep getting an error message when sending to different delivery addresses in one order? Prime member?,Keep getting an error message when sending to different delivery addresses in one order? Prime member?,42489,"@125388 I'm sorry for the trouble, Dan! Can you tell us the exact error message you are receiving? We want to help! ^SD",Wed Nov 01 15:44:04 +0000 2017,125388,AmazonHelp,1,False,delivery_order_status,['delivery_order_status'],1,single_match,delivery_order_status,delivery_order_status
42576,42576,"@115850 when you say cash on delivery is it home delivery or 'come-and-take-your-product' delivery 😏
Not happy with your service.",when you say cash on delivery is it home delivery or 'come-and-take-your-product' delivery 😏 Not happy with your service.,42574,@125406 Sorry for the hassle. Please report this to our support team here: https://t.co/vlvfJr4nN9 and we'll check this. ^HN,Wed Nov 01 15:44:27 +0000 2017,125406,AmazonHelp,1,False,delivery_order_status,['delivery_order_status'],1,single_match,delivery_order_status,delivery_order_status
42546,42545,@2445 @AmazonHelp @115821 The customer section in the amazon site is of no help.I can’t write any queries.So I’m bound to bring it to twitter.I hope someone responds,The customer section in the amazon site is of no help.I can’t write any queries.So I’m bound to bring it to twitter.I hope someone responds,42544,@125401 I'm sorry about the trouble with your order. We'd like to take a closer look into it here: https://t.co/hApLpMlfHN ^LI,Wed Nov 01 15:46:00 +0000 2017,125401,AmazonHelp,1,False,other,[],0,zero_match,other,
42496,42496,3 phone long calls later ... numerous times I repeated myself &amp; I finally have been issued a refund. Massive lack of support from @115830,3 phone long calls later ... numerous times I repeated myself &amp; I finally have been issued a refund. Massive lack of support from,42495,@125390 I'm sorry for the poor experience. Please help us improve by filling out our Customer Satisfaction Survey sent via e-mail. ^RA,Wed Nov 01 15:50:39 +0000 2017,125390,AmazonHelp,1,False,refund_return,['refund_return'],1,single_match,refund_return,refund_return
42511,42511,"@117634 Kindle Unlimited is not working for me - tried syncing, restarting, resetting. Is it a system problem?","Kindle Unlimited is not working for me - tried syncing, restarting, resetting. Is it a system problem?",42509,@125393 Sorry for the trouble. Will you pls tell us more about how Kindle Unlimited isn't working? What device are you using? ^CO,Wed Nov 01 15:51:14 +0000 2017,125393,AmazonHelp,1,False,device_digital_content,['device_digital_content'],1,single_match,device_digital_content,device_digital_content
42490,42488,@AmazonHelp There was an internal error in our system. We logged the problem and will investigate it later. Our apologies for the inconvenience.,There was an internal error in our system. We logged the problem and will investigate it later. Our apologies for the inconvenience.,42487,@125388 We'd like to take a closer look into this for you. Please reach out to us by phone at this link here: https://t.co/JzP7hlA23B ^VS,Wed Nov 01 15:53:47 +0000 2017,125388,AmazonHelp,1,False,other,[],0,zero_match,other,
43261,43261,"@AmazonHelp Why is the following item only preorderable?
Other sellers than amazon do ship already. https://t.co/SZTDDD7sUF",Why is the following item only preorderable? Other sellers than amazon do ship already.,43260,"@125585 Hi, I will forward it to the responsible department so they can take a look into that. Kind regards, ^SI",Wed Nov 01 15:55:26 +0000 2017,125585,AmazonHelp,1,False,seller_marketplace,['seller_marketplace'],1,single_match,seller_marketplace,seller_marketplace
42558,42550,"@AmazonHelp No options were provided, happy to email the chat transcripts.Just told different stories.I re-ordered won't receive until Friday too late.","No options were provided, happy to email the chat transcripts.Just told different stories.I re-ordered won't receive until Friday too late.",42552,@125402 Did we mention that the package is being returned since it's damaged? ^WJ,Wed Nov 01 15:56:13 +0000 2017,125402,AmazonHelp,1,False,other,[],0,zero_match,other,
43276,43276,"@116935 @AmazonHelp for some reason all my ""stations"" are only playing one song on loop. Win 7/Chrome 62.0.3202.75","for some reason all my ""stations"" are only playing one song on loop. Win 7/Chrome 62.0.3202.75",43274,@125589 I'm sorry for the troubles! We'd like to help if we can. Have you tried to close out the station and go back into it? ^AL,Wed Nov 01 15:57:06 +0000 2017,125589,AmazonHelp,1,False,other,[],0,zero_match,other,
43283,43283,@115850 @AmazonHelp How come products without being delivered getting marked delivered. Same is being communicated through mail n msg 1,How come products without being delivered getting marked delivered. Same is being communicated through mail n msg 1,43280,@125591 Sorry for the hassle. Please report this to our support team here: https://t.co/vlvfJr4nN9 and we'll check this. ^HN,Wed Nov 01 15:57:46 +0000 2017,125591,AmazonHelp,1,False,delivery_order_status,['delivery_order_status'],1,single_match,delivery_order_status,delivery_order_status
34515,34514,"@AmazonHelp Yes, it is","Yes, it is",34516,@123480 Happy to hear it. We'd like to document your experience and look into your options here: https://t.co/qy3J24VGxb ^AF,Wed Nov 01 15:58:21 +0000 2017,123480,AmazonHelp,1,False,other,[],0,zero_match,other,
42508,42498,@AmazonHelp I’m in UK - is call available?,I’m in UK - is call available?,42500,"@125391 Sorry for the incorrect link, Stu. It sure is! You can contact the UK team here: https://t.co/JzP7hlA23B. I hope this helps! ^AD",Wed Nov 01 16:00:12 +0000 2017,125391,AmazonHelp,1,False,other,[],0,zero_match,other,
30544,30513,@AmazonHelp I have replied as well,I have replied as well,30515,@122720 Kindly share the asked details via the link shared. We'll check this for you. ^SG,Wed Nov 01 16:01:27 +0000 2017,122720,AmazonHelp,1,False,other,[],0,zero_match,other,
43268,43268,"@AmazonHelp I have no way of verifying the size/color selected after adding to cart...during checkout, conf email, or ""Your Orders"" :/ https://t.co/aZd4UP92ol","I have no way of verifying the size/color selected after adding to cart...during checkout, conf email, or ""Your Orders"" :/",43266,@125587 Can you verify these things by checking the order details via the order: https://t.co/Y5jpI9gRhE? ^WJ,Wed Nov 01 16:04:26 +0000 2017,125587,AmazonHelp,1,False,other,[],0,zero_match,other,
43265,43265,"@79389 purchased these from @115830 and they don't come charged as advertised neither do the charge fully, only to 95%, shocking item https://t.co/zEpNnZg5Sk","purchased these from and they don't come charged as advertised neither do the charge fully, only to 95%, shocking item",43263,@125586 I'm sorry for the frustration! Have you looked into our return options? You can do so here: https://t.co/eAmHs9K1Ei ^AC,Wed Nov 01 16:04:37 +0000 2017,125586,AmazonHelp,1,False,payment_billing,['payment_billing'],1,single_match,payment_billing,payment_billing
36582,36583,"@AmazonHelp Isn't applying for pick up in your app not good enough

@115850",Isn't applying for pick up in your app not good enough,36584,@123971 I'm sorry about that. Could you please confirm if you have submitted your details using the link mentioned earlier? ^GD,Wed Nov 01 16:04:51 +0000 2017,123971,AmazonHelp,1,False,delivery_order_status,['delivery_order_status'],1,single_match,delivery_order_status,delivery_order_status
43272,43271,@AmazonHelp It was from a third party seller but fulfilled by Amazon.,It was from a third party seller but fulfilled by Amazon.,43273,@125588 We'd like to look into available options with you. Please reach out to us by phone here: https://t.co/hApLpMlfHN ^VS,Wed Nov 01 16:07:16 +0000 2017,125588,AmazonHelp,1,False,seller_marketplace,['seller_marketplace'],1,single_match,seller_marketplace,seller_marketplace
45560,45560,@AmazonHelp Amiunt not refunded,Amiunt not refunded,45559,@126087 we can assist you accordingly. (2/2)^SU,Wed Nov 01 16:07:44 +0000 2017,126087,AmazonHelp,2,False,refund_return,['refund_return'],1,single_match,refund_return,refund_return
43276,43275,"@AmazonHelp It was all the stations, but I think I fixed it for now. Had to wipe my cache.","It was all the stations, but I think I fixed it for now. Had to wipe my cache.",43277,@125589 Glad to hear it's resolved. Let us know if there is anything else we may assist with. We're always here to help! ^TH,Wed Nov 01 16:08:44 +0000 2017,125589,AmazonHelp,1,False,other,[],0,zero_match,other,
45537,45537,@115850 when fire stick tv skill for alexa will be available? Seems it can not be done from app at this time.,when fire stick tv skill for alexa will be available? Seems it can not be done from app at this time.,45536,"@126080 We don't have any announcement for Fire TV on the Alexa yet. But, stay tuned as we add more content to Alexa App. ^GD",Wed Nov 01 16:08:50 +0000 2017,126080,AmazonHelp,1,False,device_digital_content,['device_digital_content'],1,single_match,device_digital_content,device_digital_content
43248,43248,"@115821 I am very heart broken right now, makeup needs to have a fragile label on the box/envelope. https://t.co/g2zBdP40AN","I am very heart broken right now, makeup needs to have a fragile label on the box/envelope.",43247,@125583 I'm sorry your make up arrived damaged. You can view your available options here: https://t.co/Rgi9TmpZd1 ^CO,Wed Nov 01 16:10:25 +0000 2017,125583,AmazonHelp,1,False,item_quality_issue,['item_quality_issue'],1,single_match,item_quality_issue,item_quality_issue
43268,43267,@AmazonHelp Nope https://t.co/y3MPXV8brL,Nope,43269,@125587 Clicking the title of the item you've purchased will have the size listed under the 'Color' option on the product detail page. ^KP,Wed Nov 01 16:11:36 +0000 2017,125587,AmazonHelp,1,False,other,[],0,zero_match,other,
44548,44548,@AmazonHelp can u listen to amazon music on more than one device at a time?,can u listen to amazon music on more than one device at a time?,44545,"@125883 Great question! Just to clarify, are you speaking of Prime Music or Amazon Music Unlimited? ^AC",Wed Nov 01 16:11:38 +0000 2017,125883,AmazonHelp,1,False,device_digital_content,['device_digital_content'],1,single_match,device_digital_content,device_digital_content
46489,46489,@115830 paid 4 nextday delivery only 2 b told after notifications all day saying that they r delivering 2day only 2 b told they cant deliv,paid 4 nextday delivery only 2 b told after notifications all day saying that they r delivering 2day only 2 b told they cant deliv,46487,@126320 I'm sorry you didn't receive your order. Did we specify why we were unable to deliver your order? ^CO,Wed Nov 01 16:11:43 +0000 2017,126320,AmazonHelp,1,False,delivery_order_status,['delivery_order_status'],1,single_match,delivery_order_status,delivery_order_status
39577,39576,"@AmazonHelp I did. It keeps happening to me. I mostly buy books, and my books end up looking like old books or they come damaged.","I did. It keeps happening to me. I mostly buy books, and my books end up looking like old books or they come damaged.",39578,@124652 We'd like check this for you. Please fill this form: https://t.co/beaaDm0muc and we'll look into it. ^MO,Wed Nov 01 16:12:27 +0000 2017,124652,AmazonHelp,1,False,item_quality_issue,['item_quality_issue'],1,single_match,item_quality_issue,item_quality_issue
46526,46526,Very unimpressed with @115830 customer services today!,Very unimpressed with customer services today!,46523,"@126332 Truly sorry, this isn't what we intend! Without personal or account info could you tell us a bit about what's happened? ^JE",Wed Nov 01 16:12:30 +0000 2017,126332,AmazonHelp,1,False,service_complaint,['service_complaint'],1,single_match,service_complaint,service_complaint
35936,35935,"@AmazonHelp I’m not sure, I ordered it at 8am this morning with 1 day shipping. I just got the email saying I will get an email when it’s been shipped","I’m not sure, I ordered it at 8am this morning with 1 day shipping. I just got the email saying I will get an email when it’s been shipped",35937,"@123816 2/2 For details on how shipping and delivery dates are calculated, please see here: https://t.co/zGyLuHMPgq ^CO",Wed Nov 01 16:12:46 +0000 2017,123816,AmazonHelp,2,False,delivery_order_status,['delivery_order_status'],1,single_match,delivery_order_status,delivery_order_status
11976,11977,"@118355 @115821 My most recent order came without an outer shipping box, with product box obv not designed for shipping and arrived open.","My most recent order came without an outer shipping box, with product box obv not designed for shipping and arrived open.",44542,@125881 I'm sorry your speakers were shipped this way! Was this order sold/fulfilled by a third-party seller: https://t.co/Y5jpI9gRhE? ^WM,Wed Nov 01 16:14:40 +0000 2017,125881,AmazonHelp,1,False,delivery_order_status,['delivery_order_status'],1,single_match,delivery_order_status,delivery_order_status
44530,44530,Why isn’t my kindle unlimited working @AmazonHelp,Why isn’t my kindle unlimited working,44528,"@125878 Oh no! What specific errors are you running into when trying to access Kindle Unlimited? Please let us know, Breana! ^FD",Wed Nov 01 16:16:13 +0000 2017,125878,AmazonHelp,1,False,device_digital_content,['device_digital_content'],1,single_match,device_digital_content,device_digital_content
44514,44513,@AmazonHelp Like how y’all play me like that my dog has skin issues shampoo for her ain’t cheap 😭,Like how y’all play me like that my dog has skin issues shampoo for her ain’t cheap 😭,44512,@125876 I'm sorry your order arrived damaged. You can view your available options here: https://t.co/hFcqqCCHyd ^CO,Wed Nov 01 16:18:46 +0000 2017,125876,AmazonHelp,1,False,other,[],0,zero_match,other,
47953,47953,@115850 Why is the Indian Amazon Echo skill set limited? Ewelink is not showing up in the skill set!,Why is the Indian Amazon Echo skill set limited? Ewelink is not showing up in the skill set!,47952,@126724 I understand your concern. I've noted your comments and have forwarded your feedback internally. ^MO,Wed Nov 01 16:19:02 +0000 2017,126724,AmazonHelp,1,False,device_digital_content,['device_digital_content'],1,single_match,device_digital_content,device_digital_content
44499,44499,"Hey @AmazonHelp 
Ich war an dem gesamten Tag nicht zuhause und habe in meinem Briefkasten auch keine Benachrichtigungskarte... https://t.co/GYS9FcakT6",Hey Ich war an dem gesamten Tag nicht zuhause und habe in meinem Briefkasten auch keine Benachrichtigungskarte...,44497,"@125875 Hi, bitte informiere die Kollegen darüber: https://t.co/ohyvGrpvrY Diese überprüfen gerne, wo dein Paket abgeblieben ist. ^SI",Wed Nov 01 16:19:36 +0000 2017,125875,AmazonHelp,1,False,other,[],0,zero_match,other,
11594,11593,@AmazonHelp Done that. Was told I would definitely have it by 9pm yesterday &amp; it's still not been delivered!!!!,Done that. Was told I would definitely have it by 9pm yesterday &amp; it's still not been delivered!!!!,11595,"@118232 Just to confirm, what's the current tracking information listed for your order here: https://t.co/aaDyEz1VgE ^HC",Wed Nov 01 16:22:23 +0000 2017,118232,AmazonHelp,1,False,delivery_order_status,['delivery_order_status'],1,single_match,delivery_order_status,delivery_order_status
45558,45558,So I still don't have my @115830 order I was supposed to get on Monday. No explanation as to why. Probably been stolen!,So I still don't have my order I was supposed to get on Monday. No explanation as to why. Probably been stolen!,45557,@118232 Sorry you don't have your order! We'd like to see how we can help so please reach us by phone here: https://t.co/JzP7hlA23B ^DD,Wed Nov 01 16:24:26 +0000 2017,118232,AmazonHelp,1,False,delivery_order_status,['delivery_order_status'],1,single_match,delivery_order_status,delivery_order_status
45555,45555,"@AmazonHelp Bonjour! Je voudrais passer une commande sur Amazon UK, 2 articles sont des précommandes pour 2 dates différentes... 1/2","Bonjour! Je voudrais passer une commande sur Amazon UK, 2 articles sont des précommandes pour 2 dates différentes... 1/2",45553,"@126086 Bonjour, pour toutes questions sur Amazon.uk veuillez joindre leur service client via: https://t.co/baKrEwW6v9 ^BR",Wed Nov 01 16:24:54 +0000 2017,126086,AmazonHelp,1,False,other,[],0,zero_match,other,
45535,45535,@AmazonHelp my order is missing two pieces of the value pack. I don't want to return what I received but can I get those pieces?,my order is missing two pieces of the value pack. I don't want to return what I received but can I get those pieces?,45534,@126079 I'm so sorry your order is missing two pieces! The available refund/replace options can be found here: https://t.co/2e4srIbpQk ^WJ,Wed Nov 01 16:26:28 +0000 2017,126079,AmazonHelp,1,False,delivery_order_status,['delivery_order_status'],1,single_match,delivery_order_status,delivery_order_status
44523,44522,"@AmazonHelp OK, let me wait till tomorrow, hope that problem will be solved by then, anyway request u to keep the communication channel open, 1/2","OK, let me wait till tomorrow, hope that problem will be solved by then, anyway request u to keep the communication channel open, 1/2",44524,@125591 Appreciate your understanding. We will get this sorted at the earliest! ^PR,Wed Nov 01 16:29:28 +0000 2017,125591,AmazonHelp,1,False,other,[],0,zero_match,other,
45539,45539,@AmazonHelp just wanted to confirm that call of duty will ship tomorrow if I chose 2 day shipping like it said to do. Currently says friday,just wanted to confirm that call of duty will ship tomorrow if I chose 2 day shipping like it said to do. Currently says friday,45538,"@126081 Happy to help, Brian! Orders can ship at any time. The most accurate estimated delivery date will be provided at checkout! ^SD",Wed Nov 01 16:30:27 +0000 2017,126081,AmazonHelp,1,False,delivery_order_status,['delivery_order_status'],1,single_match,delivery_order_status,delivery_order_status
30544,30517,@AmazonHelp Sorry sir. I am not going to fill any details for something that has been brought upon by your system. I didn't ask for the rescheduling.,Sorry sir. I am not going to fill any details for something that has been brought upon by your system. I didn't ask for the rescheduling.,30518,"@122720 Kindly share your details using the link mentioned earlier, as we wouldn't be able to access your account over Twitter.^GD",Wed Nov 01 16:30:46 +0000 2017,122720,AmazonHelp,1,False,delivery_order_status,['delivery_order_status'],1,single_match,delivery_order_status,delivery_order_status
45535,45533,@AmazonHelp Thanks! I need to use the item tomorrow so I can't really return the rest of it. Is there any way to get a partial refund?,Thanks! I need to use the item tomorrow so I can't really return the rest of it. Is there any way to get a partial refund?,45532,@126079 We'd like to take a look into some available options with you. Please reach out to us here: https://t.co/hApLpMlfHN ^TH,Wed Nov 01 16:32:46 +0000 2017,126079,AmazonHelp,1,False,refund_return,['refund_return'],1,single_match,refund_return,refund_return
46557,46557,@115850 @AmazonHelp @115821 help I have done the payment but in my order section it showing this 🤔 https://t.co/ikDDKZgrI0,help I have done the payment but in my order section it showing this 🤔,46556,@126340 We would advise you to place a fresh order.(2/2)^CB,Wed Nov 01 16:33:16 +0000 2017,126340,AmazonHelp,2,False,delivery_order_status,['delivery_order_status'],1,single_match,delivery_order_status,delivery_order_status
44499,44501,"@AmazonHelp Ich auch.
Ich mag diese Bonbons verdammt gerne und ich habe keine mehr! :&lt;",Ich auch. Ich mag diese Bonbons verdammt gerne und ich habe keine mehr! :&lt;,44502,"@125875 Ohne meine tägliche Süßigkeitenration werde ich zum bösen Gremlin. 🍪 Jetzt hast du mich neugierig gemacht, welche Bonbons? 😁 ^SI",Wed Nov 01 16:36:04 +0000 2017,125875,AmazonHelp,1,False,other,[],0,zero_match,other,
46486,46486,She’s here! Thanks @115850 hope it’s as good as I hear! #Alexa https://t.co/vvR1ENwFni,She’s here! Thanks hope it’s as good as I hear! #Alexa,46485,@126319 Glad to know that you have received the order. I'm positive that you will be happy with the product. ^JS,Wed Nov 01 16:37:22 +0000 2017,126319,AmazonHelp,1,False,device_digital_content,['device_digital_content'],1,single_match,device_digital_content,device_digital_content
45526,45526,"@115830 Hi, my 'next day' delivery has so far taken a week. Any chance you can speed it up a bit? #NotImpressed","Hi, my 'next day' delivery has so far taken a week. Any chance you can speed it up a bit? #NotImpressed",45524,@126077 I'm sorry for the delay! We aim to deliver by the date given in your order confirmation e-mail. Have we missed that? ^TK,Wed Nov 01 16:40:54 +0000 2017,126077,AmazonHelp,1,False,delivery_order_status,['delivery_order_status'],1,single_match,delivery_order_status,delivery_order_status
46484,46484,@115830 Have you stopped putting 'safe places' on parcels? Are drivers ignoring them? Orders keep going to neighbours&amp;it's driving me mad.,Have you stopped putting 'safe places' on parcels? Are drivers ignoring them? Orders keep going to neighbours&amp;it's driving me mad.,46482,@126318 I'm sorry your order's not being delivered properly. Have you had the chance to reach out to us: https://t.co/JzP7hlA23B? ^VS,Wed Nov 01 16:42:29 +0000 2017,126318,AmazonHelp,1,False,delivery_order_status,['delivery_order_status'],1,single_match,delivery_order_status,delivery_order_status
47942,47942,@119356 For my return amazon has issued refund amount on 29th oct 2017 but this is still not credited into my bank account.,For my return amazon has issued refund amount on 29th oct 2017 but this is still not credited into my bank account.,47940,@126321 Usually it will take 3-5 business days for the refund to be reflected in your bank account as per the bank's regulations. ^SU,Wed Nov 01 16:45:14 +0000 2017,126321,AmazonHelp,1,True,refund_return,['refund_return'],1,single_match,refund_return,refund_return
46492,46492,@AmazonHelp For my return amazon has issued refund amount on 29th oct 2017 but this is still not credited into my bank account,For my return amazon has issued refund amount on 29th oct 2017 but this is still not credited into my bank account,46491,@126321 Sorry for any troubles caused! Have you contacted your bank to review their refund policies? ^TH,Wed Nov 01 16:48:05 +0000 2017,126321,AmazonHelp,1,False,refund_return,['refund_return'],1,single_match,refund_return,refund_return
46484,46480,@AmazonHelp I have used the form at least 3 times &amp;not had any response (hence use of Twitter). Order not showing as delivered yet so can't log issue.,I have used the form at least 3 times &amp;not had any response (hence use of Twitter). Order not showing as delivered yet so can't log issue.,46479,"@126318 (1/2) Using the link ^VS provided, select the options ""An order I placed &gt; Other order issues &gt; Something else""",Wed Nov 01 16:49:20 +0000 2017,126318,AmazonHelp,2,False,delivery_order_status,['delivery_order_status'],1,single_match,delivery_order_status,delivery_order_status
47889,47889,order id #403-5637109-7077146 has been cancelled or is on time pls help. @AmazonHelp @115850,order id #403-5637109-7077146 has been cancelled or is on time pls help.,47888,"@126709 Please don't provide your order details, we consider it to be personal information. Our page is visible to the public. 2/2 ^PR",Wed Nov 01 16:49:33 +0000 2017,126709,AmazonHelp,2,False,delivery_order_status,['delivery_order_status'],1,single_match,delivery_order_status,delivery_order_status
46519,46519,@115830 where is my parcel that should have been delivered yesterday?,where is my parcel that should have been delivered yesterday?,46517,@126330 I'm sorry about the delay! What information is provided on your tracking? You can see that here: https://t.co/aaDyEz1VgE ^TR,Wed Nov 01 16:49:34 +0000 2017,126330,AmazonHelp,1,False,delivery_order_status,['delivery_order_status'],1,single_match,delivery_order_status,delivery_order_status
46508,46508,@115830 been waiting for my 3 packages to come all day and the app just said that they all have been delivered and I have not got any.,been waiting for my 3 packages to come all day and the app just said that they all have been delivered and I have not got any.,46506,"@126325 I'm sorry you don't have your packages, Ritchie! Please try these steps: https://t.co/3lyf2CsEsB ^WJ",Wed Nov 01 16:50:01 +0000 2017,126325,AmazonHelp,1,False,delivery_order_status,['delivery_order_status'],1,single_match,delivery_order_status,delivery_order_status
40377,40383,"@AmazonHelp Yes, I tried to relog in, and it says my account is locked and they sent an email to help unlock it, but I got no email.","Yes, I tried to relog in, and it says my account is locked and they sent an email to help unlock it, but I got no email.",40384,@124852 Sorry for the trouble. I'd like for you to call our specialists for the login issue: https://t.co/jzvkhdlrK5 ^MG,Wed Nov 01 16:51:28 +0000 2017,124852,AmazonHelp,1,False,account_access,['account_access'],1,single_match,account_access,account_access
46511,46511,@AmazonHelp order #202-2318203-8613961 why was this order returned? I just want my items not a refund!!!!!!,order #202-2318203-8613961 why was this order returned? I just want my items not a refund!!!!!!,46510,@126326 I'm sorry! We don't have access to order info via Twitter. Please reach out here: https://t.co/JzP7hlA23B and we can help. ^TK,Wed Nov 01 16:52:28 +0000 2017,126326,AmazonHelp,1,False,refund_return,['refund_return'],1,single_match,refund_return,refund_return
43301,43294,@AmazonHelp No one besides me has access to my account,No one besides me has access to my account,43296,@125594 Hmm. Can you tell us what apps are linked to your account? https://t.co/PtGDfbjWsb. You may also change your password. ^AL,Wed Nov 01 16:52:58 +0000 2017,125594,AmazonHelp,1,False,other,[],0,zero_match,other,
46526,46524,@AmazonHelp Fiancé. Told by customer service to wait 24 hours. My fiancé has no presents to open when he gets home from work,Fiancé. Told by customer service to wait 24 hours. My fiancé has no presents to open when he gets home from work,46527,@126332 Have you already tried a few of these troubleshooting steps for locating these parcels: https://t.co/fNj2BBBncC? ^WM,Wed Nov 01 16:54:44 +0000 2017,126332,AmazonHelp,1,False,service_complaint,['service_complaint'],1,single_match,service_complaint,service_complaint
47868,47868,@115830 Recent Prime order not received. @126705 says delivered. How to obtain proof of posting needed to claim from @126705? Thx.,Recent Prime order not received. says delivered. How to obtain proof of posting needed to claim from ? Thx.,47867,@126704 I'm sorry for the poor delivery experience! Have you tried the steps listed here: https://t.co/sMu51SlSdj? Let us know! ^TG,Wed Nov 01 16:58:21 +0000 2017,126704,AmazonHelp,1,False,delivery_order_status,['delivery_order_status'],1,single_match,delivery_order_status,delivery_order_status
47927,47927,"Furious with @AmazonHelp &amp; @115817. Why does the customer have to pay for their lack of communication?
#WhereIsMyPackage? 😡😡😡😡😡",Furious with &amp; . Why does the customer have to pay for their lack of communication? #WhereIsMyPackage? 😡😡😡😡😡,47925,"@126719 So sorry for the frustration! Without providing any account information, can you tell us more about the issue? ^AD",Wed Nov 01 16:59:06 +0000 2017,126719,AmazonHelp,1,False,delivery_order_status,['delivery_order_status'],1,single_match,delivery_order_status,delivery_order_status
44523,44525,@AmazonHelp Thanks a LOT,Thanks a LOT,44526,@125591 You're welcome. :) ^NK,Wed Nov 01 16:59:43 +0000 2017,125591,AmazonHelp,1,False,other,[],0,zero_match,other,
47905,47905,"blocked from @115821.ca account, given wrong no. call ""account specialist"" customer-service person waste of life form!!!!","blocked from .ca account, given wrong no. call ""account specialist"" customer-service person waste of life form!!!!",47903,@126706 I'm sorry for the account issues. Have you received an e-mail about this? Did you reach us here: https://t.co/LGsFoZKHYO? ^VS,Wed Nov 01 17:00:46 +0000 2017,126706,AmazonHelp,1,False,other,[],0,zero_match,other,
46526,46528,"@AmazonHelp Yes I have, did those before contacting customer services","Yes I have, did those before contacting customer services",46529,"@126332 Please keep us posted on your deliveries, Elanor. ^KN",Wed Nov 01 17:03:35 +0000 2017,126332,AmazonHelp,1,False,service_complaint,['service_complaint'],1,single_match,service_complaint,service_complaint
46519,46518,"@AmazonHelp Out for delivery 
GB
Carrier: Amazon Shipping, Tracking #: H60076836814","Out for delivery GB Carrier: Amazon Shipping, Tracking #: H60076836814",46520,@126330 How odd! We'd like to look into that with you in real time. Please reach us via phone or chat here: https://t.co/JzP7hlA23B ^BL,Wed Nov 01 17:04:06 +0000 2017,126330,AmazonHelp,1,False,delivery_order_status,['delivery_order_status'],1,single_match,delivery_order_status,delivery_order_status
16424,16422,@AmazonHelp Intelcom Express. I couldn't contact them last night since I got home after their operating hours. Sent them an email this morning,Intelcom Express. I couldn't contact them last night since I got home after their operating hours. Sent them an email this morning,16423,"@119617 Please let us know if you do not receive your order, or an update, today so we may contact the carrier on your behalf. ^WM",Wed Nov 01 17:04:49 +0000 2017,119617,AmazonHelp,1,False,other,[],0,zero_match,other,
47859,47857,@AmazonHelp Vendido y enviado por Amazon.,Vendido y enviado por Amazon.,47856,"@126702 Gracias por la información, por favor reporta la incidencia con nuestro Servicio al Cliente: https://t.co/beR78zMMYB. ^KS",Wed Nov 01 17:05:25 +0000 2017,126702,AmazonHelp,1,False,other,[],0,zero_match,other,
47868,47866,"@AmazonHelp Yes, of course. Now need to claim from @126705 but need proof of posting from seller, which is impossible to obtain.","Yes, of course. Now need to claim from but need proof of posting from seller, which is impossible to obtain.",47865,@126704 Let's look into this with you in real time. Please click here: https://t.co/JzP7hlA23B so we can further assist. Thanks! ^NM,Wed Nov 01 17:07:28 +0000 2017,126704,AmazonHelp,1,False,seller_marketplace,['seller_marketplace'],1,single_match,seller_marketplace,seller_marketplace
47871,47871,Any account specialist @115821.ca willing to help??? #callingforhelp #amazoncanada #9yroldgift #davidsmithfromamazon???,Any account specialist .ca willing to help??? #callingforhelp #amazoncanada #9yroldgift #davidsmithfromamazon???,47869,"@126706 Thank you for reaching out to us here on social media! Without giving account info, will you let us know what's going on? ^TG",Wed Nov 01 17:07:37 +0000 2017,126706,AmazonHelp,1,False,other,[],0,zero_match,other,
49163,49163,@117795 Just got a great text about an order and delivery but I didn’t order- what do I do?,Just got a great text about an order and delivery but I didn’t order- what do I do?,49162,@126984 I'm sorry for any concern! We'd like to help. Please reach out to us here for assistance: https://t.co/vchjZz6MCt ^WT,Wed Nov 01 17:07:42 +0000 2017,126984,AmazonHelp,1,False,delivery_order_status,['delivery_order_status'],1,single_match,delivery_order_status,delivery_order_status
47847,47847,@117086 a data estimada de entrega para os meus livros era até dia 30/10 e não chegaram até hoje.,a data estimada de entrega para os meus livros era até dia 30/10 e não chegaram até hoje.,47845,"@126700 Sinto muito o atraso Ana, você recebeu um e-mail lhe informando se houve algum inconveniente na entrega? ^AZ",Wed Nov 01 17:08:52 +0000 2017,126700,AmazonHelp,1,False,other,[],0,zero_match,other,
49147,49146,"@115850 @AmazonHelp @AmazonHelp Got my product 5 days when ordered by Amazon prime, where you promise 1-2 days delivery. Bad experience, false promises.","Got my product 5 days when ordered by Amazon prime, where you promise 1-2 days delivery. Bad experience, false promises.",49145,"@126980 We apologize for the delay. Surely I'll update this to the team internally, so that we work on it. ^PR",Wed Nov 01 17:09:14 +0000 2017,126980,AmazonHelp,1,False,delivery_order_status,['delivery_order_status'],1,single_match,delivery_order_status,delivery_order_status
47905,47904,"@AmazonHelp customer support ( u have recorfings) said nothing they can do , was given wrong no to call too! lol","customer support ( u have recorfings) said nothing they can do , was given wrong no to call too! lol",47906,"@126706 Typically, a response is given 12-24hrs; at this time please review your inbox, as well as your spam/junk e-mail. ^WM",Wed Nov 01 17:11:19 +0000 2017,126706,AmazonHelp,1,False,service_complaint,['service_complaint'],1,single_match,service_complaint,service_complaint
47919,47916,"@AmazonHelp i will look,where do i go to see if it's being sent USPS or UPS/FEDEX? I have Prime so it's delivered to my door!","i will look,where do i go to see if it's being sent USPS or UPS/FEDEX? I have Prime so it's delivered to my door!",47918,"@126716 I'm sorry for the frustration! Currently, carriers can't be selected. Our carriers are here: https://t.co/utsyQIlg35 ^SJ",Wed Nov 01 17:12:24 +0000 2017,126716,AmazonHelp,1,False,delivery_order_status,['delivery_order_status'],1,single_match,delivery_order_status,delivery_order_status
47874,47873,@AmazonHelp All it shows is the company I ordered from...I'm assuming third party. When I checked their profile on return policy. It says they follow,All it shows is the company I ordered from...I'm assuming third party. When I checked their profile on return policy. It says they follow,47875,@126707 Have you been able to resize the image? ^NM,Wed Nov 01 17:14:01 +0000 2017,126707,AmazonHelp,1,False,seller_marketplace,['seller_marketplace'],1,single_match,seller_marketplace,seller_marketplace
49901,49901,"@115821 #Amazon shipping #fraud not limited 2 #prime, paid for 1-day shipping on Mon, package scheduled to arrive next Mon. UPS says on time","#Amazon shipping #fraud not limited 2 #prime, paid for 1-day shipping on Mon, package scheduled to arrive next Mon. UPS says on time",49900,@127175 One-Day Shipping refers to transit time once the item ships! You can learn more about shipping here: https://t.co/dNN4JZF2ku ^ME,Wed Nov 01 17:15:34 +0000 2017,127175,AmazonHelp,1,False,delivery_order_status,['delivery_order_status'],1,single_match,delivery_order_status,delivery_order_status
49123,49123,@115821 @Amazonhelp Active unauth user on my account.  Support not responsive.  Company at risk.  No access.  Please HELP! SOS!!!,Active unauth user on my account. Support not responsive. Company at risk. No access. Please HELP! SOS!!!,49122,@126973 I'm so sorry! Have you tried contacting us via phone? You can do so by visiting us here: https://t.co/hApLpMlfHN ^TK,Wed Nov 01 17:16:13 +0000 2017,126973,AmazonHelp,1,False,other,[],0,zero_match,other,
49127,49126,"@AmazonHelp 2/2 carrier who delivered my previous item which i never received, to a random address. Will be disappointed if this happens again tomorrow","2/2 carrier who delivered my previous item which i never received, to a random address. Will be disappointed if this happens again tomorrow",49124,@126974 I'm sorry your order was delivered to the wrong address! We'd like to make sure you get the new order so keep us posted! ^DD,Wed Nov 01 17:17:05 +0000 2017,126974,AmazonHelp,1,False,delivery_order_status,['delivery_order_status'],1,single_match,delivery_order_status,delivery_order_status
47905,47907,"@AmazonHelp thanks for trying at least u were more helpful, thanks 😩","thanks for trying at least u were more helpful, thanks 😩",47908,"@126706 If you don't receive an e-mail from an Account Specialist by the 24-hour mark, let us know. ^MG",Wed Nov 01 17:18:26 +0000 2017,126706,AmazonHelp,1,False,other,[],0,zero_match,other,
49144,49144,Can you help me? My account unlock because my billing address. I sented every day my bank statement but noone answer and fix it! @AmazonHelp,Can you help me? My account unlock because my billing address. I sented every day my bank statement but noone answer and fix it!,49142,@126979 I'm sorry for the account issues! Have you received any further e-mails from an account specialist? ^TR,Wed Nov 01 17:19:35 +0000 2017,126979,AmazonHelp,1,False,payment_billing,['payment_billing'],1,single_match,payment_billing,payment_billing
51609,51609,All now I still don't get our Amazon Prime cat in the hat order that was supposed to be delivered on Monday,All now I still don't get our Amazon Prime cat in the hat order that was supposed to be delivered on Monday,51607,"@127583 So sorry for your order, Nikki! W/o sharing any personal info, please let us know what's going on with it. ^JZ",Wed Nov 01 17:20:12 +0000 2017,127583,AmazonHelp,1,False,delivery_order_status,['delivery_order_status'],1,single_match,delivery_order_status,delivery_order_status
49134,49134,@AmazonHelp how can u sell something higher than MRP?? https://t.co/9LblRhGcWp,how can u sell something higher than MRP??,49132,"@126976 and our efforts to offer you the lowest price, may result in fluctuations in our prices over time.2/2^HN",Wed Nov 01 17:20:26 +0000 2017,126976,AmazonHelp,2,False,other,[],0,zero_match,other,
49129,49129,"So frustrating @115830 I wanted to pick up my parcel tonight, it’s been returned? “Pickup window ended tomorrow” ! https://t.co/0HsiDIPHnf","So frustrating I wanted to pick up my parcel tonight, it’s been returned? “Pickup window ended tomorrow” !",49128,"@126975 Oh no! I'm very sorry for the troubles with this Locker pickup, Leigh! Have you been in touch with us for real-time help? ^FR",Wed Nov 01 17:21:34 +0000 2017,126975,AmazonHelp,1,False,delivery_order_status,['delivery_order_status'],1,single_match,delivery_order_status,delivery_order_status
49999,49999,"@115830 Been waiting for a PRIME parcel for a couple of days now and when i go to track it, says been a delivery attempt, no proof of that","Been waiting for a PRIME parcel for a couple of days now and when i go to track it, says been a delivery attempt, no proof of that",49998,@127190 I'm sorry for the delay! Please reach out to us via phone/chat here: https://t.co/JzP7hlRCV9 and we can help. ^TK,Wed Nov 01 17:23:00 +0000 2017,127190,AmazonHelp,1,False,delivery_order_status,['delivery_order_status'],1,single_match,delivery_order_status,delivery_order_status
47927,47926,"@AmazonHelp exp 10.27 arrived in PR 10.25 returned 10.28
no new tracking info by @115817 even after inquiring to @AmazonHelp about it within the time frame",exp 10.27 arrived in PR 10.25 returned 10.28 no new tracking info by even after inquiring to about it within the time frame,47928,@126719 I'm so sorry for the frustrating experience. Have you received a confirmation of the refund request via e-mail? ^MJ,Wed Nov 01 17:23:10 +0000 2017,126719,AmazonHelp,1,False,delivery_order_status,['delivery_order_status'],1,single_match,delivery_order_status,delivery_order_status
49895,49895,Address verification?Anyone fix it! My billing address is correct and I sended already my bank statemend but nothing happens @115821,Address verification?Anyone fix it! My billing address is correct and I sended already my bank statemend but nothing happens,49894,"@126979 We'd like to look into this further with you! When you have a chance, please reach out to us here: https://t.co/hApLpMlfHN ^VB",Wed Nov 01 17:23:48 +0000 2017,126979,AmazonHelp,1,False,payment_billing,['payment_billing'],1,single_match,payment_billing,payment_billing
49118,49118,"Was nützt Amazon Prime Versand, wenn der DHL Fahrer ohne zu klingeln direkt ein Kärtchen einwirft? @AmazonHelp","Was nützt Amazon Prime Versand, wenn der DHL Fahrer ohne zu klingeln direkt ein Kärtchen einwirft?",49117,"@126970 Hi, so sollte deine Zustellung natürlich nicht ablaufen. Bitte melde dich direkt hier: https://t.co/ohyvGrpvrY Gruß ^SI",Wed Nov 01 17:25:52 +0000 2017,126970,AmazonHelp,1,False,other,[],0,zero_match,other,
49134,49133,@AmazonHelp the sellers are ur responsibility as they are using ur pltfrm,the sellers are ur responsibility as they are using ur pltfrm,49135,@126976 yours as it helps us continue to improve the service and selection we provide. (2/2) ^JS,Wed Nov 01 17:26:53 +0000 2017,126976,AmazonHelp,2,False,seller_marketplace,['seller_marketplace'],1,single_match,seller_marketplace,seller_marketplace
49922,49928,"@115850 I mean, almost everybody else is recieving free bookmarks. But not me. Even though I always buy from verified sellers.
Why? 😢","I mean, almost everybody else is recieving free bookmarks. But not me. Even though I always buy from verified sellers. Why? 😢",50794,@127182 We constantly strive to improve our services and we'll consider your feedback to provide a better shopping experience.(2/2)^BS,Wed Nov 01 17:27:50 +0000 2017,127182,AmazonHelp,2,False,seller_marketplace,['seller_marketplace'],1,single_match,seller_marketplace,seller_marketplace
44530,44529,@AmazonHelp It’s not downloading any of the books I have and it won’t delete the ones I’ve returned,It’s not downloading any of the books I have and it won’t delete the ones I’ve returned,44531,"@125878 We'd like to look into this with you. When you have a moment, please reach out to us here: https://t.co/EKXRLsnxJu ^AC",Wed Nov 01 17:30:51 +0000 2017,125878,AmazonHelp,1,False,other,[],0,zero_match,other,
49939,49935,@115830 Please tell me how finding my delivery outside my front door reconciles with 'handed to resident' https://t.co/02Sxs3Bas4,Please tell me how finding my delivery outside my front door reconciles with 'handed to resident',49933,"@127184 Oh my! I'm sorry about the poor delivery experience! Just to clarify, can you tell us who the courier was for this order? ^AL",Wed Nov 01 17:33:34 +0000 2017,127184,AmazonHelp,1,False,delivery_order_status,['delivery_order_status'],1,single_match,delivery_order_status,delivery_order_status
49895,49893,@AmazonHelp That is the problem! I cant access on my account because still on hold! I dont know why! Have a chat for customer service?,That is the problem! I cant access on my account because still on hold! I dont know why! Have a chat for customer service?,49892,@126979 I'm sorry! Use this instead: https://t.co/jzvkhdlrK5 Our phone # will populate when you choose the reason for calling. ^KN,Wed Nov 01 17:34:51 +0000 2017,126979,AmazonHelp,1,False,service_complaint,['service_complaint'],1,single_match,service_complaint,service_complaint
49901,49898,@AmazonHelp it has shipped already VIA UPS GROUND not via 1 day shipping #Fraud,it has shipped already VIA UPS GROUND not via 1 day shipping #Fraud,49896,@127175 Has UPS provided a reason for this delay? You can find contact info here: https://t.co/tgcVcNykSE. Please keep us posted! ^SD,Wed Nov 01 17:35:10 +0000 2017,127175,AmazonHelp,1,False,delivery_order_status,['delivery_order_status'],1,single_match,delivery_order_status,delivery_order_status
49932,49930,@AmazonHelp Desde el 11-9. He cumplido TODO lo que me pedísteis. El hartazgo es total. Mirad mi historial desde ese día.,Desde el 11-9. He cumplido TODO lo que me pedísteis. El hartazgo es total. Mirad mi historial desde ese día.,49929,"@127183 Juan, por este medio no contamos con acceso a tu cuenta. ¿Podrías comentarnos más sobre lo que ha ocurrido? ^DA",Wed Nov 01 17:35:33 +0000 2017,127183,AmazonHelp,1,False,other,[],0,zero_match,other,
47893,47895,@AmazonHelp what happens if i buy this? https://t.co/N8ehDN3mkh,what happens if i buy this?,47896,@126710 This would be sent to Your Games and Software Library once the order completes. ^ME,Wed Nov 01 17:36:27 +0000 2017,126710,AmazonHelp,1,False,other,[],0,zero_match,other,
49917,49917,"@121284 I got my dot today, but prime member is not active. How do I activate it.
Can't play songs from Saavn on dot.","I got my dot today, but prime member is not active. How do I activate it. Can't play songs from Saavn on dot.",49916,@127180 Sorry for the trouble with membership. We'd like to take a closer look. Please connect with us here: https://t.co/TdDksLo6Mf. ^HD,Wed Nov 01 17:37:29 +0000 2017,127180,AmazonHelp,1,False,other,[],0,zero_match,other,
49939,49934,@AmazonHelp How do I know? I've been out since 7am so no idea how long it's been sat in full view of the street.,How do I know? I've been out since 7am so no idea how long it's been sat in full view of the street.,49936,@127184 That information can be found on your order page. You can access that via this link:  https://t.co/aaDyEz1VgE ^MW,Wed Nov 01 17:37:41 +0000 2017,127184,AmazonHelp,1,False,other,[],0,zero_match,other,
50790,50790,@121284 just got the echo dot. Setup isn't happening... Frustrating!,just got the echo dot. Setup isn't happening... Frustrating!,50788,"@127397 I'm sorry about that, Avinash. Kindly connect with our support team here: https://t.co/vlvfJr4nN9 and we'll be glad to help you.^GD",Wed Nov 01 17:38:45 +0000 2017,127397,AmazonHelp,1,False,device_digital_content,['device_digital_content'],1,single_match,device_digital_content,device_digital_content
51599,51599,"@115850 I am facing a price bug. Not expected. What kind of scam is this.
https://t.co/b7CRKc2Hzt",I am facing a price bug. Not expected. What kind of scam is this.,51597,@127581 We're unable to access the link you've provided. Kindly help us with a correct link. ^SU,Wed Nov 01 17:39:22 +0000 2017,127581,AmazonHelp,1,False,other,[],0,zero_match,other,
49922,49921,"@AmazonHelp Over 50 orders. More than a hundred books. Not a single free bookmark. I'm heartbroken, Amazon! :(","Over 50 orders. More than a hundred books. Not a single free bookmark. I'm heartbroken, Amazon! :(",49923,"@127182 I get your disappointment, Jenny. As mentioned earlier, I will forward your feedback to our team internally for a review. ^NK",Wed Nov 01 17:39:50 +0000 2017,127182,AmazonHelp,1,False,item_quality_issue,['item_quality_issue'],1,single_match,item_quality_issue,item_quality_issue
49901,49897,@AmazonHelp no UPS says it's On Time b/c you shipped it VIA UPS GROUND not UPS overnight!!!,no UPS says it's On Time b/c you shipped it VIA UPS GROUND not UPS overnight!!!,49899,@127175 Oh my! We don't have acct access via Twitter. Pls reach us via phone so we can take a look together: https://t.co/hApLpMlfHN ^KN,Wed Nov 01 17:42:09 +0000 2017,127175,AmazonHelp,1,False,delivery_order_status,['delivery_order_status'],1,single_match,delivery_order_status,delivery_order_status
51578,51578,"Email: ""your Amazon order is out for delivery ...

Another email: ... it may also be in someone's hedge by the time you read this"" https://t.co/wVBPZpXeMC","Email: ""your Amazon order is out for delivery ... Another email: ... it may also be in someone's hedge by the time you read this""",51577,@127575 I'm sorry your order was delivered like this! Please reach out to us by phone or chat here: https://t.co/qy3J24VGxb ^AC,Wed Nov 01 17:45:33 +0000 2017,127575,AmazonHelp,1,False,delivery_order_status,['delivery_order_status'],1,single_match,delivery_order_status,delivery_order_status
51587,51587,This is the 2nd time I've ordered THIS ORDER And got something completely different I'm sick of paying for what I'm not getting . @115821 https://t.co/87htjOHKf2,This is the 2nd time I've ordered THIS ORDER And got something completely different I'm sick of paying for what I'm not getting .,51586,@127578 I'm sorry you received the wrong item! Have you reached out to the seller for more insight: https://t.co/PyACxvGxrO? ^ME,Wed Nov 01 17:46:42 +0000 2017,127578,AmazonHelp,1,False,other,[],0,zero_match,other,
34537,34531,@AmazonHelp Dejo pantallazo https://t.co/hznJpkQVbg,Dejo pantallazo,34534,"@123484 Entiendo, por favor reportalo con nuestro Servicio al Cliente por medio de este enlace: https://t.co/OjvUxwnzPe . ^MB",Wed Nov 01 17:46:47 +0000 2017,123484,AmazonHelp,1,False,other,[],0,zero_match,other,
50777,50777,"@AmazonHelp Hi, do you know if there are phishing emails doing the rounds regarding ""amazon prime gold"" membership?","Hi, do you know if there are phishing emails doing the rounds regarding ""amazon prime gold"" membership?",50776,"@127392 Thanks for asking, Penny. Here's a link to our help page that helps identify phishing attempts. https://t.co/vK8B77gYGp ^EM",Wed Nov 01 17:48:32 +0000 2017,127392,AmazonHelp,1,False,other,[],0,zero_match,other,
47874,47878,@AmazonHelp Just that they will either refund me 50% of what I paid for the coat or they send me another. When I asked if I'd be paying for another,Just that they will either refund me 50% of what I paid for the coat or they send me another. When I asked if I'd be paying for another,47879,@126707 We'd like to help you get this sorted out! Please get in touch with us by phone or chat: https://t.co/hApLpMlfHN ^KJ,Wed Nov 01 17:51:39 +0000 2017,126707,AmazonHelp,1,False,refund_return,['refund_return'],1,single_match,refund_return,refund_return
50763,50763,Why hasn’t my Amazon order been dispatched yet 😩📦 @AmazonHelp,Why hasn’t my Amazon order been dispatched yet 😩📦,50761,@127388 Sorry for the delay! We aim to deliver by the date given in your order confirmation e-mail. Have we missed that date? ^TK,Wed Nov 01 17:52:14 +0000 2017,127388,AmazonHelp,1,False,delivery_order_status,['delivery_order_status'],1,single_match,delivery_order_status,delivery_order_status
50752,50752,Seriously thinking of dropping @115821 since I've had so many issues! Order is supposed to be delivered tomorrow but still hasn't shipped.,Seriously thinking of dropping since I've had so many issues! Order is supposed to be delivered tomorrow but still hasn't shipped.,50751,"@127385 Items can ship the day of delivery and still get there on time. We want to help any way we can, so keep us posted! ^KN",Wed Nov 01 17:53:43 +0000 2017,127385,AmazonHelp,1,False,delivery_order_status,['delivery_order_status'],1,single_match,delivery_order_status,delivery_order_status
51603,51603,Just tried to order from @115821 for the first time since my account was unlocked annnnnnnnnnnd it's now locked again and my order has been cancelled. FFS,Just tried to order from for the first time since my account was unlocked annnnnnnnnnnd it's now locked again and my order has been cancelled. FFS,51601,@127582 I'm sorry to hear this! Have you received an email from our Account Specialists? Be sure to check your junk/spam folder! ^ME,Wed Nov 01 17:56:31 +0000 2017,127582,AmazonHelp,1,False,delivery_order_status,['delivery_order_status'],1,single_match,delivery_order_status,delivery_order_status
51584,51584,@119625 any new movie coming ??,any new movie coming ??,51582,@127577 We do not have any announcements yet. Keep checking our website as we continue to add new content to our library. ^GD,Wed Nov 01 17:56:38 +0000 2017,127577,AmazonHelp,1,False,other,[],0,zero_match,other,
51593,51593,"Ordered a book from @115821 over a week ago. Hasn't even shipped yet, but it's supposedly arriving in a couple of hours. 🤔","Ordered a book from over a week ago. Hasn't even shipped yet, but it's supposedly arriving in a couple of hours. 🤔",51591,"@127580 Oh no, Dylan! Have we sent you any e-mails showing there may be a possible delay? Check your spam/junk folders as well. ^SK",Wed Nov 01 17:58:28 +0000 2017,127580,AmazonHelp,1,False,delivery_order_status,['delivery_order_status'],1,single_match,delivery_order_status,delivery_order_status
52249,52249,"@115850 ordred headphns 28Oct, markd as dlvrd bt nvr recivd d prdct, called Mon wait 24hr,Tue wait 24hr,Wed wait 24hr,poor service no info","ordred headphns 28Oct, markd as dlvrd bt nvr recivd d prdct, called Mon wait 24hr,Tue wait 24hr,Wed wait 24hr,poor service no info",52248,@127749 Apologies for this experience. Please fill this form: https://t.co/GIJyeYqKE0 and we'll contact you shortly. ^MP,Wed Nov 01 17:59:56 +0000 2017,127749,AmazonHelp,1,False,delivery_order_status,['delivery_order_status'],1,single_match,delivery_order_status,delivery_order_status
50763,50762,@AmazonHelp No not yet it’s just usually dispatched very quickly and I’m hoping you haven’t run out of stock as I need them by Saturday 🤞🏽,No not yet it’s just usually dispatched very quickly and I’m hoping you haven’t run out of stock as I need them by Saturday 🤞🏽,50764,@127388 Definitely keep us posted! We want to be sure you receive it. ^MT,Wed Nov 01 18:00:20 +0000 2017,127388,AmazonHelp,1,False,delivery_order_status,['delivery_order_status'],1,single_match,delivery_order_status,delivery_order_status
54377,54377,@115850 I am disappointed with @128308 and their no response to my problem with  @128308 Remote that has stopped working,I am disappointed with and their no response to my problem with Remote that has stopped working,54376,"@128307 I'm sorry for the inconvenience, Harshad. Please reply to the same email for further assistance and we'll look into this. ^MK",Wed Nov 01 18:00:52 +0000 2017,128307,AmazonHelp,1,False,service_complaint,['service_complaint'],1,single_match,service_complaint,service_complaint
51609,51608,@AmazonHelp I'm not sure where it is. I'm still waiting for it so i can return it because I don't need it anymore,I'm not sure where it is. I'm still waiting for it so i can return it because I don't need it anymore,51610,@127583 What does the tracking info state? You can find that here: https://t.co/Y5jpI9gRhE ^TR,Wed Nov 01 18:01:50 +0000 2017,127583,AmazonHelp,1,False,refund_return,['refund_return'],1,single_match,refund_return,refund_return
51581,51580,@115821 What’s the point of prime if I get 10+ day shipping?,What’s the point of prime if I get 10+ day shipping?,51579,@127576 I'm so sorry for the delay! Please reach out to us here: https://t.co/hApLpMlfHN and we can help with this. ^TK,Wed Nov 01 18:02:41 +0000 2017,127576,AmazonHelp,1,False,delivery_order_status,['delivery_order_status'],1,single_match,delivery_order_status,delivery_order_status
49939,49937,@AmazonHelp Does this help? https://t.co/maMZLnsdfv,Does this help?,49938,@127184 Thanks! We'd like to look into this with you in real time. Please contact us via phone/chat here: https://t.co/JzP7hlA23B ^AJ,Wed Nov 01 18:02:45 +0000 2017,127184,AmazonHelp,1,False,other,[],0,zero_match,other,
52251,52251,@AmazonHelp Having some issues with your jobs portal using social login with LinkedIn.,Having some issues with your jobs portal using social login with LinkedIn.,52250,@127750 Thanks for reaching out! You can report technical issues by clicking Give Us Feedback at the bottom of the site page. ^TK,Wed Nov 01 18:08:47 +0000 2017,127750,AmazonHelp,1,False,account_access,['account_access'],1,single_match,account_access,account_access
52943,52934,"@AmazonHelp I didn't return it (never received it) and I dont want a refund, I want the book. :)","I didn't return it (never received it) and I dont want a refund, I want the book. :)",52932,"@127923 I'm sorry for the trouble, Daniela! Have you been able to view available resolution options here?: https://t.co/aaDyEz1VgE ^SD",Wed Nov 01 18:10:27 +0000 2017,127923,AmazonHelp,1,False,refund_return,['refund_return'],1,single_match,refund_return,refund_return
52240,52240,"@117086 e meu kindle?? Envie logo, criatura, cure meu desassossego","e meu kindle?? Envie logo, criatura, cure meu desassossego",52239,"@127746 Olá Julhana, qual é a data estimada de entrega do seu Kindle? ❤ ^DA",Wed Nov 01 18:11:09 +0000 2017,127746,AmazonHelp,1,False,device_digital_content,['device_digital_content'],1,single_match,device_digital_content,device_digital_content
52246,52246,"@127748 @115850  @AmazonHelp @115821 @121899  Never purchase TCL led . Worst services after sales.
Amazon didn't help me even.",Never purchase TCL led . Worst services after sales. Amazon didn't help me even.,52245,"@121898 As informed earlier, request you to please get back to us with a service denial letter and we'll definitely look into this. ^MK",Wed Nov 01 18:12:42 +0000 2017,121898,AmazonHelp,1,True,service_complaint,['service_complaint'],1,single_match,service_complaint,service_complaint
52222,52219,"@AmazonHelp -""A complaint has been made"" which is great except it does nothing to actually rectify the issue. They have my number but never call","-""A complaint has been made"" which is great except it does nothing to actually rectify the issue. They have my number but never call",52218,@127742 We'd like to investigate this with you! When you've a moment pls offer as much info as possible: https://t.co/hpDJA0mJXu ^TG,Wed Nov 01 18:13:12 +0000 2017,127742,AmazonHelp,1,False,service_complaint,['service_complaint'],1,single_match,service_complaint,service_complaint
52243,52243,@AmazonHelp I have my account blocked. I have already sent the fax you have requested (twise) but still got no aswer. What should I do?,I have my account blocked. I have already sent the fax you have requested (twise) but still got no aswer. What should I do?,52241,@127747 I'm sorry for the trouble with your account. When did you fax this information? Have you received any e-mail updates recently? ^RA,Wed Nov 01 18:14:04 +0000 2017,127747,AmazonHelp,1,False,account_access,['account_access'],1,single_match,account_access,account_access
51603,51602,"@AmazonHelp Going to have to call support as it wont let me change my password, same thing happened less than two weeks ago.","Going to have to call support as it wont let me change my password, same thing happened less than two weeks ago.",51604,"@127582 Oh no! I'm sorry about this inconvenience, Alex! You can reach out to us here: https://t.co/zYVX1Qi29G ^HM",Wed Nov 01 18:19:10 +0000 2017,127582,AmazonHelp,1,False,account_access,['account_access'],1,single_match,account_access,account_access
15288,15292,"@118919 @119356 Delivery date 1Nov hai Aur Abhi tak Delivery nahi kiya hai ||Gati courier|| Godda, jharkhand my amazon id __email__","Delivery date 1Nov hai Aur Abhi tak Delivery nahi kiya hai ||Gati courier|| Godda, jharkhand my amazon id __email__",52206,"@119355 Please don't provide your order details, we consider it personal info. Our Twitter page is visible to public. ^NR 2/2",Wed Nov 01 18:19:36 +0000 2017,119355,AmazonHelp,2,False,delivery_order_status,['delivery_order_status'],1,single_match,delivery_order_status,delivery_order_status
52929,52929,"Vino un repartidor de @116875 y, ¿qué creen que hizo? Me pidió dinero a cambio de entregarme el paquete.","Vino un repartidor de y, ¿qué creen que hizo? Me pidió dinero a cambio de entregarme el paquete.",52928,"@127922 Atención al Cliente, por favor, ingresa a: https://t.co/beR78zMMYB (2/2) ^HC",Wed Nov 01 18:20:44 +0000 2017,127922,AmazonHelp,2,False,other,[],0,zero_match,other,
52211,52210,"@115830 The porch was open &amp; the parcel could have been left in there, but you just couldn’t be bothered to drive out to the countryside could you?","The porch was open &amp; the parcel could have been left in there, but you just couldn’t be bothered to drive out to the countryside could you?",52209,@127740 I'm sorry your parcel wasn't delivered. Please contact us so we get this fixed for you:  https://t.co/JzP7hlA23B ^EM,Wed Nov 01 18:22:41 +0000 2017,127740,AmazonHelp,1,False,delivery_order_status,['delivery_order_status'],1,single_match,delivery_order_status,delivery_order_status
52198,52198,"@AmazonHelp hello when my brother is trying to order from you ,when typing in his adress its coming up with next doors adress which is wrong","hello when my brother is trying to order from you ,when typing in his adress its coming up with next doors adress which is wrong",52196,@127738 That is strange! Your brother should be able to save his address without using the neighbor's: https://t.co/dODjwBCyVV ^FD,Wed Nov 01 18:23:38 +0000 2017,127738,AmazonHelp,1,False,other,[],0,zero_match,other,
51599,51598,@AmazonHelp I checked again. I have uploaded the video to youtube. Its playing here. Is their any location restriction.,I checked again. I have uploaded the video to youtube. Its playing here. Is their any location restriction.,51600,@127581 Thanks for flagging this. We'll have this reviewed internally. ^SQ,Wed Nov 01 18:23:55 +0000 2017,127581,AmazonHelp,1,False,other,[],0,zero_match,other,
52211,52212,@115830 Substandard customer service for rural areas again. What exactly did I pay extra for? Very disappointed child here - thanks.,Substandard customer service for rural areas again. What exactly did I pay extra for? Very disappointed child here - thanks.,52905,"@127740 When you spoke with us, what information or insight was provided? ^KP",Wed Nov 01 18:24:17 +0000 2017,127740,AmazonHelp,1,False,service_complaint,['service_complaint'],1,single_match,service_complaint,service_complaint
52946,52946,"@115821 please update your app, these dialogs are OLD. https://t.co/PSM3eXuVIf","please update your app, these dialogs are OLD.",52944,@127924 Hi! What would you like to edit? ^GD,Wed Nov 01 18:25:26 +0000 2017,127924,AmazonHelp,1,False,other,[],0,zero_match,other,
52909,52909,"@AmazonHelp that awkward moment you’ve recently moved 🏠 and you get your delivery sent to the wrong address (correct street, wrong number)","that awkward moment you’ve recently moved 🏠 and you get your delivery sent to the wrong address (correct street, wrong number)",52908,@127913 If the address is outdated the parcel will usually be returned to us by the carrier. See more here https://t.co/5y0YxfgfSX ^TG,Wed Nov 01 18:28:04 +0000 2017,127913,AmazonHelp,1,False,delivery_order_status,['delivery_order_status'],1,single_match,delivery_order_status,delivery_order_status
52915,52915,"@AmazonHelp once again @916 @127917 can't deliver.  No reason just ""could not attempt delivery"".  Stayed home 4 the delivery","once again can't deliver. No reason just ""could not attempt delivery"". Stayed home 4 the delivery",52914,"@127916 I'm sorry for the frustration! When you have a moment, please reach out to us by phone or chat here: https://t.co/dNXwBZPiM6 ^AC",Wed Nov 01 18:31:21 +0000 2017,127916,AmazonHelp,1,False,delivery_order_status,['delivery_order_status'],1,single_match,delivery_order_status,delivery_order_status
47874,47880,@AmazonHelp Tried that. Just asks me to contact seller first. That's why I came to twitter. But different people keep responding so I'm getting nowhere.,Tried that. Just asks me to contact seller first. That's why I came to twitter. But different people keep responding so I'm getting nowhere.,47882,@126707 When you go to contact us via  link provided by ^KJ check the check box to the left of the item to get more contact options. ^AJ,Wed Nov 01 18:31:53 +0000 2017,126707,AmazonHelp,1,False,seller_marketplace,['seller_marketplace'],1,single_match,seller_marketplace,seller_marketplace
52926,52926,AMZL US - @115821 shipping carrier is awful - Multiple items weren't delivered. 5+ yrs Prime Mmbr. Take us back 2 @115817. #AMZLDriverLost,AMZL US - shipping carrier is awful - Multiple items weren't delivered. 5+ yrs Prime Mmbr. Take us back 2 . #AMZLDriverLost,52924,"@127921 I'd like a member of my team to investigate this directly. Please, provide us details here: https://t.co/WpKvTVlO7C ^JE",Wed Nov 01 18:32:40 +0000 2017,127921,AmazonHelp,1,False,delivery_order_status,['delivery_order_status'],1,single_match,delivery_order_status,delivery_order_status
51603,51605,@AmazonHelp I've called support and it's been moved to an 'account specialist' just like last time as apparently I didn't call when this happened before (which I did three times). Just very frustrated this happens whenever I try and place an order.,I've called support and it's been moved to an 'account specialist' just like last time as apparently I didn't call when this happened before (which I did three times). Just very frustrated this happens whenever I try and place an order.,51606,@127582 I'm sorry for the frustration. Please keep an eye on your e-mail for a response from the account specialist.  ^HM,Wed Nov 01 18:32:41 +0000 2017,127582,AmazonHelp,1,False,other,[],0,zero_match,other,
52225,52224,@AmazonHelp it has entered the dispatch process just today and email says sending to old address even though I made the address change days ago!,it has entered the dispatch process just today and email says sending to old address even though I made the address change days ago!,52226,@127743 So sorry about that! Have you tried reaching out to us via phone or chat so we can leave the driver delivery instructions? ^LS,Wed Nov 01 18:32:45 +0000 2017,127743,AmazonHelp,1,False,delivery_order_status,['delivery_order_status'],1,single_match,delivery_order_status,delivery_order_status
52911,52911,@115850 My refund is pending for over 1 month. I think I will shift my loyalty to @118702,My refund is pending for over 1 month. I think I will shift my loyalty to,52910,"@127914 I'm sorry to know that you didn't receive the refund yet, Write to us here: https://t.co/TEL3kH2xt5 &amp; we'll help you. ^OS",Wed Nov 01 18:35:36 +0000 2017,127914,AmazonHelp,1,False,refund_return,['refund_return'],1,single_match,refund_return,refund_return
52909,52907,"@AmazonHelp Its my neighbour, but i know they will deny recieving it, so looks like ive lost out 😂","Its my neighbour, but i know they will deny recieving it, so looks like ive lost out 😂",52906,"@127913 If you're unable to retrieve your parcel, we can review your available options here: https://t.co/JzP7hlA23B ^RA",Wed Nov 01 18:36:44 +0000 2017,127913,AmazonHelp,1,False,delivery_order_status,['delivery_order_status'],1,single_match,delivery_order_status,delivery_order_status
52929,53524,@128093 @116875 Hace un mes eran una maravilla. Y se suponía que Amazon Logistics era confiable.,Hace un mes eran una maravilla. Y se suponía que Amazon Logistics era confiable.,53523,"@127922 Queremos verificar tu caso más detalladamente, por favor, ingresa en el siguiente enlace: https://t.co/lFwwV5Aa8g ^HC",Wed Nov 01 18:39:32 +0000 2017,127922,AmazonHelp,1,False,other,[],0,zero_match,other,
52198,52197,@AmazonHelp His parcels keep going next door as the previous owner was using his adress as hers,His parcels keep going next door as the previous owner was using his adress as hers,52199,@127738 Have you noticed this issue with a specific carrier? They may be able to provide more help with your brother's address. ^TK,Wed Nov 01 18:39:53 +0000 2017,127738,AmazonHelp,1,False,delivery_order_status,['delivery_order_status'],1,single_match,delivery_order_status,delivery_order_status
46526,46530,"@AmazonHelp The investigation I was told to wait 24hrs for, said that “the carrier has confirmed it has been delivered” obviously it hasn’t been","The investigation I was told to wait 24hrs for, said that “the carrier has confirmed it has been delivered” obviously it hasn’t been",46531,"@126332 When you reached out, were we able to offer any other options like a refund or replacement? Were you asked to wait? ^VS",Wed Nov 01 18:42:27 +0000 2017,126332,AmazonHelp,1,False,delivery_order_status,['delivery_order_status'],1,single_match,delivery_order_status,delivery_order_status
35845,35844,@AmazonHelp It did not say on the tracking who was carrying it.  I did get contacted from Amazon and now they promised first thing in the morning.,It did not say on the tracking who was carrying it. I did get contacted from Amazon and now they promised first thing in the morning.,35846,@123811 Oh no! I'm sorry for the delay. Please keep us in the loop and let us know if you receive the package by the new date. ^TG,Wed Nov 01 18:43:50 +0000 2017,123811,AmazonHelp,1,False,delivery_order_status,['delivery_order_status'],1,single_match,delivery_order_status,delivery_order_status
53519,53519,. @115830 can you please justify why you accept this delivery as being 'handed to resident' and falsifying my signature? https://t.co/JjOUpatBV4,. can you please justify why you accept this delivery as being 'handed to resident' and falsifying my signature?,53518,@128091 I'm sorry for the trouble! Please provide your info within the link so we may properly assist you: https://t.co/ngl6hbvWn8 ^WM,Wed Nov 01 18:44:46 +0000 2017,128091,AmazonHelp,1,False,delivery_order_status,['delivery_order_status'],1,single_match,delivery_order_status,delivery_order_status
53522,53521,@115821 @AmazonHelp Why do I even pay for amazon prime,Why do I even pay for amazon prime,53520,@128092 I'm sorry about the delay! Please reach out to us via phone/chat here: https://t.co/hApLpMlfHN for more assistance with this. ^TK,Wed Nov 01 18:45:22 +0000 2017,128092,AmazonHelp,1,False,other,[],0,zero_match,other,
53513,53513,"@amazonhelp Hey there. I pre-ordered Xbox One X as soon as it became available, but no indication of delivery ETA yet and need to know asap.","Hey there. I pre-ordered Xbox One X as soon as it became available, but no indication of delivery ETA yet and need to know asap.",53511,"@128090 We'll deliver by the date listed here: https://t.co/Y5jpI9gRhE If it's pending, we'll e-mail you once we have an update. ^RA",Wed Nov 01 18:46:33 +0000 2017,128090,AmazonHelp,1,False,delivery_order_status,['delivery_order_status'],1,single_match,delivery_order_status,delivery_order_status
53506,53506,Nunca había tenido tan mala experiencia con @116875,Nunca había tenido tan mala experiencia con,53504,"@128088 Hola Albert, ¿podrías comentarnos más sobre lo que ha ocurrido sin publicar detalles de tu cuenta? ^DA",Wed Nov 01 18:50:38 +0000 2017,128088,AmazonHelp,1,False,other,[],0,zero_match,other,
46526,46532,@AmazonHelp I was asked to wait 24hrs whilst you investigated. Replacement offered and said I’d receive an email about it which I haven’t had.,I was asked to wait 24hrs whilst you investigated. Replacement offered and said I’d receive an email about it which I haven’t had.,46533,"@126332 If you don't receive correspondence after the 24-hour waiting period, please let us know. ^SB",Wed Nov 01 18:51:18 +0000 2017,126332,AmazonHelp,1,False,refund_return,['refund_return'],1,single_match,refund_return,refund_return
53496,53496,What is going on with @115830 delivery ? Item was due on Sunday and still hasn’t arrived! That’s 3 items late ! Why am I paying for Prime?,What is going on with delivery ? Item was due on Sunday and still hasn’t arrived! That’s 3 items late ! Why am I paying for Prime?,53495,"@128085 This isn't the experience we want you to have! Please reach out here, and we'll look into this: https://t.co/JzP7hlA23B ^WT",Wed Nov 01 18:52:25 +0000 2017,128085,AmazonHelp,1,False,delivery_order_status,['delivery_order_status'],1,single_match,delivery_order_status,delivery_order_status
54424,54424,Really? @AmazonHelp why would someone fold computer paper in half to be shipped in a package that would have fit it anyways... https://t.co/8uSmob1ufC,Really? why would someone fold computer paper in half to be shipped in a package that would have fit it anyways...,54423,"@128318 I'm so sorry about that, Rene! We'd like to look at a few options with you. Please reach us here: https://t.co/hApLpMlfHN ^BL",Wed Nov 01 18:52:52 +0000 2017,128318,AmazonHelp,1,False,delivery_order_status,['delivery_order_status'],1,single_match,delivery_order_status,delivery_order_status
53494,53494,I didn't sign up for Amazon prime to get my order a day late of when I need it. 😒,I didn't sign up for Amazon prime to get my order a day late of when I need it. 😒,53493,@128084 Hey Morgan! I'm sorry for the frustration. We'd like to help if we can! Are you currently waiting on an order to come? ^AJ,Wed Nov 01 18:56:07 +0000 2017,128084,AmazonHelp,1,False,delivery_order_status,['delivery_order_status'],1,single_match,delivery_order_status,delivery_order_status
53499,53498,@AmazonHelp is the prime video app available for Android devices,is the prime video app available for Android devices,53500,@128086 You can view all available platforms for Amazon Video here: https://t.co/4ZeDCLRlyK ^VB,Wed Nov 01 18:56:16 +0000 2017,128086,AmazonHelp,1,False,device_digital_content,['device_digital_content'],1,single_match,device_digital_content,device_digital_content
54401,54401,@AmazonHelp ive signed up to prime student about a week ago with 6 months free so why is it saying theres a problem with my card? https://t.co/EvBkqR1APB,ive signed up to prime student about a week ago with 6 months free so why is it saying theres a problem with my card?,54400,@128313 I'm sorry for the trouble! Please reach out to us here: https://t.co/JzP7hlA23B so we can look into this with you. ^AH,Wed Nov 01 19:03:38 +0000 2017,128313,AmazonHelp,1,False,prime_membership,['prime_membership'],1,single_match,prime_membership,prime_membership
42479,42473,@AmazonHelp I was supposed to be credited my money back within the hour and I never got it.,I was supposed to be credited my money back within the hour and I never got it.,42474,@125385 Did we specify your refund was going to an Amazon Gift Card? ^TR,Wed Nov 01 19:05:44 +0000 2017,125385,AmazonHelp,1,False,refund_return,['refund_return'],1,single_match,refund_return,refund_return
55037,55037,@AmazonHelp When will my pre-order for CoD: WWII arrive? Does it arrive Thursday night for the midnight release or must we wait until Fri?,When will my pre-order for CoD: WWII arrive? Does it arrive Thursday night for the midnight release or must we wait until Fri?,55036,@128477 When you placed your pre-order we would have sent you an order confirmation email. What delivery info is given in the e-mail? ^AR,Wed Nov 01 19:06:06 +0000 2017,128477,AmazonHelp,1,False,delivery_order_status,['delivery_order_status'],1,single_match,delivery_order_status,delivery_order_status
54380,54380,@120533 C'est normal que je n'ai toujours pas reçu un colis qui devait arriver il y a 2-3 semaines minimum ?,C'est normal que je n'ai toujours pas reçu un colis qui devait arriver il y a 2-3 semaines minimum ?,54378,"@128309 Bonjour, navrée pour ce retard, quelle est la date de livraison indiquée dans le mail de confirmation de commande ? ^ASZ",Wed Nov 01 19:08:06 +0000 2017,128309,AmazonHelp,1,False,delivery_order_status,['delivery_order_status'],1,single_match,delivery_order_status,delivery_order_status
52926,52925,@AmazonHelp @AmazonHelp - Info sent 2 Amazon link. Response time is up too 12 business days. lol WOW,- Info sent 2 Amazon link. Response time is up too 12 business days. lol WOW,52927,@127921 You'll be receiving a response within 12 hours! ^KP,Wed Nov 01 19:11:25 +0000 2017,127921,AmazonHelp,1,False,other,[],0,zero_match,other,
55041,55041,@AmazonHelp My order still says “Preparing for shipment” and I ordered it October 25. 😔,My order still says “Preparing for shipment” and I ordered it October 25. 😔,55040,"@128478 Have we missed our expected delivery date here: https://t.co/Y5jpI9gRhE Please do let us know, we're here for you! ^JE",Wed Nov 01 19:12:08 +0000 2017,128478,AmazonHelp,1,False,delivery_order_status,['delivery_order_status'],1,single_match,delivery_order_status,delivery_order_status
51574,51573,@AmazonHelp I’ve waited til past 8 o’clock now-here are the references: 67303131113645 &amp; 73303231558729 EVERY Hermes delivery gets delayed. No fun!,I’ve waited til past 8 o’clock now-here are the references: 67303131113645 &amp; 73303231558729 EVERY Hermes delivery gets delayed. No fun!,51575,@127574 Please send us the tracking ids via the link above. We have no access to your orders via Twitter. ^MH,Wed Nov 01 19:12:20 +0000 2017,127574,AmazonHelp,1,False,delivery_order_status,['delivery_order_status'],1,single_match,delivery_order_status,delivery_order_status
55059,55059,@115830 @AmazonHelp I have an order that says delivered yesterday by amazon shipping but it hasn’t been delivered. What can I do?,I have an order that says delivered yesterday by amazon shipping but it hasn’t been delivered. What can I do?,55057,"@128483 We're here to help! Have you explored all steps to locate your parcel here: https://t.co/8i2HpyhtwC ? Let us know, please! ^JE",Wed Nov 01 19:12:37 +0000 2017,128483,AmazonHelp,1,False,delivery_order_status,['delivery_order_status'],1,single_match,delivery_order_status,delivery_order_status
57425,57425,@AmazonHelp hi I have an echo plus  and cannot use the £3.99 echo only music option. Can you tell me how? Only gives option for £9.99version,hi I have an echo plus and cannot use the £3.99 echo only music option. Can you tell me how? Only gives option for £9.99version,57423,"@129023 Hey, Ben! Please try saying ""Alexa, try Amazon Music Unlimited."" You can find more information here: https://t.co/RxoeZALk2j ^LA",Wed Nov 01 19:13:37 +0000 2017,129023,AmazonHelp,1,False,device_digital_content,['device_digital_content'],1,single_match,device_digital_content,device_digital_content
54406,54405,"@AmazonHelp «COLIS PRIVE» il  y a écrit sur le suivi de colis. 
à savoir que j'ai un deuxième colis qui devait arriver hier mais celui-ci, pas d'avis","«COLIS PRIVE» il y a écrit sur le suivi de colis. à savoir que j'ai un deuxième colis qui devait arriver hier mais celui-ci, pas d'avis",54407,@128315 Je vous invite à contacter notre SAV pour signaler cela et remonter cet incident au service en charge des transporteurs. ^ASZ,Wed Nov 01 19:15:11 +0000 2017,128315,AmazonHelp,1,False,delivery_order_status,['delivery_order_status'],1,single_match,delivery_order_status,delivery_order_status
55035,55035,@115850 worst customer support and escalation team. You guys will never change. Always provide wrong information to your clients.,worst customer support and escalation team. You guys will never change. Always provide wrong information to your clients.,55034,@128476 Sorry about the inconvenience. Could you please tell us what went wrong so we can help you? ^NR,Wed Nov 01 19:15:32 +0000 2017,128476,AmazonHelp,1,False,service_complaint,['service_complaint'],1,single_match,service_complaint,service_complaint
55049,55049,".@115821 wants 6.99 for one day shipping but are unreliable, second time this has happened. Where's my order?",". wants 6.99 for one day shipping but are unreliable, second time this has happened. Where's my order?",55047,@127283 I'm sorry that we've let you down. What's the tracking information state here: https://t.co/Y5jpI9gRhE? ^TR,Wed Nov 01 19:16:03 +0000 2017,127283,AmazonHelp,1,False,delivery_order_status,['delivery_order_status'],1,single_match,delivery_order_status,delivery_order_status
54388,54387,@AmazonHelp Não estou conseguindo sincronizar os livros que baixei pelo serviço Unlimited no meu aparelho. Aparece uma mensagem de que está pendente,Não estou conseguindo sincronizar os livros que baixei pelo serviço Unlimited no meu aparelho. Aparece uma mensagem de que está pendente,54389,@128311 Olá Thalyta! Sinto muito em saber do inconveniente! Por gentileza acesse o seguinte link: https://t.co/GnA4dCmKdN   ^JJ,Wed Nov 01 19:25:00 +0000 2017,128311,AmazonHelp,1,False,other,[],0,zero_match,other,
57446,57446,Look how @115821 decided to ship my $350 Graphics Card. You can't be serious🤦‍♂️. https://t.co/y5QF6vGK9G,Look how decided to ship my $350 Graphics Card. You can't be serious🤦‍♂️.,57445,"@129030 Some items will ship in the manufacture packaging to prevent this, please see here: https://t.co/zQmVweovSp ^CO",Wed Nov 01 19:25:22 +0000 2017,129030,AmazonHelp,1,False,other,[],0,zero_match,other,
59581,59581,I expected something TODAY and now my delivery is for tomorrow by 8PM @AmazonHelp,I expected something TODAY and now my delivery is for tomorrow by 8PM,59580,@129590 Oh no! Did we miss the delivery date given on the confirmation email when order was placed? ^BA,Wed Nov 01 19:27:02 +0000 2017,129590,AmazonHelp,1,False,delivery_order_status,['delivery_order_status'],1,single_match,delivery_order_status,delivery_order_status
55049,55048,@AmazonHelp DM,DM,55050,"@127283 Thank you for reaching out today. I've responded to the DM you sent us, please let us know if you'd prefer that we reply here! ^GR",Wed Nov 01 19:27:51 +0000 2017,127283,AmazonHelp,1,False,other,[],0,zero_match,other,
56932,56932,@115850 How can refunds this my money https://t.co/vzd9YnpQ6U,How can refunds this my money,56931,"@125123 Please don't provide your details, we consider it personal information. Our Twitter page is visible to public. 3/3 ^HD",Wed Nov 01 19:28:41 +0000 2017,125123,AmazonHelp,2,False,refund_return,['refund_return'],1,single_match,refund_return,refund_return
54406,54408,@AmazonHelp et pour l'avis de passage ? j'en fais quoi ? la poste peut me filer mon colis avec ce petit bout bois ?,et pour l'avis de passage ? j'en fais quoi ? la poste peut me filer mon colis avec ce petit bout bois ?,54409,@128315 Vous présentez juste votre pièce d’identité pour pouvoir retirer votre commande. ^BR,Wed Nov 01 19:29:20 +0000 2017,128315,AmazonHelp,1,False,other,[],0,zero_match,other,
56923,56918,"@115821 Sounds like it's been delivered to the wrong address... No building on my block has a ""Mail Room""","Sounds like it's been delivered to the wrong address... No building on my block has a ""Mail Room""",56915,"@128891 At times, a package can be mis-scanned. In most cases packages arrive within 24 hours. If not, please contact us back. ^AF",Wed Nov 01 19:34:28 +0000 2017,128891,AmazonHelp,1,False,delivery_order_status,['delivery_order_status'],1,single_match,delivery_order_status,delivery_order_status
56911,56911,"@AmazonHelp so, email to say package out for delivery today....just got home, no package, no note, no email? What’s going on?! Not next day!","so, email to say package out for delivery today....just got home, no package, no note, no email? What’s going on?! Not next day!",56909,@128889 I'm sorry for the trouble! Have you tried these troubleshooting steps to locate your parcel: https://t.co/yc2ajS0uMe? ^WM,Wed Nov 01 19:34:59 +0000 2017,128889,AmazonHelp,1,False,delivery_order_status,['delivery_order_status'],1,single_match,delivery_order_status,delivery_order_status
57438,57438,@AmazonHelp preordered a book on kindle in September. It says the release date was 21st Sept but it’s still not on my kindle. Can you help?,preordered a book on kindle in September. It says the release date was 21st Sept but it’s still not on my kindle. Can you help?,57437,@129026 I'm sorry you haven't received the book yet! Would you be able to link us to the book you pre-ordered? ^DD,Wed Nov 01 19:35:05 +0000 2017,129026,AmazonHelp,1,False,device_digital_content,['device_digital_content'],1,single_match,device_digital_content,device_digital_content
42479,42475,@AmazonHelp I talked to some “Pramod” that told me I’d have my money back in a hour and I never got it,I talked to some “Pramod” that told me I’d have my money back in a hour and I never got it,42476,@125385 What does the refund status show here: https://t.co/XBWSa9QDRR? ^BA,Wed Nov 01 19:35:31 +0000 2017,125385,AmazonHelp,1,False,refund_return,['refund_return'],1,single_match,refund_return,refund_return
56830,56830,#Hearusamazon @115850 @115821 @115851 @3161 @128876 https://t.co/qjx5nccDLO,#Hearusamazon,56828,@128875 here: https://t.co/GIJyeYqKE0 and I'll look into this for you. (2/2)^SQ,Wed Nov 01 19:36:26 +0000 2017,128875,AmazonHelp,2,False,other,[],0,zero_match,other,
56911,56908,@AmazonHelp 2/2 what time do you stop delivering?,2/2 what time do you stop delivering?,56906,"@128889 Orders can still be delivered up to 21:00. If not delivered by then, please call or chat here: https://t.co/JzP7hlA23B ^MH",Wed Nov 01 19:42:22 +0000 2017,128889,AmazonHelp,1,False,delivery_order_status,['delivery_order_status'],1,single_match,delivery_order_status,delivery_order_status
56862,56862,"My friend bought stuff @115821 to deliver to me, the order was incomplete. they say it was signed by HER who was in Brazil.","My friend bought stuff to deliver to me, the order was incomplete. they say it was signed by HER who was in Brazil.",56860,@128882 I'm sorry about the trouble with your order. We'd like to look into all available options here: https://t.co/hApLpMlfHN ^LI,Wed Nov 01 19:46:16 +0000 2017,128882,AmazonHelp,1,False,delivery_order_status,['delivery_order_status'],1,single_match,delivery_order_status,delivery_order_status
56865,56865,@115821 what a load of bullshit no one tried to deliver it!!! https://t.co/Q3fkD877yI,what a load of bullshit no one tried to deliver it!!!,56864,@128883 I'm sorry for any inconvenience! Most delayed deliveries arrive the next business day. Please keep us posted! ^KJ,Wed Nov 01 19:47:37 +0000 2017,128883,AmazonHelp,1,False,delivery_order_status,['delivery_order_status'],1,single_match,delivery_order_status,delivery_order_status
56898,56898,"On call to @115830 for 4th time. None will collect damaged TV. Told @116324 will, but dimension and weight limits mean only unboxed. Mad","On call to for 4th time. None will collect damaged TV. Told will, but dimension and weight limits mean only unboxed. Mad",56895,"@128888 I'm sorry for the trouble with this! Please keep us posted on the outcome of your call, we want to ensure this is resolved! ^SB",Wed Nov 01 19:48:12 +0000 2017,128888,AmazonHelp,1,False,item_quality_issue,['item_quality_issue'],1,single_match,item_quality_issue,item_quality_issue
56894,56894,"&gt;Die Lieferung wurde verzögert, da kein Schließfach frei war. 
Damit ist das Experiment ""Amazon Locker"" für mich gescheitert. 
@116316","&gt;Die Lieferung wurde verzögert, da kein Schließfach frei war. Damit ist das Experiment ""Amazon Locker"" für mich gescheitert.",56892,@128887 Sehr ärgerlich. Dein Feedback gebe ich gerne weiter. Liebe Grüße ^MI,Wed Nov 01 19:48:20 +0000 2017,128887,AmazonHelp,1,False,delivery_order_status,['delivery_order_status'],1,single_match,delivery_order_status,delivery_order_status
56859,56859,.@115821 why is my account being hacked like every week now...! https://t.co/zToW3sG9CC,. why is my account being hacked like every week now...!,56856,"@128881 I'm sorry for the account issues, Liza! Have you received an e-mail from our Account Specialists? ^WT",Wed Nov 01 19:49:01 +0000 2017,128881,AmazonHelp,1,False,account_access,['account_access'],1,single_match,account_access,account_access
56854,56854,@115821 what do you mean my package can't be delivered. I've had packages dropped off at the address before,what do you mean my package can't be delivered. I've had packages dropped off at the address before,56852,@128880 I'm sorry for the trouble! What does the tracking say who the carrier is? https://t.co/Y5jpI9gRhE ^MH,Wed Nov 01 19:50:21 +0000 2017,128880,AmazonHelp,1,False,delivery_order_status,['delivery_order_status'],1,single_match,delivery_order_status,delivery_order_status
57475,57475,Hey @117634 my kindle starting advancing left to right instead of right to left. How do I fix that?,Hey my kindle starting advancing left to right instead of right to left. How do I fix that?,57473,@129035 Great question! Have you tried any of these troubleshooting steps: https://t.co/phofknSjeE? Please let us know! ^KJ,Wed Nov 01 19:53:54 +0000 2017,129035,AmazonHelp,1,False,device_digital_content,['device_digital_content'],1,single_match,device_digital_content,device_digital_content
57477,57477,Pay for @115821 prime and I’ve order 2 items in the last 2 days both I’ve had issues with delivery! Fuming!,Pay for prime and I’ve order 2 items in the last 2 days both I’ve had issues with delivery! Fuming!,57476,@129036 So sorry for the issues! Without sharing personal account information can you please provided additional information? ^LS,Wed Nov 01 19:56:27 +0000 2017,129036,AmazonHelp,1,False,delivery_order_status,['delivery_order_status'],1,single_match,delivery_order_status,delivery_order_status
57472,57468,"@AmazonHelp Another day, another bent vinyl from @115830. Do you have any quality control before sending out damaged products? https://t.co/ya9NAHI827","Another day, another bent vinyl from . Do you have any quality control before sending out damaged products?",57466,@129034 Hey Benno! I'm sorry your vinyl came that way. You can see all refund/replacement options here: https://t.co/UM6Pb0q0lx ^AJ,Wed Nov 01 19:57:44 +0000 2017,129034,AmazonHelp,1,False,item_quality_issue,['item_quality_issue'],1,single_match,item_quality_issue,item_quality_issue
57432,57432,Viendo el primer episodio de @3238 en @123813. Quedé enganchado. Altamente recimendable la #Serie. #AmericanGods. 🎬,Viendo el primer episodio de en . Quedé enganchado. Altamente recimendable la #Serie. #AmericanGods. 🎬,57431,@129025 ¡Genial Dannicius! ¿Qué es lo que más te ha gustado? 😄📺 ^KS,Wed Nov 01 19:58:37 +0000 2017,129025,AmazonHelp,1,False,other,[],0,zero_match,other,
58153,58153,No matter how loud you cry @115850 is not gonna hear sellers. A blind eye approach. Stopping all Ads @128876 @115851 #HearUsAmazon https://t.co/jeCP6SD7C6,No matter how loud you cry is not gonna hear sellers. A blind eye approach. Stopping all Ads #HearUsAmazon,58151,@129201 please contact our seller support team here: https://t.co/hITbmQzz2y. We'll look into it. (2/2)^SQ,Wed Nov 01 20:01:09 +0000 2017,129201,AmazonHelp,2,False,seller_marketplace,['seller_marketplace'],1,single_match,seller_marketplace,seller_marketplace
57448,57448,Seriously though @115830 I paid for next day delivery yesterday morning at 7 o’clock It’s 35 hours later and my order still hasn’t arrived,Seriously though I paid for next day delivery yesterday morning at 7 o’clock It’s 35 hours later and my order still hasn’t arrived,57447,"@129031 So sorry for the delay, Lewis! We want to help! What is the current order status shown here: https://t.co/aaDyEz1VgE ^AD",Wed Nov 01 20:01:22 +0000 2017,129031,AmazonHelp,1,False,delivery_order_status,['delivery_order_status'],1,single_match,delivery_order_status,delivery_order_status
57441,57441,Another great @115821 packaging moment. I order two identical items and they post them in separate packages. Really? https://t.co/gHlO86g2Tg,Another great packaging moment. I order two identical items and they post them in separate packages. Really?,57439,@129027 We'd appreciate your feedback! You can leave packaging feedback here: https://t.co/IO9j3ENEGR ^BA,Wed Nov 01 20:03:17 +0000 2017,129027,AmazonHelp,1,False,delivery_order_status,['delivery_order_status'],1,single_match,delivery_order_status,delivery_order_status
57421,57421,"#HearUsAmazon

Fed up with garbage returns / No Track on our returns @115850 @115851 @128876 https://t.co/DgIvsmyaKT",#HearUsAmazon Fed up with garbage returns / No Track on our returns,57420,@129022 Sorry about the trouble with the returns. Please connect with us here: https://t.co/isRjP4ZiBn and we'll get this checked. ^HD,Wed Nov 01 20:06:09 +0000 2017,129022,AmazonHelp,1,False,other,[],0,zero_match,other,
57438,57434,@AmazonHelp Perfect thank you!,Perfect thank you!,57433,"@129026 You're very welcome, Louise! Please let us know if you ever have any other questions or concerns. ^WJ",Wed Nov 01 20:06:16 +0000 2017,129026,AmazonHelp,1,False,other,[],0,zero_match,other,
55059,55058,"@AmazonHelp yes I have been through all of the steps. I will check with nighbours further down the street tomorrow, but no notification of delivery 1/2","yes I have been through all of the steps. I will check with nighbours further down the street tomorrow, but no notification of delivery 1/2",55060,"@128483 Sorry for the frustration. When you have time, give us a shout here: https://t.co/JzP7hlA23B. We can assist in real-time. ^SK",Wed Nov 01 20:08:21 +0000 2017,128483,AmazonHelp,1,False,delivery_order_status,['delivery_order_status'],1,single_match,delivery_order_status,delivery_order_status
58137,58137,@AmazonHelp my book came like this? :( https://t.co/YXO3XhNvhj,my book came like this? :(,58136,@129196 I'm sorry to see it is bent. We can look into your options with you here: https://t.co/qy3J24VGxb ^AF,Wed Nov 01 20:09:18 +0000 2017,129196,AmazonHelp,1,False,other,[],0,zero_match,other,
58146,58145,"@115821 Yesterday I got an Amazon package for the third floor, and the fifth floor got mine - why is this so hard?","Yesterday I got an Amazon package for the third floor, and the fifth floor got mine - why is this so hard?",58144,"@129199 I'm so sorry that we didn't get your order to the right address, Jackie! Who was the carrier? https://t.co/Y5jpI9gRhE ^FR",Wed Nov 01 20:10:38 +0000 2017,129199,AmazonHelp,1,False,delivery_order_status,['delivery_order_status'],1,single_match,delivery_order_status,delivery_order_status
58158,58158,"I hate Amazon’s delivery supplier (AMZL US), they ALWAYS deliver my packages late, always. Smh.","I hate Amazon’s delivery supplier (AMZL US), they ALWAYS deliver my packages late, always. Smh.",58157,"@129202 I'm sorry that we've let you down, Manny! Have you contacted us to voice your concerns about the carrier? If so, what was advised?^FR",Wed Nov 01 20:11:21 +0000 2017,129202,AmazonHelp,1,False,delivery_order_status,['delivery_order_status'],1,single_match,delivery_order_status,delivery_order_status
58148,58148,Such a poor services of your Amazon customer services @115850 your  representative told me that i would be eligible for the cashback,Such a poor services of your Amazon customer services your representative told me that i would be eligible for the cashback,58147,@129200 Please share your details here: https://t.co/GIJyeYqKE0 and I'll get in touch with you. 2/2 ^HD,Wed Nov 01 20:12:55 +0000 2017,129200,AmazonHelp,2,False,service_complaint,['service_complaint'],1,single_match,service_complaint,service_complaint
58131,58131,@115830 been told my parcel was out for delivery since 630 now I'm told not to expect it till tomorrow. What is going on? It's prime,been told my parcel was out for delivery since 630 now I'm told not to expect it till tomorrow. What is going on? It's prime,58129,@129195 I'm so sorry for the wait! What does the order confirmation say the delivery date is? ^MH,Wed Nov 01 20:13:20 +0000 2017,129195,AmazonHelp,1,False,delivery_order_status,['delivery_order_status'],1,single_match,delivery_order_status,delivery_order_status
57425,57424,@AmazonHelp Ive done that but it only gives me the option of the 1 months free trial and then £9.99 a month after. No way of clicking on the linkyousent,Ive done that but it only gives me the option of the 1 months free trial and then £9.99 a month after. No way of clicking on the linkyousent,57426,@129023 Hmm.. Let's look into this together. Reach out via phone or chat here: https://t.co/JzP7hlA23B ^MT,Wed Nov 01 20:15:20 +0000 2017,129023,AmazonHelp,1,False,prime_membership,['prime_membership'],1,single_match,prime_membership,prime_membership
35965,35967,"@AmazonHelp I just wanted to update you on my experience w/ your customer svc center. Carmina listen to my problem and successfully resolved it, thxs! 🙂","I just wanted to update you on my experience w/ your customer svc center. Carmina listen to my problem and successfully resolved it, thxs! 🙂",35968,@123824 Wonderful! Thanks so much for sharing your experience with us! 😊 Let us know if you have any other questions/concerns. ^WJ,Wed Nov 01 20:15:22 +0000 2017,123824,AmazonHelp,1,False,other,[],0,zero_match,other,
58137,58135,@AmazonHelp Ahh no worries. Thanks for the help. Have a good day :),Ahh no worries. Thanks for the help. Have a good day :),58134,@129196 No problem! Just remember we are always here to help! ^LS,Wed Nov 01 20:15:54 +0000 2017,129196,AmazonHelp,1,False,other,[],0,zero_match,other,
58100,58099,@118706 @115821 Package Ripped halfway thru just to see whats inside smh,Package Ripped halfway thru just to see whats inside smh,58098,"@129191 Oh no! If anything is damaged or missing, please reach out to us here to review our options: https://t.co/hApLpMlfHN ^WT",Wed Nov 01 20:22:35 +0000 2017,129191,AmazonHelp,1,False,delivery_order_status,['delivery_order_status'],1,single_match,delivery_order_status,delivery_order_status
57472,57467,"@AmazonHelp This'll be the second return in as many days, what guarantee have I got that I'm going to get an undamaged record...3rd time lucky?!","This'll be the second return in as many days, what guarantee have I got that I'm going to get an undamaged record...3rd time lucky?!",57469,@129034 We are here for you! Please let us know if you have any further issues with your vinyl. ^BA,Wed Nov 01 20:23:46 +0000 2017,129034,AmazonHelp,1,False,item_quality_issue,['item_quality_issue'],1,single_match,item_quality_issue,item_quality_issue
58082,58082,I highly encourage everyone to NEVER preorder things from @115821 they can't provide an update on an item that i should have in 6 days.,I highly encourage everyone to NEVER preorder things from they can't provide an update on an item that i should have in 6 days.,58080,@118081 You will be e-mailed with any status updates. You can view communication here: https://t.co/GTzsyuWkmz ^AF,Wed Nov 01 20:24:38 +0000 2017,118081,AmazonHelp,1,False,other,[],0,zero_match,other,
18159,18149,"@AmazonHelp Called USPS for delivery info. Estimated hold time for the next representative is FIFTY MINUTES. As YOUR customer, I shouldn't be doing this","Called USPS for delivery info. Estimated hold time for the next representative is FIFTY MINUTES. As YOUR customer, I shouldn't be doing this",18151,@120034 We're able to contact the carrier on your behalf using the link ^LH provided above. ^KP,Wed Nov 01 20:26:33 +0000 2017,120034,AmazonHelp,1,False,delivery_order_status,['delivery_order_status'],1,single_match,delivery_order_status,delivery_order_status
58778,58778,Hey @115821 there should be no reason why my items should keep arriving bent and bruised up. Please package things more carefully. https://t.co/6YR1Xf7Aym,Hey there should be no reason why my items should keep arriving bent and bruised up. Please package things more carefully.,58777,@129379 So sorry Lana! Our packaging team would love to hear your feedback. Please provided that here: https://t.co/EfZQw8kWI5 ^LS,Wed Nov 01 20:29:50 +0000 2017,129379,AmazonHelp,1,False,delivery_order_status,['delivery_order_status'],1,single_match,delivery_order_status,delivery_order_status
52943,52933,"@AmazonHelp There is no option there, just says my refund has been issued as i requested - i did not request a refund!","There is no option there, just says my refund has been issued as i requested - i did not request a refund!",52935,@127923 Please give us a call at: 0 800 279 7234. Keep us posted.  ^CO,Wed Nov 01 20:30:51 +0000 2017,127923,AmazonHelp,1,False,refund_return,['refund_return'],1,single_match,refund_return,refund_return
59573,59573,"@115821 ""Package left in a secure location."" Really? My house is about 400' down the road. That's a ditch they're sitting in. https://t.co/gEtyDDG3iJ","""Package left in a secure location."" Really? My house is about 400' down the road. That's a ditch they're sitting in.",59572,@129589 Oh no! We'd like to help. Please click here: https://t.co/ACYX3he73O so a specialist can further assist.  ^NM,Wed Nov 01 20:32:22 +0000 2017,129589,AmazonHelp,1,False,delivery_order_status,['delivery_order_status'],1,single_match,delivery_order_status,delivery_order_status
58763,58763,#HearUsAmazon when an prime residential address is stated as address not found and sales are returned. Thats @115850 for sellers.,#HearUsAmazon when an prime residential address is stated as address not found and sales are returned. Thats for sellers.,58762,"@129377 Apologies for the experience, Deepak. Please reach us our support team from here: https://t.co/VkRCX0ipGi We'll assist. ^SV",Wed Nov 01 20:32:41 +0000 2017,129377,AmazonHelp,1,False,seller_marketplace,['seller_marketplace'],1,single_match,seller_marketplace,seller_marketplace
58082,58081,"@AmazonHelp I have not been emailed any status updates at all since I preordered the item over 2 months ago. so no, this is not true.","I have not been emailed any status updates at all since I preordered the item over 2 months ago. so no, this is not true.",58083,"@118081 We'd like to help! What's the current status of your order, shown here: https://t.co/Y5jpI9gRhE? ^AG",Wed Nov 01 20:32:53 +0000 2017,118081,AmazonHelp,1,False,service_complaint,['service_complaint'],1,single_match,service_complaint,service_complaint
59567,59567,"This is how I receive my parcels back from ATS, they literally treat these as garbages
#HearUsAmazon @115850 @115851 @127586 @2896 https://t.co/QuP8vX4MQh","This is how I receive my parcels back from ATS, they literally treat these as garbages #HearUsAmazon",59566,@129587 Please connect with us here: https://t.co/dLwuvfKO4S and we'll look into it. 2/2 ^HD,Wed Nov 01 20:34:48 +0000 2017,129587,AmazonHelp,2,False,delivery_order_status,['delivery_order_status'],1,single_match,delivery_order_status,delivery_order_status
56830,56840,@AmazonHelp we have been hearing that since 2 years. Almost 60k monthly is being chewed on wrong shipping updates! Still no actions. #HearUsAmazon,we have been hearing that since 2 years. Almost 60k monthly is being chewed on wrong shipping updates! Still no actions. #HearUsAmazon,56841,@128875 I understand your concern. Request you to share your details in the link provided earlier and we'll help you with this. ^SQ,Wed Nov 01 20:35:30 +0000 2017,128875,AmazonHelp,1,False,delivery_order_status,['delivery_order_status'],1,single_match,delivery_order_status,delivery_order_status
59585,59585,".@115821 you have ppl calling for personal info, that comes off as fraudulent. And rude, she hung up when asked to verify herself.",". you have ppl calling for personal info, that comes off as fraudulent. And rude, she hung up when asked to verify herself.",59582,@129591 Give us a shout here: https://t.co/hApLpMlfHN. We can look into your account and verify if that was us contacting you. ^SK,Wed Nov 01 20:36:40 +0000 2017,129591,AmazonHelp,1,False,other,[],0,zero_match,other,
59581,59576,@AmazonHelp Yes and if I would have known it wouldn’t be here today I wouldn’t have ordered,Yes and if I would have known it wouldn’t be here today I wouldn’t have ordered,59574,@129590 We'd like to help! What's the current tracking and carrier shown here: https://t.co/Y5jpI9gRhE?  ^AG,Wed Nov 01 20:41:09 +0000 2017,129590,AmazonHelp,1,False,other,[],0,zero_match,other,
61054,61054,"I know I make this complaint regularly, but why is there a direct path from @176 to @115821 but not the other way around?","I know I make this complaint regularly, but why is there a direct path from to but not the other way around?",61052,@129972 Hi Matthew! Are you requesting a direct path to Good Reads via the website or an Amazon device? ^SH,Wed Nov 01 20:42:25 +0000 2017,129972,AmazonHelp,1,False,service_complaint,['service_complaint'],1,single_match,service_complaint,service_complaint
54388,54392,"@AmazonHelp Consegui resolver o problema, mas precisei redefinir o aparelho. Obrigada!","Consegui resolver o problema, mas precisei redefinir o aparelho. Obrigada!",54393,@128311 Nada Thalyta! Estamos para ajudar! 😃💟📚 ^JJ,Wed Nov 01 20:42:33 +0000 2017,128311,AmazonHelp,1,False,other,[],0,zero_match,other,
59559,59559,@115830 my order still hasn't arrived and deliver said it was due today. Please can you help.,my order still hasn't arrived and deliver said it was due today. Please can you help.,59557,"@129586 If your parcel doesn't arrive by 21:00, Becca. Give us a shout here: https://t.co/JzP7hlA23B. We'd be happy to help. ^SK",Wed Nov 01 20:43:59 +0000 2017,129586,AmazonHelp,1,False,delivery_order_status,['delivery_order_status'],1,single_match,delivery_order_status,delivery_order_status
59533,59533,"4 years later and @115821 still hasn't retained instructions on how to leave packages at my apartment for me.
👏👏👏",4 years later and still hasn't retained instructions on how to leave packages at my apartment for me. 👏👏👏,59531,"@129580 So sorry about this, Matt! We're here to help! Could you tell us the carrier for delivery?: https://t.co/Y5jpI9gRhE ^VB",Wed Nov 01 20:49:19 +0000 2017,129580,AmazonHelp,1,False,delivery_order_status,['delivery_order_status'],1,single_match,delivery_order_status,delivery_order_status
52943,52939,"@AmazonHelp So i will just accept the refund i did not ask for and buy the book in another place, thank you.","So i will just accept the refund i did not ask for and buy the book in another place, thank you.",52940,"@127923 We don't have access to your account, on Twitter. You'll want to contact us using the info above to explore that option. ^AF",Wed Nov 01 20:54:10 +0000 2017,127923,AmazonHelp,1,False,refund_return,['refund_return'],1,single_match,refund_return,refund_return
59524,59524,@115850 have cheated &amp; delivered a duplicate product of @7166 which is different from the original product as displayed. https://t.co/MnarBn5yN0,have cheated &amp; delivered a duplicate product of which is different from the original product as displayed.,59523,@129577 Sorry about this experience. Please report this to our team here: https://t.co/TdDksLo6Mf and we'll look into this. ^MK,Wed Nov 01 20:55:23 +0000 2017,129577,AmazonHelp,1,False,delivery_order_status,['delivery_order_status'],1,single_match,delivery_order_status,delivery_order_status
61035,61035,"Cried for 2 hrs straight this evening ‘cause neither @122232 or @AmazonHelp could be bothered to deliver to me. So yes, I am still pregnant.","Cried for 2 hrs straight this evening ‘cause neither or could be bothered to deliver to me. So yes, I am still pregnant.",61031,@129967 I'm so sorry you didn't receive your package! Did we miss the date confirmed in the e-mail: https://t.co/AeITQOg79U? ^DG,Wed Nov 01 20:56:15 +0000 2017,129967,AmazonHelp,1,False,delivery_order_status,['delivery_order_status'],1,single_match,delivery_order_status,delivery_order_status
60232,60232,@115830 @@AmazonHelp @129773 just spent 40mins on sos to your agent and no closer am i to using a service you are charging me for,@ just spent 40mins on sos to your agent and no closer am i to using a service you are charging me for,60230,"@129772 I'm sorry for the frustrating experience! Without providing personal information, what is the issue you are experiencing? ^TN",Wed Nov 01 21:01:54 +0000 2017,129772,AmazonHelp,1,False,payment_billing,['payment_billing'],1,single_match,payment_billing,payment_billing
62195,62195,@115821 I'm home alone with a two year old. Delivery person left these downstairs ? Mind you they're heavy and there's an elevator! https://t.co/e44bZxEPhn,I'm home alone with a two year old. Delivery person left these downstairs ? Mind you they're heavy and there's an elevator!,62192,"@130243 I'm sorry for the frustration! We'd like to better understand what happened, is this an apartment hallway or mail room? ^CC",Wed Nov 01 21:05:34 +0000 2017,130243,AmazonHelp,1,False,delivery_order_status,['delivery_order_status'],1,single_match,delivery_order_status,delivery_order_status
59533,59532,"@AmazonHelp local Amazon driver, not a mail carrier.","local Amazon driver, not a mail carrier.",59534,"@129580 Our team would like to escalate this for you, Matt. Please provide us with your details here: https://t.co/GPjfIIa4u7 ^BE",Wed Nov 01 21:05:48 +0000 2017,129580,AmazonHelp,1,False,delivery_order_status,['delivery_order_status'],1,single_match,delivery_order_status,delivery_order_status
61045,61045,Shoutout to whoever stole my Amazon package I hope you enjoy your kitty litter and tapestry ☹️☹️☹️,Shoutout to whoever stole my Amazon package I hope you enjoy your kitty litter and tapestry ☹️☹️☹️,61044,@129969 I'm sorry for the missing order! Please reach out to us here and we'll be glad to investigate: https://t.co/hApLpMlfHN ^FJ,Wed Nov 01 21:06:03 +0000 2017,129969,AmazonHelp,1,False,delivery_order_status,['delivery_order_status'],1,single_match,delivery_order_status,delivery_order_status
58091,58090,"@AmazonHelp If it's in stock, why wouldn't it ship today or tomorrow?","If it's in stock, why wouldn't it ship today or tomorrow?",58093,@129187 I'm sorry for the trouble! Some items take additional time to process for shipping. ^LJ,Wed Nov 01 21:06:41 +0000 2017,129187,AmazonHelp,1,False,other,[],0,zero_match,other,
57448,57449,@115830 The order status says it’s out for delivery and was expected to be delivered by 9pm. It’s now 9:15om and I still don’t have it,The order status says it’s out for delivery and was expected to be delivered by 9pm. It’s now 9:15om and I still don’t have it,61048,"@129031 Thanks for keeping us posted, Lewis! Please contact us by Phone or Chat: https://t.co/JzP7hlA23B . Keep us posted! ^FR",Wed Nov 01 21:13:53 +0000 2017,129031,AmazonHelp,1,False,delivery_order_status,['delivery_order_status'],1,single_match,delivery_order_status,delivery_order_status
61030,61030,"@116875 por qué usas un servicio tan pésimo como @118923 ? 
Si quieres que dejemos de comprar mejor usa  @129966 #malservicio",por qué usas un servicio tan pésimo como ? Si quieres que dejemos de comprar mejor usa #malservicio,61029,"@129965 Hola Aldo, ¿tienes algún pedido pendiente de entrega actualmente con @118923? ^LG",Wed Nov 01 21:20:23 +0000 2017,129965,AmazonHelp,1,False,other,[],0,zero_match,other,
61025,61025,So I change my country of residence &amp; I get charged again for prime services without mentioning that before?!  #NotCool #UX 🤬  @116316,So I change my country of residence &amp; I get charged again for prime services without mentioning that before?! #NotCool #UX 🤬,61022,"@129964 Hi, the membership is renewing until you end it. You can manage your prime membership here: https://t.co/LyyyCwX4aK Regards ^MI",Wed Nov 01 21:20:29 +0000 2017,129964,AmazonHelp,1,False,payment_billing,['payment_billing'],1,single_match,payment_billing,payment_billing
63159,63159,So mad at @115821 they sent the wrong item.  I got tattoo ink instead of cross stitch supplies!!! I need it today &amp;now I have to wait week,So mad at they sent the wrong item. I got tattoo ink instead of cross stitch supplies!!! I need it today &amp;now I have to wait week,63158,@130481 I'm very sorry for the mix-up! Please let us know if there are any further issues or if assistance is needed with the return. ^KL,Wed Nov 01 21:21:59 +0000 2017,130481,AmazonHelp,1,False,item_quality_issue,['item_quality_issue'],1,single_match,item_quality_issue,item_quality_issue
53513,53515,"@AmazonHelp OK, is there a way to change the shipping address to an Amazon locker then? My saved locker is not showing when I attempt this.","OK, is there a way to change the shipping address to an Amazon locker then? My saved locker is not showing when I attempt this.",53516,"@128090 We'd be happy to look into available options with you. Please reach us by phone or chat here: https://t.co/hApLpMlfHN
^CC",Wed Nov 01 21:24:05 +0000 2017,128090,AmazonHelp,1,False,delivery_order_status,['delivery_order_status'],1,single_match,delivery_order_status,delivery_order_status
63150,63150,@128308 firestick remote voice control works only for prime video but not inside other apps- like @15462. Not efficient,firestick remote voice control works only for prime video but not inside other apps- like . Not efficient,63149,@130478 I understand your concern. Kindly connect with us here: https://t.co/ptGnF3PKEB. We'll look into it. ^SQ,Wed Nov 01 21:28:01 +0000 2017,130478,AmazonHelp,1,False,device_digital_content,['device_digital_content'],1,single_match,device_digital_content,device_digital_content
62184,62184,"@AmazonHelp your customer service is a joke, worst agents out there","your customer service is a joke, worst agents out there",62182,"@130241 I'm sorry for the poor experience! Without giving account/personal details, can you tell us what's going on? ^AC",Wed Nov 01 21:30:57 +0000 2017,130241,AmazonHelp,1,False,service_complaint,['service_complaint'],1,single_match,service_complaint,service_complaint
62162,62159,@AmazonHelp Tuesday but i got an email saying it was delivered on monday and ive asked everyone in my household but they all confirmed nothing came in,Tuesday but i got an email saying it was delivered on monday and ive asked everyone in my household but they all confirmed nothing came in,62157,"@130236 I'm sorry about the trouble with this! We'd like to help. Just to confirm, which Amazon marketplace did you order from? ^HC",Wed Nov 01 21:32:21 +0000 2017,130236,AmazonHelp,1,False,delivery_order_status,['delivery_order_status'],1,single_match,delivery_order_status,delivery_order_status
62172,62172,@AmazonHelp muchas gracias por resolver el problemilla que hubo con el envío. Así da gusto,muchas gracias por resolver el problemilla que hubo con el envío. Así da gusto,62171,"@123484 Nos alegra saber que hemos podido brindarte asistencia, Suarez. Cuenta con nosotros siempre 😊  ^LG",Wed Nov 01 21:34:13 +0000 2017,123484,AmazonHelp,1,False,other,[],0,zero_match,other,
61021,61015,@AmazonHelp Gleiche stand wie Montag nur das es da steht wird in kurze versendet 🙈😂,Gleiche stand wie Montag nur das es da steht wird in kurze versendet 🙈😂,61016,@122220 Generell kann es ausreichen wenn die Sendung morgen Abend bzw. Nacht rausgeht. Das ist abhängig von der Strecke zu dir. 😃 ^MH,Wed Nov 01 21:35:19 +0000 2017,122220,AmazonHelp,1,False,other,[],0,zero_match,other,
61025,61023,@AmazonHelp The problem is not the service itself the problem is that you don't communicate this is gonna happen! 😡 I lost 4 months of membership.,The problem is not the service itself the problem is that you don't communicate this is gonna happen! 😡 I lost 4 months of membership.,61026,@129964 (1/2) Other Amazon sites offer separate memberships to Amazon Prime for benefits at that particular site.,Wed Nov 01 21:35:52 +0000 2017,129964,AmazonHelp,2,False,other,[],0,zero_match,other,
63152,63152,@AmazonHelp yoooo where’s my package. Your website says delivered my house says otherwise,yoooo where’s my package. Your website says delivered my house says otherwise,63151,@130479 Oh no! Let's try locating your missing shipment by following the steps here: https://t.co/Uo2lAvxHgQ. Please keep us posted! ^FD,Wed Nov 01 21:36:09 +0000 2017,130479,AmazonHelp,1,False,delivery_order_status,['delivery_order_status'],1,single_match,delivery_order_status,delivery_order_status
63148,63148,"Mom asked me why my @115821 order required a three foot box.  Good question, Mom. https://t.co/7f8VRZbSpA","Mom asked me why my order required a three foot box. Good question, Mom.",63147,@130477 We're always looking for ways to improve! Please submit your Packaging Feedback here: https://t.co/MUPehTYzRV ^AC,Wed Nov 01 21:46:56 +0000 2017,130477,AmazonHelp,1,False,delivery_order_status,['delivery_order_status'],1,single_match,delivery_order_status,delivery_order_status
63132,63132,@115821 @AmazonHelp @120319 @734 @3544 @130474 @120320 @115851. No repsonse from amazon yet. Pathetic services,. No repsonse from amazon yet. Pathetic services,63130,@130473 We've responded to your query via DM. Please check. ^HD,Wed Nov 01 21:51:22 +0000 2017,130473,AmazonHelp,1,False,service_complaint,['service_complaint'],1,single_match,service_complaint,service_complaint
35936,35939,"@AmazonHelp Awesome, thank you!","Awesome, thank you!",35940,"@123816 You're welcome. Please let us know if you have any other questions or concerns, we're here for you! 😃 ^EB",Wed Nov 01 21:53:30 +0000 2017,123816,AmazonHelp,1,False,other,[],0,zero_match,other,
63125,63125,What is with @115830 recently? A pre-order that was due this week now has a delivery estimate between now-Jan '18. Are you kidding me?,What is with recently? A pre-order that was due this week now has a delivery estimate between now-Jan '18. Are you kidding me?,63124,@130470 I'm sorry that your package is being delivered later than expected! Let us know if it doesn't arrive on January 18th. ^TN,Wed Nov 01 21:53:56 +0000 2017,130470,AmazonHelp,1,False,delivery_order_status,['delivery_order_status'],1,single_match,delivery_order_status,delivery_order_status
63141,63140,@AmazonHelp A vendor. Is there an account that can assist?,A vendor. Is there an account that can assist?,63142,"@130476 We're unable to access vendor details via Twitter, but we'd like to help. Please reach us here: https://t.co/ZqtPdOyKO5 ^NS",Wed Nov 01 21:55:07 +0000 2017,130476,AmazonHelp,1,False,other,[],0,zero_match,other,
63132,63131,@AmazonHelp @115821 @AmazonHelp @120319 @734 @3544 @130474 @120320 @115851... I did respond back to... Thanks,... I did respond back to... Thanks,63133,@130473 Please reply to the email sent by us for further queries and we'll assist you accordingly. ^NR,Wed Nov 01 21:56:17 +0000 2017,130473,AmazonHelp,1,False,other,[],0,zero_match,other,
63123,63120,@AmazonHelp My feedback is simple: items should be packed so as to not move during shipping,My feedback is simple: items should be packed so as to not move during shipping,63121,@130469 Thank you for letting us know. You can submit packaging feedback via e-mail here: https://t.co/hApLpMlfHN ^EB,Wed Nov 01 22:02:49 +0000 2017,130469,AmazonHelp,1,False,delivery_order_status,['delivery_order_status'],1,single_match,delivery_order_status,delivery_order_status
38811,38810,@AmazonHelp I keep chasing u guys and finally ur reply https://t.co/wgHLRIVchr,I keep chasing u guys and finally ur reply,38812,@122363 Please don't provide your order details as we consider it personal information. Our twitter page is visible to public. (2/2)^SQ,Wed Nov 01 22:13:21 +0000 2017,122363,AmazonHelp,2,False,other,[],0,zero_match,other,
62195,62193,@AmazonHelp Usually they bring the boxes up no matter how big or small they are :(,Usually they bring the boxes up no matter how big or small they are :(,62196,@130243 Thanks for letting us know! We'd like to take a closer look into this with you here: https://t.co/hApLpMlfHN ^QJ,Wed Nov 01 22:25:59 +0000 2017,130243,AmazonHelp,1,False,other,[],0,zero_match,other,
43301,43297,@AmazonHelp Only Facebook is linked and I rarely use Facebook. I will be changing my password and unblinking Facebook just in case,Only Facebook is linked and I rarely use Facebook. I will be changing my password and unblinking Facebook just in case,43298,"@125594 I'm sorry this is happening. If the problem persists, you can contact us here: https://t.co/hApLpMlfHN via phone or chat. ^AY",Wed Nov 01 22:28:47 +0000 2017,125594,AmazonHelp,1,False,account_access,['account_access'],1,single_match,account_access,account_access
272,272,amazonのfireTVstickが見れない😢,amazonのfireTVstickが見れない😢,269,@115770 こんにちは、アマゾン公式です。Fire TV Stickが見れないというのは、どのような状況でしょうか。一般的なトラブルシューティングを記載したヘルプがございますので、ご参照ください。https://t.co/2pbG55qJ7h ET,Wed Nov 22 09:14:39 +0000 2017,115770,AmazonHelp,1,False,device_digital_content,['device_digital_content'],1,single_match,device_digital_content,device_digital_content
3655,3655,"just noticed I paid £4.95 delivery on Amazon simply because I did not select the FREE delivery option, after I spent enough to qualify... what a RIP OFF, why is it not free automatically when qualifying @115830","just noticed I paid £4.95 delivery on Amazon simply because I did not select the FREE delivery option, after I spent enough to qualify... what a RIP OFF, why is it not free automatically when qualifying",3654,"@116586 Hi, you can edit your order at any time before it enters the dispatch process. To do this please check out our help page: https://t.co/wRa3FyXyBb ^KI",Wed Nov 22 10:02:47 +0000 2017,116586,AmazonHelp,1,False,delivery_order_status,['delivery_order_status'],1,single_match,delivery_order_status,delivery_order_status
8581,8581,@AmazonHelp hi I cancelled an item today but the money has not shown back up in my bank yet can you tell me how long it takes?,hi I cancelled an item today but the money has not shown back up in my bank yet can you tell me how long it takes?,8580,"@117511 Hi there, items are not billed to you until they have shipped. If you have been charged for the order already, the refund will reflect on your account within 5-7 business days. You can read more about it here:

https://t.co/dexHjftwpD

-RD",Wed Nov 22 11:20:19 +0000 2017,117511,AmazonHelp,1,False,other,[],0,zero_match,other,
4840,4843,"@116313 AmazonPrime発送で詐欺の恐れはありますか？
Nintendo Switchを購入したいんですが
親にAmazon販売.発送じゃないという事を理由に断られました

AmazonPrimeは安心なのでしょうか

AmazonPrimeの商品はAmazonが責任を持って自宅に届けてもらえるのでしょうか？
それとも販売ショップからの発送ですか？",AmazonPrime発送で詐欺の恐れはありますか？ Nintendo Switchを購入したいんですが 親にAmazon販売.発送じゃないという事を理由に断られました AmazonPrimeは安心なのでしょうか AmazonPrimeの商品はAmazonが責任を持って自宅に届けてもらえるのでしょうか？ それとも販売ショップからの発送ですか？,11348,@118168 発送元が「Amazon」とある商品は、Amazonの配送センターから発送される商品でございます。＊販売元は「Amazon」と「出品者」の場合がございます。なお、万が一お届けした商品に問題があった場合は、カスタマーサービスにて対応させていただきますので、いつでもお問い合わせください。TN,Wed Nov 22 12:48:05 +0000 2017,118168,AmazonHelp,1,False,other,[],0,zero_match,other,
14084,14084,"そういえば28日発売なのにAmazon予約したPrince写真集の支払い番号まだ届かないってやばみ？
誰か〜Amazonで注文してる人いませんか〜",そういえば28日発売なのにAmazon予約したPrince写真集の支払い番号まだ届かないってやばみ？ 誰か〜Amazonで注文してる人いませんか〜,14083,@118977 リプライ失礼いたします。予約商品をコンビニ払いでお支払いいただく場合、発売日が近付き商品が出荷準備に入りしだい、お支払い番号をお送りいたします。恐れ入りますが、今しばらくお待ちください。 https://t.co/kMoy2aLjYq  HM,Wed Nov 22 13:22:49 +0000 2017,118977,AmazonHelp,1,False,other,[],0,zero_match,other,
65889,65889,@115850 If I don't receive a call from delivery guy then I won't get my parcel and delivery will be attempted on next day when my vacations are starting. Shame on such services. Very disappointed. #shame #Amazon  #bad_service,If I don't receive a call from delivery guy then I won't get my parcel and delivery will be attempted on next day when my vacations are starting. Shame on such services. Very disappointed. #shame #Amazon #bad_service,65888,"@131070 Apologies for the delay in the delivery of your order, Have you reported this to our support team yet? If not please report this to our support team here: https://t.co/rS49hgsbvd and we'll look into it right away. ^SU",Wed Nov 22 14:26:52 +0000 2017,131070,AmazonHelp,1,False,delivery_order_status,['delivery_order_status'],1,single_match,delivery_order_status,delivery_order_status
23038,23038,"@115821 I got it today. It’s impossible to find the instructions for return and refund. Anyway, the refund is only 14$, ant the whole thing costed 46$. Not fair","I got it today. It’s impossible to find the instructions for return and refund. Anyway, the refund is only 14$, ant the whole thing costed 46$. Not fair",23032,@121014 Hello! We don't have access to your Amazon account via Twitter. When you have time please get in touch with us here: https://t.co/hApLpMlfHN We'll be happy to help!^CN,Wed Nov 22 15:54:01 +0000 2017,121014,AmazonHelp,1,False,refund_return,['refund_return'],1,single_match,refund_return,refund_return
29472,29472,"tracked the @115830 driver going around in circles today, not able to find the Royal mail office with 50 bright red vans in the car park. got a ""failed to deliver"" message.","tracked the driver going around in circles today, not able to find the Royal mail office with 50 bright red vans in the car park. got a ""failed to deliver"" message.",29470,"@122478 I'm sorry we weren't able to deliver your parcel! We'd like to help! When you have the time, please reach out to us here: https://t.co/JzP7hlA23B for more assistance with this. ^TK",Wed Nov 22 17:28:52 +0000 2017,122478,AmazonHelp,1,False,delivery_order_status,['delivery_order_status'],1,single_match,delivery_order_status,delivery_order_status
58203,58203,@115851 @115850 products r not delivering with commitment time as mentioned in amazon site.No proper response from CS. if u r not delivering with in time don't mention time frame in website.,products r not delivering with commitment time as mentioned in amazon site.No proper response from CS. if u r not delivering with in time don't mention time frame in website.,58202,@129216 That's quite a remark. Could you please let us know if any of your orders are yet to be delivered? We'd like to help you. ^MN,Wed Nov 22 17:30:45 +0000 2017,129216,AmazonHelp,1,False,delivery_order_status,['delivery_order_status'],1,single_match,delivery_order_status,delivery_order_status
29472,29471,"@AmazonHelp Thank you, I have just received a message for a re-delivery, so I presume that will be a different driver, I have also left extra instructions, thank you for your quick response and concern.","Thank you, I have just received a message for a re-delivery, so I presume that will be a different driver, I have also left extra instructions, thank you for your quick response and concern.",29473,@122478 Thank you very much for the update. Glad everything was sorted out. Hope you receive your order soon. Keep us posted. ^CO,Wed Nov 22 17:46:57 +0000 2017,122478,AmazonHelp,1,False,delivery_order_status,['delivery_order_status'],1,single_match,delivery_order_status,delivery_order_status
38563,38563,"Si je dois faire un achat pour le Black Friday, ça sera la montre Samsung Gear S3. Je compte sur vous @120533","Si je dois faire un achat pour le Black Friday, ça sera la montre Samsung Gear S3. Je compte sur vous",38562,"@124406 N'hésitez pas à scruter les promotions, peut-être qu'il y aura une surprise pour vous 😉 ^MA",Wed Nov 22 18:08:58 +0000 2017,124406,AmazonHelp,1,False,other,[],0,zero_match,other,
38563,38561,@AmazonHelp J’espère bien haha,J’espère bien haha,38560,@124406 C'est tout ce que votre liste de Noël contient cette année ? 😜 ^MA,Wed Nov 22 18:48:37 +0000 2017,124406,AmazonHelp,1,False,other,[],0,zero_match,other,
53431,53431,えぇ…なんでサインインできないねん…8回ほど注文して代金も払ってるし、垢BANされる所が見当たらないんだけど…注文してないと垢BANされんの？ふざけてんの？ #Amazon,えぇ…なんでサインインできないねん…8回ほど注文して代金も払ってるし、垢BANされる所が見当たらないんだけど…注文してないと垢BANされんの？ふざけてんの？ #Amazon,53430,@128063 パスワードを変更いただいても問題が解決しない場合は、お手数ですがカスタマーサービスまでお問い合わせください。パスワード変更＞https://t.co/3lqcg5mn85　お問い合わせ＞https://t.co/J6YEizo6qC　MH,Wed Nov 22 19:28:03 +0000 2017,128063,AmazonHelp,1,False,other,[],0,zero_match,other,
38574,38566,@AmazonHelp Order has been delayed multiple times,Order has been delayed multiple times,38564,"@124407 Oh no! I'm so sorry for any inconvenience that may have caused. Just to confirm, which Amazon site did you use to place your order (https://t.co/nUUp5MLhYl, https://t.co/ykTUEmdsQA, Amazon.es, etc.)? We'd like to help in any way we can! ^BL",Wed Nov 22 19:28:30 +0000 2017,124407,AmazonHelp,1,False,delivery_order_status,['delivery_order_status'],1,single_match,delivery_order_status,delivery_order_status
38574,38565,@AmazonHelp Amazon UK,Amazon UK,38567,@124407 What is the most recent delivery estimate shown: https://t.co/BQmcNXViiI? ^SJ,Wed Nov 22 19:32:32 +0000 2017,124407,AmazonHelp,1,False,other,[],0,zero_match,other,
38574,38568,@AmazonHelp It was supposed to be delivered today and now it's saying rescheduled due to customer request. And I have not request anything,It was supposed to be delivered today and now it's saying rescheduled due to customer request. And I have not request anything,38569,@124407 Thanks for the update; has the order already been dispatched? ^GS,Wed Nov 22 19:38:20 +0000 2017,124407,AmazonHelp,1,False,delivery_order_status,['delivery_order_status'],1,single_match,delivery_order_status,delivery_order_status
38554,38553,"@AmazonHelp Si, linee guida rispettate in entrambe le recensioni. Si vede che la foto è troppo scomoda.","Si, linee guida rispettate in entrambe le recensioni. Si vede che la foto è troppo scomoda.",38555,@124405 Alex mi spiace per l'inconveniente. Il nostro Servizio Clienti resta a tua disposizione! A presto! ^RP,Wed Nov 22 19:41:03 +0000 2017,124405,AmazonHelp,1,False,other,[],0,zero_match,other,
52171,52167,@AmazonHelp No puedo por que tengo mi cuenta aun bloqueada y ya llame al servicio al cliente para arreglar eso pero aun sigue bloqueada,No puedo por que tengo mi cuenta aun bloqueada y ya llame al servicio al cliente para arreglar eso pero aun sigue bloqueada,52166,"@127729 Te recomendamos revisar la carpeta de correo no deseado para que verifiques si has recibido el correo. Si no lo has recibido, por favor contacta al correo electrónico que encontraras en el siguiente enlace: https://t.co/7LuYcqyN8d. ^AA",Wed Nov 22 20:56:03 +0000 2017,127729,AmazonHelp,1,False,other,[],0,zero_match,other,
69264,69264,"Hey @115821 @AmazonHelp not sure this is the best/safest place to leave a package... in the grass, by the mailbox, next to the street in plain sight.... https://t.co/SUTwX8cFPe","Hey not sure this is the best/safest place to leave a package... in the grass, by the mailbox, next to the street in plain sight....",69263,@131675 I'm so sorry to see this! Can you let us know who the carrier was for the order? You can review this information here: https://t.co/q4LAMZ3tbE ^JS,Wed Nov 22 21:03:13 +0000 2017,131675,AmazonHelp,1,False,delivery_order_status,['delivery_order_status'],1,single_match,delivery_order_status,delivery_order_status
44928,44928,@AmazonHelp I was promised a full refund for an item but I have been not refunded postage,I was promised a full refund for an item but I have been not refunded postage,44926,"@125940 Thanks for reaching out, Tim- I'm sorry for any trouble! We'd like to look into this with you. What was the reason for the return? Let us know! ^BL",Wed Nov 22 21:10:44 +0000 2017,125940,AmazonHelp,1,False,refund_return,['refund_return'],1,single_match,refund_return,refund_return
52171,52163,@AmazonHelp No tengo herramienta para mandar un fax,No tengo herramienta para mandar un fax,52162,"@127729 En este caso intenta contactarnos por este enlace: 
https://t.co/GnWucHfgbs    ^JJ",Wed Nov 22 21:30:37 +0000 2017,127729,AmazonHelp,1,False,other,[],0,zero_match,other,
50451,50451,"@120533 Un peu cher le détachant, non ? https://t.co/kUsdlmpLDf","Un peu cher le détachant, non ?",50450,"@127321 Bonsoir, il s'agit, en effet, d'une erreur qui a déjà été remonté au service concerné pour résolution. Merci pour votre intérêt. ^BR",Wed Nov 22 22:06:33 +0000 2017,127321,AmazonHelp,1,False,other,[],0,zero_match,other,
52157,52157,"Just wanted to say, maybe stop worrying about grocery delivery and buying Whole Foods, and get back to just delivering packages on time. Third item dorked in two consecutive orders. Trying to give you guys 2nd chances, but I think I'm gonna be out @115821 @115851 https://t.co/RHjCU0C6Ig","Just wanted to say, maybe stop worrying about grocery delivery and buying Whole Foods, and get back to just delivering packages on time. Third item dorked in two consecutive orders. Trying to give you guys 2nd chances, but I think I'm gonna be out",52154,"@127727 I'm very sorry for the recent delivery issues. Without sharing personal or account details, will you let us know what information or options were we able to provide when you contacted us about this? ^CL",Wed Nov 22 22:49:07 +0000 2017,127727,AmazonHelp,1,False,delivery_order_status,['delivery_order_status'],1,single_match,delivery_order_status,delivery_order_status
52157,52153,@AmazonHelp I am pretty certain your frontline customer service reps are just providing stock answers and responses and providing assurances that a problem is taken care of to make their quotas or incentive levels and leaving the fallout to your escalation tier. They just need to be honest.,I am pretty certain your frontline customer service reps are just providing stock answers and responses and providing assurances that a problem is taken care of to make their quotas or incentive levels and leaving the fallout to your escalation tier. They just need to be honest.,52151,"@127727 Thank you for being a Prime member Agasicles! I know I may be asking too much, but could you please arrange for a return by using the UPS pick up option under your order, so the package can be returned, check your order here: htp://amzn.to/NAYourOrders? ^SY https://t.co/1XyLaGkcaN",Wed Nov 22 23:05:50 +0000 2017,127727,AmazonHelp,1,False,service_complaint,['service_complaint'],1,single_match,service_complaint,service_complaint
65829,65827,@131058 @115821 LaserShip hmm I think I’ve had dealings with them in the past. The ones I’m talking about are called ‘Amazon Logistics’. It’s their own cost cutting delivery service that *tries* to deliver almost all Prime orders now. Awful. Run for cover when they roll out their drone service!,LaserShip hmm I think I’ve had dealings with them in the past. The ones I’m talking about are called ‘Amazon Logistics’. It’s their own cost cutting delivery service that *tries* to deliver almost all Prime orders now. Awful. Run for cover when they roll out their drone service!,65826,"@131057 Hi, Mark! If you are consistently having issues with the same carrier, you can reach out to us via phone or chat and request that carrier be deprioritized. That would tell the fulfillment centers to look for another carrier for your packages in the future. ^SP",Wed Nov 29 05:44:55 +0000 2017,131057,AmazonHelp,1,False,delivery_order_status,['delivery_order_status'],1,single_match,delivery_order_status,delivery_order_status
65795,65795,"@115851 @115821 @115850 Thanks for lying, but let me remind no one is begger here to accept your alms. Refnd my money as promised. First robbed 2000 from my account and now stopped my refund, how much more you will rob? https://t.co/KtsEywyx8Y","Thanks for lying, but let me remind no one is begger here to accept your alms. Refnd my money as promised. First robbed 2000 from my account and now stopped my refund, how much more you will rob?",65794,@131048 We would like to help you. Please share your details with us here: https://t.co/GIJyeYqKE0. We'll get in touch shortly. ^CB,Wed Nov 29 11:23:14 +0000 2017,131048,AmazonHelp,1,False,refund_return,['refund_return'],1,single_match,refund_return,refund_return
65795,65793,@AmazonHelp Already filled it multiple time but no reply from your end.,Already filled it multiple time but no reply from your end.,65792,"@131048 We haven't received your details yet. I request you to kindly fill in the details once again through: https://t.co/GIJyeYqKE0 so that we can work on this right away, without any further delay. ^SU",Wed Nov 29 11:49:40 +0000 2017,131048,AmazonHelp,1,False,service_complaint,['service_complaint'],1,single_match,service_complaint,service_complaint
69933,69924,@AmazonHelp I’m asked again &amp; again to wait for 24-48 hours. Already 48hours are over!,I’m asked again &amp; again to wait for 24-48 hours. Already 48hours are over!,69923,"@131820 Sorry for the stretch, Akshay. Kindly write back to the email you have received here: https://t.co/DTSNmGldJf and we'll get back to you soon with an appropriate resolution. ^SY",Wed Nov 29 11:58:20 +0000 2017,131820,AmazonHelp,1,False,other,[],0,zero_match,other,
65714,65708,@AmazonHelp @131037 Second time waiting to hear back while investigating the courier. Please do call us back this time. Had to phone up loads to get the first non delivery sorted.,Second time waiting to hear back while investigating the courier. Please do call us back this time. Had to phone up loads to get the first non delivery sorted.,65707,@131036 Please let us know if you don't hear back regarding the investigation! ^RO,Wed Nov 29 12:19:37 +0000 2017,131036,AmazonHelp,1,False,delivery_order_status,['delivery_order_status'],1,single_match,delivery_order_status,delivery_order_status
65795,65791,@AmazonHelp Have filled it again. Please check.,Have filled it again. Please check.,65790,@131048 If you've shared your details we'll get back to you with an update. ^MN,Wed Nov 29 12:21:27 +0000 2017,131048,AmazonHelp,1,False,other,[],0,zero_match,other,
65714,65706,"@AmazonHelp Delivery was said to have been at 12:44 yesterday. I called in the evening. The 24h wait, is that from my call or 'recorded delivery'?","Delivery was said to have been at 12:44 yesterday. I called in the evening. The 24h wait, is that from my call or 'recorded delivery'?",65705,"@131036 Since you received the confirmation that an investigation is pending, thank you for your patience while the investigation takes place. ^BD",Wed Nov 29 12:29:59 +0000 2017,131036,AmazonHelp,1,False,delivery_order_status,['delivery_order_status'],1,single_match,delivery_order_status,delivery_order_status
65763,65763,@AmazonHelp @117634 why does the refurbished black kindle not ship to Northern Ireland but it’s the white one does?!🤷🏻‍♀️😐,why does the refurbished black kindle not ship to Northern Ireland but it’s the white one does?!🤷🏻‍♀️😐,65761,"@131042 Hi, Kelsey! Could you share a link of the specific item you're looking at so we can review it with you?  We're here to help in any way we can! ^AZ",Wed Nov 29 13:03:14 +0000 2017,131042,AmazonHelp,1,False,device_digital_content,['device_digital_content'],1,single_match,device_digital_content,device_digital_content
64214,64212,@AmazonHelp Am I just going to keep waiting in every day for something that’s not going to arrive? I’ve took 4 days off work to try and wait for this and amazon want to offer me £5 compensation which isn’t even 1% of my losses. Why can I not speak to the courier directly? https://t.co/OXuUyevPJK,Am I just going to keep waiting in every day for something that’s not going to arrive? I’ve took 4 days off work to try and wait for this and amazon want to offer me £5 compensation which isn’t even 1% of my losses. Why can I not speak to the courier directly?,64211,@130736 Did the agent you spoke to say that they would contact the carrier? ^JJ,Wed Nov 29 13:13:01 +0000 2017,130736,AmazonHelp,1,False,delivery_order_status,['delivery_order_status'],1,single_match,delivery_order_status,delivery_order_status
64214,64208,"@AmazonHelp This is ridiculous, I’ve literally just shown what the tracking is showing and your asking again, can you not look through the thread of tweets? Something needs to be done ASAP otherwise I’ll just cancel my order","This is ridiculous, I’ve literally just shown what the tracking is showing and your asking again, can you not look through the thread of tweets? Something needs to be done ASAP otherwise I’ll just cancel my order",64207,@130736 Our team would like to look into this further with you directly to see what we can get done to help repair the situation. Can you please provide your information here so that we can reach out? https://t.co/t56ZRZdwU0 ^GS,Wed Nov 29 13:53:38 +0000 2017,130736,AmazonHelp,1,False,delivery_order_status,['delivery_order_status'],1,single_match,delivery_order_status,delivery_order_status
69933,69915,@AmazonHelp Sure. I loved the positive reply! :),Sure. I loved the positive reply! :),69914,@131820 You're most welcome. We'll connect with you soon to get this resolved. ^CB,Wed Nov 29 14:01:54 +0000 2017,131820,AmazonHelp,1,False,other,[],0,zero_match,other,
69651,69651,@AmazonHelp so I took the day off to wait for the Christmas tree delivery and Amazon emails us at 16:20 PM to tell us there is a delay in delivery!? What kind of service is this? I wasted a whole day for this.,so I took the day off to wait for the Christmas tree delivery and Amazon emails us at 16:20 PM to tell us there is a delay in delivery!? What kind of service is this? I wasted a whole day for this.,69649,"@131784 I'm sorry to hear that, were you provided with a new delivery date?^TI",Wed Nov 29 17:06:24 +0000 2017,131784,AmazonHelp,1,False,delivery_order_status,['delivery_order_status'],1,single_match,delivery_order_status,delivery_order_status
69651,69648,@AmazonHelp We have only been told it may be another day or two. I can't plan my working days around Amazon deliveries. Pretty shocked at how late in the day this notification came through as well.,We have only been told it may be another day or two. I can't plan my working days around Amazon deliveries. Pretty shocked at how late in the day this notification came through as well.,69647,"@131784 Late parcels typically arrive within 24 hours of their original delivery date. If not received by 22:00 tomorrow, please phone or chat with us here: https://t.co/JzP7hlA23B ^AN",Wed Nov 29 17:18:38 +0000 2017,131784,AmazonHelp,1,False,delivery_order_status,['delivery_order_status'],1,single_match,delivery_order_status,delivery_order_status
63903,63903,"@AmazonHelp hi amazon, apparently a package has been delivered when it hasn’t, how do I report it?","hi amazon, apparently a package has been delivered when it hasn’t, how do I report it?",63902,@130678 I'm sorry it hasn't arrived! I recommend these tips first: https://t.co/MKKStH3Vov ^SJ,Wed Nov 29 18:27:47 +0000 2017,130678,AmazonHelp,1,False,delivery_order_status,['delivery_order_status'],1,single_match,delivery_order_status,delivery_order_status
74317,74317,"How does this work then @115821 ? Prime 1 day delivery, ordered Wednesday, delivery Saturday??? https://t.co/ZDqYdgPqRA","How does this work then ? Prime 1 day delivery, ordered Wednesday, delivery Saturday???",74316,"@132637 I'm sorry for the wait! During the Black Friday / Cyber Monday shopping period, orders may require additional processing time. Some deliveries may take slightly longer as a result. You can find more info here: https://t.co/HDpBxZ2Q9X ^JS",Wed Nov 29 18:30:36 +0000 2017,132637,AmazonHelp,1,False,delivery_order_status,['delivery_order_status'],1,single_match,delivery_order_status,delivery_order_status
69770,69770,@115830 where's my order? Very poor customer experience on your Black Friday deals. Surely you should be prepared for this demand?!,where's my order? Very poor customer experience on your Black Friday deals. Surely you should be prepared for this demand?!,69769,"@131805 I am sorry that you haven't received your delivery yet, Charlotte! What was the original delivery date given at checkout or our email confirmation? Were the items sold by Amazon or third-party seller? You can check here: https://t.co/aaDyEz1VgE ^FR",Wed Nov 29 20:10:27 +0000 2017,131805,AmazonHelp,1,False,delivery_order_status,['delivery_order_status'],1,single_match,delivery_order_status,delivery_order_status
73508,73508,"@115821 @115830 customer@service quality is gone 4m excellent 2 embarrassingly pathetic. U really should keep CS based in d same country, it horrible speaking 2 an almost robotic Manuel reading person! Think I should shop elsewhere from now on. Also left on hold now 15 mins! 😡","customer quality is gone 4m excellent 2 embarrassingly pathetic. U really should keep CS based in d same country, it horrible speaking 2 an almost robotic Manuel reading person! Think I should shop elsewhere from now on. Also left on hold now 15 mins! 😡",73507,@132436 I'm really sorry for the poor experience you had! Were you able to get the issue you called in about resolved? ^AH,Wed Nov 29 20:28:18 +0000 2017,132436,AmazonHelp,1,False,service_complaint,['service_complaint'],1,single_match,service_complaint,service_complaint
67575,67569,"@AmazonHelp Now 22:00 and no parcel, as mentioned above apparently it was never going to be delivered today... I need it for Saturday and I am only available at certain times to take the parcel between now and then.","Now 22:00 and no parcel, as mentioned above apparently it was never going to be delivered today... I need it for Saturday and I am only available at certain times to take the parcel between now and then.",67568,@131427 I'm sorry your package wasn't delivered. Can you let us know what's the status of the tracking and who the carrier is?  https://t.co/aaDyEz1VgE  ^LL,Wed Nov 29 22:02:41 +0000 2017,131427,AmazonHelp,1,False,delivery_order_status,['delivery_order_status'],1,single_match,delivery_order_status,delivery_order_status
64056,64056,"@115821 what does ""guaranteed delivery date"" mean?  Apparently my understanding is a few days off.","what does ""guaranteed delivery date"" mean? Apparently my understanding is a few days off.",64055,"@130704 We aim to meet the delivery date provided in your order confirmation e-mail, but unexpected delays can occur. Are you having trouble with a current order? If so, what's going on? Please don't include any account details. ^RA",Wed Nov 29 22:24:15 +0000 2017,130704,AmazonHelp,1,False,delivery_order_status,['delivery_order_status'],1,single_match,delivery_order_status,delivery_order_status
65785,65785,"@120533 : j’ai acheté 4 lampes, vous avez débité mon compte comme si c’étaient 10. Vos services répondent à peine. Que faire? Porte plainte pour vol?",": j’ai acheté 4 lampes, vous avez débité mon compte comme si c’étaient 10. Vos services répondent à peine. Que faire? Porte plainte pour vol?",65784,"@131047 Bonsoir, je suis désolé pour cela. Le colis vous a été expédié par Amazon ou par un vendeur tiers ? Vous n'avez peut-être pas contacté notre SAV mais seulement le vendeur du produit. ^MH",Wed Nov 29 23:08:27 +0000 2017,131047,AmazonHelp,1,False,other,[],0,zero_match,other,
24986,24983,@AmazonHelp No effort from @115850 yet.,No effort from yet.,24982,@121404 We've sent a correspondence to your registered email id. Please check the same for more information. ^ZH,Wed Oct 25 06:09:05 +0000 2017,121404,AmazonHelp,1,False,other,[],0,zero_match,other,
16796,16778,"@AmazonHelp Response in mail is just asking to wait n m doing that since last 1 month..it's more than 15 days on Twitter n u doing the same
No solution",Response in mail is just asking to wait n m doing that since last 1 month..it's more than 15 days on Twitter n u doing the same No solution,16777,"@119700 Apologies. I understand waiting could be tiresome but rest assured, the concerned team is working on a resolution for you. ^MK",Wed Oct 25 16:42:52 +0000 2017,119700,AmazonHelp,1,False,other,[],0,zero_match,other,
